X,Y,Z
28.6969,6.92668,4.77747
28.5502,7.03996,4.72727
28.3272,6.7196,4.73331
29.1295,7.57104,4.76594
28.9973,7.67317,4.71881
28.7725,7.35627,4.7224
29.7612,8.48488,4.75801
29.9276,8.35641,4.8002
30.1214,8.64438,4.79872
29.9729,9.18322,4.67525
30.0465,9.12591,4.71706
30.2374,9.38599,4.71921
28.9071,7.7429,4.67011
28.8496,7.78753,4.61964
28.6169,7.47669,4.61952
30.8016,10.2904,4.69252
30.867,10.2393,4.73038
30.9588,10.3666,4.73178
29.3532,8.34857,4.66969
29.4355,8.28482,4.71522
29.6449,8.57475,4.71497
31.011,10.6982,4.62206
31.0274,10.6846,4.65624
31.06,10.733,4.65354
31.1358,10.8712,4.5992
31.1288,10.8619,4.5989
31.1297,10.8617,4.60934
30.6181,10.1794,4.61132
30.6128,10.1844,4.57822
30.4588,9.98218,4.57248
30.9662,10.6384,4.62181
30.9618,10.6427,4.59195
30.904,10.5667,4.5896
30.9087,10.5621,4.62062
30.9279,10.5463,4.65734
30.9843,10.6236,4.65747
26.9141,5.32809,4.50016
26.9307,5.3149,4.56873
27.1634,5.6239,4.56736
28.5849,7.50175,4.567
28.5761,7.50912,4.52101
28.3418,7.20186,4.51731
27.3865,5.94897,4.50561
27.4003,5.9379,4.56627
27.6401,6.2552,4.56548
26.2634,4.42587,4.57225
26.2427,4.44233,4.49195
26.0417,4.17494,4.48877
26.6832,5.02409,4.49745
26.7013,5.00975,4.57019
28.1052,6.89176,4.51406
28.1158,6.88321,4.56504
28.3514,7.19395,4.56566
31.1072,10.8335,4.59799
31.1087,10.8321,4.61519
31.1207,10.8491,4.61235
31.1196,10.8498,4.59851
31.0909,10.8121,4.5973
31.0929,10.81,4.61776
31.0423,10.7483,4.59527
31.0456,10.745,4.62139
31.0723,10.7815,4.6199
31.0697,10.7843,4.59641
31.007,10.7021,4.59381
30.8348,10.4646,4.61848
30.8298,10.4693,4.58664
30.7348,10.3446,4.5829
30.7399,10.3397,4.6154
29.8967,9.24418,4.55337
29.9028,9.23867,4.58973
30.098,9.49553,4.59504
28.8196,7.81117,4.56927
28.8113,7.8181,4.5254
27.8663,6.57857,4.51112
27.8779,6.56929,4.56501
27.1483,5.63599,4.50286
26.4587,4.72797,4.49472
26.4782,4.7125,4.57149
26.0632,4.15775,4.57165
25.867,3.94012,4.48505
25.8887,3.92266,4.56908
25.7248,3.74766,4.48147
25.5228,3.4724,4.47571
25.5397,3.4584,4.55097
25.6321,3.57935,4.55871
25.6127,3.59517,4.47836
25.7458,3.73066,4.56475
25.4507,3.37384,4.47352
25.4648,3.36207,4.54188
25.3931,3.29484,4.47172
25.4042,3.2854,4.53205
25.3469,3.23151,4.47026
25.3554,3.22427,4.52221
25.3099,3.18074,4.46908
25.3164,3.17548,4.51302
25.2854,3.13652,4.50484
25.2803,3.14003,4.46812
25.2565,3.10737,4.46736
25.2607,3.1054,4.49766
25.2407,3.08025,4.49111
30.8549,10.4482,4.65599
30.2808,9.74843,4.56611
30.2864,9.74324,4.6006
30.4643,9.9771,4.60623
30.0922,9.50087,4.55968
29.6935,8.97734,4.54723
29.6999,8.97164,4.58473
29.4835,8.70152,4.54134
29.4903,8.69557,4.58014
29.2669,8.41684,4.53569
29.2741,8.41062,4.57599
29.0424,8.12179,4.53034
29.0501,8.11524,4.57232
27.6275,6.26533,4.50836
25.2372,3.08091,4.46673
25.2179,3.0544,4.46611
31.0843,10.7716,4.64942
30.9666,10.5157,4.69515
30.6393,10.1622,4.65013
30.7606,10.3228,4.65356
30.4859,9.95951,4.64577
30.1209,9.47707,4.63638
30.3086,9.72525,4.64098
29.7245,8.95194,4.62841
29.5159,8.67509,4.62522
29.301,8.38923,4.62264
29.0785,8.0928,4.62073
28.3856,7.16724,4.6205
28.1525,6.85461,4.6224
27.9174,6.53854,4.62513
27.6828,6.22205,4.62861
27.4465,5.90208,4.63269
27.2135,5.58518,4.63732
26.7595,4.96475,4.64762
26.9848,5.27307,4.6424
26.5405,4.66442,4.65255
26.3292,4.37514,4.65657
26.1317,4.10532,4.65839
25.9579,3.8699,4.65735
25.6953,3.53121,4.64578
25.5961,3.41536,4.63481
29.9264,9.21964,4.63216
31.0614,10.6576,4.69233
31.021,10.5944,4.69455
30.8948,10.4166,4.69439
30.6811,10.1291,4.68969
30.3524,9.69075,4.68208
30.5287,9.92576,4.68603
30.1659,9.44168,4.67841
29.7725,8.9143,4.67268
29.5659,8.63605,4.6708
29.1331,8.0503,4.66941
28.6775,7.42964,4.67192
28.4499,7.11742,4.67494
28.2209,6.80166,4.67904
27.9905,6.48208,4.68413
27.7611,6.16167,4.69014
27.5304,5.83737,4.69692
26.863,4.88511,4.72065
27.0815,5.19859,4.71247
27.4413,5.40953,4.76731
27.3035,5.51574,4.70443
26.6506,4.57982,4.72842
26.4452,4.28638,4.73496
26.2521,4.01379,4.73879
25.9334,3.58883,4.73624
26.0799,3.77767,4.73938
27.8815,6.06872,4.74857
28.1034,6.39487,4.74045
27.0204,4.76403,4.78783
27.2289,5.08503,4.77754
25.8133,3.67924,4.65324
31.0286,10.4672,4.73208
30.7479,10.077,4.7281
30.9637,10.1643,4.7673
30.4221,9.63643,4.72197
30.5968,9.87263,4.72512
30.3429,9.30429,4.75901
29.8487,8.85513,4.71561
29.2191,7.98375,4.71646
29.5564,8.1914,4.75952
28.2683,6.26757,4.79367
27.6416,5.25502,4.82452
27.8466,5.59346,4.81355
26.8176,4.45162,4.79758
26.621,4.1521,4.80562
26.4343,3.87548,4.81082
30.6974,9.79468,4.76323
30.8465,10.0006,4.76554
27.6592,5.73807,4.75755
30.9877,9.89142,4.80274
30.5249,9.55676,4.76087
30.6722,9.44293,4.79945
29.9608,8.76838,4.75749
29.3454,7.88626,4.76212
28.9115,7.24891,4.77107
27.0596,4.26586,4.85674
27.2485,4.58839,4.84671
30.1551,9.04187,4.75785
30.3106,8.92176,4.79815
30.4939,9.18756,4.79843
28.4824,6.5997,4.78504
28.0571,5.93318,4.8032
27.4429,4.92003,4.83572
30.8414,9.68334,4.80106
29.7295,8.05781,4.80269
30.1635,8.17448,4.83987
30.3489,8.46884,4.83802
29.5261,7.74684,4.80628
29.3188,7.42499,4.81107
28.9066,6.76467,4.82424
28.3079,5.73939,4.85069
28.5039,6.08552,4.84122
29.1104,7.09535,4.81711
28.7044,6.42822,4.83233
28.1142,5.38671,4.86066
30.5308,8.75179,4.837
30.708,9.02241,4.83674
29.7821,7.54929,4.84631
29.9748,7.86858,4.84261
33.5566,8.74992,4.85431
33.4611,8.95014,4.87192
33.3422,8.80549,4.86902
33.4064,8.61819,4.85396
33.2475,8.67997,4.86611
35.3822,8.64387,4.69146
35.3372,8.81672,4.71577
35.2379,8.75329,4.71942
35.237,8.59742,4.70234
35.1101,8.67781,4.7246
37.0097,9.68919,4.60819
37.1428,9.84528,4.60864
36.9882,9.90625,4.63607
36.8477,9.80025,4.64261
33.7747,8.46235,4.81926
33.9733,8.54033,4.81125
33.8303,8.63305,4.82883
33.7044,8.62996,4.83691
31.2245,10.6488,4.75305
31.156,10.6555,4.73164
31.2016,10.5785,4.75908
31.1088,10.6017,4.72821
31.1195,10.5168,4.74863
38.2472,10.706,4.53282
38.2451,10.7522,4.5389
38.2082,10.7344,4.54551
38.187,10.6936,4.54551
38.3203,10.8057,4.52546
38.3211,10.8292,4.5282
38.3004,10.8228,4.53322
38.2874,10.7998,4.53387
37.0246,3.09426,3.58725
37.0273,3.10581,3.5892
37.017,3.10122,3.59119
34.1184,7.00162,4.64332
34.02,7.12613,4.66828
33.9187,6.96227,4.66081
34.303,7.01467,4.6238
34.2013,7.19914,4.65687
33.9305,6.58375,4.61584
33.8401,6.67702,4.63703
33.7401,6.52165,4.63046
34.0204,6.738,4.62363
33.8313,6.80508,4.65261
33.6667,6.74029,4.66322
33.7023,6.92717,4.67994
33.5534,6.61665,4.66176
34.225,6.83801,4.61172
34.0725,6.88154,4.63452
33.948,6.4323,4.59579
33.5197,6.89275,4.69504
33.7276,7.10093,4.69599
33.9724,7.62461,4.72638
34.1056,7.61124,4.71207
34.0746,7.74284,4.7287
33.8536,7.48507,4.72352
34.0432,7.48178,4.70461
33.8214,7.32166,4.70983
33.7329,7.25056,4.71116
33.873,7.17196,4.68876
33.6581,7.40495,4.73395
34.1988,7.51737,4.69262
34.3705,7.5703,4.68047
34.2431,7.70796,4.70861
33.5496,7.06192,4.70968
33.4057,7.01754,4.71917
33.9916,7.30378,4.6908
34.3878,7.13929,4.62885
34.493,7.03195,4.60339
34.5325,7.18063,4.61685
33.4545,6.74314,4.68588
34.2426,6.6282,4.584
34.0914,6.53042,4.59042
33.821,6.3177,4.59726
33.972,6.27763,4.57422
34.4291,6.87589,4.59186
33.6336,6.32773,4.62031
33.5118,6.47162,4.65024
33.436,6.31079,4.64072
33.3872,6.60073,4.67769
33.3204,6.45234,4.66882
34.2769,6.42077,4.55382
33.5846,7.23902,4.72432
34.4068,6.70633,4.57341
32.8205,6.0969,4.68425
32.7141,6.18946,4.7045
32.7088,5.97815,4.68383
32.9363,6.11245,4.67365
32.8622,6.23919,4.69443
34.8045,7.54994,4.62931
34.8635,7.65959,4.63557
34.7204,7.66905,4.6533
34.7999,7.38961,4.61027
34.9575,7.51504,4.60646
34.1452,7.37461,4.68258
34.0786,6.15597,4.54593
34.1143,6.33407,4.56351
33.7258,6.15874,4.58983
34.4089,7.27026,4.64192
34.2996,7.39085,4.66794
34.5504,6.76338,4.5625
33.2608,6.74369,4.70557
33.195,6.59039,4.69643
34.5493,7.30506,4.62989
33.2471,6.28995,4.65917
33.3542,6.15415,4.63243
33.1272,6.42801,4.68653
33.0511,6.23525,4.67434
34.6161,6.90142,4.57179
34.6962,7.07991,4.58438
33.537,6.15643,4.61179
33.8979,6.14824,4.56764
34.3156,6.17712,4.51779
33.3384,6.89233,4.71306
34.4246,6.51262,4.54654
34.448,6.33298,4.5203
34.4931,7.43723,4.65191
34.6402,7.38014,4.62824
34.6781,7.25678,4.6087
34.8396,7.2012,4.5817
34.9745,7.30598,4.57788
34.7373,6.73746,4.53476
32.2513,6.08953,4.74016
32.3082,5.93694,4.72054
32.3927,6.05665,4.72356
32.3677,5.77595,4.69908
32.5002,5.91109,4.69875
34.4406,7.7504,4.69302
34.3461,7.90341,4.71903
33.2465,7.05311,4.7377
33.6278,5.98457,4.58112
34.599,6.59434,4.53432
33.8143,7.69921,4.74846
33.9487,7.7514,4.74134
33.0662,6.01569,4.64935
32.9348,6.39965,4.70327
33.0024,6.57173,4.71377
33.0642,6.74113,4.7245
33.1931,6.14058,4.64887
33.2586,5.99333,4.62536
34.5609,5.91424,4.44975
34.4931,6.05657,4.47803
34.3744,5.94989,4.48054
34.5322,6.19268,4.49054
34.5487,7.62661,4.66757
34.6715,7.51185,4.64034
33.6801,7.58022,4.74904
33.4679,7.60073,4.76942
33.6201,7.75006,4.77019
33.4439,7.38462,4.75147
34.1793,5.98611,4.51155
34.5767,6.39997,4.51179
34.5617,6.29491,4.49997
33.9905,5.98368,4.53589
33.4382,5.99274,4.60459
33.8078,5.98414,4.55903
33.1428,6.90397,4.73293
33.3834,7.19829,4.73912
34.6923,6.26066,4.47734
32.8885,5.96811,4.66367
32.7485,6.37386,4.71919
32.6457,5.7661,4.66888
32.5086,5.72753,4.67959
32.5837,5.58479,4.65695
32.8169,5.79389,4.65317
34.1707,7.89008,4.73455
34.5191,7.93321,4.70486
34.4343,8.07124,4.72793
35.1169,7.04603,4.52473
35.1251,7.20443,4.54482
34.9872,7.12428,4.55262
35.2566,7.08404,4.51058
33.4205,7.9718,4.80518
33.4434,7.81799,4.79057
33.5763,7.95088,4.79157
33.3253,7.7478,4.7938
33.2722,7.64628,4.78934
33.278,7.50369,4.77655
33.1742,7.76526,4.80655
33.101,7.61642,4.79999
32.3568,6.20571,4.74083
32.4465,6.30841,4.74183
32.2903,6.4028,4.76432
32.5855,6.33394,4.7311
32.4507,6.47659,4.75659
33.8795,7.83533,4.75575
34.0068,7.87188,4.74789
33.8863,8.0026,4.77091
34.7459,6.43087,4.49274
34.7846,6.57202,4.50637
34.8837,6.63582,4.5013
34.8764,6.14764,4.43569
34.8691,6.30929,4.45887
34.9567,6.4618,4.46727
33.7485,7.87687,4.77097
32.5355,6.13864,4.71736
34.6849,6.05562,4.45086
34.2633,5.79352,4.47576
32.8659,6.72182,4.74129
32.9181,6.91874,4.7548
34.8685,7.05232,4.5588
33.894,5.80895,4.5269
33.5213,5.81215,4.57389
33.7106,5.81161,4.55051
33.1598,5.82553,4.61808
33.341,5.8213,4.59651
35.0065,7.71966,4.62577
34.8298,7.8331,4.66009
32.1426,5.97198,4.73975
32.8,6.54597,4.73081
34.6213,7.79762,4.6791
34.6442,5.75924,4.41726
34.4471,5.77553,4.44778
34.0786,5.81031,4.50288
32.9815,5.81727,4.63739
33.0473,7.08036,4.75817
34.9232,6.77793,4.51507
34.8102,6.91871,4.54896
33.1709,7.22532,4.76064
33.2737,7.3465,4.76282
33.0945,7.41324,4.78359
32.9531,7.93043,4.83383
32.852,7.96027,4.84192
32.8046,7.82745,4.83586
33.074,8.0244,4.83289
32.8886,8.10698,4.84934
32.6176,6.51685,4.74511
31.9453,6.1481,4.77279
31.972,6.01398,4.75918
32.0863,6.12116,4.75813
32.0077,5.85786,4.74224
32.9974,8.29309,4.85518
33.0618,8.16821,4.84356
33.1319,8.26568,4.84604
32.848,8.30259,4.86317
34.5858,8.10863,4.71694
34.2699,8.08444,4.74482
32.1946,5.81658,4.72041
35.0027,6.94243,4.52637
35.06,8.25442,4.68302
35.0016,8.10261,4.67206
35.1494,8.10102,4.65486
34.8686,8.03619,4.67924
35.0409,7.93415,4.64767
32.7437,7.01274,4.77797
32.7167,6.86583,4.76758
32.5731,7.00127,4.79071
34.7289,5.89336,4.42272
34.1591,5.62678,4.46911
33.422,5.64017,4.56614
35.0745,6.78848,4.49553
32.2394,5.64971,4.70001
32.0651,5.69652,4.72201
32.8549,7.12204,4.77815
33.2583,7.929,4.81347
32.4151,5.60506,4.67722
35.0357,6.63944,4.48051
32.9795,7.26064,4.77983
35.1888,7.78537,4.61146
35.241,7.96149,4.62688
32.7558,5.60126,4.63963
32.1854,6.24788,4.76023
33.4825,8.08145,4.80955
33.349,8.10858,4.8211
33.7967,5.63101,4.51798
34.8853,5.96719,4.4097
34.8692,5.77061,4.38546
34.5363,5.59809,4.41203
34.7588,5.57923,4.37667
31.9619,5.55227,4.71886
31.8623,5.72743,4.74436
31.8708,5.4085,4.71463
32.0636,5.37347,4.69148
32.1213,5.54742,4.70228
35.1569,7.59121,4.59093
34.3414,5.61257,4.44188
34.6969,7.97484,4.69089
35.1321,7.39382,4.56874
33.0728,5.65355,4.60918
32.9128,5.63531,4.62556
32.6636,6.69205,4.75684
33.2383,5.65218,4.58961
33.6057,8.14048,4.80534
35.0563,6.2506,4.42355
33.719,8.03031,4.78719
34.0796,8.04493,4.75816
33.607,5.63026,4.54208
34.2953,8.28683,4.76236
34.3882,8.20823,4.74625
34.4472,8.38758,4.75858
34.1579,8.2231,4.76829
33.7874,8.21574,4.79791
32.483,6.65893,4.76964
31.6442,5.5517,4.7495
31.5662,5.69425,4.76857
31.445,5.55272,4.76776
31.7136,5.66725,4.75299
31.2785,5.64526,4.78935
31.2351,5.48035,4.78036
31.2156,5.79646,4.80538
31.1057,5.65259,4.80377
33.4611,8.23561,4.82322
34.4943,8.21114,4.73658
34.6152,8.28406,4.73247
33.0923,7.88212,4.82133
33.0068,7.78148,4.81957
32.6788,5.39426,4.6264
35.0647,6.0586,4.39556
35.246,6.13778,4.37934
35.2029,6.89192,4.49171
32.9197,7.6732,4.81741
32.9346,7.53073,4.80545
32.918,7.39453,4.79583
32.7762,7.464,4.81167
34.7439,8.16269,4.70667
34.9039,8.21703,4.69582
34.7773,8.35291,4.72372
34.9426,8.40958,4.71297
34.9266,5.60826,4.35516
34.907,5.48877,4.34243
35.0419,5.51814,4.32562
33.1938,8.13564,4.83329
35.164,6.51511,4.44476
35.2006,6.68341,4.46304
35.2978,6.39758,4.40839
35.3409,6.55845,4.42487
33.0015,5.50154,4.60079
33.9795,5.63306,4.49419
34.0655,5.45025,4.4601
31.8007,5.56005,4.73537
31.8115,6.08719,4.77922
32.7983,7.2972,4.7971
33.9857,8.19764,4.78048
32.5265,6.83846,4.78114
35.3462,7.65644,4.57471
33.697,5.43412,4.50742
33.3208,5.46837,4.55886
33.5072,5.45242,4.53387
32.0882,6.41282,4.78231
32.3137,6.61139,4.77987
31.7308,5.43555,4.73099
31.5864,5.39701,4.74152
33.1116,8.41116,4.85655
33.2817,8.30387,4.8398
35.2994,8.09985,4.63674
35.259,8.26083,4.66101
35.4206,8.01501,4.61104
35.4369,8.17612,4.62915
31.3911,5.74434,4.78755
32.8683,5.45157,4.61083
35.3828,7.84017,4.59365
34.8126,5.38651,4.3435
34.627,5.41871,4.37558
32.0095,6.26777,4.77713
31.6839,5.81192,4.76784
31.8271,5.91662,4.76388
32.2724,5.45688,4.67763
35.0557,5.86217,4.36976
35.0563,5.68457,4.34556
35.3077,7.46706,4.55502
32.4776,5.42992,4.65265
35.2833,7.27265,4.53247
34.4316,5.43637,4.40658
33.8854,5.45964,4.48566
34.2421,5.44573,4.43492
32.6375,7.17595,4.79964
33.6118,8.33479,4.82057
33.1437,5.47949,4.58154
34.9871,5.36721,4.31429
35.0956,5.21966,4.27841
35.1644,5.39534,4.29055
31.4061,5.36087,4.75537
31.5046,5.85851,4.78689
32.7657,7.98208,4.84819
32.5918,7.95098,4.85545
31.8415,6.25734,4.79012
32.145,6.57744,4.79078
32.3423,6.80119,4.79283
33.0125,5.31621,4.57905
33.9389,8.73918,4.82969
31.7376,5.26655,4.71486
32.7631,8.77265,4.88941
32.8884,8.64841,4.87976
32.9529,8.78519,4.88402
32.9167,8.472,4.86949
33.078,8.61684,4.87036
31.6295,6.00763,4.78809
32.0275,6.7002,4.80891
31.974,6.57537,4.80378
31.9874,6.8229,4.82028
31.8706,6.75584,4.82363
33.4406,8.42565,4.83867
34.8955,5.22656,4.3102
33.9251,8.35618,4.79933
34.518,5.26528,4.37219
33.5724,5.2628,4.50334
33.264,8.51571,4.85508
32.772,7.62958,4.82413
35.1415,6.38084,4.42921
35.2326,6.2792,4.40135
32.3751,5.2712,4.64764
34.0752,8.3723,4.78889
34.2021,8.37547,4.77873
34.2947,8.44171,4.77706
35.3707,6.74798,4.44743
33.2114,5.29419,4.5525
32.386,6.97068,4.8026
32.4271,7.13175,4.81163
35.2228,5.76678,4.33113
35.4311,7.14412,4.4943
31.5385,5.22293,4.73071
31.2534,5.3158,4.76558
31.0776,5.33718,4.78278
31.1736,5.18927,4.76243
35.5714,7.91309,4.57825
35.5432,7.72161,4.55687
34.3293,5.26961,4.4004
34.1422,5.27545,4.42786
30.8649,5.27257,4.79575
30.7767,5.46532,4.81607
30.6586,5.2939,4.81355
31.0079,5.17967,4.77653
35.4292,8.32592,4.64847
35.3232,8.46086,4.67707
35.502,8.47339,4.65744
31.0618,5.49439,4.79591
30.9461,5.42842,4.80046
32.1508,6.77066,4.80503
35.6052,8.09406,4.59721
35.6161,8.28899,4.62056
35.1297,8.464,4.6991
35.2032,5.57844,4.30873
33.9638,5.28553,4.4539
33.3956,5.28308,4.5283
35.2414,5.9561,4.35451
32.8316,5.28351,4.59688
35.4973,7.53355,4.53806
32.687,5.14669,4.59895
32.5403,5.26748,4.62873
31.9203,5.24553,4.69409
32.623,7.371,4.81546
31.6709,6.20828,4.79987
31.9009,6.42075,4.79787
31.3273,5.91998,4.80552
35.4607,7.34128,4.51718
32.4457,7.29763,4.82221
32.2109,5.26565,4.66511
34.7024,5.24488,4.34198
32.0641,5.13086,4.66752
33.5871,8.53264,4.83723
34.1716,8.54466,4.79645
32.2071,6.94477,4.81361
30.3173,4.99761,4.8196
30.4208,5.11963,4.81987
30.2756,5.17696,4.83355
30.384,4.83517,4.80329
30.4857,4.99313,4.80635
32.5994,7.54653,4.82945
35.4187,6.24074,4.36779
33.8356,5.12285,4.45169
33.818,5.30602,4.47613
33.7143,5.24167,4.48224
35.3802,8.9232,4.72275
35.4614,8.80028,4.70028
34.6423,8.48166,4.75004
32.5324,8.3305,4.8776
32.4415,8.21218,4.87546
32.5702,8.14518,4.86712
32.3295,8.19257,4.87844
32.4268,8.0747,4.86954
32.4487,7.96098,4.86282
32.4143,7.84605,4.85824
30.7252,5.1533,4.7985
30.5733,5.45828,4.83004
30.4516,5.28942,4.82826
30.9359,5.73822,4.8221
31.0576,5.82466,4.81898
30.9177,5.94035,4.83536
30.9369,5.57271,4.81122
32.2519,7.09552,4.8211
32.2718,7.24321,4.82975
32.1341,7.19987,4.83545
32.2757,7.39584,4.83927
32.1109,7.33448,4.84491
30.7948,5.65742,4.82692
30.6556,5.60263,4.83299
30.6504,5.77832,4.84291
31.4933,6.16624,4.81027
31.6978,6.41975,4.81293
31.3514,5.20021,4.74678
31.0746,5.03806,4.75897
35.403,5.85496,4.31551
32.2767,5.10801,4.64178
36.0163,8.42033,4.58445
35.8655,8.53978,4.61984
35.829,8.34621,4.60004
35.8873,8.70298,4.63736
35.7388,8.67784,4.65306
31.6591,5.06745,4.70424
32.9016,5.12496,4.57116
32.7054,8.08116,4.85733
33.4712,5.09709,4.49701
31.7943,6.59168,4.81786
32.7158,8.23198,4.86533
34.4114,5.09711,4.36674
33.646,5.0918,4.47345
33.2907,5.10568,4.52108
34.799,5.07671,4.30579
35.3982,6.95135,4.47213
35.5187,6.62031,4.40728
35.7663,7.97452,4.55998
35.3494,5.45576,4.26973
35.6511,7.40562,4.49911
35.6125,7.21419,4.4781
31.8575,5.08905,4.68556
31.4638,5.04821,4.72231
30.8651,5.05017,4.77885
34.5243,8.59958,4.77217
32.7402,8.58585,4.88204
35.1891,5.06208,4.24355
34.9978,5.06904,4.27417
30.5671,5.14599,4.81056
30.661,5.00899,4.79319
35.6915,8.48814,4.63578
35.5679,8.64547,4.67003
32.4387,7.46827,4.83418
35.3774,5.66437,4.29328
35.3094,5.2328,4.24682
35.7303,7.789,4.54016
34.8053,8.54991,4.74153
32.7211,8.40902,4.87433
31.448,6.01574,4.80308
31.2678,5.0392,4.74078
33.0978,5.11872,4.54662
35.6913,7.5932,4.51912
32.5975,7.73579,4.84206
35.5797,7.01698,4.45508
35.4203,6.03939,4.33885
35.5487,6.82071,4.43164
34.2302,5.09784,4.39327
32.0387,6.94058,4.82474
34.0358,5.09908,4.4211
31.1257,5.98515,4.8244
34.602,5.08588,4.33689
35.4824,6.43204,4.38562
34.357,8.61413,4.78769
32.4701,5.10799,4.61989
32.2442,8.08728,4.87683
32.3556,7.9744,4.86753
32.0801,8.15914,4.88424
32.0714,8.01807,4.87947
31.2853,6.12652,4.82238
36.1647,8.72975,4.60419
36.0236,8.62179,4.60936
36.2118,8.51683,4.5703
36.1452,8.88106,4.62584
36.0008,8.82916,4.63829
32.7596,9.22498,4.90505
32.896,9.30295,4.90558
32.7958,9.40169,4.90933
32.8241,9.04567,4.89834
32.9273,9.16415,4.90042
32.423,7.64381,4.84614
34.6671,8.68202,4.7675
33.4044,9.13405,4.88467
33.2405,9.00714,4.88446
35.2789,4.89759,4.20836
35.3569,5.04273,4.21485
35.4969,5.1238,4.20343
31.7334,6.8754,4.83954
31.8584,6.95037,4.83662
31.6438,7.03704,4.85309
31.6918,6.75302,4.83479
31.3835,6.81234,4.85476
31.303,6.67238,4.85199
31.4645,6.67492,4.84356
31.2414,6.8285,4.86193
35.1259,8.84353,4.7405
34.9903,8.81361,4.75067
35.2434,8.94627,4.73941
35.0531,9.02111,4.76542
33.1403,8.81647,4.87854
32.4649,8.78244,4.8963
32.4398,8.94,4.90087
32.2848,8.80755,4.89907
32.5943,8.85486,4.89635
32.085,7.08301,4.83105
34.9697,8.61529,4.7322
30.4825,5.65392,4.84637
35.6059,6.11621,4.32131
31.5421,6.32051,4.81724
31.6121,6.62065,4.83171
34.2155,8.75598,4.81124
34.3521,8.82178,4.80643
34.2433,8.95069,4.82524
34.5073,8.79877,4.79206
34.4153,9.00789,4.81739
30.8093,5.80768,4.83475
33.7446,4.91892,4.43947
32.9874,4.94125,4.54017
34.3208,4.91902,4.35773
35.6181,8.8204,4.68458
33.7602,8.79355,4.84533
31.9431,7.07199,4.83892
32.594,8.68827,4.89054
32.853,8.90192,4.89221
32.7185,8.94424,4.89695
33.6289,8.91552,4.86125
31.1709,4.87415,4.73562
35.5546,5.73777,4.27578
34.8324,8.75831,4.75997
31.9666,4.92509,4.65749
31.5655,4.89342,4.69743
32.1649,4.93195,4.63612
32.3748,4.94057,4.61311
35.6683,6.49898,4.36722
35.7001,6.69145,4.39043
33.3687,4.91864,4.48939
35.7245,6.89636,4.41649
35.8031,7.27746,4.45938
35.8434,7.46696,4.48005
35.8808,7.65925,4.50131
32.2586,7.56287,4.85018
35.799,8.15557,4.57938
35.9228,7.84895,4.52133
35.9602,8.03629,4.54141
30.5767,4.84109,4.78764
33.8963,8.90016,4.84459
34.0663,8.88908,4.83266
34.0762,8.69626,4.81658
35.0876,4.90911,4.2397
30.1435,5.04127,4.83454
30.7702,4.85781,4.77194
35.9901,8.22519,4.56245
35.6338,6.31156,4.34523
35.763,7.08601,4.43806
32.565,8.52474,4.88493
35.7931,8.877,4.67024
35.4986,5.33576,4.2307
34.8979,4.91739,4.2702
34.6984,4.91657,4.30075
31.3751,6.3167,4.82826
31.4646,6.5011,4.83369
30.4036,5.48401,4.84233
32.7864,4.94982,4.56563
32.5793,4.95627,4.59099
30.1713,4.84426,4.82046
31.7702,4.90905,4.67725
31.3694,4.88202,4.71656
30.9709,4.86928,4.75441
34.1296,4.921,4.3858
33.5564,4.92063,4.46501
33.183,4.93014,4.51449
35.5234,5.5434,4.25428
32.099,7.4951,4.85451
35.5801,5.93093,4.29884
35.4826,4.90169,4.17704
33.0041,8.98117,4.89125
32.3438,8.32221,4.88323
34.6842,8.88293,4.78499
31.9635,7.23245,4.84706
32.245,7.74508,4.86077
30.7267,5.9533,4.84739
32.6922,9.08074,4.90176
32.5829,9.02089,4.90148
32.5919,9.18954,4.9056
30.3472,5.77719,4.85907
30.4691,5.85787,4.85654
30.2855,5.94884,4.86804
30.2633,5.627,4.85691
30.6042,6.10797,4.8605
30.583,5.94475,4.85463
31.5392,6.78336,4.8453
33.3877,9.30483,4.89384
33.4959,9.35581,4.89257
33.4081,9.46563,4.90058
33.6098,9.28927,4.88462
33.5788,9.49171,4.89636
32.1739,8.27342,4.88586
35.4667,4.57119,4.13655
35.634,4.61558,4.11612
35.5207,4.7187,4.14738
35.7794,4.50601,4.07869
35.7962,4.69142,4.10061
32.0839,7.66301,4.86376
31.7987,7.14695,4.85101
29.8389,4.84725,4.84362
29.9917,4.78539,4.82978
29.9935,4.94218,4.83884
30.08,4.65837,4.81502
36.0686,8.98178,4.64819
29.8988,5.22643,4.85837
29.9891,5.0953,4.84726
30.0909,5.22035,4.8475
35.6309,8.98469,4.70186
35.4996,8.95814,4.71364
35.7337,9.12016,4.70525
35.5372,9.14008,4.72927
32.2327,7.91798,4.86977
33.0705,4.7632,4.50949
30.6767,4.68164,4.76601
33.7628,8.99333,4.85902
33.9379,9.07781,4.85471
30.2293,5.39371,4.84804
32.3818,8.48343,4.88821
31.108,6.16744,4.83634
31.6127,6.88378,4.84673
34.5013,4.91739,4.3307
34.2253,4.74452,4.34986
35.7671,5.99809,4.27954
33.936,4.92069,4.41323
33.6472,4.74714,4.43198
35.8216,6.38017,4.32658
34.0306,4.74432,4.37806
35.7066,5.62055,4.23616
31.8735,4.74272,4.64927
31.2743,4.71193,4.71043
35.66,5.21736,4.19009
34.8525,8.98539,4.78006
32.6811,4.7845,4.56
31.4737,4.7254,4.69093
31.6758,4.7331,4.67003
36.0336,7.53147,4.46155
35.8794,6.7712,4.37515
35.9167,6.96003,4.39714
35.9547,7.14961,4.41893
36.183,8.29099,4.54443
34.7884,4.75016,4.26567
36.114,7.91135,4.50273
36.1498,8.10333,4.52384
33.8355,4.74257,4.40545
33.4586,4.75071,4.45777
35.65,5.00806,4.16458
35.3706,4.73279,4.17274
30.2792,4.66556,4.79955
33.5891,9.09712,4.87455
35.9947,7.33974,4.44019
36.0736,7.7204,4.48215
35.1867,4.73716,4.20208
36.3016,8.85798,4.60201
36.203,9.02569,4.63605
36.3053,8.67189,4.57764
34.5975,4.74399,4.29411
30.4822,4.66998,4.78254
34.4076,4.74057,4.32233
34.9857,4.74141,4.23398
31.1812,6.30875,4.8398
35.7927,6.19071,4.30339
35.8482,6.56827,4.3501
34.566,8.98745,4.80407
35.7356,5.81251,4.25809
30.8781,4.69118,4.74791
31.2573,6.48315,4.84482
32.272,4.76618,4.60644
35.6768,5.42587,4.21475
32.4746,4.77629,4.58381
31.0756,4.70097,4.72949
33.265,4.75149,4.48324
31.9269,7.59027,4.86685
30.982,6.10602,4.84055
30.8041,6.14619,4.85246
31.938,7.42429,4.8585
32.8769,4.77102,4.53458
34.1203,9.09716,4.84486
31.7815,7.33673,4.86128
30.9678,6.2888,4.85067
34.6829,9.07752,4.80265
35.3728,9.07282,4.73943
31.4621,6.96889,4.85841
36.0796,9.16576,4.66875
34.8342,9.30858,4.81071
34.7909,9.16461,4.80161
34.9261,9.16889,4.79073
32.0712,7.84061,4.87236
29.6814,4.60363,4.84046
29.7708,4.48314,4.82686
29.8601,4.66006,4.83145
29.509,4.65924,4.85425
29.5792,4.48409,4.84055
31.1193,6.63534,4.85907
31.1557,6.77,4.86312
31.0017,6.78152,4.86939
31.0935,6.92806,4.87119
34.2808,9.15122,4.83839
34.4115,9.20506,4.83363
34.322,9.37243,4.85225
34.5409,9.15137,4.81996
34.5066,9.3367,4.83734
33.4966,9.23367,4.88626
31.3112,7.12427,4.87069
31.2715,6.95982,4.86601
31.4671,7.16507,4.86664
31.3436,7.27301,4.87468
31.3071,7.4261,4.88001
31.1828,7.29324,4.87928
33.7592,9.19329,4.87208
32.2028,8.44999,4.89085
32.0238,8.42834,4.89289
33.0044,9.28154,4.90304
33.1191,9.34113,4.90284
32.9703,9.43353,4.90853
33.0924,9.16364,4.89648
35.6464,4.79981,4.13823
35.0545,9.20344,4.78277
35.109,9.321,4.78892
34.9777,9.33066,4.801
35.2065,9.17571,4.76623
34.1241,4.56502,4.34203
32.4201,8.65148,4.89304
32.2384,8.61992,4.89502
32.6311,9.36122,4.90907
31.7633,7.52303,4.87016
31.9107,7.75832,4.87449
35.922,5.88241,4.23916
35.8,4.8934,4.12632
33.1569,4.58563,4.47776
30.1006,5.5508,4.86166
29.9886,5.40558,4.86126
31.3801,4.54666,4.68347
35.8589,5.50801,4.19737
33.5454,4.57527,4.42498
30.785,4.51505,4.74141
31.0573,6.46876,4.85458
35.0854,4.57498,4.19683
32.0666,4.75324,4.62865
31.7813,4.56623,4.64147
31.9734,4.57264,4.62036
32.1768,4.58905,4.59857
35.9779,6.26414,4.28578
35.8367,5.31159,4.17486
33.7337,4.57134,4.39858
32.7686,4.6037,4.52901
34.6923,4.5703,4.25725
30.3843,4.49827,4.77752
36.1856,7.40362,4.42129
36.2256,7.59327,4.44233
32.3756,4.60059,4.57637
30.1826,4.49183,4.79464
36.3767,8.35432,4.52575
36.1087,7.0237,4.37784
36.0331,6.64538,4.33352
36.3032,7.97693,4.48472
36.3412,8.16719,4.50542
30.2113,5.79721,4.86588
30.4385,6.0461,4.86529
31.6198,7.25071,4.86421
36.3665,9.06032,4.6186
36.549,9.12245,4.60167
36.428,9.24908,4.63348
36.4616,9.42309,4.64982
36.3148,9.39081,4.66515
36.6085,9.33099,4.61924
32.2471,9.04345,4.90337
32.4314,9.12991,4.90495
29.9762,4.49131,4.81162
35.928,9.02835,4.6715
36.2563,9.20748,4.65106
35.8906,5.6956,4.21788
31.1753,4.54301,4.70469
31.5858,4.5584,4.66236
35.5947,4.40644,4.09445
36.4894,8.92254,4.58464
36.4538,8.73042,4.56477
30.5864,4.50481,4.75952
36.4175,8.54728,4.54576
34.0324,9.227,4.85949
33.8976,9.29015,4.87109
36.0712,6.8347,4.35571
36.1468,7.21283,4.39967
33.3532,4.57934,4.45128
33.9331,4.5723,4.37055
34.497,4.5697,4.28701
34.3133,4.56393,4.31392
32.9648,4.5934,4.50325
34.8826,4.57305,4.22819
36.0061,6.45082,4.30891
33.2535,9.22517,4.89447
35.9488,6.07644,4.2629
31.7575,7.68672,4.87658
35.7499,9.32692,4.72607
35.8983,9.22887,4.69821
35.818,5.10285,4.15061
36.2646,7.78402,4.46348
32.5763,4.61052,4.55335
30.0618,5.72902,4.86954
29.6816,4.7516,4.84844
29.8188,5.04641,4.85471
29.6703,4.92252,4.85728
31.6055,7.44313,4.87248
34.1607,9.28737,4.8561
29.8448,5.49674,4.87064
29.7972,5.37661,4.86874
29.7209,5.49721,4.87505
34.0218,9.58548,4.88318
33.8877,9.64766,4.89275
33.8906,9.48866,4.88357
33.7922,9.77898,4.90317
33.7546,9.59023,4.89496
31.9002,7.94009,4.88138
35.382,9.26299,4.75797
29.3843,4.78122,4.8663
29.3102,4.67207,4.86577
29.352,4.92451,4.87276
29.2074,4.83263,4.87593
34.0339,9.39573,4.87068
34.8885,9.47772,4.82087
34.7566,9.43009,4.82689
34.6238,9.4775,4.84021
34.6755,9.27903,4.82047
32.8416,9.57172,4.91302
32.718,9.67096,4.91449
32.6659,9.52867,4.91207
32.9855,9.60852,4.91324
32.8834,9.76523,4.91683
32.4542,9.31956,4.90802
35.8925,9.41314,4.71929
35.6277,9.26558,4.7329
32.4958,9.48886,4.91038
32.4055,9.56962,4.90979
32.3095,9.46273,4.90768
32.5133,9.67763,4.91218
31.616,7.77012,4.88273
31.7357,7.8523,4.88253
31.5322,7.93493,4.88776
31.6034,7.62412,4.87874
32.0609,9.05811,4.90204
32.0955,9.19598,4.90314
31.9187,9.14197,4.89966
32.0921,8.91746,4.90112
30.0985,5.90407,4.8733
29.9782,6.02952,4.87918
29.9204,5.87231,4.87767
29.8861,6.15353,4.88215
29.766,6.02302,4.88253
33.2677,9.41477,4.90223
33.2855,9.62344,4.90983
29.5208,4.83436,4.86148
32.055,8.58141,4.89591
31.8843,8.55327,4.89601
32.0857,8.74578,4.89875
31.9076,8.70281,4.89787
33.7474,9.39229,4.88446
31.9775,8.2829,4.88993
36.7788,9.34505,4.59798
36.8995,9.2508,4.57006
36.9232,9.46639,4.59326
36.7241,9.18237,4.58534
36.1524,9.35567,4.68169
30.1365,6.04772,4.8757
30.2579,6.16995,4.87517
31.461,7.35339,4.87386
35.6072,9.4167,4.75079
35.7487,9.50679,4.74517
35.744,9.69261,4.7645
35.5873,9.59021,4.77016
29.9398,5.5887,4.86983
31.1325,7.10163,4.87536
30.8662,6.46672,4.86318
30.9808,4.52803,4.72318
30.4896,4.33249,4.75367
34.4085,4.38549,4.27651
30.8904,4.35031,4.7157
36.0745,5.7701,4.19985
34.0242,4.39525,4.33499
36.1323,6.15313,4.24601
36.1937,6.5251,4.2915
36.019,5.38691,4.15647
35.2794,4.56889,4.16565
34.9818,4.40174,4.19017
32.8568,4.42364,4.49724
36.2267,6.71007,4.31398
36.3775,7.46628,4.40212
36.4163,7.65731,4.42367
36.0525,5.57144,4.17595
35.9958,5.18839,4.13404
33.2457,4.41047,4.44524
32.4719,4.43617,4.54653
36.3009,7.0873,4.3586
34.5941,4.39351,4.24924
36.4546,7.84912,4.44519
36.4942,8.04009,4.46614
36.5331,8.22985,4.48675
36.5691,8.41852,4.50732
36.6024,8.607,4.5279
36.6345,8.79639,4.54838
33.4442,4.40772,4.41827
33.6354,4.39557,4.39046
30.0784,4.32567,4.79064
30.286,4.32663,4.77218
32.2729,9.25198,4.90585
32.2808,4.42373,4.56826
32.0798,4.40536,4.59011
30.6423,6.28637,4.86561
30.4604,6.2398,4.87079
35.9574,4.78481,4.08752
35.9727,4.98689,4.11144
35.5135,9.31656,4.75019
36.0082,9.32898,4.69635
29.6849,5.23344,4.8687
29.3807,4.51649,4.85498
29.2315,4.5615,4.8654
29.202,4.38859,4.85949
36.6775,8.98955,4.5674
35.7783,4.34867,4.05748
35.9266,4.40203,4.04127
29.661,4.32971,4.82502
30.791,6.3315,4.8611
31.8825,4.39401,4.6119
31.6899,4.38712,4.63319
31.4898,4.38125,4.65496
31.2854,4.37536,4.67668
35.9433,4.58076,4.06277
29.8698,4.32697,4.80835
36.1115,5.95101,4.21988
30.6864,4.34485,4.73569
32.6641,4.42982,4.52215
33.8305,4.39814,4.36329
36.2636,6.89854,4.33637
35.3737,4.39681,4.128
33.0521,4.41517,4.47119
31.9025,8.13177,4.88715
29.6351,5.07667,4.86539
34.7873,4.39558,4.21967
35.1757,4.39828,4.15933
36.1659,6.33347,4.26737
30.9388,6.62875,4.86634
29.5039,5.00438,4.86881
35.4265,9.46934,4.77398
36.0395,9.4959,4.7112
30.681,6.46396,4.8701
31.7178,8.03478,4.88764
31.7388,8.66544,4.89625
31.7366,8.53055,4.89536
31.6652,8.40548,4.89392
31.8523,8.41321,4.89393
37.1789,9.6898,4.58578
37.3229,9.79826,4.57938
36.0991,4.16971,3.97976
36.2543,4.15097,3.95125
36.221,4.3256,3.98306
35.9817,4.03264,3.97769
36.1874,3.99377,3.93724
31.2922,7.72429,4.88633
31.267,7.5828,4.88417
31.4227,7.56243,4.88113
31.1556,7.49897,4.88401
35.2407,9.38855,4.7835
35.0732,9.49509,4.80765
35.1094,9.67574,4.82032
35.2476,9.58784,4.80123
35.2257,9.80055,4.82165
29.462,5.49875,4.88209
29.4876,5.34216,4.87877
29.6254,5.41418,4.87612
29.4973,5.17673,4.87444
31.8218,8.28687,4.89184
31.6944,8.21769,4.89147
36.0842,4.46903,4.02525
34.3109,9.60306,4.86913
34.4657,9.53503,4.85504
34.4508,9.72256,4.86922
34.1706,9.48964,4.86941
30.0547,6.18125,4.88002
36.8477,9.62668,4.62247
36.7424,9.50153,4.62175
31.9274,8.99513,4.89988
31.7595,9.06572,4.89607
31.9336,9.29755,4.89932
31.7278,9.23807,4.89327
30.9993,7.25639,4.88177
30.9546,7.09126,4.87925
30.825,7.25188,4.88354
33.9825,9.79143,4.89675
36.5762,9.54723,4.64929
36.3804,9.5975,4.68056
30.8873,6.94174,4.87729
30.8155,6.7854,4.87519
30.6896,6.94256,4.88097
30.7602,7.10001,4.88231
34.7582,9.59024,4.83963
31.9306,8.85195,4.8993
33.1259,9.52824,4.9093
30.7448,6.62453,4.87283
34.2131,4.38871,4.3063
33.921,4.21991,4.32685
36.1514,5.06953,4.09426
36.1073,4.66935,4.04859
33.3427,4.22956,4.40949
31.6038,4.21415,4.62388
36.2355,5.65054,4.15854
32.379,4.2554,4.53693
34.1119,4.21564,4.2982
34.5018,4.21135,4.23867
36.2923,6.03302,4.20414
35.2742,4.22903,4.12045
35.076,4.22547,4.1512
34.885,4.22292,4.18082
36.3547,6.4061,4.24957
31.0918,4.35876,4.69564
30.5945,4.16748,4.72732
29.8815,5.72732,4.8756
29.7516,5.62905,4.87718
36.6068,7.72195,4.40525
36.6459,7.91236,4.42657
36.6855,8.10294,4.4476
36.1741,5.26287,4.11606
36.2092,5.45368,4.13591
36.5685,7.53073,4.38348
36.3385,7.27674,4.38063
36.5307,7.34027,4.36157
36.7928,8.67504,4.51047
36.8246,8.86561,4.53121
30.9974,4.18417,4.68739
32.7528,4.25018,4.48959
32.9466,4.24535,4.46409
32.1157,9.38115,4.90366
29.4524,4.34419,4.84109
29.1396,4.68601,4.87433
29.1045,4.55652,4.87158
33.531,4.22514,4.38303
33.1346,4.24383,4.43924
28.8274,4.20855,4.87198
28.9569,4.15217,4.86197
28.9836,4.29741,4.86763
28.7282,4.13936,4.87403
28.8241,4.04024,4.86373
31.4636,7.7533,4.88495
30.5129,6.42894,4.87435
30.3129,6.394,4.87847
36.8634,9.05894,4.55083
32.3035,9.64925,4.90778
28.9736,4.47455,4.87491
28.8141,4.37447,4.87888
29.1251,4.1755,4.85282
33.729,4.22241,4.35482
29.3382,4.1796,4.83854
35.9009,9.60118,4.73842
35.901,4.22097,4.01959
36.0465,4.31741,4.0102
35.6852,4.22434,4.05461
36.1975,9.54403,4.69745
34.6913,4.21789,4.21031
34.3063,4.21245,4.26862
36.724,8.29389,4.46855
36.7597,8.48461,4.48953
36.4204,6.77488,4.29462
36.387,6.58908,4.27193
36.4563,6.96266,4.31717
36.3259,6.21553,4.22574
29.5528,4.16702,4.82152
36.1213,4.87428,4.07344
32.1879,4.24442,4.55887
31.9923,4.23138,4.5807
31.7913,4.21772,4.60269
36.4931,7.15133,4.33956
31.3933,4.20615,4.6467
33.4521,9.61966,4.906
30.1214,6.35031,4.8811
36.2678,5.83438,4.17927
30.7934,4.17824,4.70816
30.3897,4.16247,4.74706
30.1813,4.16126,4.7668
35.4825,4.23955,4.089
29.7623,4.16389,4.80425
29.9719,4.16191,4.78595
33.5913,9.73713,4.90734
35.4099,9.69805,4.79701
29.3356,5.10497,4.87831
36.0737,9.70089,4.72936
36.1954,9.8542,4.73144
36.2447,9.70558,4.70956
36.3669,9.82941,4.70809
36.0402,9.90977,4.75485
31.5352,8.13749,4.89088
29.7361,5.82101,4.88091
29.0198,4.82601,4.88253
29.0559,4.95818,4.88391
28.9014,4.97236,4.88768
29.178,5.02201,4.88154
28.9839,5.1273,4.88733
30.5591,6.6093,4.87735
28.9491,4.67191,4.88153
34.1551,9.69434,4.88333
29.5901,5.56846,4.88025
37.3988,10.006,4.59315
37.2593,10.0742,4.61918
37.2453,9.95223,4.60731
37.1874,10.1781,4.64008
37.1118,10.036,4.63434
31.8025,8.93555,4.89763
31.7608,8.81373,4.89692
33.2506,9.81001,4.91651
33.1061,9.74394,4.91593
33.1641,9.90789,4.91979
31.1469,7.84969,4.88782
31.1415,7.67387,4.88649
31.0015,7.60409,4.88604
28.3167,4.21522,4.89274
28.1517,4.1753,4.89604
28.2248,4.0383,4.89168
28.0298,4.22998,4.89803
28.0336,4.05075,4.8969
31.9818,10.1176,4.88691
31.8609,10.2038,4.87561
31.8356,10.014,4.88064
32.0136,10.2442,4.88511
31.0162,7.42431,4.88422
34.6008,9.65881,4.85548
34.7435,9.79712,4.85644
29.9075,6.33037,4.8828
34.9383,9.67394,4.83329
35.0541,9.80586,4.83538
33.3964,9.78048,4.91344
36.711,9.68629,4.64762
31.567,8.60604,4.89375
32.1245,9.56879,4.90315
31.6183,8.94841,4.89307
35.379,4.06607,4.08007
32.5601,4.25564,4.51455
32.0962,4.06648,4.54796
36.3397,5.15066,4.07539
36.2804,4.75858,4.0329
34.9811,4.04886,4.14064
35.1771,4.05683,4.11079
32.4659,4.0749,4.50349
31.2003,4.19149,4.66634
31.3068,4.02509,4.63508
31.1083,4.01417,4.65588
36.548,6.47001,4.22996
36.4526,5.91233,4.16218
30.699,4.00319,4.69863
34.5963,4.03912,4.19949
36.394,5.52913,4.11748
29.2341,4.00938,4.83394
29.4439,4.00506,4.8172
36.7221,7.40509,4.3429
36.6492,7.0272,4.29813
37.0131,8.93673,4.5147
36.8758,8.16744,4.42958
36.8371,7.97583,4.40815
33.6231,4.05011,4.34624
33.8163,4.04365,4.31761
30.2845,3.99772,4.7403
30.4933,3.99884,4.71944
31.9445,9.47256,4.8981
31.9026,4.0569,4.57
31.7008,4.04161,4.5919
30.3715,6.58343,4.88041
30.1637,6.56168,4.88236
32.6755,9.82445,4.91575
32.5068,9.87311,4.9127
35.8976,9.796,4.7588
35.7332,9.88825,4.78459
30.885,7.37612,4.88445
28.4761,4.33609,4.89036
28.4911,4.17195,4.88595
28.6574,4.24783,4.88158
28.4003,4.03506,4.88512
28.615,4.05082,4.87583
28.6329,4.44037,4.88741
31.322,7.89832,4.88846
29.3217,5.44083,4.88412
32.344,9.82811,4.90836
32.4189,10.0315,4.9096
37.1239,9.52629,4.57362
29.5663,5.74163,4.8829
28.7879,4.55859,4.88464
36.5498,9.74587,4.6756
32.1294,9.78458,4.9013
32.2292,9.98326,4.90277
33.228,4.06699,4.40331
33.0357,4.06665,4.42903
37.076,9.32676,4.5557
32.8427,4.07151,4.455
33.4274,4.05296,4.37408
31.3585,8.07595,4.89007
30.6183,6.78022,4.87945
36.6141,6.83973,4.2754
36.7596,7.59529,4.36495
36.9819,8.74439,4.4936
37.0416,9.12869,4.53552
29.3264,5.27606,4.88195
34.0042,4.03616,4.28902
30.8996,4.01251,4.67839
30.0746,3.99798,4.76069
29.654,4.00166,4.79931
29.8643,3.99929,4.78042
29.0246,4.01464,4.84932
34.202,4.04177,4.26027
34.7888,4.04463,4.17027
36.2575,4.55093,4.00857
35.7802,4.05463,4.01396
35.5723,4.06291,4.04871
34.3993,4.03945,4.22993
36.7982,7.78538,4.38665
36.9134,8.35992,4.45099
36.9488,8.55237,4.47235
36.5803,6.65341,4.25257
36.5156,6.28689,4.20759
36.4268,5.71797,4.13845
36.3047,4.95415,4.05498
36.486,6.09706,4.18403
32.2865,4.07498,4.52578
31.5032,4.04095,4.61472
31.8013,9.38814,4.89388
29.9952,6.48502,4.88272
31.5238,8.30986,4.89247
34.3004,9.79933,4.88256
36.7184,3.41782,3.73236
36.7764,3.38818,3.71393
36.8058,3.45017,3.72073
36.821,3.39494,3.70574
36.4476,3.76686,3.85268
36.3956,3.64612,3.83986
36.5455,3.6561,3.81396
36.3099,3.63252,3.85288
36.3247,3.55397,3.83556
31.9415,9.65287,4.89545
35.5761,9.79439,4.79074
35.3994,9.8969,4.81565
29.1596,5.20899,4.88485
32.2969,10.1289,4.90366
32.3986,10.1888,4.9073
32.2975,10.2647,4.90139
32.5476,10.2068,4.91294
32.434,10.3066,4.90732
34.5744,9.81327,4.86821
29.1811,5.54868,4.88599
29.323,5.57299,4.88494
29.2335,5.72201,4.88508
29.1562,5.38275,4.88613
37.542,10.2175,4.59767
37.7062,10.2086,4.57397
37.6272,10.3593,4.60163
37.4729,10.1206,4.59616
37.594,10.048,4.57159
36.6923,9.87368,4.67144
30.4309,6.76329,4.88179
34.6356,9.95618,4.87448
34.779,9.97792,4.86735
34.6982,10.166,4.88506
34.2993,9.96601,4.89289
34.4523,9.92603,4.88271
34.3767,10.1218,4.89855
34.1611,9.89274,4.89487
29.4241,5.65394,4.88417
30.8606,7.52965,4.88533
29.5407,5.93955,4.88394
30.994,8.10648,4.88494
30.9332,8.20658,4.88189
30.8449,8.0967,4.88095
31.1548,8.04304,4.88824
31.0583,8.20961,4.88541
31.3335,9.29048,4.87274
31.3765,9.15627,4.87939
31.5041,9.27143,4.88292
31.1701,9.20765,4.86513
30.12,6.89401,4.8814
30.0876,6.73755,4.88228
30.2491,6.74347,4.88269
29.965,6.64937,4.88191
31.3791,8.24704,4.89097
31.375,8.38284,4.8909
31.239,8.36473,4.8883
31.4607,8.47388,4.89214
31.2775,8.49821,4.88804
31.5714,9.11791,4.88919
31.6348,9.40794,4.88613
31.583,8.78065,4.89345
28.8649,4.83509,4.88704
30.9855,7.78339,4.88651
30.8343,7.70489,4.88495
30.9902,7.96429,4.88603
30.8276,7.89621,4.88334
35.0786,9.99187,4.84838
36.276,9.96738,4.73385
31.2155,8.21672,4.8887
30.6344,7.26385,4.88393
30.7131,7.433,4.88439
34.9182,9.88736,4.85152
33.6735,9.94638,4.91412
30.4901,6.93561,4.88277
28.6008,4.63685,4.89088
36.4333,4.63729,3.99179
32.3724,3.8944,4.49108
32.1937,3.89496,4.51342
35.2797,3.89009,4.06912
32.6499,4.07551,4.48032
32.5543,3.89486,4.46814
31.4127,3.85989,4.60214
32.8081,9.97224,4.919
36.3646,5.33348,4.09574
36.5283,5.21902,4.05469
30.5588,7.10296,4.88342
33.1268,3.88991,4.39232
36.6762,6.16738,4.1654
36.709,6.35083,4.18779
32.741,3.89568,4.44422
30.8032,3.83941,4.66792
36.6134,5.79209,4.12012
36.6855,7.21555,4.32061
36.7736,6.71813,4.23326
36.9139,7.46982,4.32418
28.706,3.85866,4.86024
28.9149,3.85296,4.8457
37.2003,9.00914,4.49861
34.6917,3.86814,4.15915
34.886,3.87268,4.12922
35.0825,3.88088,4.09925
33.5164,3.87861,4.33687
29.5452,3.84008,4.79366
29.3347,3.84355,4.8122
36.8421,7.09214,4.27913
37.1367,8.62163,4.45565
37.1694,8.81542,4.47728
37.0648,8.23394,4.41208
37.0273,8.04106,4.39017
30.1775,3.83481,4.73296
30.3876,3.83464,4.71149
36.2041,3.83158,3.90708
36.0534,3.86533,3.93847
36.5328,9.95452,4.70095
35.8829,9.98785,4.77923
35.7421,10.0672,4.80042
29.7367,6.22234,4.88315
29.8105,6.53707,4.8814
28.1115,3.8735,4.89096
33.4949,9.93965,4.91742
33.3053,9.97401,4.92075
34.0315,10.0153,4.90671
32.0411,9.9774,4.89393
31.9113,9.83348,4.89033
32.1437,10.1555,4.89548
32.6091,10.0116,4.91533
36.8337,9.97911,4.66467
36.9584,10.0592,4.65715
28.1372,4.34988,4.89697
28.3076,4.42087,4.89498
28.4533,4.52391,4.89297
36.393,4.22288,3.9392
36.3707,4.04334,3.9143
36.5842,5.59875,4.09747
36.553,5.40895,4.07636
30.5967,3.83569,4.68967
36.6459,5.97808,4.14211
36.4931,5.02636,4.03454
37.2293,9.20183,4.51943
37.1016,8.42772,4.43391
29.1246,3.84789,4.82962
36.9894,7.84954,4.36823
36.9514,7.65924,4.34627
34.2964,3.86805,4.2204
34.102,3.8669,4.24971
34.4939,3.8677,4.18994
28.7467,4.74854,4.8888
31.2119,3.85057,4.6239
31.811,3.88189,4.5582
31.0051,3.84742,4.64672
36.4636,4.83504,4.01367
37.3038,9.58865,4.55715
36.4089,4.43262,3.96739
28.4979,3.8649,4.87298
28.3009,3.87027,4.88317
35.8656,3.8786,3.97202
35.6699,3.88743,4.00559
29.3883,5.82612,4.88455
32.9329,3.89284,4.41868
36.8075,6.90476,4.25625
33.0157,9.93756,4.9204
37.2641,9.39571,4.53898
29.9668,3.83574,4.75389
33.9029,3.86469,4.27903
29.756,3.83747,4.77418
33.71,3.87155,4.3082
36.7414,6.53423,4.21042
33.8582,9.96889,4.91015
32.0034,3.88879,4.5359
35.2557,9.98797,4.83493
31.7758,9.53295,4.89019
35.5656,10.0288,4.81296
31.4286,8.74541,4.88961
31.6059,3.86941,4.58086
36.1588,10.0129,4.7521
37.0483,3.06241,3.57197
37.0466,3.06285,3.57266
37.047,3.06118,3.57212
37.0454,3.06308,3.57312
37.0452,3.06161,3.5728
37.0458,3.0644,3.5733
37.0446,3.06566,3.57401
37.0439,3.06344,3.57369
37.0444,3.06761,3.57456
37.0467,3.06691,3.57361
37.0457,3.07052,3.57483
37.027,3.07952,3.58297
37.0287,3.08666,3.58415
37.0209,3.08394,3.5859
37.0318,3.09261,3.58464
37.0136,3.08995,3.58951
36.9543,3.27708,3.64898
36.9336,3.28447,3.65576
36.9247,3.24252,3.64849
36.9111,3.28559,3.66141
36.9264,3.30928,3.66303
36.8997,3.31901,3.6715
36.8601,3.32861,3.68274
36.8735,3.27527,3.66797
36.8943,3.36903,3.68375
36.8498,3.37145,3.69435
36.8071,3.34224,3.69749
36.7331,3.32867,3.71058
36.657,3.35871,3.73279
36.6594,3.27402,3.71463
36.6574,3.41534,3.74439
36.6023,3.3981,3.75199
31.3962,10.5289,4.80348
31.3726,10.602,4.79159
31.3068,10.5393,4.78684
31.4172,10.6621,4.79279
31.34,10.6794,4.77551
36.583,3.3113,3.73812
36.5609,3.45118,3.77092
36.4986,3.36782,3.76643
36.489,3.46817,3.78824
36.5604,3.53457,3.78757
36.6576,3.48377,3.7583
36.4496,3.54582,3.81085
37.8794,10.571,4.5881
37.9704,10.558,4.57198
37.9779,10.6564,4.58148
37.809,10.4889,4.5899
37.9272,10.4629,4.56864
36.2198,3.60249,3.86353
35.3646,10.0959,4.83534
37.6972,10.4643,4.60325
37.7368,10.5947,4.61146
37.5264,10.526,4.63271
36.7604,3.93388,3.8254
36.6755,4.02314,3.85712
36.6553,3.89667,3.83833
36.8768,3.87128,3.79099
36.8656,4.06772,3.82935
36.1293,3.709,3.89861
36.047,3.52446,3.87999
36.2958,3.72176,3.87168
28.9878,5.32754,4.88756
30.7198,7.61379,4.8838
29.5698,6.13187,4.88321
29.7159,6.3824,4.88206
29.5662,6.31847,4.88111
36.5947,3.79536,3.83099
36.3361,3.87618,3.89193
31.1108,8.32458,4.88546
31.0907,8.48195,4.88238
30.9506,8.34985,4.87979
28.7135,4.95242,4.89035
36.3936,10.0306,4.72641
36.6822,10.0685,4.69427
32.5571,10.4172,4.9114
32.6348,10.5715,4.91303
32.4606,10.6163,4.90319
31.627,9.96246,4.86737
31.7416,9.85899,4.87956
31.4707,9.90773,4.85685
31.5646,9.77755,4.87027
36.385,10.2121,4.7463
36.2652,10.1099,4.74986
36.3635,10.3615,4.76382
36.2285,10.2844,4.77143
28.0553,4.50373,4.89537
27.9156,4.39933,4.89599
27.9497,4.58567,4.89183
30.3018,6.9187,4.88278
33.1426,10.074,4.92342
30.8307,8.25692,4.87718
30.684,8.21519,4.87189
34.5347,10.0779,4.88813
29.4243,6.07745,4.88272
36.5172,3.92721,3.8689
36.1441,10.1597,4.76846
36.0217,10.0923,4.77497
27.9559,3.87653,4.8958
27.9937,3.71746,4.89033
29.7613,6.88392,4.87347
29.8114,7.02043,4.87119
29.6254,7.00482,4.86359
29.8008,6.73195,4.87821
29.9326,6.8429,4.87899
31.4133,9.43907,4.87259
37.1775,10.3286,4.65766
37.3567,10.2108,4.62146
34.2031,10.2376,4.912
34.0724,10.1958,4.91432
34.1979,10.0902,4.90438
33.9117,10.1587,4.91725
36.5276,10.1441,4.72195
36.8384,10.1573,4.68365
37.02,10.2175,4.66638
30.535,7.41024,4.88249
31.45,9.02436,4.88598
28.1746,4.50689,4.89574
35.1952,10.1488,4.85227
31.6684,10.1572,4.86191
27.886,4.1825,4.89881
27.8478,3.99266,4.89921
29.362,5.97846,4.88334
29.401,6.23554,4.87977
34.8992,10.0831,4.86734
37.0049,3.09718,3.59378
36.9638,3.14711,3.61683
36.9466,3.15619,3.62339
36.9484,3.13165,3.61728
36.9714,3.1686,3.61978
36.8679,3.21842,3.65668
36.8265,3.24557,3.67223
36.8307,3.29585,3.68224
36.7837,3.27888,3.68902
36.7463,3.49308,3.74215
36.7421,3.56906,3.75855
36.6572,3.59983,3.7816
33.5649,10.1147,4.9224
30.3616,7.09176,4.88256
32.4597,3.71431,4.4548
32.279,3.71422,4.47766
31.909,3.71139,4.52304
35.7583,3.71615,3.96292
37.4496,9.46915,4.52281
35.4727,3.89165,4.03828
35.1827,3.71239,4.05675
36.7146,5.29122,4.03459
36.9023,6.41507,4.16782
36.9346,6.59883,4.19071
36.8367,6.04751,4.12278
36.6509,4.90587,3.99262
36.8776,7.2807,4.30182
37.0348,7.15768,4.26001
33.3172,3.8871,4.36592
33.0241,3.71477,4.3809
32.6442,3.71521,4.43119
36.7728,5.67103,4.07795
34.5897,3.69709,4.14887
34.3919,3.69606,4.17954
34.1959,3.69447,4.20941
29.6471,3.67622,4.76736
29.436,3.67891,4.78744
30.0695,3.67287,4.72506
30.2803,3.67208,4.7031
37.106,7.53448,4.3052
33.408,3.70938,4.32727
33.6033,3.70131,4.29828
29.0151,3.68645,4.82473
28.8055,3.69108,4.84153
37.2527,8.30226,4.39474
37.2162,8.10828,4.37241
37.2887,8.49719,4.41696
37.3232,8.69245,4.43905
34.9864,3.70518,4.0872
34.7884,3.69873,4.11776
31.3153,3.68649,4.59028
31.5155,3.69279,4.56769
30.6998,3.67284,4.65807
30.9068,3.67594,4.6355
29.6656,6.66335,4.87637
29.5723,6.52227,4.87731
35.862,10.174,4.79883
35.6688,10.2461,4.82296
27.6682,3.96654,4.90003
27.7254,4.13172,4.89865
31.9098,10.386,4.87206
31.5869,9.57787,4.87885
31.4265,8.8872,4.88754
33.7392,10.139,4.92041
37.418,9.27303,4.50261
37.3875,9.08116,4.48214
37.356,8.8873,4.46089
37.4889,9.6603,4.5407
31.7578,9.71054,4.885
36.5388,4.11755,3.89746
36.6822,5.09677,4.01341
36.6176,4.71243,3.97162
35.3749,3.71626,4.02616
36.5869,4.51629,3.94941
37.4794,10.3458,4.61995
37.3348,10.4224,4.64701
28.1915,3.70754,4.88129
36.9668,6.78331,4.2138
37.0006,6.97015,4.23696
37.5355,9.84834,4.55659
32.9579,10.1537,4.92299
33.2876,10.1725,4.92577
33.42,10.0899,4.92317
33.216,3.71118,4.35424
28.3888,3.70191,4.87031
29.2179,5.91913,4.88262
31.7161,3.70761,4.54585
28.9903,5.53174,4.88601
29.0787,5.6733,4.88481
32.7427,10.1616,4.91887
31.1097,3.68269,4.61344
36.7434,5.48003,4.05589
30.4905,3.67195,4.68071
37.0699,7.3458,4.28275
28.5968,3.69624,4.8568
29.2253,3.68235,4.80663
28.42,4.71267,4.89336
28.2757,4.60419,4.89468
28.5681,4.83054,4.89187
36.8057,5.85869,4.09975
37.1795,7.91558,4.35001
37.1426,7.72429,4.3276
33.999,3.69522,4.23928
33.7989,3.69548,4.26899
36.561,4.3141,3.92459
35.9459,3.70567,3.92952
30.4177,7.27944,4.88186
35.5701,3.72105,3.99495
29.8584,3.67423,4.74651
28.7805,5.11489,4.88943
30.5361,7.59535,4.88037
35.4755,10.2322,4.83782
32.0998,3.71539,4.50017
32.8326,3.71599,4.40663
37.0461,3.06013,3.57216
37.0461,3.05876,3.57182
37.0474,3.05944,3.57155
37.0424,3.07156,3.57616
37.0429,3.0689,3.57535
37.0401,3.07173,3.57695
37.0399,3.06878,3.57629
37.0409,3.0745,3.57735
37.0382,3.07685,3.57881
37.0372,3.07197,3.57794
37.0289,3.06886,3.57979
37.0265,3.07346,3.58166
37.0226,3.06775,3.58147
37.0333,3.06944,3.57856
37.0325,3.07541,3.58024
37.0431,3.07994,3.57799
37.0372,3.08176,3.5803
37.0322,3.08214,3.58199
37.0352,3.08775,3.58239
37.042,3.08721,3.58009
37.0394,3.09571,3.58301
37.0147,3.07803,3.58633
37.0145,3.08343,3.58768
37.0089,3.08179,3.58897
37.021,3.07552,3.58382
37.0322,3.09903,3.58606
37.0378,3.10629,3.58606
37.0074,3.07282,3.58727
37.0151,3.07005,3.58432
37.0044,3.08727,3.59159
36.9983,3.07805,3.59116
37.0196,3.11273,3.59319
37.0327,3.11898,3.59073
36.9962,3.08939,3.59446
36.9964,3.09741,3.5963
36.9877,3.09458,3.59807
37.0094,3.11717,3.59725
37.0095,3.10713,3.59483
36.9965,3.10737,3.59863
36.9856,3.08153,3.5956
37.0193,3.12466,3.59613
37.0109,3.12605,3.59892
37.0302,3.13609,3.5956
36.9685,3.10547,3.60592
36.9685,3.11627,3.60844
36.9562,3.11374,3.61112
36.9811,3.10267,3.60181
36.9815,3.11723,3.60511
37.0142,3.13556,3.60021
37.0014,3.14403,3.60587
37.0002,3.12602,3.60197
37.0226,3.15571,3.60254
36.9527,3.0941,3.6075
36.9714,3.08874,3.60121
36.9314,3.10657,3.61593
36.983,3.14972,3.6123
36.9871,3.13318,3.60732
38.3369,10.8198,4.52228
38.3469,10.806,4.51731
38.3557,10.8257,4.51703
37.0013,3.16323,3.61041
36.9874,3.16586,3.61485
36.9694,3.12943,3.61125
36.9941,3.18216,3.61685
36.9763,3.19778,3.62524
36.9531,3.21411,3.63499
36.9565,3.2353,3.63896
36.9501,3.1833,3.62872
38.3288,10.7607,4.51712
38.3028,10.7563,4.52427
38.3166,10.7353,4.51755
38.2794,10.769,4.53222
38.2818,10.7364,4.52757
36.9783,3.22786,3.63165
37.0088,3.21261,3.61989
37.0057,3.25202,3.62994
38.2509,10.7935,4.54243
36.9692,3.25548,3.64032
38.2977,10.7056,4.51927
36.9534,3.31002,3.65663
36.9927,3.29488,3.64327
36.9845,3.35097,3.65812
36.9307,3.19971,3.63733
36.9235,3.17045,3.63248
36.9002,3.1912,3.64291
36.9342,3.34737,3.66965
36.9512,3.42366,3.68247
38.1408,10.705,4.55672
38.1561,10.7494,4.55863
38.0851,10.7139,4.56874
31.2331,10.6942,4.74713
31.2369,10.7419,4.73873
31.1847,10.7128,4.72811
31.2732,10.6704,4.76173
31.2841,10.7183,4.75653
38.076,10.6413,4.56232
38.1373,10.663,4.55265
38.0462,10.5805,4.56105
38.1396,10.5902,4.54369
36.8904,3.4911,3.711
36.8688,3.41668,3.69986
36.8214,3.54287,3.73679
36.9274,3.59698,3.72524
36.8226,3.64133,3.75671
36.738,3.65199,3.77599
36.7927,3.73712,3.78186
36.7266,3.82182,3.81106
36.6762,3.71114,3.79963
31.4187,10.3437,4.82333
31.3504,10.4437,4.80465
31.2719,10.3228,4.80423
31.5255,10.3572,4.83563
31.4792,10.4612,4.82189
36.6871,10.2552,4.71365
31.0152,8.62743,4.87585
30.9016,8.54014,4.87277
31.1623,8.64329,4.88193
31.0245,8.78263,4.87166
29.0614,5.82997,4.88183
29.2432,6.11124,4.87917
31.2577,9.01194,4.87721
27.7828,4.59878,4.88607
27.7353,4.44608,4.89058
27.7341,4.75193,4.87575
27.6346,4.69796,4.87273
34.5829,10.3798,4.90435
34.7484,10.3581,4.89485
34.7175,10.5067,4.90562
34.5107,10.2197,4.89815
34.281,10.1986,4.90699
34.3462,10.3449,4.91235
31.352,8.6334,4.88864
31.2431,8.80626,4.88178
30.1698,7.07027,4.88009
28.6578,5.40051,4.88421
28.6425,5.24796,4.8874
28.8117,5.28191,4.88812
28.6558,5.55629,4.87949
28.5124,5.50912,4.87618
33.4392,10.2554,4.92759
28.8184,5.45511,4.88563
30.22,7.24074,4.87846
30.2504,7.38408,4.87646
30.0985,7.37587,4.87144
30.3737,7.47953,4.87809
30.1737,7.54439,4.86937
34.8757,10.2747,4.88226
34.9993,10.3857,4.88255
34.8628,10.4474,4.8945
35.1501,10.3268,4.86883
35.111,10.5019,4.88385
27.6174,4.24074,4.89414
27.6005,4.38455,4.88806
27.4492,4.28039,4.88594
27.7493,4.29773,4.89569
35.4042,10.3975,4.85648
35.5443,10.3748,4.84403
35.4985,10.521,4.85912
35.3021,10.2747,4.85436
33.1095,10.489,4.92876
32.9909,10.3502,4.9253
33.1311,10.2643,4.92655
32.8418,10.3234,4.92173
35.0322,10.2031,4.8675
27.5565,4.11418,4.89622
37.0187,10.3959,4.68559
36.8609,10.3372,4.69997
37.1433,10.5212,4.68232
36.9059,10.5375,4.71492
36.0257,10.2823,4.79272
28.089,4.66279,4.89245
28.0482,4.87736,4.8845
27.8896,4.76295,4.88316
32.6863,10.3142,4.91715
32.3583,10.4283,4.90139
28.2356,4.8001,4.89145
29.2054,6.34828,4.8707
29.391,6.43322,4.87452
34.1271,10.3553,4.92024
30.6444,7.79411,4.88009
37.0448,3.05964,3.57247
37.0422,3.06592,3.57486
37.0432,3.06091,3.5733
37.0413,3.06246,3.57431
37.0389,3.06437,3.57554
37.036,3.06674,3.57705
36.9238,3.13782,3.62499
36.8968,3.15108,3.63471
36.8642,3.16831,3.64642
36.824,3.18874,3.66032
38.0987,10.5087,4.54262
38.0158,10.5112,4.55878
38.0415,10.4314,4.54482
36.779,3.21359,3.67593
36.7253,3.24415,3.6943
31.4757,10.5941,4.80963
37.965,10.3357,4.54769
37.8062,10.3607,4.57629
31.5901,10.4261,4.83845
36.3706,3.42595,3.80255
37.883,10.2109,4.54715
33.9632,10.3379,4.9237
31.5901,10.539,4.83034
31.6273,10.3207,4.84923
31.7113,10.4542,4.85008
33.6176,10.3263,4.9286
29.9853,7.03963,4.87637
28.5215,5.01586,4.89027
37.6852,9.71505,4.51914
32.5484,3.53466,4.41723
32.3657,3.53398,4.44061
35.4701,3.54301,3.98189
36.7722,4.59048,3.9281
31.8187,3.53866,4.50952
37.1278,6.66379,4.1705
37.0955,6.47976,4.14736
36.8697,6.23145,4.14516
36.9968,5.92714,4.07937
36.9029,5.36108,4.01337
31.0098,3.51253,4.60167
30.8026,3.51012,4.62495
37.5754,9.15182,4.46413
30.5933,3.50949,4.64831
30.383,3.50967,4.67146
36.5188,10.3522,4.74459
32.9245,3.53667,4.36791
37.1935,7.03601,4.21719
29.7494,3.51322,4.73869
29.538,3.51532,4.76008
36.8385,4.97624,3.9708
36.7147,4.19652,3.87923
29.3267,3.51797,4.78078
29.116,3.52115,4.80061
35.0844,3.53603,4.04422
28.6965,3.52888,4.8369
28.488,3.53344,4.85294
37.404,8.17734,4.35427
37.3683,7.98363,4.33152
37.3327,7.7913,4.30872
37.2973,7.60052,4.28591
34.687,3.5282,4.10688
34.4883,3.5257,4.13786
34.0928,3.52373,4.19864
34.2909,3.52363,4.16826
31.2134,3.51798,4.57885
31.4179,3.52172,4.55532
33.6941,3.52677,4.25853
33.4977,3.53097,4.28756
35.8401,10.364,4.81801
29.6365,6.81936,4.87098
29.5057,6.73161,4.8688
31.5087,10.2422,4.84144
33.8035,10.3111,4.92578
34.1846,10.4893,4.92481
34.0051,10.5158,4.93004
28.9274,5.73405,4.88138
27.216,3.5813,4.9003
27.3904,3.6302,4.90114
27.2582,3.76673,4.89758
27.5125,3.53302,4.89958
27.5594,3.68474,4.90043
35.986,10.4639,4.81323
36.1213,10.4112,4.79499
36.1088,10.5378,4.80787
27.6714,3.55113,4.8963
27.5903,3.83404,4.90056
27.4346,3.80179,4.90011
37.805,10.0615,4.54222
27.7765,3.76726,4.898
31.7567,10.3034,4.86264
31.4463,10.0708,4.84549
36.2162,3.45703,3.83716
35.8384,3.53361,3.91797
35.655,3.54027,3.9504
31.3972,9.62993,4.86388
31.2579,9.53636,4.85712
36.7412,4.39567,3.90539
27.8682,3.54979,4.88941
30.1721,3.51039,4.69429
29.9609,3.51159,4.71672
32.7354,3.53583,4.39295
37.16,6.84909,4.19385
37.2622,7.41129,4.26313
33.3064,3.53335,4.31501
33.1145,3.53548,4.34193
32.1849,3.53442,4.46355
32.0046,3.53629,4.48632
35.2776,3.53912,4.01313
27.4928,3.95769,4.89847
34.8873,3.53168,4.07542
37.4395,8.37228,4.37691
37.4747,8.56811,4.39937
37.6435,9.53116,4.50267
28.9059,3.52479,4.81938
33.8943,3.52565,4.22881
37.5427,8.95862,4.44322
37.5092,8.7639,4.42155
28.6296,5.10735,4.88956
36.8696,5.16887,3.99223
37.0301,6.11192,4.10175
37.063,6.29578,4.12441
29.3732,6.62797,4.867
36.9649,5.73853,4.05677
36.933,5.55101,4.03511
28.0736,3.54391,4.8795
28.2803,3.53846,4.86724
35.6746,10.4773,4.84195
31.6221,3.53053,4.53219
33.2825,10.3676,4.92961
29.0232,6.02527,4.87549
32.1462,10.3726,4.88999
28.7987,5.63615,4.88099
28.3823,4.91321,4.89087
37.7332,9.89273,4.53334
37.6067,9.34386,4.48444
32.734,10.4655,4.91811
37.0496,3.05615,3.57003
37.0492,3.05588,3.57009
37.0497,3.05567,3.56988
37.0498,3.05652,3.57004
37.0492,3.05656,3.57026
38.3763,10.8543,4.51374
38.3777,10.863,4.51443
38.366,10.8585,4.51793
38.3848,10.8576,4.51102
38.3591,10.8481,4.5189
38.3699,10.8456,4.51484
38.3604,10.8391,4.51727
38.3492,10.8419,4.52129
38.3392,10.8331,4.52328
38.3309,10.8499,4.52794
31.1107,10.8035,4.65275
31.1312,10.8074,4.66852
31.1297,10.8274,4.65431
31.1481,10.8029,4.68261
31.1492,10.8263,4.67184
31.1994,10.678,4.74051
31.2868,10.618,4.77266
31.3802,10.2309,4.82718
29.228,6.54659,4.86345
29.0467,6.22498,4.86887
26.0317,3.28751,4.8182
26.1155,3.18343,4.84547
26.1765,3.32472,4.83854
25.9534,3.18071,4.81834
36.2079,10.6602,4.80892
36.1367,10.7675,4.82545
35.979,10.6599,4.83098
36.3945,10.627,4.78592
36.3638,10.8712,4.81164
35.7514,10.6612,4.85063
35.8322,10.7667,4.85251
35.6148,10.8712,4.87714
35.8411,10.5286,4.83213
27.3163,3.93724,4.89442
30.0433,7.21657,4.87387
28.4923,5.18894,4.88638
28.1945,4.99569,4.8849
26.699,3.74513,4.86405
26.6944,3.62646,4.87291
26.8601,3.70716,4.88102
26.565,3.71593,4.85114
28.4975,5.35532,4.88152
28.5031,5.64129,4.86968
28.4214,5.59514,4.8677
29.5661,7.16035,4.85272
29.4363,7.08878,4.84774
29.4472,7.23716,4.83916
27.6188,4.82125,4.86286
27.5494,4.77902,4.86022
31.2749,10.1543,4.81969
31.2787,10.0152,4.83078
29.0827,6.51262,4.85685
29.0868,6.64894,4.84909
29.0042,6.6127,4.84514
30.831,8.82066,4.85793
30.7019,8.81173,4.8485
30.7382,8.65187,4.85898
30.9327,8.95558,4.85915
26.7638,3.37301,4.89205
26.6784,3.49171,4.88062
26.5806,3.37615,4.88025
26.521,3.55092,4.86141
34.4665,10.4992,4.91603
30.9911,9.19431,4.85222
31.0537,9.06801,4.86283
30.9074,9.09745,4.85031
35.2606,10.4464,4.87027
30.4641,7.77105,4.87469
30.4908,7.93924,4.87121
30.3387,7.66685,4.87259
29.3203,6.83203,4.85444
29.3079,6.99728,4.84367
29.2212,6.94701,4.83996
29.472,6.91238,4.85952
36.4197,10.4759,4.76859
31.2032,9.39136,4.8596
31.0656,9.54959,4.83882
27.8412,5.1155,4.85892
27.8518,4.9716,4.86971
28.0078,5.05827,4.87405
27.7342,4.87269,4.86809
36.7024,10.4514,4.73206
28.9073,5.89641,4.87598
28.7411,5.84837,4.87136
31.3503,9.93215,4.84407
33.7335,10.4528,4.93153
33.602,10.5438,4.93464
33.4428,10.4603,4.93237
33.2781,10.5652,4.93253
36.2655,10.4832,4.78652
30.8971,8.68903,4.86759
32.9141,10.5208,4.92399
30.9978,9.34446,4.84463
30.6666,8.0187,4.87636
30.3296,7.85476,4.86627
37.0487,3.05605,3.5703
37.0485,3.05671,3.57052
37.0496,3.05717,3.57026
37.048,3.05632,3.57059
37.0488,3.05734,3.57057
37.048,3.05725,3.57082
37.0483,3.05822,3.57096
37.0472,3.05675,3.57096
37.0494,3.05806,3.57056
37.0472,3.05794,3.57125
37.0462,3.05724,3.57142
37.049,3.05916,3.57095
37.0486,3.06063,3.57143
37.0449,3.05785,3.572
37.0478,3.06442,3.57264
37.0432,3.05858,3.57271
37.0412,3.05947,3.57359
37.0451,3.07483,3.5761
37.0358,3.06203,3.57596
37.0389,3.06066,3.57464
37.0318,3.06424,3.57778
37.0271,3.0642,3.57924
38.338,10.7849,4.51739
36.9008,3.11457,3.62546
37.0193,3.18197,3.60974
38.3097,10.7784,4.52509
36.8679,3.12424,3.63567
36.8303,3.13637,3.64729
31.1661,10.7864,4.69927
31.1707,10.8192,4.68925
31.199,10.8073,4.70791
38.2787,10.6683,4.51988
38.2064,10.7792,4.55116
31.1969,10.7649,4.71941
31.2362,10.7927,4.72693
31.2837,10.7765,4.74578
38.2334,10.666,4.53138
38.2566,10.6266,4.5206
38.1969,10.6357,4.53641
38.2265,10.5772,4.5222
38.1913,10.5117,4.5227
31.4056,10.7348,4.78171
31.4821,10.7062,4.79935
36.4993,3.24255,3.74096
36.5903,3.2143,3.71653
31.3388,10.7564,4.76388
36.786,3.15113,3.66073
36.733,3.16861,3.6764
38.1505,10.4322,4.5224
31.8443,10.5848,4.8563
36.9153,3.72563,3.75439
38.0983,10.3369,4.52215
36.2452,3.30513,3.80278
36.6676,3.18716,3.69457
36.9682,3.51428,3.69828
31.5763,10.6708,4.8177
37.8807,9.76164,4.49291
35.9196,3.35178,3.87115
29.7073,7.16424,4.86103
29.8749,7.18607,4.86832
37.8002,9.40691,4.46134
27.0133,3.55632,4.89595
27.0781,3.73747,4.89219
27.1315,3.91353,4.8871
26.9389,3.89775,4.87481
32.2715,3.35397,4.4259
32.0897,3.355,4.44904
32.4535,3.35416,4.40256
32.6388,3.35539,4.37857
36.8051,4.78336,3.94965
36.9011,4.27965,3.85838
37.256,6.36068,4.10267
37.2885,6.54479,4.12588
37.1902,5.99208,4.05705
37.2233,6.17647,4.07968
37.2275,7.22329,4.2403
37.4197,7.2897,4.21958
27.7617,3.38334,4.88759
27.9664,3.37872,4.87689
31.1122,3.34898,4.56673
37.5215,7.86036,4.28885
37.556,8.05359,4.31186
32.8272,3.35654,4.35372
28.3797,3.37013,4.84874
28.588,3.36626,4.83193
37.0256,5.04753,3.94817
33.7896,3.35616,4.21788
37.3207,6.7294,4.1493
37.1566,5.8063,4.03475
37.1244,5.6185,4.01259
29.8518,3.35077,4.70807
30.0633,3.3493,4.68518
34.5859,3.35709,4.09547
34.3871,3.35432,4.12641
30.2746,3.34818,4.66194
30.4854,3.34742,4.63839
29.4287,3.35457,4.75247
29.2175,3.35695,4.77374
29.007,3.35968,4.79421
28.7971,3.36278,4.81367
37.6954,8.83473,4.40143
37.73,9.02845,4.42248
34.9834,3.36213,4.03216
31.5214,3.35801,4.51938
38.0408,10.2207,4.51977
36.3851,3.27784,3.77064
37.8546,10.6656,4.60191
28.8068,6.02274,4.86649
28.6706,5.99268,4.86032
28.8796,6.17208,4.86294
28.7271,6.17241,4.8532
26.8263,3.52298,4.88873
26.9486,3.38267,4.89865
28.616,5.94296,4.85975
31.2305,10.4656,4.78135
31.3657,9.79547,4.85328
26.756,3.84813,4.86131
37.3531,6.91546,4.17289
37.5906,8.24811,4.33473
37.6254,8.44363,4.35738
33.2057,3.357,4.30204
33.8588,10.4464,4.92986
31.9076,3.35771,4.47215
31.7197,3.35966,4.49556
27.3804,4.10377,4.89073
35.3703,3.3646,3.96837
35.178,3.36309,4.00026
34.7853,3.36041,4.06407
33.591,3.35615,4.24703
37.4874,7.66861,4.26577
37.4534,7.47841,4.24267
34.1877,3.35365,4.15726
33.9883,3.35453,4.18784
28.3433,5.10263,4.88551
37.9295,9.9278,4.50492
37.0918,5.43033,3.99104
37.0582,5.23893,3.96959
27.6124,4.54915,4.88033
37.3863,7.10223,4.19633
36.9927,4.85435,3.92653
37.6604,8.63951,4.37966
27.1444,3.39741,4.90147
32.0338,10.562,4.87491
37.7645,9.22009,4.44266
36.0898,3.33056,3.83649
27.3681,3.42011,4.90049
35.5563,3.36276,3.93649
35.7365,3.35937,3.90477
34.3226,10.5642,4.92433
30.9049,3.34731,4.59063
30.6956,3.34705,4.6146
31.3164,3.35337,4.54325
28.1725,3.37429,4.86383
32.24,10.572,4.89031
27.5694,3.387,4.89519
31.1009,8.92574,4.87123
36.9601,4.662,3.90474
36.9286,4.47042,3.88244
37.9829,10.0819,4.51403
33.3974,3.35582,4.27485
29.6402,3.35251,4.73053
36.5487,10.5473,4.76047
37.3238,10.5806,4.66482
31.2228,9.68581,4.84606
37.2107,10.7073,4.69239
35.3632,10.539,4.87014
29.2084,6.70942,4.85395
30.5116,8.13927,4.86564
28.6246,5.71213,4.87217
30.7409,8.41621,4.86834
37.838,9.58829,4.47835
31.6914,10.6283,4.83646
33.0156,3.35712,4.32832
37.0315,10.6761,4.71264
37.0505,3.05499,3.56943
37.0504,3.05482,3.56942
37.0506,3.05482,3.56934
37.0505,3.0552,3.56949
37.0503,3.05504,3.56951
37.0495,3.05484,3.56973
37.0493,3.05513,3.56988
37.049,3.05484,3.56988
37.0493,3.05546,3.56994
37.0489,3.05539,3.57007
37.0505,3.05634,3.56975
37.0509,3.05655,3.56969
37.0503,3.05684,3.56994
37.0508,3.05604,3.56958
25.337,3.13935,4.58223
25.3491,3.10778,4.61355
25.3855,3.16749,4.60868
25.3086,3.14133,4.54508
25.2984,3.09885,4.57158
31.157,10.7502,4.70704
31.1205,10.7717,4.67929
25.3484,3.18103,4.56117
25.3983,3.22828,4.58013
25.4191,3.12527,4.65338
25.4655,3.21554,4.64242
29.0114,6.38984,4.85915
28.8885,6.31234,4.85574
31.1386,10.3872,4.77318
31.1368,10.2335,4.79149
27.196,4.08741,4.88169
29.9272,7.35848,4.86444
27.4448,4.47501,4.87427
34.5857,10.5458,4.91381
34.6688,10.6849,4.91813
30.163,7.75622,4.8611
28.1554,5.17438,4.87566
31.1929,9.86947,4.8312
34.9756,10.5282,4.89357
35.0471,10.6729,4.89909
35.4219,10.6855,4.87691
30.5337,8.3389,4.85902
28.3274,5.28156,4.87837
30.3429,8.05034,4.85938
34.1508,10.651,4.9326
34.4807,10.6512,4.92347
33.7885,10.6145,4.93606
34.8566,10.6243,4.90601
35.2387,10.6235,4.88443
36.5504,10.7173,4.77669
36.7186,10.6409,4.74901
33.0334,10.6525,4.92766
32.9148,10.7164,4.92355
33.4345,10.6537,4.9359
32.7699,10.6455,4.91822
35.5891,10.6461,4.86206
26.6193,3.82162,4.84739
31.1371,10.0518,4.80958
32.6217,10.7152,4.91024
33.6027,10.7178,4.93857
25.6959,3.32707,4.71796
25.5683,3.23118,4.69255
25.6414,3.16886,4.73952
25.5378,3.30875,4.64638
37.0502,3.05532,3.56961
37.0504,3.05551,3.56958
37.0501,3.05564,3.56972
37.05,3.0551,3.56962
37.0499,3.05539,3.56972
37.0496,3.0552,3.56977
37.05,3.05605,3.56987
37.0504,3.05592,3.56969
37.0502,3.05634,3.56986
37.0482,3.05552,3.57033
37.0503,3.05769,3.57016
37.0474,3.05569,3.57063
37.0502,3.05869,3.57044
37.0464,3.05592,3.57101
37.0501,3.05998,3.57079
37.0452,3.05621,3.57148
37.0394,3.05746,3.57367
37.05,3.06374,3.57175
37.0501,3.06163,3.5712
37.0437,3.05655,3.57207
37.033,3.05896,3.5761
37.0495,3.06947,3.57333
37.0366,3.05817,3.57476
37.0494,3.07358,3.57438
37.0171,3.06195,3.58177
37.0235,3.06061,3.57948
37.0491,3.07864,3.57571
37.0286,3.05955,3.57764
37.0488,3.08504,3.57737
37.0475,3.11539,3.58521
37.048,3.10283,3.58198
37.0485,3.09309,3.57944
37.0091,3.0634,3.5845
38.3501,10.8567,4.52293
38.3818,10.8477,4.51073
38.3785,10.837,4.51049
38.3678,10.8344,4.51407
38.3738,10.825,4.51056
36.9731,3.0703,3.59645
37.0458,3.15027,3.59422
37.0466,3.13063,3.5892
36.9876,3.06763,3.59175
36.9996,3.06542,3.5878
38.3676,10.8098,4.51076
38.3619,10.7903,4.51009
36.9088,3.08189,3.61603
31.1289,10.8433,4.63928
31.1375,10.8587,4.63505
31.1273,10.851,4.62685
31.1463,10.85,4.65427
36.9555,3.07329,3.60192
38.3471,10.742,4.50867
36.9348,3.07759,3.60839
38.3028,10.846,4.53542
31.1143,10.8273,4.63524
31.169,10.8476,4.6751
31.2294,10.836,4.71252
37.0448,3.17407,3.60026
31.1955,10.8426,4.69388
37.0437,3.20341,3.60764
37.0425,3.23856,3.61639
36.8781,3.08599,3.6246
38.3247,10.676,4.50722
38.3106,10.6339,4.50607
38.27,10.8332,4.54243
38.3548,10.7679,4.50955
37.0418,3.28169,3.6268
36.8424,3.09111,3.63435
31.322,10.8194,4.74855
38.3369,10.7118,4.50803
31.1202,10.713,4.70209
36.8005,3.09741,3.6456
38.2466,10.4498,4.50074
38.2707,10.5247,4.5037
37.037,3.47678,3.67308
37.0357,3.39722,3.65534
38.222,10.8275,4.55324
38.2937,10.5842,4.50469
37.0412,3.33381,3.63919
38.167,10.8176,4.56408
37.9053,10.7663,4.60475
38.0149,10.7807,4.5886
25.5158,3.14171,4.69756
25.4512,3.28143,4.5952
31.4568,10.7964,4.78409
31.545,10.7811,4.80213
36.7506,3.10498,3.65865
38.2149,10.36,4.49766
38.1008,10.8027,4.57557
36.6185,3.12449,3.69176
36.6908,3.11409,3.67391
37.0341,3.68245,3.71884
31.9377,10.7267,4.85793
31.3835,10.809,4.76633
37.7753,10.7487,4.62191
37.0362,3.56597,3.69315
36.1512,3.17572,3.79551
30.8499,9.37601,4.82761
30.8518,9.24675,4.83656
29.5976,7.3103,4.84647
29.7753,7.31689,4.85796
27.2756,4.22126,4.87897
29.9948,7.49965,4.86233
36.4233,3.15231,3.73783
36.5311,3.13783,3.71289
37.0347,3.82057,3.74743
31.6527,10.7643,4.8206
35.8189,3.1896,3.85946
38.0208,9.64523,4.44986
27.0417,4.05192,4.87252
26.8855,4.07034,4.85558
32.3587,3.17382,4.38753
32.1763,3.1744,4.41099
31.9936,3.17585,4.43429
35.2683,3.18766,3.95532
33.4919,3.18152,4.23401
34.6832,3.18867,4.05242
37.4161,6.24189,4.05568
37.4487,6.42593,4.07891
37.6759,7.73883,4.24348
37.4812,6.61048,4.10239
28.8984,3.19782,4.78754
29.1087,3.19563,4.76644
37.2821,5.49737,3.96614
37.3157,5.68548,3.98799
37.3495,5.87171,4.01008
29.9542,3.18861,4.67588
30.1657,3.18723,4.65225
37.8108,8.51537,4.3339
29.531,3.19187,4.72214
29.3196,3.19367,4.74459
37.5457,6.98251,4.14988
37.1802,4.92582,3.90139
37.1177,4.54344,3.8566
30.5875,3.18512,4.60421
30.7975,3.18444,4.57986
28.2724,3.20602,4.84427
28.0658,3.20911,4.86013
33.1078,3.17852,4.28801
37.6432,7.54768,4.22028
37.6107,7.35798,4.19697
37.9188,9.09535,4.39575
34.0837,3.1846,4.14623
33.8846,3.18473,4.17652
27.0566,3.21828,4.90196
31.2136,3.18504,4.53096
31.4173,3.1875,4.50689
31.6155,3.18527,4.48249
31.7823,10.7412,4.8396
38.1387,10.1215,4.48584
38.1783,10.2509,4.49293
26.2887,3.2002,4.86594
26.3695,3.38103,4.85917
26.3224,3.55638,4.83391
26.2747,3.69721,4.80587
26.1415,3.57902,4.79615
26.6685,3.21394,4.89385
26.4801,3.21029,4.88274
26.4238,3.67449,4.83569
25.8475,3.43634,4.74437
25.8889,3.3098,4.78289
26.0256,3.42507,4.7956
27.7522,5.08657,4.85343
38.0983,9.97461,4.47616
38.0589,9.81467,4.46405
37.043,10.8712,4.7304
37.6144,10.7204,4.6409
37.0375,3.98218,3.77867
35.6404,3.19179,3.89166
26.2068,3.45345,4.82759
36.2971,3.16527,3.7654
35.9894,3.18402,3.82735
37.0898,4.3549,3.83319
37.0546,4.16425,3.80847
37.5133,6.79611,4.12613
37.5782,7.16968,4.1735
37.1482,4.73402,3.87922
37.2473,5.30791,3.9447
37.2137,5.11736,3.9231
37.3832,6.05717,4.03266
32.5432,3.17482,4.36365
37.9844,9.46818,4.43375
32.7301,3.17635,4.33913
27.8605,3.21225,4.87398
34.8804,3.18983,4.02048
34.4841,3.18622,4.08393
28.4801,3.20306,4.82669
28.6888,3.2003,4.8077
34.2839,3.18485,4.11527
37.9562,9.28335,4.41423
37.8823,8.90393,4.37603
37.8462,8.71026,4.35534
37.7423,8.12528,4.28933
37.7089,7.9314,4.26651
32.9185,3.17715,4.31383
26.861,3.21658,4.90009
33.2984,3.17975,4.26145
35.457,3.18494,3.9225
35.0756,3.18895,3.988
26.635,3.93642,4.83689
37.417,10.7148,4.66622
30.3768,3.18607,4.62835
29.7426,3.19017,4.6992
37.7762,8.32013,4.31184
31.0065,3.1842,4.55538
29.0866,6.74384,4.84284
27.2546,3.21933,4.89985
26.7687,3.98239,4.85016
33.2728,10.7253,4.93412
28.3618,5.48096,4.87052
34.3175,10.7274,4.93203
31.8073,3.17984,4.45809
27.6568,3.2154,4.88548
32.1307,10.7224,4.87631
32.311,10.7301,4.89032
28.8848,6.41335,4.84919
28.7948,6.27051,4.8518
27.4882,4.66752,4.86372
28.497,5.73532,4.86434
27.2937,4.36828,4.87033
27.4547,3.21852,4.89426
29.325,7.18998,4.8316
29.2948,7.09292,4.83601
32.4774,10.8712,4.89783
33.9661,10.7105,4.93766
31.0579,9.73365,4.82534
27.9507,5.20109,4.86134
30.5739,8.53069,4.85295
30.38,8.23442,4.85344
30.0147,7.64648,4.85712
30.1884,7.94248,4.85437
31.2712,10.8283,4.7307
37.0418,3.05696,3.57279
36.8831,10.7209,4.73623
31.1196,10.8411,4.62615
31.0445,10.322,4.76213
32.7658,10.8712,4.9153
36.7211,10.8712,4.77096
29.1449,6.85204,4.84016
27.6184,4.90521,4.85614
27.6747,5.00355,4.85314
28.9351,6.52277,4.84577
33.1558,10.6606,4.93099
33.4228,10.8712,4.9386
33.0855,10.8712,4.92928
28.6771,6.0684,4.85623
28.5489,5.84499,4.86123
33.7741,10.8712,4.94279
34.1308,10.8712,4.9413
34.4949,10.8712,4.93379
34.8638,10.8712,4.92032
35.9909,10.8712,4.84753
35.2373,10.8712,4.90134
25.7889,3.18411,4.7806
37.0507,3.05532,3.56944
37.0502,3.05483,3.56951
37.0508,3.05564,3.5695
37.0498,3.05483,3.56961
37.0458,3.05489,3.57097
37.0478,3.05486,3.57031
37.0485,3.05485,3.57007
37.051,3.05722,3.56982
37.0511,3.05807,3.56999
37.0469,3.05487,3.5706
37.0513,3.05918,3.57021
37.0444,3.05491,3.57143
37.0515,3.0606,3.57049
37.0517,3.06244,3.57086
37.0427,3.05494,3.572
37.0497,3.06619,3.57244
37.0405,3.05497,3.57271
37.0521,3.06476,3.57132
37.0307,3.05509,3.57589
37.0525,3.06768,3.5719
37.0347,3.05504,3.57462
37.0379,3.055,3.57357
37.053,3.07132,3.57262
37.0536,3.07586,3.57352
37.0545,3.08152,3.57465
37.0555,3.08858,3.57605
38.39,10.865,4.51002
38.3938,10.8655,4.50859
38.3948,10.8712,4.50901
38.3926,10.8589,4.50811
37.0259,3.05515,3.57742
37.02,3.05522,3.57927
36.9927,3.05547,3.58742
38.3848,10.8656,4.51212
38.3822,10.8712,4.51388
38.3894,10.8712,4.51114
37.0127,3.0553,3.5815
38.3895,10.8412,4.50681
38.3912,10.851,4.50753
37.0037,3.05538,3.58419
37.0567,3.09739,3.5778
31.132,10.8609,4.62031
31.137,10.8712,4.61071
37.0583,3.10838,3.57998
38.3721,10.8712,4.51755
37.0603,3.12214,3.58271
38.3782,10.777,4.50204
37.0658,3.16076,3.59036
38.358,10.8712,4.52228
36.9792,3.05555,3.59128
31.1654,10.8712,4.65797
36.9628,3.05563,3.59583
38.3848,10.8148,4.50485
38.3874,10.8293,4.50592
31.1503,10.8712,4.64038
31.1413,10.8712,4.62438
38.3391,10.8712,4.5282
38.3688,10.7242,4.49807
37.0627,3.13933,3.58612
38.3145,10.8712,4.53531
37.0696,3.18725,3.5956
36.9432,3.05568,3.60111
25.255,3.08642,4.5192
25.2643,3.08013,4.54424
25.277,3.10906,4.53066
25.2372,3.05392,4.53021
36.8214,3.05521,3.63136
36.8924,3.05564,3.61417
36.9199,3.05569,3.60719
38.3818,10.7975,4.50357
31.2541,10.8712,4.71258
38.3558,10.6505,4.49246
38.3475,10.6032,4.48882
38.2831,10.8712,4.54365
25.2617,3.05353,4.56631
31.1876,10.8712,4.67624
38.2438,10.8712,4.55326
38.3629,10.6904,4.49551
36.8599,3.05549,3.62217
37.0742,3.21955,3.60198
37.0866,3.30525,3.61881
37.0947,3.36137,3.62975
37.0798,3.2585,3.60965
36.7757,3.05474,3.64193
38.3111,10.3971,4.4725
38.3257,10.4794,4.47911
25.302,3.05307,4.60669
31.217,10.8712,4.69453
38.195,10.8712,4.56421
31.2997,10.8712,4.7304
31.355,10.8712,4.74807
37.1167,3.51188,3.65861
38.1343,10.8712,4.57663
36.6561,3.05286,3.66839
36.7213,3.05399,3.65414
25.3618,3.05255,4.64977
38.3376,10.547,4.48444
37.1045,3.42907,3.64282
31.5018,10.8712,4.78355
31.4217,10.8712,4.76573
37.1319,3.61499,3.67788
36.5767,3.05119,3.68518
38.0589,10.8712,4.59062
36.4799,3.04884,3.70505
25.4471,3.05187,4.69529
37.1511,3.74266,3.70101
38.219,9.87508,4.42792
25.7046,3.04997,4.78394
35.9012,3.03204,3.81508
37.9652,10.8712,4.60627
26.2056,3.05022,4.86952
31.7142,10.8712,4.82025
31.5982,10.8712,4.80169
32.2636,3.01575,4.37574
32.082,3.01629,4.39904
35.5467,3.02591,3.87855
31.7094,3.0176,4.4459
31.8981,3.0169,4.42231
32.4467,3.01527,4.35189
32.6327,3.01486,4.32728
37.6222,6.49476,4.05335
37.5895,6.31084,4.02993
37.5242,5.94136,3.98361
37.4914,5.7555,3.96096
32.8204,3.01452,4.302
33.0094,3.01427,4.27606
37.7212,7.05228,4.12427
37.7545,7.23976,4.14763
25.5626,3.05085,4.74141
37.3922,5.18937,3.89434
37.7879,7.42855,4.17067
37.8215,7.61882,4.19333
38.0264,8.78348,4.32173
37.8893,8.00374,4.23756
27.1541,3.04811,4.89921
34.9753,3.02097,3.97642
31.3129,3.01929,4.4946
28.1662,3.04084,4.83959
28.3732,3.03899,4.82126
33.6874,3.1843,4.20587
33.7817,3.01461,4.16484
34.5808,3.01796,4.0409
34.3808,3.01681,4.07276
36.3613,3.04568,3.72867
29.8449,3.02808,4.66649
30.0564,3.0266,4.6425
29.6333,3.02958,4.69021
29.4219,3.03103,4.71359
30.2677,3.02518,4.61827
30.4787,3.02384,4.59384
27.7563,3.04423,4.87083
37.8489,10.8712,4.62381
38.2934,10.2963,4.46426
38.2717,10.1737,4.45398
36.222,3.04173,3.75561
37.705,10.8712,4.64378
36.0675,3.03692,3.78461
38.2467,10.0319,4.44178
38.1589,9.53465,4.39655
38.1896,9.70881,4.41281
26.0311,3.04999,4.84786
25.8631,3.04977,4.81958
30.8835,9.47787,4.82397
37.2006,4.06232,3.7544
37.1742,3.89378,3.72716
35.727,3.02846,3.84652
37.2296,4.24155,3.78075
35.1695,3.02269,3.9438
35.3603,3.02431,3.91112
33.5857,3.01427,4.19388
33.1988,3.01412,4.24958
37.8553,7.81056,4.21562
37.9235,8.19816,4.25917
33.3907,3.01411,4.22222
34.1802,3.01587,4.10414
33.9803,3.01513,4.13487
37.4254,5.37918,3.91642
37.3589,4.99832,3.87218
37.3257,4.80664,3.84984
37.5569,6.12673,4.00668
37.655,6.67979,4.07699
38.094,9.16709,4.36085
38.127,9.35379,4.37921
28.5813,3.03718,4.80155
28.7904,3.03546,4.7807
37.5277,10.8712,4.6672
31.854,10.8712,4.83927
32.0234,10.8712,4.85874
37.9578,8.39336,4.28042
37.9921,8.58874,4.30129
31.107,3.02029,4.51949
30.8986,3.02139,4.54441
30.689,3.02257,4.5692
34.7791,3.01937,4.00876
31.5143,3.01839,4.47
37.4586,5.56856,3.93866
38.0604,8.97663,4.34165
37.2606,4.42675,3.8047
27.5537,3.04571,4.88311
37.6881,6.86572,4.10069
37.2929,4.61557,3.82734
27.9605,3.0426,4.8562
29.0003,3.03388,4.75897
29.2108,3.03243,4.73655
32.2285,10.8712,4.87842
26.3863,3.05026,4.88528
26.5726,3.05006,4.89571
37.3102,10.8712,4.69557
26.7634,3.04965,4.90118
26.9574,3.049,4.90221
27.3529,3.04701,4.89272
38.3739,10.7528,4.50023
37.0507,3.05505,3.56939
25.2239,3.0542,4.49828
25.2378,3.08125,4.44218
28.0975,6.4034,4.26099
27.8718,6.08009,4.24041
27.7588,6.1664,4.32015
27.3994,4.95855,4.04099
27.1963,4.6341,4.0036
26.9897,4.79241,4.13995
30.7098,9.03603,4.22368
30.5305,8.7666,4.2032
30.3161,8.92942,4.28327
26.475,4.71642,4.41656
26.2595,4.43062,4.40993
28.5506,7.0442,4.29763
28.3246,6.72576,4.27999
28.2231,6.80313,4.34844
25.7405,3.73771,4.39591
26.0587,4.16344,4.40387
30.9113,10.562,4.55914
31.0133,10.6982,4.56598
30.9687,10.6384,4.56259
26.6989,5.01292,4.42363
29.4926,8.69539,4.50305
31.09,10.7705,4.54614
31.0665,10.7316,4.54036
31.0477,10.745,4.56949
27.1624,5.62584,4.43781
27.6401,6.25621,4.4511
27.3998,5.93934,4.44462
31.1299,10.8619,4.5885
25.2822,3.1396,4.43095
25.2576,3.1074,4.43676
25.3999,3.29127,4.41013
25.3516,3.22931,4.41737
25.46,3.36861,4.40355
25.5346,3.46542,4.39852
25.6268,3.58655,4.39584
25.8836,3.9292,4.3988
26.929,5.31741,4.43078
29.0521,8.11514,4.48882
28.8214,7.81113,4.48193
29.2763,8.41047,4.4959
30.7427,10.3395,4.551
30.8375,10.4645,4.55538
31.0741,10.7817,4.57317
31.0943,10.8103,4.577
25.313,3.17958,4.42447
27.8783,6.56994,4.45724
28.1166,6.88359,4.46323
28.3527,7.19413,4.46921
28.5865,7.50179,4.47535
29.7023,8.97144,4.51028
29.9053,9.23847,4.51759
30.1006,9.49532,4.5249
30.2891,9.74303,4.53221
30.467,9.97689,4.53933
30.6208,10.1792,4.54572
30.9355,10.5445,4.52635
31.1097,10.8324,4.58088
31.1213,10.8493,4.58473
25.5821,3.43245,4.30518
25.6805,3.54886,4.29796
25.7985,3.69656,4.29603
25.9016,3.62167,4.18094
26.1191,4.11938,4.30705
26.3187,4.38682,4.31723
26.2244,4.04121,4.19695
26.0494,3.80843,4.18557
26.7534,4.97207,4.34134
27.2113,5.5891,4.366
26.9807,5.27857,4.35387
27.446,5.90466,4.37753
27.9195,6.53901,4.39829
28.1556,6.85432,4.40776
28.3898,7.16635,4.41688
28.8554,7.78591,4.43495
28.6219,7.47535,4.42586
29.5229,8.6731,4.46191
29.7317,8.94991,4.47062
30.3163,9.72322,4.49598
30.4937,9.9575,4.50396
30.7684,10.3209,4.51696
30.6471,10.1602,4.51106
30.8626,10.4463,4.52192
31.0344,10.683,4.53525
30.9917,10.6218,4.53067
25.9438,3.88597,4.29939
27.6837,6.22348,4.38829
29.0848,8.091,4.44405
29.3077,8.38731,4.45306
30.1285,9.47502,4.48768
29.9339,9.2176,4.47923
26.4216,4.30975,4.21257
26.5322,4.67382,4.32889
26.8477,4.90067,4.24968
27.07,5.21079,4.2688
27.2956,5.52502,4.28713
27.5256,5.8442,4.3043
27.9906,6.48503,4.33477
28.454,7.11771,4.36131
28.6833,7.42902,4.37366
28.9142,7.74166,4.38573
29.1413,8.04863,4.39741
29.3621,8.3466,4.40866
29.5755,8.63386,4.41948
29.7826,8.91194,4.42993
30.1767,9.43916,4.44981
29.9833,9.18075,4.44005
30.5399,9.92322,4.46818
30.3634,9.68821,4.45923
30.6924,10.1266,4.47609
30.8129,10.2879,4.48265
30.9778,10.5133,4.49326
30.9062,10.4141,4.4882
31.0321,10.592,4.49832
31.0723,10.6552,4.50386
26.6311,4.59917,4.23055
26.7806,4.4857,4.11258
26.5773,4.1922,4.0867
26.3843,3.92146,4.06424
27.2043,5.10823,4.16726
27.4224,5.42818,4.19341
27.8183,5.61993,4.11056
27.6061,5.28712,4.07685
28.4712,6.61359,4.19589
28.2521,6.28497,4.16994
28.6901,6.93769,4.2197
28.7755,7.359,4.31421
28.9086,7.25763,4.24168
29.0025,7.67478,4.33006
29.2261,7.98456,4.34504
29.1298,7.57801,4.26234
29.4437,8.28502,4.35916
29.6543,8.57447,4.37248
29.7679,8.48856,4.31627
29.859,8.85447,4.38514
29.969,8.77134,4.33185
30.0576,9.12496,4.39718
30.1251,8.65298,4.26529
29.9292,8.36616,4.2459
30.249,9.38485,4.40859
30.3532,9.30628,4.36009
30.4341,9.63516,4.41944
30.7605,10.0756,4.43852
30.6092,9.87126,4.4296
30.9717,10.3651,4.4522
30.8798,10.2379,4.44591
31.0416,10.4657,4.458
27.6452,5.75281,4.21791
28.0353,5.95476,4.14164
30.536,9.55842,4.37286
30.709,9.79609,4.38469
30.8586,10.0018,4.39498
26.9983,4.31938,3.96615
29.3482,7.89187,4.28163
29.5614,8.19594,4.29959
30.1644,9.04427,4.34645
30.9762,10.1654,4.40349
30.501,9.19446,4.29988
28.0663,5.42867,3.97553
28.269,5.77476,4.01707
28.4728,6.11522,4.05488
28.6803,6.45309,4.08947
28.8887,6.78551,4.12104
29.0978,7.1129,4.15003
29.5219,7.75966,4.20198
29.3108,7.4399,4.17704
29.7679,7.57174,4.10064
29.7284,8.06895,4.22488
30.6804,9.44922,4.31528
30.8506,9.68913,4.32938
30.9976,9.89682,4.34156
30.1573,8.19246,4.1565
29.965,7.8886,4.12987
30.3459,8.48509,4.18085
30.353,6.29452,3.7338
30.1429,6.25848,3.7528
30.1773,6.4289,3.78289
30.2433,6.11448,3.7111
30.3927,6.09956,3.69143
30.3257,5.99786,3.67875
31.0167,7.65534,3.91209
30.9319,7.51773,3.89693
30.9033,7.67219,3.92883
30.7807,7.59888,3.93088
30.7977,7.76704,3.96048
30.528,5.368,3.54063
30.7297,5.26667,3.51041
30.5738,5.20486,3.5073
30.6687,5.46733,3.55003
30.8404,5.41207,3.53107
30.7783,5.56835,3.56185
32.0385,7.00195,3.74131
32.2132,6.972,3.7348
32.1359,6.83417,3.71672
31.9465,6.86573,3.72393
34.1818,8.65674,3.9724
34.1142,8.44116,3.94902
34.0406,8.61025,3.96017
33.9321,8.50426,3.94472
33.4522,10.3859,4.13752
33.5693,10.19,4.11172
33.419,10.1782,4.11411
33.5945,10.5509,4.15222
33.6242,10.3466,4.12824
33.6113,6.76878,3.75474
33.7194,6.66881,3.75183
33.5788,6.60736,3.73549
33.7369,6.85938,3.77278
33.9657,7.03386,3.80735
33.8203,6.99902,3.79293
33.7984,7.17461,3.80893
34.1354,7.0761,3.82527
34.0989,6.86539,3.8017
33.5509,6.9514,3.77
33.4418,6.76032,3.74311
33.8425,6.72854,3.76719
33.9138,6.86489,3.78652
33.9838,6.69595,3.77515
33.6996,7.03399,3.78807
33.8598,6.56809,3.75207
32.9082,6.43792,3.67978
32.8714,6.29101,3.66076
32.7188,6.38991,3.66692
33.0763,6.48549,3.69285
33.0514,6.28591,3.66854
32.744,6.20443,3.64513
32.7632,6.05636,3.62779
32.6113,6.09716,3.627
32.9212,6.11189,3.64164
33.2866,6.81646,3.74057
33.2847,6.68412,3.72588
33.1741,6.78334,3.73134
33.3507,6.93932,3.75731
34.2875,6.94323,3.82591
34.2838,6.77358,3.80913
34.3145,6.63026,3.79789
34.1576,6.66029,3.7865
33.4159,6.55289,3.71908
33.9919,7.22061,3.82756
34.4124,6.8413,3.82782
34.1904,7.27805,3.84904
33.5585,6.40674,3.71262
33.2439,6.51488,3.70483
34.2482,6.50239,3.77893
34.0414,6.48719,3.75883
33.3999,7.10137,3.77729
33.1977,6.37073,3.68603
33.2323,6.20442,3.66917
34.3422,7.44114,3.87717
34.3792,7.26315,3.86434
34.4977,7.50592,3.8972
34.5394,7.34453,3.88687
34.3226,7.11247,3.84518
34.0357,7.37988,3.84611
34.1477,7.47424,3.86371
33.7177,6.4837,3.73232
33.8547,7.39254,3.83422
33.5763,7.17744,3.79502
34.7024,7.55573,3.92158
34.8384,7.56476,3.93643
34.7551,7.40002,3.91347
34.583,7.63628,3.9167
34.7427,7.69233,3.93732
33.8727,6.37516,3.73308
33.3941,7.57898,3.82772
33.5411,7.59151,3.83566
33.4879,7.39958,3.81319
33.32,7.71282,3.83919
33.4818,7.7591,3.85029
33.42,7.246,3.79368
33.336,7.33995,3.79976
33.2761,7.2211,3.78431
33.1192,6.65872,3.71469
33.3696,6.33713,3.69247
33.5535,6.16608,3.68614
33.1011,6.09864,3.64945
34.5105,7.14439,3.86588
33.2233,7.06755,3.76519
34.0369,6.27511,3.7366
34.1989,6.34035,3.75793
34.1947,6.15728,3.73871
34.3447,6.38118,3.77583
34.4415,6.51451,3.79863
33.1818,6.91508,3.74644
33.6773,7.33482,3.81708
32.9196,6.62651,3.7025
32.7897,6.53431,3.68685
34.4646,6.97624,3.84573
34.1103,7.62152,3.87436
34.2496,7.61472,3.88484
33.7172,6.27587,3.71024
33.3793,6.13143,3.67021
33.2566,5.98245,3.64542
33.9934,7.53383,3.85749
34.3514,6.22646,3.76075
33.0082,6.82621,3.72915
34.4413,6.70048,3.81695
34.5978,6.81385,3.84349
33.9543,8.10726,3.90867
34.0628,8.02349,3.90781
33.9543,7.92801,3.89187
34.1946,8.01396,3.91625
34.1036,7.88921,3.89838
33.3183,7.45524,3.8114
33.1777,7.37767,3.79765
34.4831,7.88834,3.92898
34.495,7.75568,3.91869
34.346,7.78765,3.9083
34.4146,7.6216,3.89972
33.6731,7.50769,3.83416
34.84,7.84479,3.96004
34.8914,7.70058,3.9535
34.9916,7.6024,3.9561
34.5186,6.31187,3.78597
33.8805,6.17562,3.71276
34.6405,6.15274,3.78224
34.7124,6.02769,3.77692
34.5585,6.0107,3.75926
34.7299,6.29117,3.8056
34.8389,6.12857,3.80058
34.238,7.88841,3.90838
34.1742,7.75927,3.89184
34.3654,7.99276,3.92778
33.7534,5.87695,3.67023
33.6251,5.96919,3.67
33.7333,6.07003,3.68945
33.464,5.94393,3.65518
33.9928,7.732,3.87607
33.2135,7.77555,3.84277
33.0616,7.76356,3.83795
33.1512,7.9568,3.86158
33.1927,7.58516,3.82112
32.7431,6.6526,3.69971
32.6309,6.55436,3.68461
32.5857,6.74517,3.70739
32.5725,6.27286,3.64783
32.5145,6.43409,3.66674
33.0437,5.90835,3.62399
33.0368,7.02426,3.75294
33.0942,7.20388,3.77535
34.7182,7.18952,3.89089
32.7912,6.78981,3.71766
34.6155,7.48851,3.90706
32.8507,5.9244,3.61573
32.677,5.9276,3.60833
34.6132,6.62428,3.82668
34.4845,6.14638,3.7657
34.0377,6.07391,3.71566
34.3667,6.02159,3.74116
32.4037,6.32252,3.65012
32.4118,6.15384,3.62841
32.4938,5.9601,3.60572
33.8269,7.61212,3.8537
34.655,6.45437,3.81418
32.8462,6.97258,3.74099
32.9669,7.36602,3.79017
33.0726,7.47714,3.80557
32.9705,7.5741,3.81439
31.9583,5.52788,3.53468
32.0783,5.59592,3.54639
32.0733,5.3916,3.51809
31.9337,5.68998,3.55722
34.6645,5.70886,3.739
34.6334,5.56895,3.72124
34.5364,5.64712,3.71935
34.7933,5.56994,3.73814
33.664,7.69763,3.85267
33.8909,5.97376,3.69219
34.5003,5.82227,3.73385
34.6864,5.88387,3.75939
32.2925,6.46759,3.66751
34.6356,7.8429,3.93935
33.3464,5.81342,3.63222
33.1978,5.76143,3.6163
33.4602,5.75255,3.63357
33.3476,5.62259,3.61074
32.2422,6.12615,3.62142
32.2274,6.28391,3.64236
32.3196,5.99957,3.60608
32.1758,6.0293,3.60736
34.156,5.78816,3.69648
34.0374,5.87431,3.69458
34.1841,5.95819,3.71698
34.0427,5.68342,3.67484
32.912,5.77322,3.60068
34.6644,6.99738,3.86766
34.9401,7.23142,3.91823
34.7949,6.56908,3.84016
32.0693,6.15774,3.62384
32.3659,5.82151,3.58384
32.552,5.74223,3.58004
33.6157,5.78299,3.64887
32.892,7.16301,3.76467
32.4904,6.90364,3.72604
32.6515,6.93169,3.73174
32.3686,6.97299,3.73435
32.4961,7.06909,3.74716
34.3023,5.80664,3.71248
34.954,7.43251,3.93746
35.0439,7.7986,3.97816
34.8996,7.01927,3.89447
34.7528,6.70987,3.84947
34.8397,6.41274,3.8294
32.4353,6.60603,3.68729
33.8127,7.8106,3.87206
34.8137,6.84767,3.86914
32.7544,5.75767,3.59079
32.6993,7.10946,3.75437
35.2017,7.24835,3.94879
35.1105,7.20404,3.93455
35.0936,7.32321,3.94331
35.0814,7.09065,3.92096
31.4028,5.53895,3.53545
31.4706,5.40648,3.51408
31.285,5.44313,3.52214
31.5252,5.54716,3.5354
35.0837,6.96052,3.9091
35.0073,6.85397,3.89062
35.1776,6.85165,3.90917
33.6473,7.89085,3.87119
33.8923,5.78283,3.6719
34.5771,8.05163,3.95126
35.2345,7.57838,3.98133
35.2297,7.71785,3.99246
35.3623,7.61148,3.99888
35.1346,7.47977,3.96157
35.1215,7.63605,3.97337
34.9442,6.69443,3.86839
33.693,5.59037,3.63407
33.765,5.71969,3.65417
33.8723,5.5809,3.64847
33.5271,5.59974,3.62169
34.9154,6.27616,3.82375
34.9908,6.38081,3.84241
35.0909,6.28026,3.84309
34.9711,6.51467,3.85364
35.1256,6.43702,3.8627
32.5822,5.38633,3.53632
32.5139,5.55008,3.55408
32.673,5.5751,3.56437
32.3785,5.62288,3.5583
32.754,7.29992,3.77835
32.8161,7.46315,3.79885
32.7623,7.60253,3.81517
31.931,5.83775,3.57813
32.029,5.96984,3.59747
32.0636,5.78567,3.5723
34.2841,8.13641,3.93378
34.4345,8.18272,3.94975
34.3002,8.33008,3.9518
34.8518,5.94282,3.78289
35.02,6.16415,3.8236
32.221,5.6996,3.56376
32.1958,5.8843,3.58807
32.352,6.80838,3.71278
31.8085,5.58228,3.54065
31.8746,5.40376,3.51569
31.7778,5.7829,3.5697
34.3939,5.64085,3.70424
34.1238,8.19087,3.9271
32.1197,6.42017,3.66013
32.0991,6.54968,3.67792
33.0269,5.68068,3.59624
33.3278,7.87095,3.8565
33.3199,8.06671,3.87746
32.9527,7.93715,3.85664
33.0131,8.1203,3.87859
32.8735,7.75883,3.83484
32.8548,5.61268,3.57829
31.8433,5.95637,3.59486
35.1575,8.06785,4.01242
35.1032,7.94784,3.99681
34.9691,8.01218,3.98725
35.2533,7.90813,4.01069
33.1599,5.55572,3.59006
34.8368,5.76096,3.76252
34.2129,5.60867,3.68304
34.7641,8.01709,3.96636
33.4817,7.97677,3.87294
32.2269,6.65496,3.6921
33.7993,8.00532,3.89018
32.0224,6.32557,3.64704
32.235,5.50986,3.53872
31.0062,5.40947,3.52391
30.9096,5.51776,3.54637
31.0359,5.55144,3.5469
30.9532,5.256,3.49941
34.501,5.48232,3.69852
35.5282,8.35906,4.07811
35.5475,8.50763,4.09146
35.6865,8.45079,4.10429
35.392,8.33992,4.06039
35.4273,8.48398,4.07527
34.2711,8.51353,3.96561
34.0389,8.74362,3.97234
33.6378,8.09137,3.89091
31.8699,6.37445,3.65495
31.9493,6.47131,3.66793
31.7923,6.46413,3.66911
34.3927,8.49028,3.97239
34.4836,8.37268,3.96974
34.3693,8.65827,3.98487
34.5391,8.57673,3.99109
31.8567,7.04007,3.75143
31.9583,7.19359,3.77046
31.1687,5.55463,3.543
31.0987,5.71924,3.57267
31.1348,5.44363,3.52564
35.2253,6.98989,3.92763
35.372,6.8519,3.93089
31.7635,6.20047,3.63096
31.7237,6.07554,3.61304
31.6101,6.20397,3.63413
31.8901,6.25348,3.6374
31.8865,6.10231,3.61577
31.8062,6.59081,3.68731
31.9486,6.60555,3.68696
32.0384,6.70146,3.69935
35.1004,6.74272,3.89013
33.1943,5.24829,3.55658
33.1271,5.38644,3.56811
33.2734,5.42005,3.58228
32.9777,5.45869,3.56696
32.2705,7.30736,3.77933
32.4088,7.22413,3.76706
32.2896,7.12412,3.75459
32.5668,7.25576,3.77116
33.161,8.1722,3.88605
33.31,8.26879,3.89927
33.0463,8.27859,3.89727
32.7676,7.92377,3.85454
32.5993,7.62431,3.8177
32.6819,7.75985,3.83445
32.4982,7.75342,3.83517
34.6032,8.24905,3.9699
34.3345,5.45285,3.67856
34.9198,5.46329,3.74046
34.8138,5.40446,3.72304
35.0142,5.60667,3.76548
35.3321,7.4476,3.9813
31.6974,5.93651,3.5927
32.6233,7.45206,3.796
35.2293,7.13875,3.94194
33.7955,8.20347,3.90922
35.0211,6.01932,3.80887
33.9525,8.30302,3.92689
35.3081,8.08168,4.03078
35.4306,7.98564,4.0376
35.4547,8.1784,4.05555
31.4467,5.69591,3.5593
31.2825,5.62192,3.55092
31.6388,5.64565,3.54967
31.6601,5.43936,3.51882
33.4422,5.43201,3.59631
33.6088,5.42629,3.60901
33.7595,5.44427,3.62375
35.3868,7.77014,4.015
35.2235,7.34977,3.96029
35.1224,6.60398,3.87896
35.4041,7.87363,4.02548
35.0504,8.20837,4.01148
35.2518,8.24507,4.03687
31.5921,5.83125,3.57801
34.7081,8.16315,3.9727
32.7772,5.42632,3.55135
34.8597,8.1803,3.98912
34.0502,5.48277,3.65418
33.4751,8.16959,3.89288
33.1567,8.36347,3.90772
32.3979,5.43505,3.53454
32.2646,5.32155,3.51449
33.8964,5.36621,3.62739
35.4046,6.67882,3.91756
35.2505,6.70955,3.90348
35.5109,6.5634,3.91774
35.309,6.52432,3.89158
35.5436,7.84949,4.04003
34.7582,8.31392,3.98961
35.3552,7.24993,3.96638
35.0155,5.83646,3.78939
35.2003,6.12201,3.8388
34.1698,5.22102,3.63747
34.0466,5.28439,3.63246
34.185,5.3893,3.65707
34.2459,5.08995,3.63069
34.0753,5.07673,3.61243
33.6284,8.28965,3.91054
34.6748,5.42988,3.71104
34.7411,5.27011,3.70118
34.9314,5.29218,3.72377
35.5151,7.36864,3.99548
35.4776,7.51939,4.00442
35.6534,7.50783,4.02394
31.5426,6.03237,3.60947
35.4759,8.63494,4.09204
30.4491,5.24038,3.52182
30.4635,5.0805,3.49037
30.3564,5.34422,3.54858
32.5723,5.21424,3.51388
32.6564,5.08474,3.50179
32.4798,5.08945,3.49299
32.7123,5.25678,3.52674
33.3006,8.46537,3.92072
32.9918,8.46725,3.91958
35.0305,5.42509,3.74831
35.1532,5.46266,3.76539
35.1382,5.27416,3.74399
33.5339,5.26115,3.58432
35.6482,8.23195,4.08303
35.2788,8.44609,4.05509
31.7173,6.34556,3.6531
32.4196,7.37951,3.78726
34.6452,8.4339,3.98865
33.0148,5.24062,3.54323
32.8406,8.10148,3.8761
32.5789,7.91289,3.8547
31.5695,5.25193,3.49018
35.2694,6.31809,3.86639
33.7271,5.25751,3.60031
35.1934,5.91719,3.8169
33.9141,8.6885,3.96131
33.7827,8.40147,3.92791
34.4213,5.3277,3.67406
34.2927,5.26821,3.65473
35.5253,7.66141,4.02218
31.1597,5.28161,3.49824
35.3959,7.05307,3.95281
31.3758,5.25416,3.49081
35.6042,8.03665,4.0624
34.5646,5.29184,3.68499
35.1865,5.58902,3.78212
35.1789,5.73317,3.79627
31.4116,5.8939,3.59097
31.2737,5.79191,3.57851
33.358,5.25324,3.56938
31.7651,5.25158,3.49194
32.8621,5.30393,3.54124
34.928,8.35986,4.01017
32.42,7.57772,3.81323
32.4337,5.26242,3.5135
35.1136,8.39733,4.03285
31.8609,6.73078,3.70643
33.4614,8.37102,3.91369
32.903,8.27853,3.89735
32.1264,7.10905,3.75459
32.1322,7.25323,3.77438
32.653,8.08659,3.8759
32.7272,8.26658,3.89762
31.9604,5.2336,3.49311
32.1384,5.19463,3.49282
32.1992,5.04664,3.47462
32.0439,5.06179,3.47111
32.1475,4.90557,3.45284
33.9027,5.17027,3.60644
31.6189,6.53818,3.68446
34.4022,8.83281,4.00189
34.5229,8.7767,4.0061
34.3281,8.97951,4.00944
34.5035,8.95438,4.01914
30.9314,5.81792,3.5972
31.0186,5.8856,3.60427
30.7879,5.82919,3.6077
30.8769,5.98488,3.62947
34.8083,8.48988,4.00827
33.6165,8.4884,3.93033
34.6686,8.73324,4.01452
34.6979,8.58637,4.00552
34.777,8.847,4.03292
34.8396,8.69604,4.02716
34.4364,5.1392,3.6554
35.9772,8.97297,4.17846
36.0421,9.11838,4.19684
36.1354,8.93546,4.1962
35.8722,9.11064,4.17435
35.2801,5.50288,3.78318
35.2956,5.36129,3.76998
35.3193,5.62876,3.8005
35.446,5.47271,3.79767
32.1449,7.3791,3.79153
32.2364,7.47742,3.80297
32.0808,7.48264,3.80783
33.0993,8.85957,3.96534
33.1702,8.7252,3.94925
33.0279,8.68311,3.94509
33.294,8.65909,3.94213
33.1497,8.55856,3.93004
32.0965,7.60744,3.82498
32.241,7.62781,3.82345
32.3166,7.748,3.83793
30.5102,5.56248,3.57837
30.6336,5.6429,3.58438
35.751,8.62151,4.12482
35.6183,8.63557,4.1094
35.7066,8.80353,4.13228
35.8854,8.52083,4.13422
35.1808,5.09084,3.72908
35.2902,4.98479,3.72936
35.1279,4.9438,3.70757
35.4123,4.88656,3.73173
35.2684,4.77583,3.70434
30.8939,5.66768,3.57314
33.1143,5.10389,3.53364
32.9688,5.03908,3.51557
35.5841,7.16097,3.98435
35.6777,7.32533,4.01032
33.7657,8.79147,3.96558
33.7706,8.59516,3.94639
32.3092,5.13545,3.49124
31.3633,6.04855,3.61678
35.3263,8.62194,4.07346
35.2177,8.78029,4.07252
35.3885,8.80223,4.09359
35.1618,8.58826,4.05238
30.2422,5.045,3.49861
30.3767,4.8936,3.4595
30.1848,4.8697,3.46765
30.315,5.20628,3.52492
35.4184,6.17929,3.86836
35.5488,6.74179,3.93981
33.273,5.09047,3.54381
34.2854,8.80161,3.99148
32.7917,8.44186,3.91861
32.8329,8.65068,3.94398
32.8315,5.13927,3.51906
31.7603,6.8868,3.73206
35.7482,7.90473,4.06904
31.6671,5.0824,3.46529
32.3925,7.89735,3.85621
35.3506,5.7967,3.82131
35.5712,6.9362,3.96142
31.5104,6.36364,3.66128
35.0326,5.10506,3.7147
31.6763,6.73088,3.71164
31.1393,5.87563,3.59706
34.8441,5.1031,3.69433
35.3031,5.16779,3.75034
32.959,4.87664,3.49459
32.7842,4.92599,3.48916
33.1436,4.92759,3.51436
30.6744,5.07303,3.47781
31.2415,5.96481,3.60763
35.8322,8.29997,4.11084
30.8699,5.08436,3.4722
33.4485,8.57336,3.93491
31.2746,5.08769,3.46478
31.0679,5.0955,3.46895
31.8598,5.08,3.46857
35.7913,8.1004,4.09015
31.4737,5.08206,3.4635
33.7528,5.06273,3.58068
35.7063,7.71429,4.04808
35.4646,6.37034,3.89303
33.4582,5.09852,3.55946
33.6128,5.12489,3.57545
34.9806,8.54905,4.03005
34.1454,8.88061,3.99028
34.6392,5.1168,3.67408
35.3817,5.98206,3.84395
31.4212,6.19696,3.6383
32.4658,8.06821,3.87721
32.5377,8.24615,3.89892
31.2152,6.16646,3.64164
33.607,8.68547,3.95025
31.0627,6.03315,3.62699
32.0048,7.37459,3.79492
32.6078,8.86415,3.97852
32.7569,8.85176,3.97145
32.6416,8.71472,3.95744
32.4765,8.94505,3.99575
32.6494,9.03335,3.99931
34.0272,4.90055,3.58796
33.9041,4.97801,3.585
34.0895,4.75312,3.57712
33.8892,4.77589,3.56024
30.2257,5.31627,3.554
30.1534,5.2107,3.53925
30.0737,5.3763,3.58071
32.3463,4.93696,3.46601
34.6534,9.11804,4.04357
34.6524,8.9106,4.02715
32.1375,7.74969,3.84366
32.2056,7.89066,3.86102
31.9664,7.73552,3.84877
32.0263,7.89404,3.86912
35.4408,5.05225,3.7526
34.5383,4.94465,3.6447
35.7228,6.80746,3.96559
33.7703,4.90396,3.56405
30.7453,5.70348,3.58796
33.5918,4.9445,3.55278
34.178,4.91899,3.60491
31.3912,6.53891,3.69348
34.3529,4.93524,3.62445
35.8598,8.7197,4.14557
35.5425,8.79503,4.11145
35.6494,6.42702,3.91891
31.6692,7.05803,3.7613
35.5699,6.04574,3.87077
34.9468,4.93756,3.68741
33.4412,8.77565,3.95648
31.7623,4.91729,3.44214
32.2704,8.04702,3.88045
31.5723,4.91119,3.43767
31.38,4.9083,3.43547
33.3717,4.91962,3.53127
32.5662,4.91868,3.47506
36.0226,8.35804,4.13885
35.9805,8.15438,4.11751
35.8276,7.38847,4.03337
35.7961,7.19542,4.01168
35.8498,7.58254,4.05349
35.8955,7.77653,4.07582
30.633,5.80891,3.61487
30.4815,5.948,3.65355
30.6743,5.987,3.64427
36.1103,8.72737,4.17788
35.9802,8.81797,4.16791
35.8525,8.90732,4.15793
35.9795,8.66361,4.15663
36.0708,8.54609,4.15932
32.6788,8.56388,3.93663
33.2799,8.86549,3.9652
32.6099,8.42266,3.92015
35.0382,8.7405,4.0503
30.5873,4.90273,3.45016
30.3656,5.49733,3.57748
30.7834,4.9058,3.44311
31.5674,6.88909,3.74008
35.9348,7.97482,4.09726
34.7448,4.94202,3.66626
31.3041,6.35758,3.66855
31.4806,6.71351,3.71683
33.9284,8.89209,3.98124
35.4527,5.25128,3.77504
35.4971,5.66991,3.82373
35.5308,5.86071,3.84725
30.9819,4.91239,3.4392
31.1765,4.91445,3.43689
31.9583,4.91004,3.44653
35.7544,7.00299,3.98843
35.6098,6.23299,3.89456
32.93,8.8445,3.96607
32.3462,8.22974,3.90289
33.5992,8.88847,3.97105
30.4848,5.74312,3.61443
31.9212,7.55718,3.82462
34.9206,8.88531,4.04922
29.8959,5.10284,3.54222
29.9687,4.99725,3.5124
29.8079,4.96054,3.52109
29.9789,5.23504,3.56132
30.0609,5.09179,3.52339
32.4988,8.58407,3.94532
29.8011,4.7833,3.48312
29.9328,4.70663,3.45398
29.7935,4.59331,3.44207
29.9855,4.85981,3.48188
33.3113,9.05013,3.98602
33.1766,9.0336,3.985
33.2583,9.23009,4.00695
33.4392,8.97226,3.97772
30.0936,4.9708,3.49554
30.0948,4.72321,3.44428
36.389,9.12692,4.24254
36.362,9.25306,4.24788
36.5209,9.22797,4.26674
36.335,8.98008,4.22504
36.2244,9.14504,4.22244
30.2214,5.44563,3.58016
30.212,5.59981,3.61184
35.5972,8.94819,4.12877
32.8703,4.73474,3.47018
35.2794,8.996,4.09467
31.7896,7.37396,3.80343
31.7697,7.19014,3.77681
30.9205,6.14891,3.65525
33.0129,9.01949,3.98582
35.6533,5.5328,3.82572
32.106,8.02134,3.88378
33.7523,9.00077,3.98602
35.7234,5.91793,3.87355
33.6848,4.75892,3.53916
35.6893,6.61288,3.94228
35.8672,6.67751,3.96811
33.2618,4.74999,3.50163
31.8663,4.74372,3.41889
35.9394,7.06002,4.01451
36.1314,8.02341,4.12483
31.2796,6.70883,3.72678
36.2041,8.41471,4.16565
36.2862,8.78871,4.2047
31.2792,4.73872,3.40724
31.4774,4.73881,3.40901
31.0828,4.73669,3.40732
35.9802,7.26062,4.03859
36.0119,7.45865,4.0609
34.6487,4.76857,3.63679
34.4528,4.76033,3.61512
31.4739,7.06442,3.77241
31.5846,7.25226,3.79553
34.184,9.09138,4.01113
34.3116,9.16502,4.02441
32.0603,4.74594,3.42637
32.2596,4.74323,3.4349
32.4821,8.77443,3.97197
35.4718,4.73249,3.72123
35.5863,4.90058,3.75146
35.7188,9.01916,4.1487
35.7979,6.28881,3.92038
35.7602,6.10276,3.89687
35.6118,5.13563,3.77933
32.8427,9.01623,3.98979
35.8328,6.48689,3.94476
31.1067,6.34855,3.67757
31.0356,6.20358,3.65736
34.8039,9.00972,4.04775
33.4779,4.75554,3.52038
34.4601,9.14301,4.03165
34.2703,4.75818,3.59597
35.0945,8.93291,4.07019
32.4278,8.40202,3.92338
33.0609,4.74154,3.48489
30.4927,4.73474,3.42249
30.2899,4.72809,3.43197
32.1176,8.20472,3.90977
32.464,4.74291,3.44561
31.1891,6.52612,3.70221
34.8467,4.77034,3.65823
30.6948,4.73104,3.41388
36.251,8.60177,4.18607
36.1676,8.21919,4.14545
31.3783,6.88017,3.74864
36.0436,7.64049,4.08116
30.347,5.66811,3.61224
35.6874,5.73232,3.85026
30.892,4.73061,3.40881
31.6724,4.73989,3.41286
35.6265,5.33798,3.80238
30.7433,6.19148,3.67584
35.9031,6.86757,3.99133
34.0384,9.0376,3.99945
33.8906,9.11156,4.00094
36.0904,7.84244,4.10446
32.6664,4.74449,3.45791
33.5823,9.08756,3.99157
30.3325,5.85173,3.64944
30.9025,6.32721,3.68759
34.9715,9.07766,4.06833
35.4622,8.97596,4.11437
35.5638,9.13731,4.1375
29.8138,5.54591,3.64694
29.9622,5.49679,3.618
29.8874,5.38672,3.60359
30.08,5.5441,3.61444
35.8335,9.28704,4.18104
35.9625,9.27866,4.19717
35.8818,9.4414,4.19719
30.5374,6.1428,3.6851
32.0321,9.40578,4.09816
32.1753,9.39876,4.08332
32.1281,9.27613,4.06883
32.3163,9.45718,4.07993
32.2584,9.31318,4.06329
35.2655,9.19116,4.10664
35.3933,9.15756,4.1187
35.1791,9.31472,4.10596
35.3274,9.34796,4.12411
30.0587,5.703,3.6495
30.1881,5.77397,3.64924
29.9292,5.63697,3.65149
29.9116,5.7846,3.685
34.2011,9.27888,4.02871
32.3245,8.52591,3.94509
35.6256,4.7108,3.7349
35.556,4.56599,3.71178
35.7624,4.79005,3.75745
35.7518,4.56497,3.73182
31.914,8.06559,3.90084
32.9382,9.18711,4.0084
31.7007,7.57111,3.83826
31.5994,7.43695,3.82357
31.4892,7.60873,3.85871
35.7187,9.21599,4.16184
35.1388,9.13389,4.08913
36.1049,9.2705,4.21526
31.7845,7.72098,3.8563
33.7293,9.1981,4.00542
34.3623,4.58438,3.58533
33.0921,9.19519,4.00547
32.7703,9.20492,4.01674
35.7887,5.21324,3.80562
33.981,4.58953,3.54703
36.0146,6.5519,3.97058
32.9724,4.57213,3.45623
36.0849,6.92608,4.01672
32.5702,4.57011,3.42808
35.8438,5.59975,3.85225
35.949,6.1617,3.92259
34.749,4.60213,3.62867
32.1641,4.57325,3.40572
31.9691,4.56769,3.3961
31.1818,6.88244,3.762
30.9938,6.50596,3.71188
35.8776,5.79087,3.87593
36.1241,7.1255,4.04106
31.5762,4.56769,3.38326
31.3747,4.57063,3.37998
31.1839,4.56308,3.37705
36.3956,8.47286,4.19362
36.2361,7.70328,4.10882
33.3765,4.58335,3.49027
30.7908,4.56003,3.37967
30.9899,4.55862,3.37667
36.3192,8.08786,4.15245
36.2836,7.89311,4.13133
31.2827,7.04448,3.78163
31.3629,7.22101,3.80487
34.5669,9.31986,4.0533
34.7424,9.33463,4.06741
32.2639,9.15358,4.03921
32.4548,9.11131,4.02016
32.3371,9.01368,4.01368
32.5841,9.24165,4.03075
32.3214,8.85704,3.99221
29.6674,4.70527,3.48004
29.5941,4.5681,3.45702
29.5134,4.7214,3.50179
29.7793,5.24816,3.58687
29.7467,5.10154,3.55883
29.9966,4.56704,3.41888
35.3635,4.58058,3.69296
32.2337,8.39048,3.93048
36.4707,8.85874,4.23315
36.5087,9.03628,4.25127
30.5891,4.56468,3.38587
30.387,4.56859,3.39486
36.439,8.66096,4.2139
36.236,9.36597,4.23889
36.1647,7.32554,4.06522
36.2048,7.51499,4.08781
32.3202,8.68096,3.96721
34.0437,9.21213,4.01589
31.8324,7.88318,3.87819
35.9076,5.98295,3.89938
33.5735,4.58264,3.50754
32.7701,4.57148,3.44152
32.3671,4.5713,3.41611
35.9788,6.36339,3.94703
30.1878,4.57195,3.40649
34.8486,9.20285,4.06626
36.0515,6.73952,3.994
34.1734,4.58461,3.56578
34.3764,9.33863,4.04296
33.1781,4.57552,3.47274
33.779,4.58889,3.52738
35.0485,4.7688,3.67986
35.1514,4.59047,3.67114
35.7661,5.0061,3.78115
34.9419,4.60317,3.64975
31.0586,6.69844,3.74006
34.5608,4.59205,3.60724
36.3562,8.28189,4.17322
33.4215,9.16596,3.99887
31.7728,4.56725,3.38875
35.8143,5.40795,3.82893
30.19,5.95165,3.68474
36.0594,9.4445,4.2206
35.019,9.27239,4.087
34.8025,9.49288,4.08424
34.8997,9.39553,4.08504
34.924,9.5817,4.10083
29.6373,4.8511,3.51629
29.6165,5.02254,3.55739
32.4015,9.28342,4.0481
32.1521,8.97277,4.02086
33.7544,9.4957,4.03621
33.6992,9.3595,4.02148
33.5715,9.47312,4.03257
33.9222,9.54033,4.04359
33.8744,9.33317,4.02212
32.142,8.57161,3.96198
30.8665,6.78264,3.77112
30.8949,6.63057,3.74152
30.716,6.68243,3.76772
30.9878,6.90875,3.7823
29.258,4.57808,3.50179
29.1517,4.68453,3.54352
29.3266,4.73529,3.52987
29.2816,4.40891,3.45747
29.0892,4.51034,3.51003
28.726,4.51183,3.57201
28.808,4.39902,3.52768
28.6687,4.36474,3.54365
28.9509,4.37204,3.49675
28.8073,4.24252,3.48653
29.0472,4.81472,3.5926
29.1911,4.81531,3.56934
29.2793,4.88914,3.57355
30.0349,6.08722,3.73198
29.4532,5.28221,3.63937
29.6123,5.31591,3.62376
29.6105,5.17901,3.59332
29.7029,5.42401,3.63525
35.0674,9.47819,4.10629
35.2187,9.4602,4.12008
35.3298,9.55163,4.13799
32.8783,9.36327,4.03283
33.2708,9.4207,4.02889
33.4032,9.35997,4.0205
33.1834,9.55346,4.04645
33.3689,9.57951,4.04574
29.4474,4.90391,3.5527
29.4177,4.56613,3.47755
36.3217,9.51811,4.26026
36.1942,9.52886,4.2439
36.2798,9.69104,4.26559
36.44,9.39944,4.26811
34.3539,9.52787,4.058
34.5003,9.49614,4.0634
34.4272,9.66843,4.07377
31.5079,7.99779,3.92097
31.6985,8.02515,3.90953
31.6474,7.85821,3.88687
31.7614,8.17473,3.92835
33.5678,9.27409,4.01119
35.4664,9.29057,4.1361
34.6645,9.49498,4.07406
32.0818,9.13713,4.05161
31.9241,9.04148,4.05124
31.9411,9.24119,4.08132
33.14,9.38027,4.0267
33.0123,9.3276,4.02366
30.5694,6.33604,3.71827
30.7277,6.37394,3.71022
30.8112,6.50416,3.72632
34.2216,9.47304,4.04701
34.058,9.40921,4.03483
32.1455,8.77174,3.99135
36.0367,5.65629,3.87726
36.1692,6.42255,3.97243
35.9652,5.28269,3.83039
33.4774,4.41627,3.47774
35.5868,9.34866,4.15424
33.8714,4.41129,3.51431
36.103,6.03443,3.92426
32.674,4.40065,3.41119
34.6635,4.41853,3.59802
34.4683,4.41529,3.57648
36.5879,8.52985,4.22119
34.269,4.41045,3.55473
36.548,8.33978,4.20057
36.5087,8.14919,4.17958
33.0816,4.40995,3.44308
36.2406,6.79886,4.01952
32.269,4.40173,3.38583
32.0733,4.3955,3.37456
30.6854,4.39401,3.35048
30.2834,4.40039,3.36583
35.4545,4.41476,3.68423
31.6749,4.39462,3.35796
35.0442,4.42826,3.64099
36.6591,8.92258,4.26131
36.6896,9.11429,4.27975
30.8878,4.38965,3.34667
31.0884,4.38774,3.34582
31.104,7.05321,3.79718
36.3554,7.38163,4.09114
36.3953,7.57387,4.11419
36.7079,9.32327,4.29745
36.5733,9.36083,4.28289
36.6191,9.50836,4.29902
35.6443,4.40245,3.7029
35.9099,4.67307,3.75922
35.918,4.46673,3.7374
32.5223,9.42304,4.05971
29.4934,4.40518,3.4305
31.2845,4.39027,3.348
36.2728,6.99272,4.04304
31.8781,4.3897,3.36476
36.3113,7.18887,4.06714
32.7066,9.3933,4.0447
36.0032,5.47156,3.85426
35.9218,4.88738,3.78364
35.9443,5.08636,3.80729
29.6884,4.40548,3.41001
31.6166,7.70825,3.86527
30.0848,4.40235,3.37748
36.4316,7.75971,4.13574
29.8858,4.4041,3.39227
36.4708,7.95601,4.15811
36.6236,8.72863,4.24165
34.8508,4.42457,3.61926
35.2499,4.42037,3.66269
32.4755,4.39646,3.39741
36.1347,6.23078,3.94847
36.0669,5.85614,3.90159
32.0371,8.40502,3.94404
36.1988,6.61536,3.99594
31.9055,8.26698,3.93205
34.0748,4.41398,3.53504
30.0316,5.87775,3.68893
33.2802,4.414,3.46012
33.6774,4.41538,3.49611
31.4231,7.41106,3.83151
35.7312,9.41155,4.1761
31.7177,9.01884,4.069
31.8055,8.91013,4.04189
31.6323,8.86092,4.05221
31.7821,9.14746,4.08309
35.4608,9.4613,4.14667
33.0132,9.51194,4.04658
29.757,5.73733,3.69634
30.622,6.51065,3.74557
36.0633,4.15641,3.71207
36.0489,4.00109,3.68688
35.8853,4.07441,3.68327
36.2218,4.2321,3.73606
36.2158,4.01831,3.70374
29.4476,5.1089,3.60018
35.798,4.38602,3.71672
35.7423,4.24293,3.69338
35.9155,4.2744,3.71463
29.9188,6.48652,3.83326
29.8686,6.35199,3.81242
29.7472,6.51321,3.86783
30.0281,6.39159,3.79638
31.4539,7.81124,3.89487
35.0657,9.88079,4.13455
35.192,9.79907,4.1405
35.0592,9.68963,4.12046
35.3264,9.7324,4.14961
35.193,9.61895,4.1283
35.6036,9.54452,4.16888
28.5328,4.33698,3.56203
28.4351,4.22273,3.5499
28.388,4.41746,3.61354
28.6115,4.21186,3.5129
31.3338,7.70719,3.88822
31.2825,7.82222,3.91281
31.2875,7.56315,3.86805
31.165,7.71661,3.90659
30.6247,6.97102,3.83174
30.8017,6.95463,3.80864
30.7154,6.83889,3.79662
30.9198,7.10026,3.82271
36.7825,9.48536,4.31848
36.7529,9.65444,4.32636
36.45,9.60436,4.283
32.256,9.65723,4.11523
32.1351,9.53915,4.10872
32.0486,9.72582,4.14716
31.959,9.55995,4.13055
31.964,8.54401,3.97025
35.9536,9.58981,4.21583
35.7844,9.62795,4.19643
29.8153,5.96371,3.73694
36.0989,9.64104,4.23821
30.3033,6.4867,3.77781
30.4446,6.48728,3.76062
36.0776,4.76154,3.78455
31.9739,8.68676,3.99142
31.9732,8.85977,4.01823
32.6428,9.57807,4.07351
36.3946,6.67014,4.02065
32.8779,4.39835,3.42562
33.1849,4.24335,3.4279
33.7766,4.24175,3.48204
36.3299,6.28727,3.97299
34.1723,4.23965,3.52198
36.4631,7.05572,4.06843
36.263,5.90986,3.92568
32.7811,4.23433,3.39411
36.7001,8.20758,4.20599
36.6606,8.01634,4.18425
36.7386,8.39959,4.22728
36.6213,7.82315,4.16192
36.5869,7.63091,4.13969
36.5455,7.43959,4.11638
32.3734,4.2303,3.36529
32.1773,4.22504,3.35271
30.1806,4.23162,3.33522
30.4838,4.39813,3.3569
30.3804,4.23009,3.32607
34.2401,9.67014,4.06547
34.0809,9.59652,4.05315
34.9546,4.24906,3.60865
31.2091,7.1832,3.81048
31.0525,7.23034,3.83261
30.7828,4.22399,3.3156
30.5808,4.22756,3.31962
36.811,8.79252,4.26888
34.5697,4.24203,3.56502
31.4767,4.39592,3.35259
31.776,4.22284,3.33265
35.3506,4.25016,3.65272
35.1476,4.2539,3.63081
32.9873,4.23939,3.41092
33.3838,4.24474,3.44552
30.9857,4.21995,3.31404
31.187,4.21721,3.31515
36.2258,5.72702,3.90245
34.5971,9.66218,4.08291
34.7778,9.66398,4.09538
36.13,5.16077,3.8326
29.2879,5.03653,3.60737
29.1321,4.95936,3.61399
29.6315,5.59302,3.68295
29.4939,5.45323,3.67237
36.5973,9.7278,4.3107
36.7373,9.84145,4.33667
29.1094,4.34848,3.46645
29.0102,4.21923,3.44806
28.8923,4.51572,3.54338
28.981,4.66336,3.56589
29.1966,4.222,3.42242
32.4504,9.60964,4.09152
36.9043,9.37407,4.32557
36.9295,9.58768,4.34417
36.8621,9.76117,4.34767
29.3922,4.233,3.40077
33.7939,9.6675,4.05429
33.6638,9.61608,4.04807
36.0676,4.34699,3.73776
36.0657,4.55529,3.76089
36.8768,9.1825,4.30776
36.8461,8.9882,4.28888
36.7737,8.59683,4.24822
34.7637,4.24282,3.58655
29.5873,4.23366,3.37989
31.3844,4.21789,3.31896
31.578,4.22174,3.3251
36.5032,7.24638,4.09232
36.4287,6.8642,4.04476
36.1585,5.34646,3.85523
31.9795,4.22094,3.34154
29.982,6.25457,3.77441
31.8529,8.44173,3.96308
32.8257,9.54806,4.0592
36.1012,4.96091,3.80836
35.5553,4.24549,3.67423
36.2929,6.10092,3.94925
32.5779,4.22851,3.37854
29.7834,4.23418,3.36226
29.9815,4.2335,3.34731
36.3583,6.48683,3.99737
34.3731,4.24122,3.54354
33.9755,4.24166,3.50192
31.7195,8.32592,3.95581
31.5695,8.18949,3.947
31.211,7.36427,3.84109
33.5806,4.24448,3.4636
36.4419,9.78151,4.29317
29.8432,6.18217,3.77985
35.9615,9.78627,4.22888
31.8174,8.60417,3.9917
31.1075,7.53572,3.88079
30.9773,7.818,3.94648
31.0332,7.39653,3.86388
30.8687,7.307,3.86566
34.1792,9.86697,4.08138
34.0889,9.75484,4.06833
33.9975,9.9169,4.082
34.3457,9.8349,4.08439
34.7803,9.99528,4.12106
34.8267,9.84179,4.11253
34.688,9.82817,4.10195
34.9322,9.76842,4.1152
33.5364,9.68388,4.05566
35.4634,9.65258,4.15938
30.5077,6.65819,3.7861
29.286,5.21151,3.64924
33.6657,9.7805,4.06561
28.8317,5.12483,3.71026
29.0068,5.07994,3.66559
28.9499,4.95589,3.64497
29.1333,5.13517,3.65665
37.2383,9.99571,4.4099
37.1714,10.1166,4.41016
37.3264,10.1099,4.42772
37.0899,9.96243,4.38993
31.8845,9.68694,4.16001
31.876,9.82117,4.18332
31.7439,9.73397,4.18594
28.2491,4.25195,3.59696
28.3308,4.0582,3.52456
28.141,4.06175,3.56591
30.1879,6.59741,3.81572
30.3322,6.63555,3.80363
30.209,6.76438,3.84672
33.9467,9.72341,4.06209
30.0491,6.54386,3.82505
31.5949,9.14822,4.1053
31.5609,9.00095,4.08431
31.7329,9.28701,4.1119
29.5643,5.75853,3.73053
31.3142,7.96162,3.93358
31.6828,8.4994,3.98718
31.8088,8.76581,4.01831
32.1914,9.85694,4.15236
32.3832,9.80077,4.12515
32.5711,9.76612,4.10475
30.5659,6.81601,3.80935
32.7592,9.73696,4.08803
31.5479,8.38938,3.98226
31.3583,8.13098,3.95812
32.8849,4.07575,3.37635
28.8782,4.80909,3.62094
33.6805,4.07194,3.44646
34.5211,9.82762,4.09209
33.2842,4.07754,3.41039
36.2011,5.5364,3.87958
36.4205,5.7829,3.9252
36.2595,4.83559,3.80839
33.0856,9.67809,4.0647
33.224,9.73975,4.06772
36.4865,6.162,3.97269
34.0756,4.06909,3.48589
36.6949,7.30538,4.11642
36.6564,7.11462,4.09248
36.6199,6.92607,4.06875
36.9612,8.66149,4.27427
36.8515,8.07573,4.20925
31.8794,4.05304,3.30668
31.6806,4.05016,3.29723
31.4843,4.04657,3.28934
28.7077,4.05854,3.45379
28.9012,4.05953,3.42253
29.4861,4.06228,3.34842
29.2907,4.06136,3.36982
30.4777,4.06003,3.2866
32.4794,4.06125,3.3437
30.0778,4.06316,3.30295
30.8809,4.05455,3.28063
30.6787,4.05778,3.28244
35.4528,4.07988,3.63926
31.0837,4.05041,3.2811
31.2855,4.04698,3.28396
34.6701,4.06816,3.55008
34.866,4.06991,3.57225
36.5848,6.73534,4.04473
36.5531,6.5441,4.02083
36.2846,5.0307,3.83181
36.3212,5.22185,3.85566
29.4516,5.64207,3.72248
29.2939,5.38931,3.69004
37.0213,9.78854,4.36961
36.902,9.94194,4.36477
37.1363,9.64619,4.37321
28.219,4.43057,3.65403
28.1513,4.33814,3.64321
28.5145,4.05742,3.48825
28.5601,4.4871,3.59729
35.6133,9.75404,4.18322
36.7362,7.4979,4.14047
32.082,4.05265,3.31726
32.2813,4.05559,3.32964
37.0917,9.44403,4.35297
28.8019,4.65902,3.59639
29.0955,4.06039,3.39453
29.6824,4.06309,3.3303
30.2776,4.06184,3.29335
35.7733,9.863,4.20942
33.4881,4.07748,3.429
36.2241,4.43895,3.76161
35.6562,4.07589,3.66038
33.8829,4.07496,3.46705
33.0928,4.0751,3.39333
36.1449,9.80572,4.25441
36.7755,7.69261,4.16414
36.8124,7.8839,4.18678
36.2368,4.63993,3.78499
33.3889,9.79959,4.07074
36.8895,8.26921,4.23134
36.9249,8.46601,4.25304
36.9973,8.85834,4.29519
37.032,9.05544,4.31548
29.6247,6.00963,3.77704
29.6484,5.87935,3.74411
35.0588,4.07527,3.59476
31.8543,9.41902,4.11953
35.2522,4.08076,3.61728
34.4739,4.06876,3.52851
34.2758,4.06994,3.5072
36.5163,6.35722,3.99693
37.0637,9.2505,4.33475
36.4533,5.97431,3.94907
36.353,5.40693,3.87845
36.3877,5.60323,3.90276
36.553,9.9382,4.31794
29.3009,5.55344,3.7276
31.3823,8.30499,3.98552
36.31,9.9433,4.28501
36.7885,3.48223,3.63704
36.7663,3.43482,3.62709
36.7198,3.47646,3.63399
36.7928,3.38926,3.61866
36.718,3.38139,3.61501
31.3989,8.45875,4.01022
31.1485,7.90579,3.94187
29.9199,6.77547,3.89505
29.8593,6.90558,3.93393
30.049,6.90108,3.9001
29.7566,6.7359,3.91534
36.8621,10.1045,4.36987
36.7381,10.0308,4.34872
36.7521,10.2068,4.36125
37.0031,10.1048,4.38833
29.6692,6.14026,3.79872
29.4814,5.92685,3.78274
31.6508,8.6724,4.01881
28.6208,4.65108,3.62903
30.382,6.8034,3.83024
32.941,9.71013,4.07476
33.0633,9.86574,4.08909
35.4627,9.85135,4.17204
29.1215,5.30948,3.70118
31.0754,8.33914,4.02954
31.0249,8.19578,4.00993
30.8863,8.34088,4.05704
31.2064,8.24476,3.99548
30.3719,7.29743,3.9304
30.5515,7.2666,3.89803
30.5012,7.12504,3.87731
30.673,7.34625,3.89702
30.7045,7.14668,3.85523
37.4672,10.0988,4.44155
37.4255,10.2436,4.44756
37.6265,10.2143,4.46375
29.139,5.65182,3.78094
29.1197,5.48265,3.74361
28.9443,5.60851,3.80924
29.2927,5.71572,3.76738
29.2991,5.88151,3.80531
29.4168,5.78607,3.76164
29.3217,6.04807,3.84022
32.9683,10.0259,4.11436
32.8747,9.89573,4.1025
32.8156,10.1005,4.13375
33.1058,10.0709,4.1131
29.498,6.10576,3.82073
29.9069,6.62591,3.86506
29.7047,6.31465,3.83136
28.0259,4.60607,3.74961
28.1513,4.55863,3.70574
28.0676,4.43179,3.68949
28.2853,4.59221,3.68427
33.8108,9.84868,4.07308
33.664,9.99132,4.08836
34.7138,10.1613,4.13
34.6132,9.99279,4.11072
34.9326,9.95883,4.12924
33.5315,9.88259,4.07778
33.3983,9.99664,4.09342
33.5164,10.0478,4.09666
33.2442,9.93902,4.09114
33.2668,10.1285,4.11335
27.9441,4.35287,3.69658
27.8093,4.36753,3.73495
27.9076,4.49076,3.74598
27.8751,4.22383,3.67567
34.4411,10.0001,4.10285
34.2693,10.0157,4.0978
34.3587,10.1754,4.11512
34.1215,10.0254,4.09483
34.1632,10.197,4.11205
37.2004,9.83961,4.39459
32.0081,9.92247,4.18355
28.0549,4.24523,3.63872
27.9445,4.06145,3.61072
31.7862,9.57509,4.15359
30.7792,7.45693,3.90429
35.1924,9.95761,4.15135
36.0943,9.95833,4.25667
35.9181,10.0022,4.23606
35.3176,9.92073,4.16111
31.509,8.56216,4.01552
31.3325,8.6018,4.04324
31.226,8.43261,4.02664
31.6683,9.44748,4.14709
28.4496,4.62187,3.65643
28.9737,5.22857,3.70875
28.7745,4.95824,3.67889
28.6972,4.8096,3.65561
30.444,6.96977,3.85467
37.329,9.71693,4.39952
36.4144,4.71803,3.80729
36.4425,4.90281,3.82982
32.1319,10.0487,4.18917
32.3198,9.99548,4.16047
32.5052,9.94819,4.13617
36.7104,6.41698,4.01864
32.6847,4.06381,3.35885
32.9917,3.90718,3.35549
36.4008,3.78247,3.67665
36.2636,3.83371,3.67619
36.377,3.93832,3.70241
36.114,3.86694,3.66994
33.9794,3.89848,3.44697
37.0404,8.13879,4.23261
37.0032,7.94466,4.20979
36.9655,7.75277,4.18675
36.6455,6.03731,3.97062
33.5843,3.90153,3.40803
36.8133,6.98559,4.09094
35.3571,3.90824,3.60057
35.7662,3.903,3.64344
34.3768,3.89783,3.48909
28.6039,3.88817,3.42439
28.798,3.88902,3.39225
29.1884,3.89089,3.33802
29.3846,3.89162,3.31582
30.9793,3.88527,3.24543
30.7772,3.88852,3.24522
31.9835,3.88415,3.27992
29.8794,4.06374,3.31522
30.1752,3.89362,3.25898
37.1477,8.72791,4.29874
37.1122,8.53124,4.27715
36.8866,7.36554,4.13885
32.1858,3.88507,3.29202
32.3873,3.88879,3.3059
31.1821,3.88116,3.24776
31.3847,3.87778,3.25236
37.2178,9.12289,4.34046
37.2501,9.31889,4.36007
36.5829,5.65929,3.92355
31.8502,9.96478,4.21074
31.9214,10.1183,4.22692
37.3774,9.93657,4.42085
30.0507,6.69976,3.85744
28.0254,3.88452,3.53937
27.7415,4.08309,3.66707
28.2176,3.88569,3.498
35.9502,3.88444,3.65826
36.3772,4.12546,3.73227
31.1704,8.08001,3.97039
37.2803,9.51176,4.37865
31.5401,9.32286,4.1426
31.5857,3.87748,3.25949
31.7843,3.88087,3.26895
34.5747,3.89632,3.51059
34.1788,3.89902,3.46799
36.6757,6.22949,3.9947
36.7437,6.60818,4.04292
34.9692,3.89827,3.55525
35.1634,3.90295,3.578
35.5552,3.90857,3.62231
34.7724,3.89654,3.53275
36.5135,5.28229,3.87681
36.5442,5.47227,3.90002
36.6127,5.84797,3.94684
36.4771,5.09228,3.85324
28.4105,3.88695,3.45962
36.3864,4.3216,3.76003
36.3997,4.52093,3.78415
36.7774,6.79712,4.06694
35.6134,9.96231,4.19612
36.9255,7.55947,4.16298
32.5883,3.89602,3.32156
28.9928,3.88992,3.36346
29.5812,3.89251,3.29705
29.7785,3.89332,3.28141
30.3752,3.89234,3.2518
30.5759,3.8907,3.24728
33.1917,3.90299,3.37198
33.3884,3.9065,3.39039
33.7845,3.90278,3.4279
32.7939,3.90107,3.33824
37.1831,8.92556,4.31993
32.686,9.92249,4.11832
37.0761,8.33541,4.25513
37.0438,3.05736,3.55645
37.0436,3.05889,3.55674
37.0449,3.05826,3.55666
37.0436,3.05989,3.55693
37.0448,3.05976,3.55694
37.0424,3.05977,3.55687
37.0415,3.06104,3.55709
37.0435,3.06114,3.55717
37.0381,3.06651,3.55806
37.0357,3.06623,3.55794
37.0352,3.06859,3.55839
37.0408,3.0653,3.55791
37.0389,3.06359,3.55752
37.0315,3.06794,3.55816
37.0323,3.07201,3.55898
37.0385,3.06945,3.55865
37.0359,3.076,3.55986
37.037,3.07211,3.55913
37.0394,3.07475,3.55971
37.0173,3.10764,3.56566
37.0127,3.11594,3.56721
37.0209,3.1171,3.56759
37.0036,3.11914,3.56769
37.0162,3.12725,3.56951
36.9943,3.12106,3.56792
36.9921,3.10874,3.56543
36.9998,3.13281,3.57034
36.9867,3.14802,3.57319
36.9754,3.16819,3.57707
36.9952,3.16837,3.57736
36.9654,3.18201,3.57972
36.9872,3.18992,3.58155
36.9174,3.18241,3.5792
36.8864,3.18289,3.57884
36.8985,3.20709,3.58392
36.8657,3.18158,3.57823
36.8605,3.20568,3.58302
36.9218,3.33255,3.60944
36.8745,3.33505,3.60935
36.9227,3.3805,3.61901
36.9078,3.3027,3.6033
36.7803,3.28634,3.59764
36.7757,3.33452,3.60725
36.8241,3.30603,3.60263
36.7567,3.24764,3.58915
36.7252,3.30081,3.59899
36.8243,3.3513,3.61174
36.8234,3.24773,3.59082
36.8545,3.39174,3.62038
36.8242,3.44602,3.63064
36.8956,3.4501,3.63253
36.854,3.52138,3.64599
36.7781,3.53264,3.64667
36.7187,3.56754,3.65179
36.8109,3.60765,3.66193
36.6134,3.42418,3.61959
36.6477,3.51426,3.63886
36.6212,3.59965,3.65437
36.5618,3.50868,3.63394
36.4882,3.42382,3.61318
36.4535,3.52155,3.63052
36.8476,3.71106,3.68213
36.9511,3.72652,3.68591
36.9277,3.6179,3.6654
36.7757,3.78987,3.69519
36.9014,3.83723,3.70578
36.5276,3.58137,3.64637
36.5507,3.65075,3.66085
36.5372,3.75211,3.67909
36.6189,3.69511,3.67241
36.4436,3.63747,3.65236
36.6587,3.79792,3.69294
36.5792,3.83798,3.69668
36.6191,3.92768,3.7141
36.7233,3.68043,3.67351
36.7564,3.90986,3.71594
36.5209,4.02962,3.72618
36.7054,4.08878,3.74382
33.8376,10.0182,4.09074
33.9656,10.1344,4.10327
35.7704,10.0733,4.22164
31.7211,9.89243,4.21623
36.5052,3.87744,3.69982
27.4286,4.19249,3.78575
27.6007,4.20524,3.74138
27.5464,4.05193,3.70881
27.7365,4.24656,3.71773
35.1391,10.4088,4.17791
35.2987,10.3402,4.18702
35.1717,10.2436,4.16911
35.0371,10.5325,4.17911
35.1518,10.5941,4.19199
28.6581,5.22212,3.77137
28.6717,5.07822,3.73095
28.5011,5.1284,3.78146
28.7975,5.31347,3.76531
28.9519,5.4075,3.75758
31.4708,8.73427,4.04939
28.5186,4.79353,3.68807
30.2529,6.9482,3.87766
35.0872,10.0856,4.15087
35.2827,10.1246,4.17115
35.4549,10.0513,4.1839
31.6155,9.61491,4.18304
30.6357,7.68116,3.96696
30.6422,7.51432,3.93356
34.2767,10.3293,4.12689
34.2908,10.4873,4.14195
34.4465,10.3643,4.13486
34.124,10.422,4.13325
30.9908,8.02206,3.98235
32.869,10.2715,4.15331
32.9722,10.1805,4.13441
32.9867,10.3501,4.15592
28.0508,4.9022,3.82816
27.9964,4.75249,3.79921
27.8734,4.85176,3.86093
27.8481,4.66323,3.81218
29.53,6.26458,3.85113
29.3515,6.22065,3.87493
36.285,3.6595,3.64579
29.5648,6.43762,3.88401
31.1551,8.61232,4.06869
31.2709,8.79415,4.08565
31.4233,9.05562,4.11151
31.3921,9.21141,4.1435
31.4402,8.90831,4.08341
31.2988,8.96345,4.11225
29.3944,6.38749,3.90548
29.4289,6.52707,3.93108
29.1906,6.36982,3.94373
36.9092,10.245,4.38473
36.7925,10.3778,4.37676
36.5958,10.1483,4.33638
36.6202,10.3266,4.35003
31.4874,9.49356,4.18
29.153,5.81077,3.81661
27.6487,3.93933,3.64694
36.4508,10.0944,4.31322
36.9567,3.16875,3.57695
36.9354,3.15914,3.57475
36.9446,3.18266,3.5796
36.9611,3.15208,3.57366
36.9589,3.20085,3.58342
36.9303,3.20418,3.58376
36.9452,3.22879,3.58888
36.9151,3.22838,3.58844
36.9188,3.26291,3.59544
36.8709,3.28209,3.59864
36.8814,3.23905,3.59012
28.5935,4.95679,3.71558
30.3145,7.11851,3.90296
32.6237,10.1128,4.14995
33.0932,3.73406,3.33169
33.4876,3.73147,3.36723
36.6361,4.96528,3.84906
36.7395,5.53168,3.91863
32.898,3.7328,3.31481
32.6973,3.7314,3.29831
36.805,5.91234,3.96594
36.8696,6.2909,4.01392
33.883,3.72837,3.4057
36.9713,6.85756,4.08657
37.1552,7.81426,4.20683
37.1918,8.00887,4.23031
36.5804,4.59849,3.80432
37.2634,8.40128,4.2763
34.2802,3.72735,3.44727
34.8753,3.72599,3.51314
34.677,3.72564,3.4907
29.4796,3.72275,3.26277
29.6772,3.72353,3.2464
27.8121,3.88219,3.58854
28.1121,3.71645,3.46999
27.9195,3.71531,3.51232
28.6941,3.71952,3.36136
28.4996,3.71857,3.39438
37.4672,9.58164,4.40142
30.6745,3.72184,3.208
30.4735,3.72346,3.21046
31.6884,3.7102,3.22938
31.8887,3.713,3.24018
37.3338,8.79552,4.32057
37.2988,8.59816,4.29867
31.2817,3.71298,3.21423
31.0783,3.71648,3.21002
36.8492,7.17475,4.11486
37.0775,7.42789,4.15888
35.857,3.73366,3.62218
35.0727,3.72752,3.53585
35.2677,3.73116,3.55859
37.369,8.99317,4.34196
37.4038,9.19067,4.36267
36.1672,3.73521,3.65071
27.6502,3.81868,3.60926
27.5434,3.70079,3.59983
27.4908,3.86797,3.66639
35.9065,10.1915,4.24557
32.0883,10.2443,4.22592
31.9151,10.3417,4.26545
33.7503,10.1993,4.11013
37.57,9.98635,4.44205
37.2557,10.2672,4.43012
33.2785,10.3198,4.1363
28.3394,4.77205,3.72166
28.1591,4.73209,3.75281
36.0303,3.72859,3.63764
34.9063,10.1657,4.14268
27.7281,3.70089,3.55328
31.7127,10.059,4.24634
31.7141,10.2583,4.28109
29.2822,3.72203,3.28236
29.9762,3.89382,3.26885
30.0738,3.7247,3.2229
29.8753,3.72417,3.2332
37.513,9.78631,4.42178
33.2932,3.73255,3.34929
33.6869,3.73136,3.38655
36.9022,6.48077,4.03818
37.0064,7.0465,4.11072
32.4956,3.72477,3.2817
32.2921,3.71972,3.26633
34.4782,3.72619,3.46869
29.5514,6.63846,3.93236
32.2623,10.1781,4.1947
32.0889,3.71672,3.2526
37.2274,8.20517,4.25351
36.5567,4.4092,3.78117
31.4857,3.71039,3.22066
36.6701,5.15419,3.8722
32.4451,10.1395,4.16983
30.2731,3.72449,3.21539
30.876,3.71955,3.20793
28.3055,3.71757,3.43062
28.8895,3.72036,3.33167
29.0856,3.72125,3.30536
31.0338,8.4811,4.06169
34.0822,3.72838,3.42635
36.1857,10.0899,4.2766
36.0457,10.1338,4.26033
36.7736,5.72321,3.94236
37.4372,9.38649,4.38251
37.0766,10.266,4.4079
30.8172,7.95018,3.99263
35.4611,3.73534,3.58092
34.5383,10.1691,4.12161
36.5418,4.21428,3.75522
30.5074,7.41687,3.93387
35.6572,3.73599,3.60219
36.7049,5.34517,3.89563
37.0415,7.23625,4.13479
37.116,7.6205,4.18293
35.6147,10.171,4.20903
31.5745,9.78736,4.21921
36.6076,4.7824,3.8268
37.0483,3.05592,3.55631
37.0487,3.05566,3.55627
37.0484,3.05541,3.55621
37.0491,3.05562,3.55627
37.0488,3.05527,3.5562
37.0399,3.06161,3.55716
37.0402,3.0594,3.55673
37.037,3.0609,3.55694
37.036,3.06419,3.55755
37.0332,3.06196,3.55704
37.0334,3.06553,3.55774
37.0279,3.06922,3.55832
37.029,3.06426,3.55738
37.023,3.06602,3.55758
37.0402,3.07848,3.56046
37.0357,3.0812,3.56087
37.0418,3.08424,3.56163
37.0314,3.07716,3.55997
37.0283,3.07343,3.55916
37.0257,3.07719,3.55984
37.0203,3.07565,3.55941
37.0209,3.08232,3.56073
37.0353,3.08683,3.56196
37.031,3.08808,3.5621
37.0332,3.0923,3.56298
37.0235,3.07169,3.5587
37.0406,3.09153,3.56302
37.0295,3.09697,3.56381
37.0377,3.10002,3.5646
37.0165,3.06967,3.55815
37.0148,3.07737,3.55963
37.0148,3.08243,3.56063
37.0291,3.10395,3.56517
37.0235,3.10529,3.56532
37.0265,3.1114,3.56658
37.0151,3.08889,3.56191
37.0295,3.08325,3.56112
37.0089,3.0815,3.56032
37.0041,3.08938,3.56179
37.0215,3.09862,3.56396
37.0259,3.08994,3.56235
37.0106,3.09837,3.56369
36.9998,3.09866,3.56356
36.9925,3.09839,3.56338
37.0365,3.11051,3.56663
37.032,3.12269,3.56892
36.9972,3.07838,3.55948
36.9932,3.09045,3.56181
36.984,3.09597,3.56276
36.9771,3.10556,3.56457
37.0062,3.10768,3.56546
37.014,3.14342,3.57267
37.0302,3.13872,3.57204
36.9802,3.12317,3.56813
36.9625,3.10909,3.56506
36.9669,3.09082,3.56146
36.9453,3.09664,3.56231
37.0076,3.15713,3.57529
37.0179,3.17869,3.57972
37.002,3.14535,3.57287
36.9601,3.12346,3.56791
36.9469,3.11452,3.56593
36.9445,3.13268,3.56955
36.9222,3.11072,3.5648
36.9669,3.13581,3.57047
38.3298,10.823,4.50452
38.3188,10.8055,4.50455
38.3063,10.8262,4.50871
38.3501,10.823,4.50072
38.3392,10.8027,4.50061
36.9175,3.13727,3.57009
36.9025,3.15825,3.57411
36.8863,3.12665,3.56745
36.8706,3.16029,3.574
36.8199,3.20105,3.58127
36.842,3.17487,3.57642
36.7824,3.21037,3.58227
36.7934,3.16224,3.57275
36.7233,3.18997,3.57638
38.0753,10.4732,4.496
38.078,10.5462,4.5025
38.1655,10.5313,4.4957
37.989,10.4298,4.49449
37.99,10.527,4.50281
31.2259,10.516,4.42225
31.261,10.6063,4.43397
31.3238,10.5396,4.4053
31.1421,10.5076,4.44087
31.1731,10.5952,4.45378
36.5361,3.34224,3.59939
36.5356,3.24765,3.58013
36.4179,3.3045,3.58482
36.6332,3.31009,3.59746
36.3634,3.43621,3.6078
36.3572,3.54926,3.62973
36.2406,3.49203,3.60991
36.1262,3.59099,3.61994
36.2523,3.33405,3.57906
36.0649,3.39273,3.57519
32.8553,10.418,4.17434
32.8488,10.5558,4.19389
32.9786,10.5149,4.17845
32.7444,10.6519,4.21648
32.929,10.6878,4.20563
29.0227,5.74869,3.82779
28.773,5.49546,3.81707
35.0505,10.2587,4.16022
28.4117,4.94889,3.75345
30.1265,7.09838,3.92875
33.1228,10.2485,4.13479
30.4794,7.59401,3.97342
35.774,10.262,4.2332
30.5836,8.29157,4.09646
30.5128,8.40823,4.13276
30.682,8.43865,4.10894
30.5236,8.13805,4.07584
30.4104,8.26419,4.12203
30.65,7.86403,4.00062
32.7324,10.4858,4.19387
32.6184,10.4231,4.19516
32.6047,10.5667,4.2175
32.5459,10.2948,4.18321
32.4796,10.4658,4.21527
26.6784,3.50721,3.7927
26.7727,3.62965,3.80386
26.8553,3.5193,3.73844
26.785,3.7785,3.85198
26.9299,3.66949,3.766
35.4539,10.2571,4.19686
36.0209,10.315,4.26733
35.8894,10.3392,4.25187
35.9466,10.5146,4.26896
36.172,10.2502,4.28382
27.6358,4.37241,3.78285
27.5067,4.31155,3.80051
27.4999,4.42214,3.83695
31.3123,9.54139,4.21544
31.1658,9.58611,4.24836
31.2636,9.70542,4.25403
31.0267,9.53846,4.26416
31.0814,9.71747,4.28905
29.7139,6.90352,3.9607
29.7673,7.04821,3.98271
29.6008,6.99715,4.00455
29.1543,5.97644,3.85635
29.0109,5.88966,3.86502
29.171,6.16586,3.89862
30.071,7.40532,4.00354
30.2239,7.40708,3.97691
30.1849,7.26668,3.9542
30.341,7.49654,3.97584
30.824,8.146,4.02909
36.3159,10.3499,4.30901
36.3141,10.1653,4.29844
27.7029,4.78212,3.88837
27.6794,4.64014,3.85201
27.5173,4.70006,3.91874
27.7449,4.51715,3.79665
27.5781,4.53203,3.84813
32.7228,10.2987,4.16818
34.6393,10.3348,4.1402
34.7936,10.3158,4.1469
34.9427,10.3945,4.16236
31.3508,9.37396,4.17882
31.2033,9.26471,4.18168
32.0896,10.4391,4.25759
28.8853,5.79659,3.869
28.7414,5.68545,3.87291
28.692,5.8922,3.93813
29.5858,6.83023,3.96937
28.9695,6.07157,3.91921
36.4593,10.2626,4.32404
37.0459,3.05882,3.55679
37.0471,3.05858,3.55678
37.0463,3.05762,3.55657
37.0464,3.05977,3.557
37.0447,3.06303,3.55758
37.0457,3.06121,3.55725
37.0418,3.06307,3.5575
37.0436,3.06528,3.55798
37.0417,3.06805,3.55847
37.0407,3.07176,3.55916
36.9679,3.25499,3.59436
36.9527,3.30093,3.60341
36.9802,3.22147,3.58778
36.9558,3.34348,3.61192
38.0419,10.5956,4.50792
38.0471,10.6637,4.5136
38.1201,10.6128,4.50651
37.9741,10.6286,4.51119
37.8871,10.5758,4.50543
37.8899,10.4571,4.49613
29.2813,6.5204,3.96034
37.927,10.3407,4.48701
37.78,10.359,4.4844
28.6274,5.38458,3.82063
28.5231,5.28507,3.8182
29.9392,7.07308,3.95589
28.2269,4.9269,3.79093
36.7731,4.6636,3.82068
35.9481,3.56472,3.5987
36.8301,5.02837,3.86499
32.2189,10.3379,4.22487
32.3735,10.3221,4.20475
35.5638,3.56157,3.55862
32.6027,3.55979,3.25624
32.4,3.55595,3.24023
36.9311,5.59638,3.93426
36.8985,5.406,3.91096
36.8631,5.2173,3.88792
37.1646,6.91943,4.10285
37.1989,7.10894,4.12714
30.172,3.5561,3.17745
37.4147,8.27182,4.27058
36.9967,5.97748,3.98181
36.9649,5.78742,3.95795
36.9366,6.66966,4.06245
37.1305,6.73082,4.07855
33.1954,3.56223,3.30665
37.52,8.86362,4.33819
34.3821,3.5564,3.42475
29.774,3.55519,3.19646
29.5754,3.55461,3.21044
30.7737,3.55334,3.16882
28.5896,3.55088,3.32994
28.3944,3.55006,3.364
28.1999,3.54916,3.40129
28.006,3.54815,3.44171
29.1794,3.55329,3.24812
28.9821,3.55256,3.27203
31.792,3.54422,3.19903
31.9941,3.54698,3.21121
31.1786,3.54886,3.17466
30.9756,3.55125,3.17066
34.78,3.55574,3.46901
34.9785,3.55595,3.49164
37.3061,7.68364,4.19944
37.5902,9.25866,4.3804
37.6232,9.45605,4.40041
31.5465,9.95454,4.2533
31.5059,10.134,4.29249
37.1705,10.4155,4.42903
36.9717,10.4149,4.40318
29.3391,6.66357,3.98198
29.2234,6.61533,3.9959
29.1666,6.71482,4.03324
33.2885,10.5127,4.15967
37.8381,10.2076,4.47431
37.7596,10.0375,4.45744
37.5099,10.3675,4.46454
37.6437,10.4297,4.48077
27.0393,3.53382,3.68643
29.1026,6.56669,4.01168
31.4381,9.66002,4.2172
33.755,10.4066,4.13254
33.8798,10.2997,4.12004
27.1402,3.71545,3.71662
27.2367,3.54401,3.63248
27.1274,3.88216,3.77549
27.2804,3.86549,3.72439
31.773,10.4336,4.30279
31.6449,10.4125,4.31996
27.428,3.54521,3.58061
27.3531,3.7067,3.65274
36.8362,6.10321,3.98997
37.0298,6.16559,4.00576
34.0111,10.3034,4.12059
36.8011,4.84449,3.84272
36.7273,4.29663,3.77477
27.3692,4.0223,3.749
37.269,7.49046,4.17536
37.2333,7.29937,4.15132
35.7579,3.56174,3.57922
32.1961,3.55166,3.2251
35.1759,3.55678,3.51431
33.9857,3.55828,3.38281
29.9729,3.55576,3.18548
34.1839,3.55725,3.40349
30.5725,3.55499,3.16927
30.3718,3.55595,3.17214
33.59,3.56039,3.34337
33.7868,3.55839,3.36246
33.3927,3.55973,3.32432
37.6538,9.65206,4.41956
37.7051,9.8458,4.43884
28.7855,3.55175,3.29929
29.3771,3.55399,3.22767
27.6201,3.54627,3.53149
27.8127,3.54721,3.48516
37.3609,10.4034,4.45112
37.5552,9.06124,4.35964
37.3433,7.87924,4.22349
37.379,8.07559,4.24723
35.6307,10.3831,4.22371
29.4403,6.7811,3.98807
37.45,8.46881,4.29357
32.8012,3.56203,3.27257
32.999,3.56118,3.28907
37.0623,6.35458,4.02998
37.0959,6.54268,4.05424
34.5809,3.55601,3.44667
31.5881,3.54442,3.18889
31.3831,3.54639,3.18076
31.1731,9.43728,4.21891
31.0607,8.76581,4.11088
30.9992,8.62389,4.09358
30.6611,8.04263,4.03402
30.4755,7.77799,4.01108
30.862,8.54447,4.09987
31.2406,9.10219,4.14593
36.7474,4.48123,3.79829
31.9051,10.5556,4.30357
31.5327,10.3137,4.32104
38.374,10.8534,4.49902
38.3835,10.8542,4.4968
38.3788,10.8427,4.49663
38.3799,10.863,4.49873
38.3672,10.844,4.49948
38.3655,10.8542,4.50101
38.357,10.8367,4.50084
38.3562,10.8497,4.50245
31.1347,10.8434,4.55806
31.1418,10.8586,4.56319
31.1567,10.8496,4.54409
31.1226,10.8412,4.57003
31.1303,10.8516,4.57071
31.1369,10.8058,4.53383
31.1125,10.7958,4.54455
31.1204,10.8244,4.55725
31.1616,10.823,4.52786
31.16,10.794,4.51671
25.3062,3.13046,4.35889
25.3009,3.14997,4.39564
25.3404,3.1812,4.36517
25.277,3.0895,4.35644
25.2736,3.11363,4.39626
31.1087,10.627,4.48139
31.1563,10.6604,4.47553
31.1176,10.6941,4.49897
25.4361,3.29532,4.35106
25.4404,3.2484,4.30444
25.3923,3.24005,4.35386
25.4772,3.20972,4.24384
25.3967,3.18161,4.29638
31.3005,10.4335,4.38836
31.3957,10.4793,4.37817
31.3455,10.6369,4.42105
31.4081,10.3704,4.35444
31.4243,10.5776,4.39202
31.5194,10.4796,4.35454
31.4037,10.2416,4.33052
31.6856,10.577,4.34302
37.4932,10.5465,4.47471
29.0064,6.26237,3.95841
28.5712,5.5641,3.88095
27.1793,4.25876,3.88364
27.2971,4.27555,3.85169
27.2611,4.15403,3.82344
27.392,4.35621,3.84843
33.9228,10.4635,4.13698
31.1142,8.94747,4.1366
36.6922,10.6426,4.37746
36.6554,10.5034,4.36478
36.5164,10.6424,4.35269
36.7941,10.7178,4.39576
36.8467,10.5704,4.39506
36.4764,10.4449,4.33651
35.7357,10.5421,4.24506
35.578,10.5416,4.2276
35.6369,10.6921,4.24301
35.7953,10.4082,4.24428
27.1935,4.01329,3.79833
30.0077,7.24833,3.98134
33.1304,10.428,4.15734
35.4477,10.4509,4.20855
25.7112,3.30221,4.13465
25.6082,3.34283,4.22472
25.6732,3.41657,4.22062
25.6505,3.16171,4.10028
25.5806,3.24618,4.18872
28.2987,5.10712,3.82332
30.3152,7.68338,4.0187
29.442,6.92881,4.02239
30.4926,7.96289,4.04565
35.288,10.5236,4.19833
35.0422,10.6715,4.18969
35.126,10.7092,4.19826
26.6253,3.79531,3.91588
26.6818,3.90523,3.93492
26.5522,3.87404,3.97383
31.3913,9.98879,4.28514
34.0264,10.5982,4.15054
34.1708,10.599,4.15103
33.8982,10.656,4.1575
33.9761,10.7128,4.16266
28.4616,5.41062,3.86634
28.3939,5.54609,3.91993
28.3771,5.26728,3.84808
30.662,8.18555,4.06209
30.7266,8.2839,4.07097
30.9593,8.87052,4.14675
30.9189,9.0012,4.17875
32.2898,10.5159,4.24449
34.7453,10.4982,4.1588
34.4362,10.5884,4.15458
26.6157,3.66285,3.87087
26.5066,3.50211,3.85204
26.7521,3.36462,3.71809
31.0244,9.14297,4.18808
31.0056,9.35211,4.23166
30.878,8.73775,4.1346
36.152,10.4372,4.29146
31.4052,9.83324,4.25401
28.8652,5.94501,3.91099
37.0479,3.05562,3.55624
37.0483,3.05637,3.55639
37.0488,3.05608,3.55635
37.0478,3.05626,3.55636
37.048,3.05686,3.55648
37.0472,3.05593,3.55628
37.0487,3.05668,3.55647
37.0485,3.05736,3.55659
37.0472,3.0568,3.55644
37.0475,3.05757,3.5566
37.0483,3.05825,3.55676
37.0464,3.05637,3.55633
37.0479,3.05937,3.55697
37.0452,3.05688,3.5564
37.0475,3.06079,3.55723
37.0422,3.0581,3.55654
37.0471,3.06256,3.55756
37.0465,3.06465,3.55795
37.0449,3.07066,3.55907
37.0438,3.07508,3.5599
37.0458,3.06735,3.55845
37.0445,3.07961,3.5608
37.0076,3.07253,3.55852
36.9823,3.08222,3.55999
37.027,3.1569,3.57556
38.3209,10.7787,4.50135
38.3234,10.8396,4.50738
38.2977,10.7968,4.50697
38.2931,10.7712,4.50503
38.2697,10.7855,4.50968
38.3072,10.7454,4.50012
38.2778,10.8179,4.51187
37.0138,3.2089,3.58565
38.1693,10.7314,4.51425
38.2031,10.7602,4.51427
38.2285,10.7211,4.50814
38.1196,10.7659,4.52011
38.1699,10.7841,4.51898
38.2698,10.7499,4.5061
38.284,10.7114,4.50019
37.0091,3.24207,3.59217
36.975,3.43512,3.63017
36.989,3.37414,3.61821
38.238,10.7703,4.51189
38.2462,10.8086,4.51469
38.2111,10.7985,4.51715
38.2537,10.6647,4.49959
38.183,10.6692,4.50743
36.8409,3.13753,3.5688
37.0029,3.28075,3.59979
31.2258,10.7326,4.47384
31.1715,10.7162,4.48644
31.184,10.7683,4.49792
31.2119,10.6685,4.46131
38.1139,10.6963,4.51428
38.0588,10.7449,4.52017
36.9974,3.32469,3.60847
36.6937,3.25247,3.58811
36.6352,3.21172,3.57752
31.2797,10.6897,4.44846
31.2805,10.7623,4.46579
31.2289,10.7892,4.48855
31.0998,10.5587,4.46528
38.216,10.6067,4.49824
37.987,10.7199,4.51856
31.3442,10.7298,4.44169
31.4272,10.6896,4.41422
37.9003,10.691,4.51462
28.9896,6.42603,4.0033
36.9545,3.51106,3.64494
38.0746,10.3645,4.48591
38.1545,10.441,4.4878
36.8963,4.18435,3.7628
29.8316,7.21836,4.00804
36.9392,4.5465,3.81063
26.98,3.83264,3.80537
27.0369,3.98785,3.83942
26.8512,3.96818,3.89564
37.8891,9.89852,4.44715
28.1163,5.0801,3.86186
36.9949,4.90719,3.85448
35.2778,3.38507,3.49088
35.0811,3.38552,3.46845
33.6911,3.38825,3.31769
37.2563,6.41708,4.04155
37.2229,6.22926,4.01734
37.29,6.60492,4.06587
37.123,5.66129,3.94572
34.0877,3.38759,3.35821
37.5663,8.14309,4.25891
37.6015,8.34013,4.28218
37.4851,8.6662,4.31613
37.7065,8.93242,4.34941
35.3708,3.55889,3.53677
35.6634,3.38527,3.53375
37.0571,5.28029,3.89939
37.1901,6.04051,3.9932
30.2709,3.38809,3.13248
30.0711,3.38789,3.13833
27.512,3.37931,3.50535
27.3196,3.37827,3.55546
29.6721,3.38711,3.15888
29.4729,3.38667,3.17375
28.0934,3.38175,3.37173
27.8989,3.38094,3.41333
29.2741,3.38611,3.19186
29.0758,3.38549,3.21328
28.878,3.38482,3.23818
28.6808,3.38405,3.26644
31.0765,3.3842,3.13368
30.8738,3.38562,3.1299
32.5061,3.39025,3.21285
31.4858,3.38105,3.14745
31.2805,3.38272,3.13959
31.5347,10.6401,4.38245
37.7415,9.13005,4.37068
37.7762,9.32804,4.39133
27.1281,3.377,3.60821
26.9377,3.37543,3.66373
37.0719,10.576,4.42583
28.7631,6.06551,3.96592
28.8422,6.20758,3.98329
33.4316,10.5932,4.16301
33.3166,10.6999,4.1815
26.2466,3.58473,3.98862
26.3539,3.48744,3.90517
26.2214,3.38094,3.91758
26.4244,3.62415,3.9296
29.0408,6.69606,4.05884
29.0548,6.76443,4.0726
31.2859,10.2981,4.36406
33.7776,10.5827,4.15143
33.5075,10.6862,4.17103
33.5735,10.7056,4.17082
38.0081,10.2231,4.47538
28.5681,5.74891,3.93075
28.5058,5.8821,3.98232
36.8941,4.00871,3.7352
29.4345,7.10552,4.06588
29.6361,7.19513,4.04262
37.778,10.515,4.49611
37.7948,10.6571,4.50736
27.7185,4.95689,3.93701
27.9248,5.05218,3.90565
28.2887,5.41443,3.91078
37.944,10.0705,4.46265
26.5701,3.3628,3.7784
26.3985,3.35655,3.83811
37.6675,10.6054,4.49484
32.7056,3.39061,3.2287
32.9027,3.39055,3.24512
33.1004,3.38994,3.26225
30.4711,3.38786,3.12919
30.672,3.38696,3.12836
34.2862,3.38691,3.3793
34.5749,10.4872,4.15022
34.4851,3.38663,3.40105
37.3238,6.7936,4.09031
32.3039,3.38752,3.19725
37.6715,8.73496,4.3275
37.6365,8.53751,4.30507
37.3574,6.98287,4.11474
37.3911,7.17289,4.13908
28.2885,3.38255,3.33333
28.4843,3.3833,3.29817
36.9161,4.36881,3.78854
37.5306,7.94657,4.2353
37.4947,7.75009,4.21134
31.2905,10.1209,4.32837
37.0243,5.09238,3.87677
35.472,3.38522,3.51282
37.0902,5.47098,3.92246
31.6916,3.37964,3.15714
31.897,3.37991,3.16875
36.3213,10.5393,4.32002
37.8457,9.71544,4.42985
34.883,3.386,3.44582
34.6841,3.3864,3.42328
37.1566,5.85191,3.96938
37.4251,7.36338,4.16322
37.4595,7.55547,4.18727
32.101,3.383,3.18228
29.8715,3.38755,3.14709
33.2963,3.38963,3.28002
33.8896,3.38831,3.33775
37.8106,9.52435,4.41116
34.9099,10.6011,4.17601
27.7051,3.38016,3.45794
29.2832,6.84654,4.03829
37.2869,10.5659,4.45254
32.1174,10.6382,4.28664
30.3258,7.87232,4.05607
35.8527,3.38168,3.55269
36.9666,4.72549,3.83251
33.4945,3.38899,3.29862
37.0495,3.0547,3.55611
37.0496,3.05475,3.55612
37.0496,3.05454,3.55608
37.0494,3.0549,3.55615
31.1905,10.8086,4.50878
31.1287,10.7618,4.51878
25.7957,3.44711,4.15687
25.8585,3.32148,4.06127
28.8613,6.34735,4.01447
28.4346,5.67603,3.9449
31.1687,10.3978,4.40964
27.1028,4.14282,3.86998
30.1513,7.56877,4.02377
29.8987,7.38927,4.03273
33.1274,10.6213,4.18253
35.4403,10.6312,4.21935
28.1904,5.25694,3.89245
30.1567,7.7743,4.06659
34.6073,10.6501,4.1654
27.3948,4.53109,3.90335
29.2888,7.01175,4.0771
25.9628,3.45292,4.06691
25.9556,3.33066,4.01628
26.0502,3.34294,3.97681
25.9505,3.21005,3.96656
27.5631,4.8633,3.95583
30.349,8.06533,4.09207
35.8229,10.6741,4.26284
31.1507,10.2284,4.37777
31.2181,9.90251,4.29962
26.1079,3.48205,4.0088
26.0773,3.61786,4.08222
36.9667,10.727,4.42013
36.805,10.8712,4.40529
32.4451,10.6414,4.24576
32.2878,10.7095,4.27549
30.7038,8.64461,4.14612
36.1479,10.6329,4.30149
26.8171,4.12409,3.96353
26.9591,4.11042,3.90746
26.7013,4.03552,3.97538
27.8772,5.22066,3.96938
28.032,5.21229,3.92244
27.7495,5.1159,3.97627
29.584,7.36591,4.09357
29.7415,7.35523,4.057
36.6588,10.7537,4.37859
26.4912,3.76792,3.9579
31.1252,10.0621,4.34905
32.5944,10.7206,4.24134
36.327,10.7177,4.33021
28.9197,6.55489,4.05316
30.839,8.89262,4.17142
28.6407,6.1023,4.00627
28.631,6.02957,3.98946
30.5542,8.55087,4.15429
37.0492,3.05505,3.55616
37.0492,3.05532,3.55622
37.0494,3.05517,3.5562
37.0492,3.05477,3.55611
37.0489,3.05485,3.55612
37.0494,3.05549,3.55626
37.0486,3.05494,3.55612
37.0494,3.05587,3.55633
37.0481,3.05504,3.55613
37.0493,3.05638,3.55643
37.0475,3.05518,3.55614
37.0493,3.05701,3.55655
37.0467,3.05537,3.55615
37.0492,3.0578,3.5567
37.0456,3.05561,3.55616
37.0492,3.0588,3.55689
37.0489,3.0636,3.55782
37.0491,3.06006,3.55714
37.0426,3.05621,3.55619
37.0443,3.05585,3.55617
37.0405,3.05672,3.55622
37.0486,3.069,3.55886
37.0486,3.07713,3.56044
37.0483,3.07272,3.55957
37.0378,3.05738,3.55627
37.049,3.06165,3.55744
37.0344,3.05808,3.55631
37.03,3.05891,3.55636
37.0247,3.05999,3.55643
37.0475,3.09689,3.56425
37.048,3.08888,3.5627
37.0483,3.08227,3.56143
37.018,3.06137,3.55654
37.0461,3.13248,3.57116
37.0466,3.11834,3.56841
38.3697,10.8283,4.49712
38.3696,10.8623,4.50104
37.0097,3.06302,3.55669
37.0472,3.10665,3.56615
36.9993,3.06519,3.55691
38.359,10.861,4.50311
38.3465,10.8584,4.50529
36.9264,3.07993,3.55865
36.9504,3.07482,3.558
36.9865,3.06783,3.55719
38.3417,10.8414,4.50434
38.3305,10.8557,4.50787
36.9701,3.07085,3.55752
37.0458,3.14958,3.5745
38.3633,10.8068,4.49611
37.0448,3.17053,3.57858
37.0441,3.19568,3.58349
31.1415,10.8297,4.54344
31.1865,10.8445,4.52424
38.3539,10.7826,4.4954
38.314,10.6714,4.49093
38.3302,10.7161,4.49281
38.3112,10.8522,4.51064
38.2249,10.8373,4.51954
38.1845,10.8308,4.52218
37.044,3.26017,3.59615
37.0434,3.30075,3.6041
31.2218,10.8362,4.50569
37.0442,3.22552,3.58935
36.8939,3.0868,3.55951
38.3435,10.7523,4.49417
38.0797,10.8147,4.5255
38.1377,10.8229,4.52422
38.2877,10.8474,4.51351
36.8544,3.0942,3.56027
37.0428,3.3484,3.61344
37.0413,3.40554,3.62459
38.2587,10.8428,4.51661
36.6616,3.12668,3.5612
36.7429,3.11584,3.56186
25.3423,3.14197,4.32241
25.3134,3.0979,4.31682
38.2912,10.6182,4.48913
38.266,10.5506,4.48591
31.2671,10.8233,4.48587
36.8043,3.10266,3.56088
31.3278,10.808,4.46416
37.0418,3.66281,3.67386
37.0341,3.56184,3.65479
25.3641,3.11049,4.27447
37.04,3.47469,3.63802
31.4054,10.791,4.44075
38.2078,10.3744,4.47528
37.9301,10.7896,4.52289
38.0119,10.8021,4.52515
25.5077,3.30911,4.2849
38.2421,10.4689,4.4807
31.6329,10.742,4.38335
36.5636,3.14375,3.56029
29.9744,7.52668,4.04811
30.853,9.24482,4.23849
30.8559,9.38132,4.2653
36.3029,3.18342,3.55205
37.0712,4.25665,3.77314
37.7192,10.7554,4.50898
37.8341,10.7739,4.5178
37.1224,4.6094,3.81798
35.9519,3.21274,3.52767
38.0429,9.77047,4.42747
37.1889,4.97092,3.86126
35.5698,3.20873,3.48685
25.5312,3.14157,4.16421
25.4339,3.12586,4.22523
37.2188,5.15734,3.88345
37.2497,5.34642,3.906
37.5165,6.85814,4.09632
37.5496,7.04795,4.12073
37.3154,5.72617,3.95187
33.0041,3.21939,3.21688
37.7529,8.21239,4.26314
37.7878,8.40978,4.28584
37.8228,8.60724,4.30813
37.8578,8.80471,4.32998
37.4168,6.29245,4.0232
34.787,3.21663,3.39885
29.9696,3.22044,3.09841
29.7695,3.22024,3.10799
27.7911,3.21472,3.38487
27.9861,3.21542,3.34209
27.5969,3.21395,3.43061
27.4035,3.21303,3.47907
34.1905,3.21763,3.33274
33.992,3.21794,3.31183
30.571,3.22035,3.08676
37.4833,6.66891,4.07184
28.3782,3.21673,3.26615
28.1818,3.21606,3.30247
37.2823,5.5364,3.92879
37.3496,5.91545,3.97531
27.2109,3.21182,3.5301
27.0195,3.21017,3.58357
31.3838,3.21779,3.10494
31.179,3.21853,3.09722
37.6825,7.8188,4.21664
33.7941,3.2182,3.29155
33.596,3.21784,3.27174
37.928,9.19952,4.37201
37.9645,9.39496,4.39181
32.0031,3.21695,3.13863
32.2076,3.21913,3.15304
36.4472,3.16491,3.5581
37.0429,3.78765,3.69681
31.5041,10.7683,4.41409
34.7598,10.6738,4.17376
37.0418,3.92829,3.72161
26.1158,3.20361,3.8909
38.1195,10.1117,4.45728
26.3484,3.7265,4.00133
25.7877,3.18266,4.0346
31.7974,10.7233,4.35049
26.2875,3.20529,3.82296
26.4602,3.19955,3.75759
38.0755,9.94905,4.444
37.5827,7.23839,4.14497
38.003,9.5858,4.41033
37.0534,4.08726,3.74778
36.1357,3.20167,3.5423
37.0953,4.43209,3.79623
35.1822,3.21369,3.44383
34.9851,3.21547,3.42142
37.6157,7.43012,4.16903
28.9715,3.21863,3.17797
29.1704,3.21916,3.15553
28.7732,3.21802,3.20391
29.3698,3.2196,3.13645
37.7177,8.01524,4.24005
34.4722,10.7393,4.16909
34.3685,10.7152,4.16467
34.2919,10.6618,4.15841
33.2014,3.21839,3.2344
33.3985,3.21867,3.25285
32.8068,3.21984,3.19994
35.3774,3.21134,3.46577
37.5763,10.729,4.4947
29.5695,3.21996,3.12065
30.1699,3.22056,3.09185
34.3894,3.21743,3.35431
37.8928,9.00216,4.35131
32.4091,3.22114,3.16828
31.7965,3.21627,3.12568
31.5897,3.21685,3.11444
27.4671,4.8202,3.97291
29.1924,6.9617,4.088
29.1145,6.86431,4.08289
26.2175,3.73163,4.06281
37.4502,6.48041,4.04744
37.1852,10.7215,4.44889
37.3956,10.7178,4.47455
26.6427,3.20419,3.69741
32.6085,3.22096,3.18383
30.3703,3.22058,3.088
30.7726,3.2198,3.08799
30.878,9.10722,4.20666
30.9752,3.21915,3.09151
26.8296,3.20764,3.63936
33.815,10.7061,4.16423
37.3832,6.10439,3.99916
26.5762,3.98635,4.00694
31.9677,10.7339,4.32477
34.2076,10.7144,4.16259
34.0878,10.7258,4.16341
28.5753,3.21739,3.23329
28.8626,6.44551,4.03945
35.9792,10.7173,4.28426
28.7694,6.30345,4.02621
28.4442,5.77061,3.96817
35.2508,10.7001,4.20719
27.2385,4.40061,3.91115
30.8852,9.47844,4.27917
29.4565,7.2631,4.09837
32.1289,10.8712,4.32382
30.7293,8.8171,4.17597
29.9985,7.67066,4.07489
30.1851,7.96107,4.10107
37.0487,3.06601,3.55828
35.7593,3.2058,3.50671
37.1602,4.78798,3.83938
34.5883,3.21717,3.3764
31.0592,10.3245,4.41926
36.4949,10.8712,4.36145
32.4204,10.8712,4.28434
27.3886,4.75242,3.97686
27.3737,4.65506,3.95011
33.506,10.8712,4.1931
33.4372,10.7111,4.17697
35.0587,10.8712,4.20553
33.6921,10.7146,4.16807
33.8919,10.8712,4.18066
27.5752,4.96023,3.98257
27.6094,5.05603,4.00183
34.2797,10.8712,4.17831
34.9694,10.721,4.18875
34.8734,10.7477,4.18536
29.2838,7.11376,4.10322
29.3183,7.20781,4.11788
28.9878,6.65094,4.06059
28.6944,6.20523,4.01968
36.1608,10.8712,4.31579
28.5752,5.97994,3.99057
28.3445,5.63715,3.95784
28.2724,5.56035,3.95578
32.7578,10.8712,4.24672
35.8077,10.8712,4.27233
34.6691,10.8712,4.18647
33.1246,10.8712,4.21542
35.4394,10.8712,4.23471
37.0497,3.05499,3.55617
37.0497,3.05527,3.55623
37.0491,3.05455,3.55607
37.0488,3.05455,3.55606
37.0494,3.05454,3.55607
37.0498,3.05604,3.55638
37.0497,3.05561,3.55629
37.0484,3.05455,3.55604
37.0501,3.05812,3.55679
37.0478,3.05456,3.55603
37.05,3.05726,3.55662
37.0499,3.05658,3.55649
37.0471,3.05456,3.55601
37.0507,3.06229,3.55762
37.0435,3.05459,3.5559
37.0462,3.05457,3.55598
37.045,3.05458,3.55594
37.0505,3.06057,3.55728
37.0503,3.05921,3.55701
37.051,3.06442,3.55804
37.0416,3.05461,3.55584
37.0391,3.05463,3.55577
37.036,3.05466,3.55569
37.0518,3.07022,3.55919
37.0514,3.06703,3.55856
37.0322,3.05469,3.55559
37.0273,3.05473,3.55547
38.3877,10.8672,4.49728
38.389,10.8712,4.49739
38.3946,10.8712,4.49592
38.3826,10.8712,4.49902
37.0524,3.07414,3.55997
37.0531,3.07894,3.56092
37.0577,3.11125,3.56734
37.0213,3.05477,3.55532
37.0539,3.08481,3.56209
38.3873,10.8616,4.49671
38.3922,10.8578,4.49493
38.3936,10.8655,4.4955
38.3748,10.8712,4.50087
37.0549,3.09196,3.56351
37.0138,3.05483,3.55516
37.0044,3.0549,3.55497
38.3903,10.8469,4.49413
31.1336,10.8613,4.57783
31.1435,10.8712,4.57395
31.1373,10.8712,4.58774
38.3652,10.8712,4.50297
38.3533,10.8712,4.50536
36.9928,3.05498,3.55475
37.0562,3.10067,3.56524
38.2997,10.8712,4.51423
37.0676,3.18038,3.58102
37.0618,3.13966,3.57297
37.0595,3.1241,3.56988
38.3845,10.8142,4.49171
36.9782,3.05507,3.55451
38.3878,10.8326,4.49307
36.96,3.05516,3.55421
31.1565,10.8712,4.55837
36.9091,3.05534,3.55341
38.3805,10.7914,4.49002
37.0644,3.1583,3.57666
38.3388,10.8712,4.50805
36.9374,3.05525,3.55386
25.2282,3.0545,4.40022
25.2326,3.06961,4.42252
25.2464,3.08525,4.41379
25.2194,3.0545,4.43342
37.0714,3.20647,3.58618
25.2538,3.0811,4.38642
38.3211,10.8712,4.51103
38.2064,10.8712,4.5242
38.1625,10.8712,4.52713
37.0758,3.23731,3.59225
31.2066,10.8712,4.52525
38.3756,10.7637,4.48795
38.2432,10.8712,4.52095
38.274,10.8712,4.51757
31.1772,10.8712,4.54209
38.3697,10.73,4.48542
38.3624,10.6889,4.4823
37.9732,10.8712,4.52999
38.0476,10.8712,4.53052
37.0873,3.31701,3.60788
37.0811,3.27381,3.59942
36.8293,3.05539,3.55185
36.8737,3.05539,3.55278
25.2462,3.05436,4.36346
38.3428,10.5776,4.47373
38.3298,10.504,4.46796
25.2759,3.05401,4.32161
38.3536,10.6388,4.47846
36.7741,3.0553,3.55042
31.2988,10.8712,4.48919
31.2465,10.8712,4.50773
36.6197,3.05454,3.54464
31.3667,10.8712,4.46915
37.0947,3.36817,3.61783
31.4541,10.8712,4.44699
38.1101,10.8712,4.52937
25.3198,3.0534,4.27437
37.8849,10.8712,4.52714
37.7804,10.8712,4.52111
36.7055,3.05505,3.54819
37.1036,3.4292,3.62961
37.1144,3.503,3.64368
37.1647,3.83763,3.70439
25.3816,3.05248,4.22038
25.707,3.04831,4.01489
36.3758,3.05238,3.53025
38.314,10.4144,4.4608
37.2417,4.31963,3.77811
38.2425,10.0096,4.42671
37.3017,4.67153,3.82082
26.3531,3.04395,3.7383
26.1791,3.04426,3.80286
25.466,3.05119,4.15815
37.3975,5.22398,3.88523
35.8576,3.04672,3.48367
37.5974,6.35884,4.02291
37.5641,6.171,3.99912
26.72,3.04517,3.6169
37.6644,6.73575,4.07102
37.6308,6.54693,4.0469
37.4974,5.79305,3.95237
37.7318,7.11522,4.11903
37.7657,7.30608,4.14266
35.284,3.04687,3.42004
33.8964,3.04935,3.26494
26.534,3.04448,3.67641
26.9098,3.04597,3.55973
38.0772,9.07373,4.33833
38.0076,8.67873,4.29761
37.9034,8.08613,4.23362
37.9381,8.28362,4.25537
34.0946,3.04895,3.28558
34.2936,3.04857,3.30692
34.6916,3.04789,3.35135
32.5118,3.05264,3.13839
30.0684,3.05382,3.05056
30.2693,3.05377,3.04603
28.0743,3.05063,3.27155
28.2713,3.05118,3.234
27.6826,3.04933,3.35634
27.488,3.04853,3.40322
29.4663,3.05369,3.08193
29.266,3.05346,3.09872
28.6675,3.05225,3.16941
28.4691,3.05173,3.19995
31.2827,3.05401,3.06146
31.0782,3.05397,3.0539
30.8746,3.05388,3.0484
30.6721,3.0538,3.04515
31.5664,10.8712,4.42199
38.2943,10.303,4.4517
36.217,3.05073,3.51794
37.1278,3.59334,3.66063
37.5014,10.8712,4.49556
37.6552,10.8712,4.51105
31.7102,10.8712,4.39342
37.1879,3.98745,3.72936
37.2139,4.15003,3.75447
37.2712,4.4939,3.79966
38.1651,10.2563,4.46787
38.2704,10.1672,4.44031
36.0417,3.04855,3.5021
37.3328,4.85213,3.84202
38.212,9.83696,4.41136
35.4778,3.04628,3.44223
35.6691,3.04611,3.46355
25.8545,3.04693,3.94141
35.0879,3.04728,3.39723
37.5308,5.98261,3.97559
38.1798,9.65434,4.39464
27.1014,3.04681,3.50502
27.2942,3.04768,3.45282
38.1464,9.46527,4.37681
29.066,3.05314,3.11882
29.6668,3.05383,3.06837
34.4926,3.04822,3.32887
32.9085,3.05177,3.17135
33.1055,3.05129,3.18877
33.3031,3.05078,3.20688
32.7106,3.05222,3.15453
37.7998,7.49849,4.16593
37.6486,7.62359,4.19293
37.8341,7.69284,4.18886
27.878,3.05004,3.31238
31.8941,10.8712,4.36075
30.4704,3.05375,3.04428
37.4306,5.41358,3.90731
37.464,5.60368,3.92969
37.8687,7.88897,4.21144
31.4883,3.05396,3.07086
34.8902,3.04759,3.37422
31.695,3.05383,3.08194
37.6981,6.9253,4.09512
26.0129,3.04541,3.87041
37.9728,8.48116,4.27668
33.5,3.05028,3.22554
33.6983,3.0498,3.24495
29.8675,3.05387,3.05791
32.1084,3.05335,3.1083
32.3115,3.05302,3.12297
38.1121,9.27112,4.35798
28.8665,3.05273,3.14234
31.9023,3.05362,3.09452
37.3113,10.8712,4.47328
37.0792,10.8712,4.44319
36.5109,3.05367,3.53898
37.1445,3.70514,3.68106
37.3647,5.03624,3.86345
38.0424,8.87626,4.31819
25.5756,3.0496,4.08831
37.0503,3.05528,3.56425
37.0503,3.05495,3.56426
37.0501,3.05491,3.5627
37.0502,3.05471,3.56426
37.0501,3.05467,3.56271
37.05,3.05465,3.56116
37.0498,3.05459,3.5581
37.0498,3.05482,3.5581
37.0498,3.05484,3.55884
37.0504,3.05531,3.56565
37.0504,3.05498,3.56566
37.0499,3.05462,3.55984
37.0499,3.05486,3.55983
37.05,3.05489,3.56115
37.0504,3.05474,3.56567
37.0505,3.055,3.56676
37.0504,3.05477,3.56677
37.0505,3.05502,3.56753
37.0497,3.05457,3.55754
37.0497,3.05456,3.55711
37.0497,3.0548,3.55711
37.0497,3.05456,3.55678
37.0497,3.0548,3.55678
37.0496,3.05455,3.55652
37.0506,3.05505,3.56887
37.0506,3.05481,3.56911
37.0506,3.05481,3.56885
37.0506,3.05504,3.56853
37.0506,3.0548,3.56853
37.0505,3.05479,3.5681
37.0506,3.05503,3.5681
37.0505,3.05478,3.56753
37.0497,3.05481,3.55754
37.0502,3.05525,3.56269
37.0502,3.05571,3.56268
37.0504,3.05575,3.56423
37.0498,3.0546,3.55885
37.0501,3.05569,3.56113
37.0501,3.05522,3.56114
37.05,3.05519,3.55982
37.0499,3.05517,3.55883
37.0498,3.05515,3.55753
37.0498,3.05516,3.55809
37.0506,3.05536,3.5681
37.0506,3.05535,3.56752
37.0505,3.05534,3.56675
37.0499,3.05564,3.55881
37.0506,3.05582,3.56751
37.0506,3.0558,3.56674
37.0505,3.05578,3.56564
37.0499,3.05562,3.55807
37.05,3.05566,3.55981
37.0502,3.05634,3.56111
37.0507,3.05646,3.56672
37.0505,3.0564,3.56421
37.0506,3.05643,3.56562
37.0503,3.05637,3.56266
37.05,3.05629,3.5588
37.0501,3.05631,3.55979
37.0502,3.05723,3.55976
37.0503,3.05726,3.56108
37.0507,3.05735,3.56559
37.0504,3.05728,3.56263
37.0506,3.05732,3.56418
37.0506,3.05856,3.56259
37.0508,3.05773,3.56701
37.051,3.05835,3.56801
37.0509,3.05748,3.56806
37.0508,3.05677,3.56768
37.0507,3.05578,3.56832
37.0507,3.05537,3.5686
37.051,3.05888,3.56701
37.0511,3.05956,3.56784
37.0509,3.05862,3.5659
37.0511,3.06003,3.56621
37.0513,3.06102,3.56754
37.0513,3.06156,3.56605
37.0509,3.0594,3.56483
37.0515,3.06278,3.56716
37.0511,3.06091,3.56465
37.0513,3.06304,3.56471
37.0516,3.06559,3.56352
37.0517,3.06513,3.56653
37.0508,3.05983,3.56346
37.0507,3.055,3.56922
37.0507,3.05508,3.56908
37.0507,3.05522,3.56922
37.0496,3.05468,3.55631
37.0496,3.05455,3.55629
37.0508,3.05592,3.56929
37.0508,3.05594,3.56902
37.0508,3.05634,3.56916
37.0507,3.05558,3.56918
37.0498,3.05579,3.55663
37.0499,3.05617,3.55694
37.0508,3.0568,3.56856
37.051,3.05768,3.56897
37.0512,3.06328,3.56212
37.051,3.06146,3.56297
37.0507,3.05992,3.56184
37.0507,3.05533,3.56897
37.0507,3.05569,3.56879
37.0508,3.05614,3.56868
37.0507,3.05628,3.56815
37.0509,3.05692,3.56924
37.0505,3.05868,3.56113
37.0508,3.06138,3.56096
37.0505,3.05957,3.56006
37.0507,3.06107,3.55898
37.0504,3.05822,3.56021
37.0503,3.05843,3.55913
37.0511,3.05883,3.56903
37.0507,3.05828,3.56489
37.0509,3.06298,3.55964
37.0513,3.06017,3.56904
37.0515,3.06183,3.56902
37.0507,3.05868,3.56399
37.0513,3.06526,3.56053
37.0521,3.0685,3.56574
37.0521,3.06669,3.56894
37.0517,3.06806,3.56161
37.0518,3.06395,3.56902
37.0526,3.07014,3.56915
37.0526,3.07209,3.56635
37.0531,3.07408,3.56928
37.0497,3.05504,3.55675
37.0498,3.05532,3.55704
37.0497,3.05507,3.55643
37.0497,3.05541,3.5566
37.0498,3.0557,3.55692
37.0499,3.05577,3.55737
37.0501,3.0574,3.55845
37.0504,3.05954,3.55838
38.3929,10.8612,4.50201
38.3941,10.8676,4.50225
38.3947,10.8712,4.50247
37.0497,3.05487,3.55632
37.0497,3.05484,3.55653
37.05,3.05681,3.55705
37.0501,3.05741,3.55742
37.0502,3.05838,3.55786
37.05,3.05651,3.55774
37.0523,3.07149,3.56293
37.053,3.07595,3.56475
37.0537,3.07912,3.56931
37.0537,3.08097,3.56515
37.0546,3.08602,3.5687
38.3911,10.8511,4.50197
37.0558,3.09483,3.5706
37.0572,3.10438,3.57233
37.0586,3.11406,3.57424
38.3892,10.8404,4.50023
31.1435,10.8803,4.60795
31.1504,10.8888,4.61048
31.1496,10.8893,4.59977
31.6726,11.4437,4.72318
31.6343,11.4742,4.68669
31.5488,11.362,4.68267
45.1773,29.1343,7.92134
45.1377,29.0784,7.86675
45.1818,29.0429,7.84742
44.4925,28.3185,7.19693
44.5222,28.2938,7.19467
44.5775,28.3704,7.24906
42.9041,26.1713,6.29076
42.9534,26.131,6.30337
43.0458,26.2569,6.3336
36.1787,17.0981,5.13348
36.1002,17.1605,5.10483
35.9467,16.9579,5.0878
32.6779,12.4553,4.83427
32.8047,12.357,4.86712
32.9687,12.5758,4.87628
43.9555,27.5062,6.74972
44.0098,27.4621,6.75118
44.0794,27.562,6.79594
41.4659,24.1267,5.93812
41.5512,24.0586,5.95636
41.6656,24.2118,5.9797
38.9052,20.5067,5.49796
39.0472,20.3954,5.5219
39.1814,20.5791,5.54199
36.2912,17.0098,5.16218
36.4432,17.2123,5.17909
37.8186,19.2723,5.33303
37.7447,19.3315,5.3068
37.599,19.1389,5.28717
35.011,15.723,4.98989
35.0922,15.6588,5.01964
35.2493,15.867,5.0353
43.6318,26.9227,6.5468
43.7194,26.853,6.55044
43.7971,26.9675,6.58755
40.6947,23.2359,5.78034
40.7567,23.1856,5.80052
40.8776,23.346,5.82312
41.6364,24.4791,5.96786
41.6952,24.4313,5.9857
41.8084,24.5819,6.00993
33.4987,13.5442,4.88523
33.6219,13.4483,4.91718
33.7817,13.662,4.92826
34.8529,15.5143,4.97432
34.9345,15.4498,5.00424
43.2266,26.5028,6.39745
43.1798,26.5411,6.38681
43.0893,26.4197,6.35359
36.708,17.9625,5.17509
36.6559,18.0049,5.14641
36.5048,17.8061,5.12838
44.227,27.8837,6.93891
44.193,27.9118,6.93781
44.1274,27.8226,6.88832
31.2895,11.0729,4.6057
31.2934,11.069,4.63383
31.3396,11.129,4.63701
45.2171,29.361,8.10434
45.2108,29.3527,8.09568
45.2154,29.348,8.09866
31.5251,11.3824,4.61635
31.5297,11.3778,4.64682
31.6152,11.4901,4.65088
31.2528,11.0248,4.60411
31.2563,11.0214,4.63053
45.1571,29.282,8.02219
45.1563,29.2838,8.01685
45.1304,29.2497,7.98152
45.1906,29.3288,8.0638
45.1913,29.3271,8.069
45.2024,29.3417,8.0842
38.3648,20.3561,5.32835
38.3622,20.3609,5.30436
38.2208,20.1752,5.28267
41.7819,24.8522,5.94112
41.7842,24.8473,5.96025
41.8963,24.9946,5.98653
45.2211,29.3689,8.10575
45.2164,29.3627,8.09923
45.2101,29.3544,8.09056
45.2017,29.3434,8.07905
45.207,29.3369,8.08719
45.1758,29.3094,8.04359
45.1766,29.3077,8.04885
44.5082,28.4325,7.23339
44.5093,28.4299,7.24166
44.5652,28.5034,7.29887
44.273,28.1236,7.01368
44.2743,28.1207,7.02318
44.3349,28.2005,7.07617
43.9395,27.6804,6.76852
43.938,27.6837,6.75724
43.8645,27.5872,6.70874
43.4681,27.0604,6.49927
43.4663,27.0643,6.48562
43.3808,26.952,6.44507
42.1156,25.2905,6.02214
42.1179,25.2857,6.04056
42.2271,25.4292,6.06837
31.6106,11.4947,4.62042
31.7181,11.6252,4.65584
31.453,11.2877,4.61301
31.4575,11.2831,4.64335
31.3952,11.2016,4.64018
31.3908,11.206,4.61018
31.3354,11.1332,4.60771
31.271,11.0091,4.66286
31.2264,10.9834,4.62703
31.2236,10.9864,4.60286
31.2005,10.9561,4.60189
31.1826,10.9326,4.60114
31.1843,10.9308,4.61976
31.2027,10.9537,4.62339
31.17,10.9131,4.61633
31.159,10.8995,4.61324
31.1688,10.9144,4.60056
31.158,10.9003,4.60012
45.096,29.2045,7.93495
45.0968,29.2026,7.94052
45.1311,29.2478,7.98696
45.0546,29.1502,7.87951
45.0554,29.1483,7.88524
45.011,29.0929,7.82177
45.0118,29.091,7.82766
44.9662,29.0341,7.76333
44.967,29.032,7.76941
44.9202,28.9737,7.70442
44.9211,28.9716,7.7107
44.8731,28.9117,7.64519
44.874,28.9096,7.65168
44.8247,28.8482,7.58577
44.8256,28.846,7.59249
44.7751,28.7831,7.52631
44.7761,28.7808,7.53325
44.7243,28.7163,7.46694
44.7253,28.714,7.47413
44.6721,28.6479,7.40781
44.6732,28.6455,7.41526
44.6188,28.5777,7.34908
44.6198,28.5753,7.35679
44.5641,28.5059,7.29088
44.4511,28.3575,7.17679
44.4522,28.3548,7.18535
44.3928,28.281,7.12126
44.394,28.2783,7.13013
44.3336,28.2032,7.06699
44.2104,28.0414,6.961
44.2117,28.0385,6.97083
44.1456,27.9563,6.90886
44.147,27.9533,6.91903
44.0786,27.8683,6.85743
44.08,27.8652,6.86796
44.0094,27.7775,6.80684
44.0109,27.7743,6.81774
43.7889,27.4879,6.66147
43.7905,27.4844,6.67354
43.866,27.5838,6.72041
43.7113,27.3859,6.61547
43.7129,27.3823,6.62794
43.6316,27.2813,6.57082
43.6332,27.2776,6.58369
43.5499,27.1741,6.52754
43.5517,27.1703,6.5408
43.2935,26.8373,6.40589
43.2953,26.8333,6.42026
43.3826,26.9481,6.45909
43.2046,26.7205,6.36811
43.2065,26.7165,6.38282
43.1143,26.6019,6.33172
43.1162,26.5978,6.34676
43.0226,26.4815,6.29665
43.0245,26.4773,6.31201
42.9295,26.3593,6.26283
42.9315,26.3551,6.2785
42.835,26.2352,6.23017
42.8371,26.2309,6.24617
42.7388,26.1089,6.19852
42.7409,26.1045,6.21486
42.6406,25.98,6.16771
42.6428,25.9755,6.1844
42.5403,25.8482,6.13758
42.5425,25.8437,6.15464
42.4376,25.7133,6.10802
42.4398,25.7087,6.12544
42.3323,25.5751,6.0789
42.3346,25.5704,6.09668
42.2248,25.4339,6.05026
42.0052,25.1455,5.9946
42.0076,25.1407,6.01329
41.894,24.9994,5.96761
41.6688,24.7037,5.91506
41.6711,24.6989,5.93439
41.5547,24.5539,5.88936
41.557,24.549,5.90887
41.4396,24.4028,5.864
41.442,24.3979,5.88368
41.3238,24.2506,5.83896
41.3261,24.2458,5.8588
41.2072,24.0975,5.81424
41.2095,24.0927,5.83423
41.09,23.9436,5.78981
41.0923,23.9388,5.80996
40.9715,23.7879,5.7655
40.9738,23.7832,5.78581
40.852,23.631,5.74139
40.8543,23.6262,5.76185
40.7316,23.4729,5.71746
40.7339,23.4682,5.73807
40.61,23.3131,5.69363
40.6122,23.3084,5.71439
40.4866,23.1511,5.6698
40.4889,23.1463,5.69072
40.3627,22.9884,5.64622
40.365,22.9836,5.66729
40.2377,22.8242,5.62274
40.24,22.8195,5.64398
40.1113,22.6581,5.59931
40.1136,22.6534,5.62071
39.9825,22.4889,5.57576
39.9848,22.4842,5.59733
39.8517,22.3171,5.55216
39.854,22.3124,5.5739
39.7196,22.1436,5.52864
39.722,22.1389,5.55057
39.587,21.9694,5.50534
39.5893,21.9647,5.52745
39.454,21.7947,5.4823
39.4564,21.79,5.50461
39.3199,21.6185,5.45937
39.3222,21.6138,5.48189
39.1859,21.4427,5.4368
39.1884,21.4379,5.45952
39.0515,21.2661,5.41445
39.054,21.2614,5.43738
38.9157,21.0877,5.39216
38.9182,21.083,5.4153
38.7786,20.9078,5.36998
38.7812,20.903,5.39333
38.6408,20.7267,5.34797
38.6433,20.7219,5.37153
38.502,20.5445,5.32611
38.5046,20.5397,5.34988
38.0782,19.988,5.26112
38.0809,19.9832,5.28551
38.2235,20.1704,5.30686
37.9347,19.7996,5.23977
37.9374,19.7948,5.26436
37.7904,19.6101,5.21867
37.7932,19.6053,5.24345
37.6451,19.4193,5.19782
37.6479,19.4145,5.22278
37.4987,19.227,5.17724
37.5015,19.2222,5.20237
37.3513,19.0335,5.15696
37.3542,19.0287,5.18226
37.2033,18.8391,5.13704
37.2062,18.8343,5.16249
37.0546,18.6438,5.11746
37.0575,18.6391,5.14306
36.9051,18.4475,5.09817
36.9081,18.4428,5.12391
36.7549,18.2503,5.07915
36.7579,18.2455,5.10503
36.6042,18.0523,5.06041
36.6072,18.0476,5.08641
36.4529,17.8537,5.0419
36.456,17.8489,5.06804
36.3008,17.6539,5.02358
36.3039,17.6492,5.04984
36.1479,17.4531,5.00543
36.151,17.4483,5.03182
35.9944,17.2515,4.98751
35.9975,17.2467,5.01403
35.8403,17.0491,4.96983
35.8435,17.0444,4.99647
35.6855,16.8459,4.95236
35.6888,16.8411,4.97913
35.5301,16.6417,4.9351
35.5333,16.637,4.962
35.3739,16.4366,4.91805
35.3772,16.4319,4.94507
35.217,16.2306,4.90121
35.2203,16.2258,4.92836
35.0595,16.0237,4.88457
35.0629,16.019,4.91185
34.9014,15.8161,4.86813
34.9048,15.8113,4.89554
34.7426,15.6077,4.85192
34.7461,15.6029,4.87946
34.5834,15.3986,4.836
34.587,15.3939,4.86368
34.4238,15.1891,4.82041
34.4274,15.1843,4.84823
34.2638,14.9789,4.8052
34.2674,14.9742,4.83316
34.1034,14.7682,4.7904
34.107,14.7635,4.81853
33.9425,14.557,4.77606
33.9463,14.5523,4.80435
33.7813,14.3453,4.76217
33.7851,14.3405,4.79064
33.6197,14.133,4.74875
33.6235,14.1283,4.77739
33.4579,13.9205,4.73579
33.4618,13.9158,4.76461
33.296,13.708,4.72332
33.3,13.7033,4.75231
33.1329,13.4937,4.71123
33.1369,13.4891,4.74039
32.9679,13.2771,4.69949
32.972,13.2724,4.72881
32.8015,13.0585,4.68815
32.8056,13.0539,4.71763
32.635,12.8399,4.67731
32.6392,12.8353,4.70694
32.4692,12.6222,4.66699
32.4735,12.6175,4.69677
32.3049,12.4064,4.65721
32.3093,12.4018,4.68713
32.1426,12.1933,4.64798
32.147,12.1886,4.67803
31.983,11.9837,4.63929
31.9875,11.9791,4.66946
31.8369,11.7918,4.63166
31.8414,11.7872,4.66195
31.7135,11.6298,4.62544
31.1428,10.8804,4.59949
45.1813,29.3028,8.0519
45.196,29.3223,8.07201
45.1618,29.277,8.02529
45.1709,29.2689,8.02535
45.1902,29.2948,8.05193
45.136,29.2428,7.99014
45.0605,29.1431,7.88869
45.1017,29.1975,7.94382
44.8314,28.8401,7.59698
44.8796,28.9038,7.65593
44.782,28.7747,7.53802
44.6794,28.639,7.42061
44.7313,28.7077,7.47918
44.5718,28.4966,7.30487
44.516,28.4229,7.24801
44.4591,28.3477,7.19207
44.2194,28.0305,6.97916
44.2818,28.113,7.03109
44.0192,27.7656,6.82748
44.0881,27.8568,6.87722
43.8748,27.5747,6.73117
43.9481,27.6716,6.77876
43.7995,27.4751,6.68481
43.7222,27.3727,6.63974
43.5614,27.1602,6.55364
43.4781,27.0501,6.51261
43.3058,26.8226,6.43456
42.7527,26.0925,6.2315
42.4524,25.6961,6.14343
42.5548,25.8312,6.17216
42.131,25.2726,6.05988
42.2401,25.4162,6.08727
41.7975,24.8339,5.98062
40.6257,23.2947,5.73743
37.2219,18.8194,5.19183
35.3939,16.4166,4.97644
35.2371,16.2105,4.95989
31.8604,11.7713,4.69752
31.7372,11.6093,4.69154
31.4138,11.1862,4.67569
31.4765,11.2674,4.67913
31.3574,11.1143,4.67194
31.3099,11.0553,4.66774
31.239,10.9729,4.65718
45.017,29.0856,7.83129
44.9723,29.0266,7.77323
44.9265,28.966,7.71472
44.6262,28.5687,7.36246
44.3422,28.1929,7.08366
44.4012,28.271,7.13723
44.1549,27.9451,6.92782
43.6428,27.2678,6.59601
43.3928,26.9375,6.47292
43.1271,26.5866,6.36189
43.2171,26.7056,6.39755
43.0356,26.466,6.3275
42.9429,26.3435,6.29435
42.8487,26.2191,6.2624
42.6549,25.9633,6.20147
42.3473,25.5576,6.11513
42.0207,25.1275,6.03299
41.9095,24.9812,6.00659
41.5704,24.5355,5.92983
41.6845,24.6854,5.95506
41.4553,24.3844,5.90492
41.3395,24.2322,5.88032
41.2229,24.0791,5.85602
41.1057,23.9252,5.83201
40.9872,23.7696,5.80811
40.8677,23.6126,5.7844
40.7474,23.4545,5.76087
40.3786,22.97,5.69081
40.5024,23.1327,5.714
40.2536,22.8058,5.66774
40.1272,22.6397,5.64471
39.9985,22.4705,5.62157
39.8678,22.2986,5.59839
39.7358,22.1251,5.57531
39.6032,21.9507,5.55246
39.4704,21.776,5.52987
39.3364,21.5998,5.50741
39.2026,21.4238,5.48531
39.0683,21.2472,5.46343
38.9326,21.0687,5.44162
38.7958,20.8886,5.41992
38.658,20.7075,5.39839
38.5194,20.5252,5.37701
38.3798,20.3415,5.35574
38.2385,20.1557,5.33452
38.0961,19.9684,5.31343
37.9527,19.78,5.29254
37.8085,19.5904,5.27188
37.6633,19.3996,5.25146
37.517,19.2073,5.23127
37.3698,19.0138,5.21139
36.924,18.4278,5.15363
37.0733,18.6241,5.17259
36.7739,18.2305,5.13492
36.6233,18.0325,5.11648
36.4721,17.8338,5.09827
36.3201,17.6341,5.08024
36.1673,17.4332,5.06238
36.0139,17.2316,5.04475
35.8599,17.0292,5.02736
35.7053,16.8259,5.01017
35.5499,16.6217,4.9932
34.9218,15.7959,4.92738
35.0797,16.0036,4.94353
34.7632,15.5875,4.91146
34.6041,15.3784,4.89584
34.4447,15.1688,4.88057
34.2848,14.9586,4.86568
34.1246,14.7479,4.85124
33.9639,14.5367,4.83727
33.8028,14.3249,4.82377
33.6414,14.1126,4.81074
33.4798,13.9001,4.79819
33.3182,13.6876,4.78611
33.1552,13.4733,4.77442
32.9904,13.2566,4.76306
32.8241,13.038,4.75209
32.6578,12.8194,4.74161
32.4922,12.6017,4.73163
32.3281,12.3859,4.72218
32.1659,12.1728,4.71326
32.0064,11.9632,4.70487
45.2048,29.3143,8.07203
45.2157,29.3291,8.08722
45.1849,29.2569,8.02212
45.1452,29.2345,7.99025
45.1111,29.1891,7.94402
45.0268,29.0768,7.83179
45.0701,29.1344,7.88903
44.9824,29.0175,7.77391
44.8901,28.8943,7.65704
44.9368,28.9567,7.71561
44.8422,28.8303,7.59835
44.7931,28.7647,7.53966
44.7428,28.6974,7.48113
44.6912,28.6284,7.42289
44.5842,28.4854,7.3079
44.6383,28.5578,7.3651
44.5288,28.4114,7.25145
44.4722,28.3358,7.19594
44.4146,28.2588,7.14154
44.2959,28.1002,7.03633
44.356,28.1804,7.08843
44.234,28.0174,6.9849
44.1698,27.9316,6.93406
44.1035,27.843,6.88397
44.035,27.7514,6.83477
43.8916,27.5596,6.73952
43.9644,27.6569,6.78658
43.8168,27.4596,6.69371
43.7399,27.3568,6.64918
43.5801,27.1435,6.56416
43.661,27.2515,6.60599
43.4972,27.033,6.52367
43.4427,26.8945,6.49439
43.4124,26.9201,6.48451
43.3258,26.8048,6.44668
43.2375,26.6874,6.4102
43.1478,26.5682,6.37508
42.9643,26.3244,6.30866
43.0567,26.4472,6.34124
42.8704,26.1997,6.27724
42.7749,26.0728,6.24685
42.6774,25.9432,6.2173
42.5778,25.8108,6.18845
42.4759,25.6752,6.16014
42.3713,25.5363,6.13226
42.0458,25.1053,6.05123
42.1557,25.2507,6.07776
41.823,24.8114,5.99957
41.9348,24.9589,6.02518
41.7101,24.6627,5.97434
41.5962,24.5127,5.94945
41.4813,24.3615,5.92487
41.3655,24.2092,5.90059
41.132,23.902,5.85289
41.0136,23.7462,5.8293
40.774,23.431,5.78264
40.5293,23.1089,5.73635
40.6525,23.2711,5.7595
40.2808,22.7818,5.69064
40.4056,22.9461,5.71344
40.1546,22.6156,5.66789
39.8955,22.2743,5.62214
39.7637,22.1006,5.59934
39.4987,21.7512,5.55446
39.6313,21.9261,5.57677
39.2314,21.3987,5.51047
39.3649,21.5748,5.53229
39.0973,21.2219,5.48888
38.9619,21.0432,5.46736
38.8253,20.8629,5.44594
38.6878,20.6816,5.4247
38.5494,20.4991,5.4036
38.1268,19.9419,5.3409
38.269,20.1293,5.3617
37.8397,19.5636,5.29993
37.9836,19.7533,5.3203
37.6947,19.3726,5.27978
37.4015,18.9866,5.24024
37.5486,19.1802,5.25987
37.2538,18.7921,5.22092
37.1054,18.5967,5.20191
36.9562,18.4003,5.18316
36.8063,18.203,5.16466
36.2004,17.4053,5.09286
36.353,17.6062,5.11053
35.7388,16.7977,5.0412
35.8933,17.0011,5.0582
35.5836,16.5934,5.0244
35.4277,16.3882,5.00782
34.9561,15.7673,4.95926
35.1139,15.975,4.97525
34.7977,15.5587,4.94352
34.6388,15.3495,4.92808
34.3199,14.9295,4.89832
34.4796,15.1398,4.913
34.1599,14.7187,4.8841
33.9994,14.5074,4.87036
33.516,13.8705,4.83204
33.6774,14.0831,4.84433
33.1918,13.4434,4.80879
33.3546,13.6578,4.82023
33.0272,13.2267,4.79768
32.6951,12.7893,4.77671
32.8612,13.008,4.78696
32.5296,12.5715,4.76696
32.3657,12.3557,4.75774
32.0444,11.9328,4.74086
31.8985,11.7408,4.7337
31.7754,11.5788,4.7279
31.5145,11.2372,4.71572
31.5871,11.3315,4.71925
31.3935,11.0855,4.70811
31.4511,11.1565,4.71216
31.344,11.0282,4.70332
44.9528,28.943,7.71316
44.9762,28.9236,7.70674
45.0208,28.9853,7.76459
42.2644,25.3946,6.10479
41.2491,24.056,5.8766
40.8943,23.5892,5.80588
40.1979,22.5795,5.68983
40.3238,22.7459,5.71231
40.026,22.4463,5.64503
38.41,20.3152,5.38262
36.0471,17.2036,5.07541
35.2711,16.182,4.99143
33.8386,14.2955,4.85711
32.2037,12.1425,4.74904
45.204,29.283,8.0487
45.1256,29.1767,7.94088
45.1594,29.2224,7.98704
45.0849,29.1218,7.88602
45.042,29.0638,7.82894
44.998,29.0042,7.77124
44.8591,28.8159,7.59643
44.9065,28.8803,7.65484
44.7606,28.6822,7.47988
44.8104,28.7499,7.53806
44.7094,28.6128,7.42204
44.7362,28.5906,7.41751
44.7866,28.6605,7.47488
44.6034,28.4689,7.30791
44.6316,28.4455,7.30445
44.6845,28.5189,7.36065
44.6571,28.5417,7.36467
44.5486,28.3945,7.25194
44.4354,28.241,7.14306
44.4659,28.2156,7.14143
44.3773,28.1621,7.09048
44.3179,28.0814,7.03893
44.2565,27.9981,6.98807
44.0595,27.7305,6.83972
43.9175,27.5375,6.7457
43.9896,27.6354,6.79214
44.0265,27.6049,6.79541
43.8434,27.4369,6.7005
43.7673,27.3336,6.65659
43.609,27.1191,6.57281
43.6891,27.2276,6.61403
43.5268,27.008,6.53294
43.3567,26.7787,6.45718
43.269,26.6608,6.42132
42.9974,26.2965,6.32161
42.8092,26.0438,6.26088
42.6135,25.7807,6.20345
42.7124,25.9137,6.23184
42.5123,25.6446,6.17559
42.3022,25.3629,6.12106
42.4084,25.5052,6.14813
42.25,25.173,6.11045
42.1941,25.2185,6.09442
42.0846,25.0728,6.06825
41.8626,24.7783,6.0173
41.9741,24.926,6.04255
41.75,24.6293,5.99242
41.4063,24.1751,5.91964
41.5217,24.3276,5.9436
41.2901,24.0217,5.89597
41.3501,23.9729,5.91475
41.1732,23.8675,5.87257
41.0551,23.7116,5.84928
41.1159,23.6622,5.86864
41.2336,23.8184,5.89164
40.936,23.5543,5.82615
40.816,23.3959,5.8032
40.5717,23.0735,5.75747
40.4483,22.9105,5.73484
39.9394,22.2377,5.64463
40.0696,22.41,5.66725
40.3528,22.4553,5.73207
40.2615,22.5279,5.71108
40.1337,22.358,5.68876
39.8079,22.0638,5.62211
39.8731,22.0111,5.64415
39.6759,21.8891,5.59981
39.5436,21.7139,5.57779
39.4102,21.5372,5.55589
39.2771,21.3607,5.53435
39.1435,21.1836,5.51303
39.0085,21.0046,5.49178
38.8723,20.8241,5.47065
38.7352,20.6424,5.44968
38.4582,20.2754,5.40817
38.5973,20.4596,5.42887
38.5293,20.2183,5.43293
38.6677,20.4029,5.45335
38.1758,19.9015,5.36704
38.3176,20.0893,5.38754
38.033,19.7126,5.34673
37.8894,19.5227,5.32665
37.9627,19.4639,5.3526
37.4522,18.9451,5.2678
37.3048,18.7504,5.24874
37.1567,18.5548,5.22997
37.0078,18.3582,5.21143
36.8581,18.1607,5.19314
36.4056,17.5635,5.13958
36.5572,17.7635,5.15725
36.2532,17.3624,5.12209
35.7924,16.7543,5.07098
35.4819,16.3445,5.03794
35.6375,16.5499,5.05436
35.3255,16.1381,5.02173
35.1686,15.9309,5.00571
34.6943,15.3049,4.95907
34.5354,15.095,4.94419
34.376,14.8845,4.92972
34.2163,14.6735,4.91573
34.2997,14.6078,4.9465
34.4589,14.8191,4.96024
34.0562,14.462,4.90224
33.7349,14.0373,4.87675
33.8957,14.2499,4.88925
33.5738,13.8244,4.86472
33.4128,13.6116,4.85317
33.0861,13.18,4.83114
33.2504,13.397,4.84199
32.9204,12.9612,4.82065
32.7546,12.7423,4.81064
32.5895,12.5243,4.80112
32.4259,12.3083,4.79211
32.5147,12.239,4.82546
32.2641,12.0949,4.78363
32.1051,11.8851,4.77567
31.9594,11.693,4.76871
31.6483,11.2836,4.75469
31.7339,11.3957,4.75851
31.8365,11.5309,4.76308
31.5754,11.1895,4.75122
44.35,28.0547,7.03864
44.4087,28.1361,7.08952
44.2896,27.9707,6.98846
43.8074,27.3005,6.66212
43.8824,27.4047,6.70528
38.3893,20.0316,5.41259
32.8426,12.6736,4.84359
31.8244,11.3253,4.79277
31.9268,11.4606,4.79719
45.2054,29.24,8.01491
45.1803,29.2051,7.97983
45.1469,29.159,7.93373
45.1066,29.1037,7.879
45.0642,29.0453,7.82208
44.9306,28.8603,7.64871
44.8239,28.6301,7.4651
44.8721,28.6992,7.52233
44.8358,28.7288,7.53264
44.5096,28.1799,7.13591
44.5648,28.259,7.18834
44.0954,27.7008,6.84225
44.1469,27.659,6.84187
43.9383,27.3595,6.70767
43.7303,27.1937,6.6203
43.6511,27.0844,6.57984
43.57,26.9725,6.54071
43.4868,26.8582,6.5029
43.4017,26.7417,6.46642
43.3149,26.6232,6.43127
43.1369,26.3808,6.36492
43.2049,26.326,6.37528
42.8594,26.0028,6.27407
42.6657,25.7381,6.2177
42.7636,25.8719,6.24557
42.5655,25.6012,6.19032
42.3573,25.318,6.13669
42.4626,25.461,6.16332
42.1413,25.0266,6.08468
42.0314,24.8794,6.05935
41.9205,24.7312,6.03446
41.5809,24.2795,5.96177
40.9971,23.5047,5.84579
40.6341,23.0229,5.77793
40.6011,22.7879,5.77601
40.5111,22.8596,5.75556
40.387,22.6947,5.73329
40.004,22.1854,5.6664
39.9664,21.9368,5.66596
40.0966,22.1117,5.68794
39.477,21.4832,5.57874
39.2115,21.1287,5.53642
39.3445,21.3063,5.55747
39.0408,20.6895,5.51836
38.9415,20.7683,5.49458
38.8051,20.5862,5.47389
38.3516,19.7614,5.41767
38.248,19.8435,5.39239
38.1058,19.6542,5.37238
37.527,18.8852,5.2946
37.6733,19.0794,5.31369
37.6344,18.8005,5.32143
37.78,18.9951,5.34022
37.3801,18.6902,5.2758
37.2324,18.4943,5.25726
37.0839,18.2975,5.23895
36.7849,17.9012,5.20301
36.9347,18.0997,5.22087
37.0444,18.0132,5.24865
36.6345,17.702,5.18536
36.4833,17.5017,5.16787
36.5948,17.4141,5.19621
36.3313,17.3003,5.15056
35.7171,16.4867,5.0835
35.8716,16.6915,5.09996
35.5618,16.2811,5.06725
35.6765,16.1912,5.09657
35.4059,16.0745,5.05118
35.0515,15.3583,5.03411
34.7763,15.2401,4.98917
34.14,14.396,4.93327
33.6592,13.7574,4.89653
33.8197,13.9706,4.9083
33.1731,13.1119,4.86366
33.3368,13.3292,4.87429
33.4608,13.2328,4.90644
32.3534,12.0254,4.81718
32.0495,11.623,4.80265
32.1947,11.8153,4.80942
32.3233,11.7158,4.84279
44.8837,28.7954,7.59063
44.9191,28.7665,7.57985
44.1623,27.7937,6.89013
44.2123,27.753,6.88884
44.2756,27.8441,6.93674
43.7891,27.1461,6.62456
43.8647,27.2541,6.66545
39.6099,21.6604,5.60037
39.7416,21.836,5.62213
39.0771,20.9493,5.51544
39.1755,20.8712,5.53894
37.9245,19.1886,5.35926
37.1931,18.2114,5.26653
36.7454,17.6148,5.21352
36.8952,17.8144,5.23099
36.0255,16.8953,5.11661
35.9852,16.6024,5.12898
36.1385,16.8065,5.14548
35.8312,16.3972,5.11268
34.6178,15.0299,4.97449
33.9801,14.1835,4.92054
33.0079,12.8928,4.8534
45.2101,29.1808,7.96739
45.0534,28.9586,7.75276
45.0961,29.0194,7.81002
45.0097,28.8962,7.6952
44.7745,28.5593,7.40832
44.619,28.3366,7.24196
44.672,28.4125,7.2966
44.7238,28.4868,7.3521
44.3369,27.9321,6.98543
44.3962,28.0171,7.03476
44.3448,27.7886,6.93017
43.7115,27.0356,6.58502
43.4662,26.6898,6.47428
43.3014,26.2495,6.38406
43.3883,26.3738,6.41484
43.5576,26.6172,6.48007
43.3806,26.5703,6.43998
43.2935,26.449,6.407
43.0238,26.0744,6.31518
43.0329,25.8645,6.29779
42.9312,25.9451,6.28655
42.8368,25.8132,6.25866
42.7403,25.6783,6.23138
42.33,25.1089,6.12615
42.4361,25.2549,6.15193
42.5401,25.3989,6.17807
42.5478,25.1667,6.16626
42.6499,25.3121,6.19187
42.1133,24.8139,6.07588
42.2224,24.9618,6.1008
42.2294,24.7223,6.09163
42.3371,24.8712,6.1161
41.8918,24.5152,6.0272
41.7792,24.3641,6.00331
41.3201,23.7494,5.91047
41.436,23.9044,5.93329
41.4426,23.6529,5.92863
41.2029,23.5927,5.88775
41.0848,23.4348,5.86517
40.9658,23.2756,5.84277
41.0907,23.1772,5.8618
41.2089,23.337,5.88391
40.7235,22.9517,5.79811
40.2257,22.2848,5.71002
40.2279,22.0085,5.70902
40.356,22.1824,5.7308
39.7048,21.5849,5.62274
39.8357,21.7611,5.64422
39.5728,21.4071,5.6014
39.309,21.0513,5.55963
39.4472,20.9428,5.58261
39.5781,21.122,5.60306
38.7688,20.3228,5.47771
38.6312,20.1375,5.4576
38.4921,19.9502,5.43756
38.0679,19.3807,5.37851
37.341,18.4087,5.2846
36.9024,17.4923,5.24191
35.3652,15.7763,5.06488
35.5211,15.9842,5.08063
35.2171,15.2296,5.06427
35.3734,15.4397,5.07934
35.2086,15.5677,5.04935
34.5777,14.7263,4.99073
34.736,14.9376,5.00475
34.4192,14.5145,4.97724
34.746,14.5958,5.02156
34.9033,14.8077,5.03532
33.9414,13.8758,4.93979
34.101,14.0892,4.95179
34.1137,13.7423,4.97159
34.2722,13.9565,4.98337
33.1333,12.7954,4.88591
32.4814,11.9263,4.85037
32.6421,12.1403,4.85849
45.0997,28.9213,7.73397
45.1412,28.983,7.79093
44.965,28.8322,7.63752
44.4536,28.0995,7.08481
44.5173,28.0482,7.07511
44.5717,28.1299,7.12519
43.8727,27.0795,6.62596
43.55,26.8073,6.50989
43.6395,26.7361,6.51462
43.4737,26.4964,6.44682
43.115,26.2012,6.34471
43.2132,26.1234,6.35437
42.9405,25.7311,6.27061
42.6416,25.5402,6.20456
42.7494,25.4549,6.21778
42.0032,24.6651,6.05137
41.3262,23.4956,5.9062
40.8455,23.1148,5.82044
40.4776,22.6225,5.75401
40.4821,22.3536,5.75255
39.9691,21.6562,5.66593
40.0988,21.8328,5.68736
39.4412,21.2296,5.5804
39.7086,21.3005,5.62374
38.2102,19.5716,5.39798
37.488,18.605,5.30289
37.0515,17.6924,5.25919
35.5292,15.6489,5.09471
34.8939,15.1482,5.01922
35.0604,15.019,5.04958
34.2602,14.3022,4.96426
34.4304,14.1702,4.99561
33.2978,13.015,4.89599
32.1785,11.5231,4.8362
45.0138,28.7928,7.61954
44.9236,28.6576,7.50549
44.7797,28.4417,7.33754
44.8288,28.5154,7.39292
44.6779,28.2891,7.22924
44.7294,28.3662,7.28293
44.6253,28.2103,7.17661
44.4042,27.878,6.97779
44.4616,27.9644,7.02609
44.2199,27.6005,6.83754
44.0176,27.2961,6.70678
44.087,27.4004,6.74914
43.1237,25.9952,6.32566
42.8461,25.5946,6.24399
42.4434,25.0195,6.14098
42.01,24.422,6.04374
42.1203,24.5727,6.06753
41.5576,23.8085,5.95115
41.7856,24.1173,5.99694
40.9713,23.0158,5.83976
40.8501,22.852,5.81772
40.7286,22.6875,5.79591
39.8394,21.4791,5.64477
39.3149,20.7617,5.56224
38.7756,20.0242,5.48218
38.9119,20.2105,5.50197
38.6376,19.8361,5.46247
38.4984,19.6464,5.44292
38.0746,19.0711,5.38553
38.2169,19.2639,5.40444
37.931,18.8769,5.36683
37.4948,18.2885,5.3121
37.641,18.4854,5.33012
37.3478,18.0906,5.29428
37.1999,17.8919,5.27664
36.7526,17.2911,5.22481
36.1461,16.4771,5.15829
36.2986,16.6818,5.17463
35.9929,16.2714,5.14214
35.8389,16.0648,5.12617
34.5883,14.3833,5.00833
33.7964,13.3133,4.94934
33.955,13.5278,4.96025
33.4744,12.8785,4.92843
32.9843,12.2184,4.89996
33.1472,12.4379,4.90896
32.8226,12.0011,4.89144
45.0572,28.8579,7.67678
44.9692,28.7261,7.5624
44.8768,28.5874,7.44895
44.2833,27.696,6.88338
44.1545,27.5019,6.79275
43.9462,27.1891,6.66571
41.8983,24.2702,6.02021
41.672,23.9633,5.97392
40.606,22.5215,5.7742
38.3581,19.4557,5.42356
37.7864,18.6815,5.34835
36.4505,16.8857,5.19115
36.6018,17.0887,5.20788
35.6843,15.8573,5.11034
33.6363,13.0971,4.93873
33.3109,12.6582,4.91848
45.2371,27.0668,6.75093
45.1472,27.1871,6.78989
45.0971,27.0603,6.74402
45.35,27.1721,6.79112
45.212,27.3388,6.84916
46.2104,27.8253,7.08685
46.0863,27.8316,7.09353
46.1847,27.72,7.02996
46.1023,27.7235,7.03449
46.0269,27.7068,7.02753
45.9312,27.7968,7.07601
40.3951,16.1919,5.13361
40.3116,16.3186,5.16254
40.2492,16.2113,5.1534
40.3283,16.1047,5.1281
40.2071,16.1185,5.14418
44.8532,24.7245,6.17511
44.8527,24.8591,6.20421
44.7467,24.8168,6.20343
44.7196,24.727,6.18664
44.9435,24.7924,6.18182
44.989,24.7116,6.15976
45.3325,26.769,6.65427
45.4403,26.6386,6.61198
45.4682,26.7817,6.65665
45.5553,26.701,6.628
44.7231,24.9657,6.23616
44.8824,24.976,6.22717
44.8144,25.0834,6.25513
39.1105,13.6691,4.90693
38.9635,13.6521,4.92181
39.0793,13.5816,4.89752
39.0084,13.5237,4.89726
39.7978,14.6809,4.97611
39.8975,14.6407,4.95701
39.9021,14.7242,4.96961
39.8169,14.7933,4.99084
38.578,12.1075,4.72079
38.4726,12.1275,4.7392
38.5432,12.0408,4.71411
38.4494,12.0328,4.72621
39.7696,13.9067,4.84964
39.7316,13.9726,4.86953
39.6891,13.9144,4.86656
39.737,13.8504,4.84532
39.8052,13.955,4.85175
39.7836,14.0165,4.86799
40.3584,15.1486,4.97169
40.275,15.124,4.98156
40.3382,15.0859,4.96377
40.392,15.1002,4.95593
45.8264,26.2532,6.46929
45.7421,26.2868,6.48698
45.7787,26.2091,6.46047
45.7051,26.2165,6.46915
41.7661,17.8343,5.22618
41.758,17.9233,5.2446
41.6985,17.867,5.24352
41.6598,17.9335,5.26079
39.9658,14.2523,4.87694
39.8899,14.2857,4.89813
39.9291,14.2105,4.87638
39.9759,14.3118,4.8866
39.9048,14.3517,4.90741
39.9658,14.3811,4.9018
45.666,25.7281,6.3365
45.6483,25.6618,6.32078
45.7102,25.6994,6.32413
45.722,25.6427,6.30763
45.6902,25.6077,6.30195
46.6556,27.6173,6.94433
46.7168,27.5767,6.91727
46.7273,27.6216,6.9405
46.7072,27.6673,6.96726
38.1707,11.0933,4.60911
38.1052,11.0843,4.61869
38.1465,11.0472,4.60544
45.2543,29.1643,7.96301
45.2403,29.0996,7.90582
45.7622,25.5151,6.26781
45.7722,25.4659,6.25251
45.8054,25.5092,6.25945
45.8275,25.4738,6.24515
45.8156,25.4429,6.2382
45.8037,25.5835,6.28084
45.7794,25.6266,6.29621
45.7428,25.5877,6.29029
45.7807,25.5479,6.27423
45.739,25.5448,6.27915
38.3721,11.0402,4.55679
38.3656,11.0212,4.55441
38.3848,11.0209,4.54923
38.3939,11.0381,4.55055
38.3924,11.055,4.55467
46.6666,27.0801,6.68015
46.6818,27.0954,6.6848
46.6572,27.0972,6.68941
46.6782,27.1143,6.69419
46.4403,26.6893,6.54889
46.4593,26.6745,6.53991
46.4586,26.6959,6.54859
46.4751,26.6852,6.54151
46.4792,26.6724,6.53556
46.0505,25.7936,6.30002
46.0377,25.8126,6.30929
46.0274,25.7955,6.30583
46.0148,25.8162,6.31511
46.5394,26.8656,6.60544
46.5254,26.8795,6.61334
46.5203,26.8624,6.60697
46.5337,26.8536,6.60128
46.6232,26.8577,6.58666
46.6118,26.8611,6.59066
46.6142,26.8528,6.58639
46.6233,26.8498,6.58299
46.6178,26.8464,6.58266
45.2287,29.3671,8.11769
45.2257,29.3593,8.11164
45.232,29.3642,8.11834
45.2351,29.3588,8.11656
45.2241,29.366,8.11341
46.5494,26.7366,6.54871
46.5407,26.7326,6.54881
46.5483,26.7292,6.54573
46.5431,26.724,6.54458
46.5406,26.7405,6.5522
46.5474,26.7449,6.55272
45.23,29.3797,8.12121
45.2297,29.3801,8.11936
45.2282,29.3778,8.1181
37.3491,13.9211,5.10015
37.2102,13.8602,5.09939
37.3298,13.7612,5.08538
37.3496,14.0445,5.11169
37.2363,14.006,5.11174
37.4079,14.1583,5.12024
37.2817,14.124,5.12089
46.3591,26.8636,6.62692
46.3536,26.8353,6.61651
46.3822,26.8432,6.61652
46.3506,26.8958,6.64043
46.3222,26.8573,6.62823
38.3669,15.4324,5.20886
38.4106,15.3036,5.19396
38.5076,15.426,5.20236
38.2591,15.3281,5.20244
37.6544,14.5967,5.15263
37.7235,14.5198,5.14333
37.8168,14.6153,5.14911
37.6331,14.4422,5.13912
37.7964,14.4233,5.13104
36.9923,13.9578,5.11351
36.9216,13.8216,5.10381
37.062,13.827,5.10089
36.8124,13.7208,5.09777
36.9703,13.686,5.09111
38.1846,15.2009,5.19266
38.3114,15.2041,5.18804
38.0579,15.0973,5.18691
38.2436,15.0585,5.17603
37.1605,13.6795,5.08429
37.3074,13.6116,5.07132
37.3811,13.4668,5.05201
37.4495,13.6402,5.06699
37.677,14.2832,5.12219
37.5035,14.3086,5.13096
37.4582,14.5196,5.1507
37.5735,14.146,5.11299
37.1171,13.9569,5.11069
37.1246,14.1127,5.1236
37.8734,14.8118,5.16586
37.7243,14.7412,5.16371
37.9181,14.9776,5.1799
37.7373,14.924,5.17943
46.4145,26.9768,6.66649
46.4439,26.9921,6.66975
46.4043,27.012,6.68197
46.4389,26.9585,6.65647
46.182,27.1075,6.74104
46.1142,27.1278,6.75454
46.141,27.0606,6.72489
46.1785,27.1754,6.76994
37.78,13.861,5.07148
37.8419,13.9803,5.08108
37.6568,13.9731,5.09132
37.9215,13.8386,5.05862
37.4729,14.0131,5.10412
37.5062,13.8302,5.08412
37.7497,14.1263,5.10264
37.8512,14.2422,5.10954
37.9008,14.0992,5.09079
37.9703,14.3476,5.11428
38.5999,15.523,5.20829
38.6244,15.6588,5.22155
38.4448,15.5761,5.22029
38.6739,15.4068,5.19144
38.7526,15.5418,5.20216
38.6769,15.982,5.25241
38.6543,15.818,5.23677
38.7913,15.8798,5.2374
38.8242,15.7146,5.21762
38.354,14.7758,5.13893
38.2492,14.886,5.15749
38.1762,14.7444,5.14606
38.0741,14.8958,5.16672
37.9593,14.517,5.13306
46.3542,26.946,6.66003
46.4034,26.9454,6.65489
46.3858,26.9763,6.66915
46.382,26.9162,6.64536
46.309,27.028,6.69748
46.268,27.0571,6.71306
46.2526,27.0114,6.69567
46.3535,26.998,6.68109
46.3645,27.0575,6.70462
46.2364,26.8838,6.64665
46.2971,26.9107,6.65149
46.2319,26.9478,6.67205
46.2767,26.8604,6.63384
46.3891,26.881,6.63062
46.3009,26.9742,6.67637
38.7476,16.1576,5.26737
38.8555,16.0184,5.24924
38.5346,15.909,5.24963
38.4884,15.7562,5.23641
38.3323,15.6883,5.23427
37.2151,13.4844,5.06269
38.2319,15.5094,5.22034
38.0614,15.3057,5.20597
38.1141,14.5775,5.13126
38.0744,14.4349,5.11777
37.6741,13.811,5.07261
37.6204,13.6649,5.0595
37.882,15.1269,5.19405
36.8042,13.9092,5.11252
38.0001,14.6952,5.14958
37.2956,14.2929,5.13504
37.5705,14.7423,5.1672
46.4134,26.9095,6.63936
46.4158,27.0518,6.69741
46.4094,27.0827,6.71105
46.4518,27.0316,6.6854
46.4512,27.0755,6.70399
46.418,27.1551,6.74135
46.456,27.1434,6.73273
46.4572,27.1769,6.74727
46.4762,27.1146,6.71827
46.4965,27.1562,6.73443
46.2888,26.8174,6.61623
46.1878,26.8535,6.63947
46.1857,26.9006,6.65771
46.1183,26.8746,6.65355
46.2368,26.8253,6.62425
46.3063,27.0724,6.71607
46.3298,27.1126,6.73091
46.2554,27.1151,6.7383
46.3061,27.2008,6.77094
46.2748,27.2479,6.79427
46.2533,27.189,6.7701
46.3464,27.2474,6.78832
46.2067,27.2463,6.79869
46.3003,27.156,6.75197
46.0205,26.8834,6.6648
45.9867,26.8392,6.65092
46.0467,26.83,6.64277
46.0171,26.9584,6.69361
45.9401,26.8864,6.67177
46.2165,27.0588,6.71809
46.1835,27.0029,6.69815
46.3851,27.1151,6.72708
46.1539,26.9435,6.67711
36.503,13.5949,5.09253
36.5721,13.7103,5.10022
36.4386,13.7157,5.10121
36.6588,13.596,5.09059
39.5566,16.9162,5.31466
39.6306,16.8047,5.29706
39.7274,16.9173,5.30467
39.4125,16.8856,5.31809
39.4799,16.7507,5.2996
38.0683,13.8132,5.04324
37.9989,13.6818,5.0324
38.1756,13.6924,5.01711
38.4591,15.1298,5.17275
38.2136,14.4489,5.1102
37.2833,13.2785,5.0369
37.5542,13.4884,5.04353
38.9408,16.1834,5.26299
38.9775,15.8571,5.22496
39.3309,16.6251,5.29306
39.3546,16.4501,5.27156
39.4886,16.569,5.27743
39.1842,16.4955,5.28573
37.7323,13.5176,5.03397
37.6707,13.3379,5.01644
37.8056,13.7025,5.05092
37.039,13.5151,5.07326
38.34,15.8872,5.25185
46.4129,26.8525,6.61672
46.4067,26.8188,6.6042
46.3728,26.8066,6.60333
46.4253,26.8805,6.62645
46.3319,26.806,6.6075
46.0927,26.9365,6.6794
39.8664,17.57,5.3743
39.8121,17.7336,5.394
39.6839,17.6145,5.38538
39.8509,17.8723,5.40729
39.6797,17.8142,5.40526
36.6824,13.7637,5.10306
36.5838,13.8814,5.112
39.0479,16.3444,5.27547
38.9923,16.5198,5.29548
38.8623,16.3404,5.28176
39.1167,16.1928,5.25546
39.2212,16.3276,5.26505
39.0362,16.043,5.24289
39.0918,16.8971,5.32925
39.2707,16.9082,5.32574
39.2406,17.0837,5.34379
39.329,16.7759,5.30976
39.5393,17.4577,5.37333
39.6998,17.4548,5.36821
39.8004,17.3602,5.35348
39.1578,16.7063,5.30892
36.848,13.5475,5.08242
39.6088,17.2721,5.35198
39.7568,17.2007,5.33717
39.3953,17.2719,5.35848
39.4454,17.0613,5.33563
39.6508,17.0737,5.32795
38.5756,15.2834,5.18326
38.0161,14.175,5.09182
38.6519,16.3214,5.28488
38.7931,16.5163,5.2999
38.9383,16.7073,5.31464
38.2848,14.6119,5.12445
38.1337,14.2957,5.09775
38.4065,14.9391,5.15438
38.5197,16.0965,5.26719
36.9302,14.1154,5.12658
38.1625,15.7079,5.23908
38.0053,15.5188,5.22523
37.8389,15.3266,5.21133
37.6784,15.1307,5.19723
37.0727,14.3096,5.1397
37.5197,14.9322,5.18308
37.372,14.7262,5.16849
37.228,14.5132,5.15359
46.4383,26.9281,6.64418
46.4573,26.7984,6.58972
46.4515,26.8177,6.59822
46.4345,26.8077,6.59641
46.4603,26.8369,6.60478
46.4345,26.8316,6.60591
46.4526,26.8787,6.62254
46.4733,26.8621,6.61327
46.4767,26.8931,6.62544
46.4427,26.857,6.61501
46.4185,26.7949,6.59339
46.4383,26.7847,6.58684
46.3997,26.7916,6.59438
46.4171,26.7697,6.58368
46.4639,26.9155,6.63615
46.4673,26.9401,6.64583
46.4937,26.9193,6.63408
46.4449,26.8998,6.63199
46.3281,26.7296,6.57896
46.3354,26.7678,6.59258
46.304,26.7729,6.59785
46.3552,26.7799,6.59499
46.4804,27.0544,6.69206
46.4878,27.0326,6.68208
46.5151,27.0498,6.68639
46.432,27.1145,6.72248
46.1914,26.8095,6.62252
46.2151,26.7754,6.6076
46.1535,26.8202,6.62996
46.1616,26.7658,6.60904
45.9254,26.7095,6.60911
45.9786,26.7219,6.60919
45.9407,26.7541,6.62364
46.0427,26.7563,6.61614
45.9879,26.7849,6.63101
46.0631,26.9066,6.67028
46.1352,27.2509,6.80562
46.2384,27.3112,6.82544
46.3582,27.1696,6.75294
46.1052,26.9955,6.7015
38.9647,15.0682,5.1265
38.8265,15.1387,5.14812
38.8115,14.9837,5.12933
38.7543,15.272,5.17032
38.6713,15.1307,5.15918
38.0298,13.9791,5.06736
39.7775,16.7575,5.28063
39.927,16.8869,5.28583
39.216,16.0607,5.23371
38.9474,15.5411,5.18918
39.0166,15.6731,5.20036
38.8531,15.3951,5.17816
39.0653,15.3574,5.15597
39.5262,16.398,5.25335
38.603,14.9672,5.14428
38.2077,13.8751,5.0386
46.4718,26.97,6.65763
46.2613,26.7774,6.60386
46.3835,26.768,6.5872
46.1043,26.7949,6.62492
46.0622,26.8736,6.65784
46.0463,27.1504,6.76846
46.037,27.0682,6.73546
37.9187,13.5252,5.01916
37.8429,13.3632,5.00468
37.4868,13.2762,5.02308
38.4715,14.6373,5.11367
38.5382,14.8012,5.1288
36.8717,14.303,5.14008
36.7234,14.0984,5.12636
39.8299,17.0628,5.31604
39.91,17.2273,5.33137
40.5164,18.7828,5.4859
40.3609,18.7096,5.48203
40.4485,18.5611,5.46313
40.5649,18.9543,5.50355
40.3836,18.9038,5.50184
38.31,14.2898,5.08326
38.2129,14.0943,5.06669
40.1092,17.9496,5.40687
39.9756,17.9981,5.41692
39.9795,17.7972,5.39501
40.267,17.9897,5.40414
40.15,18.1527,5.428
37.7857,13.2236,4.99132
36.7094,13.4007,5.07347
36.5203,13.4373,5.08051
36.3461,13.5189,5.0883
39.6358,16.5094,5.25925
40.2964,18.3644,5.44636
40.1069,18.373,5.45251
40.2496,18.5568,5.46844
40.6009,18.4923,5.44817
40.6441,18.6563,5.46621
36.2709,13.7088,5.10034
40.1737,17.8104,5.38742
40.0756,17.6152,5.36917
40.3687,18.1756,5.42135
40.488,18.3569,5.43732
39.9562,18.1912,5.43716
38.3925,14.4656,5.09857
39.392,16.279,5.24824
39.268,16.191,5.24602
39.8108,18.0188,5.4228
39.9866,17.4159,5.34996
39.1536,15.9228,5.22119
39.5085,17.6378,5.39126
36.909,13.3655,5.06395
39.3554,17.463,5.37719
39.202,17.275,5.36204
39.0487,17.0847,5.34683
37.6423,15.3219,5.21197
37.8004,15.5217,5.22674
38.8947,16.8929,5.33165
37.4838,15.1213,5.19734
37.325,14.9203,5.18288
38.2919,16.0995,5.27011
37.0957,13.328,5.05234
38.7401,16.7003,5.31655
38.5942,16.505,5.30132
38.4499,16.3028,5.28564
39.1993,15.7419,5.19485
38.1238,15.9071,5.2556
37.9658,15.7108,5.24083
37.0175,14.5089,5.15409
37.1751,14.7125,5.16821
46.5382,27.0282,6.67452
46.5571,27.0102,6.66444
46.5692,27.0336,6.67302
46.5255,27.0016,6.6647
46.24,26.736,6.5906
46.498,27.0809,6.70157
46.4217,27.2145,6.76715
46.4256,27.4079,6.85649
46.3662,27.3932,6.85414
46.4147,27.3502,6.82988
46.2926,27.3619,6.84492
46.3547,27.3218,6.82153
45.8912,26.231,6.45639
45.8784,26.299,6.47845
45.8433,26.1901,6.44873
45.6348,26.0255,6.42049
45.6294,26.097,6.44109
45.5579,26.0603,6.43679
45.6969,26.0002,6.40771
45.7159,26.0743,6.42693
46.3014,27.298,6.81478
46.1001,26.7231,6.59913
46.1565,27.3163,6.83325
46.1152,27.3689,6.85955
46.0442,27.3153,6.83922
45.9321,26.8083,6.64373
45.8572,26.8276,6.65583
45.8773,26.7445,6.62496
46.0882,27.2046,6.78861
46.3344,27.6154,6.96719
46.2789,27.6637,6.99576
46.2808,27.5887,6.95657
46.3672,27.6833,7.00123
45.573,26.1483,6.46027
45.663,26.1594,6.45611
45.6045,26.2645,6.49133
46.4843,27.004,6.67042
39.4179,16.0863,5.22158
37.7442,12.9544,4.95797
37.8332,13.0759,4.96615
37.6553,13.1271,4.99039
37.7252,12.7651,4.93246
37.8998,12.8767,4.92986
37.216,12.9325,5.00099
37.2806,13.0949,5.01594
37.147,13.136,5.02909
37.3863,13.1398,5.01391
41.0602,19.0802,5.49824
41.0192,18.9644,5.48521
41.1279,18.9793,5.48004
40.9301,18.8572,5.47639
41.1055,18.8559,5.46428
37.9336,13.2106,4.97489
38.5851,14.4849,5.08402
38.7311,14.8191,5.11488
38.9323,15.2315,5.15115
40.8909,19.0453,5.50264
40.693,19.0838,5.51456
40.7211,18.8708,5.48876
40.9943,19.2017,5.51748
37.4983,13.0618,4.99542
46.2827,26.7351,6.58595
46.1996,26.7334,6.59362
46.5094,27.0233,6.67575
46.3578,26.7507,6.58359
46.4974,26.9496,6.6462
46.5069,26.9768,6.65641
46.4114,27.2844,6.79961
45.7444,26.1532,6.44711
45.757,26.0037,6.40292
45.9494,26.6497,6.58638
46.0317,26.6843,6.59138
45.8845,26.6746,6.60015
46.1619,26.6909,6.5818
38.0243,13.3619,4.9868
40.1127,17.2446,5.31904
38.3985,16.4955,5.30084
38.2429,16.2992,5.28553
37.7726,15.7055,5.23997
37.6148,15.5056,5.22491
40.5676,18.1807,5.41029
40.4527,18.0085,5.39542
39.7378,16.3505,5.22897
39.5726,16.2171,5.22572
41.209,19.8442,5.5888
41.3007,19.6926,5.56638
41.4315,19.8564,5.58188
41.0759,19.8238,5.58966
41.095,19.6739,5.57165
40.8429,19.2444,5.52855
41.1559,19.2215,5.51154
41.0271,19.4145,5.54257
39.6351,16.6599,5.2787
39.8128,16.5554,5.25045
40.9288,19.7923,5.58848
41.2243,19.5304,5.54883
38.0116,13.0359,4.94115
38.1233,13.1831,4.95042
40.8288,18.7018,5.46204
36.181,13.357,5.07807
36.3773,13.3019,5.07234
36.1761,13.5523,5.09044
36.0861,13.7099,5.09833
41.2184,19.3765,5.52879
40.8044,19.4377,5.55149
38.1078,13.5249,5.00091
36.5606,13.23,5.06274
40.6905,18.3508,5.42452
40.6639,19.2744,5.53624
40.073,18.5649,5.47207
40.2136,18.7364,5.48727
40.3605,17.8314,5.37855
36.3942,13.8916,5.11207
40.5162,19.1085,5.52103
38.6673,14.6499,5.09832
40.749,18.5297,5.44438
40.007,17.0718,5.30422
39.9235,18.3854,5.4564
40.269,17.6454,5.36059
40.1779,17.4532,5.34187
38.5001,14.308,5.06848
36.7753,13.2116,5.05435
39.7733,18.2021,5.44058
36.9665,13.1763,5.0429
39.3256,15.9125,5.20654
39.6228,18.018,5.42487
38.0867,16.102,5.27028
37.9299,15.9042,5.2551
37.4567,15.3052,5.20999
37.2984,15.1041,5.19523
37.1397,14.9021,5.18063
36.9809,14.6989,5.16623
39.4722,17.8316,5.40914
36.5301,14.0827,5.12453
39.3205,17.6463,5.39366
39.1681,17.4583,5.3781
39.015,17.2679,5.36251
38.8619,17.0762,5.34697
38.7081,16.8837,5.33153
36.6733,14.2877,5.13808
38.5536,16.6903,5.31617
38.4206,14.1317,5.05248
38.3831,13.9486,5.03128
36.8219,14.4949,5.15206
46.501,26.8745,6.61466
46.5093,26.8962,6.62253
46.5012,26.8537,6.60608
46.4749,26.8156,6.59422
46.4431,26.7634,6.57776
46.362,26.724,6.57293
46.3549,26.7005,6.56492
46.3862,26.7046,6.5625
46.3224,26.6682,6.55677
46.2899,26.6632,6.55867
46.3173,26.6339,6.54471
46.3316,26.6938,6.56519
46.3032,26.6977,6.56989
46.2523,26.6555,6.56
46.2642,26.6964,6.57362
46.2203,26.6929,6.57684
46.5468,27.2282,6.76175
46.5174,27.2523,6.77554
46.492,27.2098,6.75866
46.5168,27.2955,6.79551
46.4704,27.2613,6.78391
45.7829,25.9575,6.38728
45.8174,25.9885,6.39253
45.783,25.9033,6.37209
45.8297,25.9388,6.37709
45.8036,26.1573,6.44281
45.854,26.13,6.42983
45.7975,26.1044,6.42788
45.8029,26.0428,6.40955
45.8631,26.0156,6.39551
46.4036,27.4711,6.88909
46.4782,27.4465,6.87106
46.3058,27.4465,6.88417
45.4537,26.009,6.43085
45.5611,25.9737,6.41262
45.7303,25.9493,6.39024
46.0642,27.4365,6.89328
46.1381,27.5303,6.93473
46.0083,27.5721,6.95999
46.1957,27.4077,6.87284
45.9495,27.022,6.72276
45.9303,27.0894,6.75041
45.8508,27.0218,6.72814
45.6778,26.4436,6.53994
45.7563,26.4873,6.54792
45.6743,26.5533,6.57462
45.6767,26.3528,6.51219
45.7688,26.3849,6.51473
45.8424,26.9167,6.68913
45.9186,26.9632,6.70205
45.9842,27.1397,6.76772
45.8988,27.1779,6.78764
45.9959,27.2108,6.79663
46.2439,27.5177,6.92298
45.502,26.1972,6.47926
45.449,26.2848,6.50729
45.3877,26.1823,6.48218
45.4811,26.1116,6.45684
41.312,19.1119,5.48527
41.1875,19.0644,5.48778
41.2814,18.9293,5.46078
41.3369,19.2751,5.50707
37.4766,12.9012,4.97618
37.3704,12.9878,4.9963
37.3586,12.7899,4.97167
37.6074,12.9278,4.96775
38.9996,14.9034,5.10034
39.1095,14.9961,5.10195
39.2587,15.0048,5.08697
39.1236,15.1557,5.12291
42.021,20.5088,5.64126
42.0276,20.6907,5.66752
41.8191,20.5945,5.66375
42.1495,20.4319,5.62024
42.1984,20.5772,5.63936
38.5994,13.7146,4.97406
38.5243,13.8526,5.00268
38.3804,13.7402,5.00244
38.5524,13.9982,5.02035
39.3285,15.1378,5.09854
39.24,15.2604,5.12566
39.2688,15.4018,5.14259
38.8585,14.6694,5.08218
38.8877,14.8181,5.09986
41.6866,20.0667,5.59732
41.5043,20.0785,5.60798
41.6295,19.9254,5.58065
41.3621,20.172,5.62434
41.2964,20.014,5.60691
35.6017,13.0843,5.05909
35.6736,13.2447,5.06821
35.4643,13.2167,5.06252
35.7492,13.0244,5.05704
39.5184,15.8917,5.18616
40.0774,16.7766,5.25681
40.1434,16.6324,5.22894
40.2544,16.7692,5.23754
39.962,16.6874,5.25515
39.1334,15.5448,5.17472
40.1229,16.9282,5.27419
39.0482,14.7101,5.06763
46.2056,27.6082,6.97058
46.5243,26.9129,6.62747
46.4648,26.773,6.57849
46.5271,26.957,6.64562
46.4847,26.8376,6.60178
46.5364,26.9781,6.65334
46.406,26.7469,6.57624
45.8664,26.5953,6.57465
45.9548,26.5624,6.5562
45.7745,26.5783,6.57598
45.8226,26.5224,6.55407
46.5382,27.0807,6.69715
46.0232,26.6101,6.5663
45.8933,26.5067,6.54306
45.8351,26.4483,6.52918
46.5203,27.1143,6.71372
46.0934,26.6503,6.57385
46.4663,27.3189,6.81086
45.8577,26.0722,6.41253
35.9917,13.3047,5.07473
36.1102,13.1836,5.06667
46.3413,27.5385,6.92729
46.4747,27.3817,6.83987
41.3731,19.5651,5.54555
40.1665,17.078,5.29142
40.2647,17.158,5.29375
45.8084,26.6734,6.60527
40.6508,18.0183,5.38195
45.6502,25.9409,6.3956
40.9226,18.5446,5.43423
41.0262,18.7051,5.44891
40.368,17.4889,5.33146
40.4616,17.6651,5.34818
40.5549,17.8408,5.36498
39.7353,18.3855,5.45704
39.5853,18.2013,5.44088
36.7959,14.679,5.16239
36.6369,14.4743,5.14819
37.113,15.0861,5.19158
37.2713,15.288,5.20648
37.587,15.6895,5.23675
37.7441,15.8892,5.25207
38.2124,16.4827,5.2984
38.3673,16.679,5.314
38.2457,13.3446,4.96035
38.0688,12.8848,4.91168
38.6884,14.3167,5.05064
38.8085,14.4847,5.0615
37.0275,12.9895,5.01974
36.8444,13.0279,5.03341
41.5002,20.2861,5.63468
41.6816,20.2435,5.6222
41.8219,20.122,5.59682
41.8652,20.2802,5.61731
42.3017,21.1021,5.71295
42.142,21.0619,5.71481
42.238,20.9351,5.69166
41.9919,21.1048,5.72558
42.0438,20.9052,5.69706
41.7785,20.4,5.63906
41.6396,20.4454,5.65059
41.8998,20.4254,5.63633
35.8627,13.241,5.07028
35.9817,13.1281,5.06358
35.841,13.117,5.06289
36.2585,13.1506,5.0626
41.8955,20.7901,5.68708
41.7314,20.8025,5.69318
41.8554,20.9582,5.71002
41.3594,19.4321,5.52786
41.075,19.9727,5.60654
36.4068,13.1337,5.05841
36.0133,13.5077,5.08657
41.6084,20.6373,5.67536
41.461,20.4769,5.65876
41.7954,19.9646,5.57514
40.9197,19.5959,5.56689
41.3228,20.3171,5.64222
41.1963,20.1611,5.62612
40.8443,18.3007,5.40595
40.7547,18.175,5.3955
35.803,13.4321,5.07959
35.8458,13.7005,5.09274
41.4793,19.6617,5.55254
41.6163,19.7538,5.55668
40.2985,17.3087,5.31216
40.7589,19.6321,5.57302
39.3284,15.5685,5.15984
39.4134,15.7374,5.17495
36.6578,13.0505,5.04349
36.4947,13.0472,5.04868
36.2047,13.8886,5.10953
40.8383,18.4197,5.42322
38.6036,14.16,5.03767
38.3003,13.5448,4.9833
39.2844,17.8296,5.40888
39.4351,18.015,5.42476
39.1332,17.6416,5.39294
40.619,19.4592,5.55614
40.4734,19.2913,5.54005
38.981,17.4512,5.37699
38.8282,17.2595,5.3611
38.6752,17.0671,5.34532
38.5215,16.8737,5.32964
40.3275,19.1097,5.52285
40.0324,18.7484,5.48953
40.1805,18.926,5.50578
39.7724,16.1435,5.19628
39.9223,16.3968,5.21744
38.0569,16.2856,5.28288
37.9008,16.0879,5.26745
39.8842,18.5687,5.47333
37.4293,15.489,5.22154
36.3373,14.0727,5.12141
36.4878,14.271,5.13455
36.9546,14.8829,5.17686
46.4816,26.7921,6.58374
46.4345,26.7411,6.57015
46.384,26.7353,6.57456
39.6374,16.0327,5.19418
46.5473,26.8804,6.61044
46.5603,26.8638,6.60131
46.5579,26.8962,6.61553
46.5441,26.9081,6.62267
46.5348,26.8959,6.61885
46.5438,26.9231,6.62904
46.5926,27.0336,6.66997
46.5832,27.0156,6.66334
46.6081,27.0222,6.66278
46.5221,26.934,6.63661
46.5507,26.9916,6.65728
46.5584,26.9776,6.65026
46.5778,26.991,6.6534
46.5474,26.9422,6.63664
46.4955,26.7705,6.57281
46.3502,26.6745,6.55573
46.3442,26.6502,6.5474
45.9426,26.2696,6.46315
45.9994,26.2988,6.4665
45.9443,26.3469,6.48709
45.9484,26.2052,6.44282
45.9954,26.2395,6.44841
45.9026,26.1653,6.43546
45.9749,26.4905,6.53046
46.4274,27.5386,6.92123
45.7231,26.6377,6.59894
45.7131,25.8856,6.37431
45.5733,25.8855,6.38758
45.9169,26.4294,6.51591
45.7535,26.8348,6.66439
45.7437,26.9556,6.7082
45.367,25.7517,6.37021
45.3248,25.8343,6.39448
45.2609,25.7593,6.38012
45.3686,25.914,6.4119
45.1954,25.9019,6.41955
45.3245,26.0163,6.44147
45.42,25.83,6.38609
45.4837,25.9063,6.40096
45.6463,26.877,6.68385
45.6311,26.9997,6.72796
45.5149,26.9112,6.69905
45.9469,27.4726,6.91428
45.993,27.401,6.87988
45.8691,27.4676,6.91372
45.909,27.3872,6.87653
46.3058,27.7692,7.05158
46.4027,27.8438,7.08905
46.2996,27.8993,7.12624
46.4101,27.7543,7.03764
45.8608,26.3702,6.50221
45.5933,26.3995,6.53216
45.5058,26.3662,6.52753
45.2928,26.304,6.51965
45.3942,26.0852,6.45544
45.8211,27.233,6.8131
45.7911,27.3244,6.85206
45.7017,27.2187,6.81006
45.9133,27.2775,6.82862
46.1107,27.6401,6.9908
45.7392,27.0867,6.75746
45.5993,26.4886,6.55889
45.8153,26.3188,6.49032
46.4835,27.5097,6.90224
46.5418,27.4137,6.84963
46.5211,27.3504,6.8209
41.2175,18.2347,5.35991
41.2125,18.3643,5.3808
41.1015,18.2589,5.3758
41.3642,18.256,5.34742
36.3429,12.9611,5.04548
41.5063,19.5044,5.52799
36.1341,12.9948,5.05266
35.929,12.949,5.05177
40.4139,17.1724,5.28118
40.9593,18.1833,5.37837
37.7613,12.5656,4.89829
37.6363,12.6137,4.91961
37.641,12.4556,4.89523
37.8931,12.666,4.89845
39.0588,14.2658,5.00147
38.9793,14.3917,5.02917
38.875,14.2971,5.02731
39.0015,14.5307,5.04687
38.4157,13.2513,4.9267
38.4404,13.4012,4.94626
38.5686,13.2686,4.91112
41.8458,19.5327,5.50288
41.7573,19.6768,5.53399
41.6523,19.5913,5.52961
41.7721,19.8091,5.55325
43.1122,22.503,5.88553
43.2541,22.4092,5.86179
43.2737,22.5569,5.88531
43.0941,22.3223,5.85764
37.5354,12.7395,4.94839
42.6777,21.9249,5.81677
42.7529,22.0404,5.8308
42.6071,22.0851,5.84185
42.8873,22.089,5.83199
42.7431,22.1939,5.85351
39.4497,15.4163,5.12563
39.3967,15.2724,5.11056
39.5762,15.2809,5.09152
39.517,15.1379,5.07714
38.0444,12.726,4.88987
38.2041,12.7868,4.88021
38.0292,12.528,4.86034
38.1886,12.6113,4.85415
42.8988,22.2665,5.85864
42.934,22.4477,5.88436
42.7177,22.4016,5.88304
37.2121,12.7453,4.97799
37.0738,12.7966,4.99454
37.1193,12.6057,4.96751
39.7093,15.8531,5.16088
39.6061,15.7291,5.15399
39.7595,15.7074,5.13383
42.7742,21.7746,5.78901
42.5928,21.7825,5.79934
42.8507,21.9239,5.80809
41.5056,19.3364,5.50299
41.4957,19.1554,5.47617
41.6577,19.2387,5.47396
41.4289,19.0208,5.46152
41.5691,19.0045,5.44539
36.5323,12.8731,5.03139
35.7911,12.8575,5.04649
35.9109,12.7346,5.03647
35.6239,12.899,5.04917
35.739,12.6755,5.03445
41.1288,18.5366,5.41553
42.1951,20.7657,5.66874
42.369,21.2761,5.7352
42.2796,21.4403,5.7622
42.1549,21.2551,5.74091
42.5022,21.1229,5.7034
42.5521,21.3082,5.72939
41.0011,18.3725,5.40273
38.3176,13.1431,4.92194
39.8202,15.9692,5.16578
38.6938,14.0396,5.01058
40.5562,17.4944,5.3148
40.3316,16.987,5.262
35.4621,13.0404,5.05474
39.2006,14.8491,5.0708
46.4955,26.8224,6.59406
46.5523,26.9616,6.64425
46.4112,26.7219,6.56587
46.4971,26.8055,6.58693
46.5211,26.8466,6.60024
46.4818,26.7532,6.56794
46.4604,26.7487,6.56942
45.912,26.0414,6.39772
45.871,25.9669,6.38062
46.0916,26.587,6.55201
46.5545,27.0544,6.68386
46.539,27.185,6.74304
46.5457,27.145,6.72453
46.561,27.1081,6.70659
45.9155,26.1019,6.41522
46.15,26.6244,6.55935
46.2057,26.6445,6.56093
45.5123,25.8208,6.3758
45.8005,27.1669,6.78692
45.8434,27.1113,6.76325
45.729,26.7224,6.62688
45.8036,26.761,6.6357
45.6457,26.659,6.61034
46.0313,26.5418,6.54231
45.3194,26.1099,6.46637
45.321,25.6786,6.35548
45.2294,25.6498,6.35542
45.1338,25.731,6.38128
40.6774,17.6548,5.32667
40.4769,17.3346,5.29894
36.9001,12.8392,5.01036
45.647,25.8548,6.37238
41.9442,20.0034,5.56932
39.9914,18.932,5.50575
40.1388,19.1098,5.52254
41.5501,20.8237,5.69813
40.7567,17.8485,5.34781
41.2796,20.4943,5.66256
38.3352,16.8624,5.32602
38.1811,16.6662,5.31014
39.8437,18.752,5.48903
37.871,16.2716,5.27865
37.715,16.0729,5.26302
39.5472,18.3845,5.4557
39.3975,18.1985,5.43918
36.9279,15.0669,5.18642
36.7695,14.863,5.17163
36.1506,14.0744,5.11728
36.0057,13.9015,5.10572
38.4886,17.0571,5.34196
38.6415,17.2504,5.35797
38.9461,17.6345,5.39032
39.097,17.8248,5.4066
40.8658,19.9932,5.61006
40.9994,20.17,5.62838
40.2845,19.2925,5.54005
40.4286,19.474,5.55776
42.5374,21.6492,5.78217
42.6955,21.637,5.77207
42.4134,21.5693,5.77562
42.6019,21.4935,5.75529
46.4057,27.6054,6.95731
42.3833,21.7645,5.80335
42.4954,21.9415,5.82474
35.4614,12.8861,5.04716
35.3748,12.7849,5.04097
35.5449,12.7277,5.03882
42.4403,21.4205,5.75299
38.7739,14.1617,5.01918
38.7228,13.8701,4.98255
38.2104,12.985,4.91041
42.4041,20.9622,5.68492
42.3498,20.8103,5.66477
42.2227,21.625,5.78808
40.853,18.0165,5.36358
35.29,12.9789,5.04842
41.6802,20.9862,5.71602
42.0374,20.3275,5.61257
42.0925,21.469,5.77018
41.9521,21.2974,5.75066
38.498,13.5672,4.96414
41.9782,20.159,5.59095
39.5225,15.5769,5.14097
39.9499,16.2236,5.18911
39.924,16.067,5.16874
40.5731,19.6438,5.57462
41.4143,20.6677,5.68121
41.8151,21.1437,5.7335
37.5585,15.8733,5.24745
37.4015,15.6729,5.23198
38.0264,16.4692,5.29434
41.1399,20.3329,5.64546
35.603,13.4483,5.07564
35.4546,13.3983,5.06918
41.248,18.7011,5.42934
40.0312,16.5113,5.22286
36.6109,14.6584,5.15711
36.4521,14.453,5.14288
36.2975,14.2559,5.12949
36.726,12.8742,5.0232
40.1111,16.3313,5.18735
39.2473,18.0129,5.4229
40.7183,19.8195,5.59232
38.7942,17.4429,5.37409
39.6959,18.5688,5.47229
37.2439,15.472,5.21663
37.086,15.27,5.20144
46.3736,26.6808,6.55511
46.5591,27.2708,6.78014
45.9188,25.9872,6.38107
46.2804,26.6325,6.54857
46.2922,26.604,6.53689
46.4941,26.7391,6.56019
46.4981,26.7519,6.56478
46.5077,26.7409,6.55862
46.5143,26.782,6.57449
46.5155,26.7684,6.56867
46.5289,26.7748,6.56898
46.4999,26.7895,6.57992
46.5071,26.8349,6.59751
46.5143,26.8169,6.58896
46.4451,26.6593,6.53625
46.4392,26.6739,6.54298
46.4249,26.6639,6.5413
46.4249,26.6798,6.54753
46.5142,26.7983,6.58128
46.5977,27.0052,6.65681
46.6053,26.9907,6.64929
46.617,27.0054,6.65401
46.4771,26.7353,6.56144
46.5699,26.9466,6.63532
46.4025,26.6755,6.54913
46.3752,26.6547,6.54501
46.5909,27.0543,6.67932
46.6118,27.0424,6.67123
46.3264,26.6,6.53113
46.3595,26.589,6.52247
46.3565,26.6242,6.53605
46.5379,26.8411,6.59535
46.5259,26.8307,6.59288
46.249,26.6085,6.5435
46.5488,26.8517,6.59804
45.9642,25.9849,6.3748
45.9577,26.0173,6.38529
45.997,25.999,6.37474
45.9169,25.9414,6.36789
46.6309,27.4211,6.84529
46.6655,27.4047,6.83388
46.6651,27.4476,6.85529
46.5951,27.4102,6.8432
46.6221,27.3856,6.82868
46.5796,27.1665,6.73049
46.5818,27.2033,6.74689
46.5982,27.5152,6.89555
46.5417,27.5309,6.90835
46.5417,27.4805,6.88275
46.4972,27.5827,6.93877
45.6118,25.7341,6.34354
45.6524,25.7854,6.35317
45.707,25.76,6.34076
45.7054,25.8221,6.35771
45.6471,26.7648,6.64534
45.5664,26.8071,6.66254
46.5769,27.3707,6.82564
45.5885,25.8048,6.36455
46.4724,27.6821,6.9937
46.5024,27.7935,7.05402
45.4954,26.4822,6.56239
45.5679,26.5828,6.58982
46.4811,27.8878,7.11058
46.5728,27.88,7.10018
46.4147,27.9402,7.14569
45.389,26.4048,6.54425
46.1855,27.9159,7.13947
44.9629,25.4587,6.32798
44.9304,25.3196,6.29899
45.0896,25.3445,6.29354
44.8395,25.4076,6.323
45.9226,27.6774,7.01393
45.838,27.5721,6.96287
45.3864,26.8728,6.6874
40.2496,16.0169,5.12391
40.1225,16.1921,5.16506
40.0859,16.0672,5.15041
45.8081,27.7442,7.04794
43.8892,23.4495,5.9996
43.9229,23.5595,6.01724
43.756,23.52,6.02018
44.0211,23.4486,5.98931
43.8046,23.2942,5.9775
43.8084,23.3884,5.9941
43.664,23.3544,5.99674
43.8855,23.2039,5.95465
43.9373,23.3316,5.97421
42.9726,21.4861,5.72537
43.0222,21.5944,5.73979
42.8789,21.6247,5.75723
43.1572,21.6433,5.73578
42.9753,21.7581,5.77214
45.0594,26.0305,6.45639
45.0478,25.9328,6.43328
44.9474,26.1112,6.47754
44.8991,25.9769,6.44667
38.1363,12.2397,4.80054
38.0335,12.2333,4.81233
38.0905,12.1044,4.78431
38.2503,12.3315,4.8013
38.0884,12.3579,4.82567
42.4555,20.7143,5.64028
42.5007,20.8298,5.65555
42.5887,20.7002,5.6254
42.3585,20.5322,5.61871
42.2957,20.4265,5.60688
42.451,20.4241,5.59166
42.3454,20.6593,5.64076
38.8789,13.7738,4.94994
38.9267,13.882,4.96034
39.0181,13.7707,4.93302
36.6356,12.7398,5.01366
36.4995,12.6598,5.01186
36.6465,12.5689,4.99492
44.8143,25.5356,6.35135
44.6661,25.5756,6.36291
44.6727,25.4147,6.33019
44.9751,25.6476,6.36988
44.7464,25.7079,6.38936
41.6917,19.4066,5.49741
40.5311,17.0495,5.25002
40.508,16.9223,5.233
40.6477,16.9429,5.22039
43.0419,22.1481,5.83247
43.0359,21.9624,5.80203
40.6534,17.3456,5.28221
40.7087,17.4766,5.29642
40.8362,17.5262,5.29026
43.3442,22.2034,5.8188
43.2517,22.2888,5.8414
43.2,22.1799,5.82662
42.0905,20.0283,5.56026
45.7814,27.4474,6.9058
43.9413,23.8929,6.07543
43.9488,24.0643,6.10459
43.7361,24.0068,6.10067
44.0795,23.8149,6.05352
44.1376,23.9682,6.07813
41.1355,18.1434,5.3543
37.2739,12.6034,4.95417
37.4125,12.629,4.94483
37.5188,12.5431,4.92178
40.2216,16.4646,5.19509
40.3136,16.5859,5.20319
40.4016,16.6839,5.20827
43.1578,22.0593,5.80914
43.2169,21.9399,5.78316
43.3103,22.0585,5.79589
42.682,21.1838,5.6992
42.7392,21.3391,5.7205
42.6501,21.0607,5.68121
42.7833,21.0732,5.67108
35.0957,12.799,5.03646
35.1008,12.9718,5.04284
34.9292,12.9421,5.03586
35.0954,12.5984,5.02808
35.2586,12.6816,5.03438
43.3141,22.6839,5.90393
43.4423,22.5939,5.87989
43.4195,22.4602,5.8581
44.6722,25.1908,6.28492
44.5453,25.3147,6.31298
44.475,25.2005,6.29233
44.4734,25.4377,6.33705
44.4275,25.3257,6.31616
39.3594,14.8951,5.0594
39.4363,15.0042,5.06667
39.3804,14.7684,5.0382
39.5231,14.8606,5.03525
44.2151,24.4066,6.15427
44.1178,24.2813,6.13586
44.3252,24.2695,6.12287
44.2504,24.5455,6.17797
44.0498,24.5043,6.17608
38.8472,14.0156,4.98942
39.049,13.9934,4.9624
39.2624,14.6739,5.03792
39.1888,14.5407,5.02681
39.3337,14.5482,5.01098
35.2296,12.8428,5.04133
41.9247,19.8562,5.54762
38.784,13.6889,4.94856
36.0729,12.7901,5.03775
45.0261,25.8306,6.4099
40.9024,17.691,5.3087
42.9812,22.5959,5.90467
37.8808,12.505,4.87472
37.3755,12.4696,4.9259
46.5754,27.0797,6.69241
46.5647,26.9288,6.62843
46.5608,26.9123,6.62196
46.5749,26.9658,6.64289
46.4582,26.7284,6.56166
46.4401,26.7123,6.55799
45.8807,25.9172,6.36521
45.8468,25.8887,6.36102
45.958,26.0605,6.39814
45.9667,26.0993,6.40878
45.956,25.9552,6.36702
45.9942,26.4191,6.50534
46.5922,27.2424,6.76374
46.5665,27.3195,6.80218
45.7626,25.8436,6.35765
46.1978,26.5917,6.54307
45.8188,25.8489,6.35298
46.5852,27.1333,6.71498
46.1483,26.565,6.53886
45.4633,25.748,6.36112
45.4185,25.6564,6.34159
45.9574,26.1451,6.42362
36.2223,12.8336,5.0378
45.202,26.091,6.46682
45.2752,26.1845,6.48821
45.5449,25.7445,6.35272
45.2703,26.6452,6.61681
45.6226,27.1175,6.77182
45.1292,25.6119,6.35321
45.0979,25.4985,6.32865
45.2119,25.5351,6.32894
42.1448,20.172,5.57877
41.0417,18.0183,5.34472
38.621,13.4235,4.92824
42.5711,20.9606,5.67128
42.5625,22.2654,5.86681
38.1784,12.4698,4.83263
45.3293,25.5761,6.32931
45.6614,27.5528,6.95329
45.6217,27.3761,6.87517
41.3194,18.5091,5.39244
42.3032,21.9657,5.83043
42.0288,21.6556,5.79347
39.8929,15.7851,5.13019
39.9915,15.9315,5.14082
40.8081,20.183,5.62873
41.2225,20.6794,5.6823
38.3022,17.0458,5.3369
38.149,16.8497,5.32073
39.3593,18.3819,5.45246
36.7429,15.0471,5.17977
36.5846,14.8426,5.16493
38.7591,17.6262,5.38594
38.9098,17.8177,5.40248
39.6553,18.752,5.48638
39.8026,18.9352,5.50358
46.0983,26.5254,6.53033
44.5037,24.6633,6.18825
44.4545,24.766,6.21067
44.334,24.7084,6.20465
44.3877,24.8969,6.23766
44.082,24.1329,6.1111
43.9783,24.2031,6.12715
44.2231,24.1292,6.10277
42.8216,22.5934,5.90769
43.1358,22.687,5.91312
42.9394,22.7512,5.92778
41.4923,21.0113,5.71916
41.6239,21.1793,5.73816
43.4114,23.0745,5.96262
43.4204,22.9237,5.93762
43.5599,23.0017,5.94252
43.3256,23.2173,5.98773
43.2297,23.0392,5.96341
43.9669,23.7145,6.04243
43.8179,23.6542,6.04009
43.6582,23.6817,6.05091
43.465,22.7468,5.90488
42.0627,19.8885,5.53994
41.8997,19.6975,5.52438
43.5642,23.5297,6.0295
38.3955,12.9968,4.8901
38.5145,13.0984,4.89157
38.3441,12.673,4.84506
43.273,22.8279,5.92938
43.0728,22.8883,5.94487
43.4445,23.3699,6.00794
43.738,23.197,5.96477
43.5475,23.1823,5.97384
39.6337,15.4319,5.1073
36.9501,12.6499,4.98546
42.217,20.3043,5.59389
42.8003,21.4882,5.74055
35.4314,12.5954,5.03082
40.4342,16.8153,5.22479
41.6716,19.0955,5.44956
39.1525,14.3804,5.00739
43.5907,22.8507,5.91391
41.4403,18.7696,5.42112
41.4859,18.9032,5.43766
39.7035,15.5789,5.12113
36.3575,12.7558,5.02679
41.7607,21.3318,5.75568
41.3591,20.8506,5.70118
40.9564,17.8715,5.33095
41.0863,20.5178,5.66464
38.9584,14.1427,4.9951
40.3824,19.6567,5.57423
40.525,19.8279,5.59175
40.832,17.3544,5.26389
40.6675,20.0111,5.61065
40.2394,19.4753,5.55606
42.1654,21.8113,5.81194
39.9496,19.1155,5.52082
36.1143,14.2633,5.12402
36.2691,14.4415,5.13666
35.9587,14.1029,5.11225
35.7943,13.9565,5.10078
40.0955,19.2934,5.53813
42.428,22.1196,5.8491
37.5294,16.0571,5.257
37.6853,16.2567,5.27281
37.373,15.8568,5.24128
37.2161,15.6559,5.22567
37.9951,16.6528,5.30465
35.2896,13.179,5.05605
35.2753,13.3646,5.06151
37.8405,16.4552,5.28869
36.9009,15.2509,5.19487
36.4261,14.6371,5.15038
41.8956,21.4903,5.77407
39.0599,18.008,5.4191
38.6074,17.4338,5.3695
38.4549,17.2405,5.35315
40.9476,20.3537,5.6469
39.5077,18.5678,5.46936
39.2097,18.1962,5.43577
37.0587,15.454,5.21019
35.6103,13.8444,5.08958
46.4175,26.6966,6.55514
46.5122,26.7548,6.56356
40.5872,17.1966,5.2665
38.6937,13.5631,4.94051
46.0451,26.4755,6.51888
38.368,12.8409,4.86894
37.7792,12.3981,4.8701
41.4553,18.6147,5.39491
46.5188,26.7427,6.55735
46.5251,26.7491,6.55888
46.519,26.7301,6.55204
46.5301,26.7386,6.5535
46.5651,26.8478,6.59367
46.5691,26.8352,6.58751
46.5805,26.8442,6.58931
46.5545,26.8377,6.59113
46.5452,26.8029,6.57795
46.541,26.8131,6.58302
46.53,26.8066,6.58213
46.5437,26.8256,6.58784
46.5309,26.8189,6.58716
46.5282,26.7604,6.56305
46.5747,26.904,6.61622
46.5788,26.8921,6.61043
46.5944,26.903,6.61251
46.6395,27.0344,6.66354
46.6509,27.0253,6.65759
46.6546,27.0416,6.6644
46.6252,27.0337,6.66537
46.6317,27.0195,6.658
46.5857,26.9321,6.62663
46.492,26.7238,6.55431
46.3922,26.6297,6.53306
46.3838,26.6054,6.52505
46.409,26.6115,6.52343
46.3048,26.5783,6.52599
45.9238,25.8991,6.35464
45.9549,25.9192,6.35645
45.9873,25.9327,6.35595
45.9972,26.0372,6.38632
46.2373,26.5633,6.52875
46.6111,27.2905,6.78423
46.6126,27.3415,6.80825
45.7553,25.7871,6.34294
45.997,25.9637,6.364
45.5781,25.6855,6.33411
45.5136,25.6712,6.33663
45.5792,25.6204,6.31711
46.0567,26.3131,6.46496
46.0231,26.3598,6.48339
39.198,13.5585,4.87949
40.4885,16.2833,5.13674
40.5316,16.1535,5.11182
39.7203,14.7633,4.99781
39.6669,14.6841,4.99225
39.7071,14.8729,5.01569
39.628,14.7785,5.01085
46.5592,27.7183,7.00737
46.6231,27.784,7.03991
44.3655,23.8046,6.02846
44.2907,23.899,6.05368
44.219,23.8134,6.04288
44.3231,24.0069,6.07217
45.3703,27.0001,6.73021
46.5052,28.097,7.23999
46.5921,28.179,7.29043
46.456,28.2197,7.32366
46.6935,28.2704,7.34885
46.5465,28.3099,7.38342
45.1692,26.239,6.50594
45.2065,26.4881,6.5722
42.2238,19.7093,5.49346
42.1754,19.8132,5.51604
42.07,19.7366,5.51402
42.2034,19.9162,5.5305
41.8601,18.9641,5.4081
41.7963,19.0533,5.4296
41.7244,18.9767,5.42474
41.7978,19.1578,5.44656
46.2319,27.9909,7.18301
46.3339,28.012,7.19298
46.3774,28.1178,7.25849
46.2419,28.1004,7.25054
46.4338,28.0281,7.1991
43.838,23.0854,5.9366
43.8029,22.9836,5.92071
43.9263,22.976,5.90803
43.7108,22.9273,5.91816
43.8664,22.8691,5.89341
39.3064,14.3069,4.97849
39.2259,14.2332,4.97703
39.3722,14.2048,4.95567
39.337,14.4145,4.99081
44.5896,24.8121,6.21279
44.7694,24.6359,6.1634
44.4213,24.5509,6.17108
44.4993,24.4399,6.14433
44.5754,24.5294,6.15678
44.5029,24.3201,6.12006
44.6413,24.3989,6.12471
44.4656,24.21,6.10094
44.3918,24.1244,6.08983
44.5456,24.1117,6.07405
45.2212,26.9152,6.7
45.505,27.0676,6.75433
41.0697,17.7548,5.30033
41.1335,17.8847,5.31379
41.0504,17.6333,5.28331
41.1686,17.6559,5.27366
40.0094,15.6704,5.09954
40.0495,15.545,5.07614
40.1482,15.6494,5.08034
39.8858,15.5911,5.10197
37.9327,12.3398,4.84206
38.3397,12.4965,4.81711
45.3629,26.5301,6.58139
44.8803,25.8089,6.40909
36.2038,12.6663,5.0238
36.7788,12.6974,5.00159
36.809,12.5053,4.97779
41.7902,19.277,5.46684
44.8811,26.5407,6.58317
44.9592,26.4588,6.56356
45.0159,26.547,6.58778
45.0175,26.3353,6.53234
45.0705,26.4419,6.56012
44.082,23.5739,6.00807
44.8005,25.3077,6.30351
44.8648,25.2029,6.27758
41.574,18.803,5.41256
35.7554,12.4748,5.01941
35.6096,12.5261,5.02542
35.6726,12.3028,5.00775
35.8865,12.5405,5.02179
46.0819,28.0321,7.2098
43.6949,23.0624,5.94384
44.2482,25.0103,6.26019
44.2,24.8703,6.23625
44.0902,25.033,6.26347
38.7927,13.432,4.9091
39.7137,15.1485,5.0559
37.8009,12.2424,4.84276
37.6582,12.2806,4.86616
37.7143,12.0852,4.82846
35.198,12.3181,5.01448
35.2797,12.4684,5.02321
35.1307,12.4296,5.02037
45.6973,27.6781,7.01327
34.912,12.5821,5.02363
35.0217,12.4629,5.0208
38.5423,12.8993,4.85715
44.5316,25.0195,6.25633
42.5018,20.5746,5.61235
36.9912,12.4524,4.95809
40.0691,15.7885,5.11036
44.3644,24.4198,6.14921
44.3582,25.0901,6.27353
34.933,12.7591,5.03045
43.382,22.3241,5.83706
46.4763,26.7185,6.55481
46.5804,26.9165,6.6207
46.5676,26.8797,6.60691
46.5336,26.7905,6.57479
46.6088,27.0781,6.68749
46.5968,26.9721,6.64239
46.462,26.7112,6.55419
46.6139,27.1814,6.73339
45.8948,25.8731,6.35081
45.8701,25.8434,6.34537
46.5975,27.1038,6.70038
46.4076,26.6497,6.53843
45.9996,26.0766,6.398
46.0025,26.1208,6.41112
46.0628,26.4163,6.49763
46.1962,26.541,6.52555
46.2755,26.5734,6.52785
46.6225,27.2156,6.74815
46.0066,26.1782,6.42826
46.1538,26.5076,6.51862
45.8489,25.8073,6.33773
45.8029,25.8046,6.34245
46.1081,26.466,6.50938
45.2081,25.4102,6.29938
46.0429,26.2642,6.45096
46.5851,27.5723,6.92629
46.5671,27.644,6.96594
44.9382,25.0846,6.24664
40.9848,17.535,5.27515
40.9345,17.4252,5.26351
40.766,17.2062,5.2481
40.5349,16.689,5.19384
42.2447,20.0398,5.54713
39.7491,15.3031,5.07483
42.6577,20.8269,5.64051
41.289,18.1347,5.33631
41.2088,18.0158,5.32625
36.0464,12.5955,5.02231
46.5271,27.9757,7.16161
45.5357,27.2154,6.80979
36.3401,12.5597,5.00888
45.0507,26.173,6.49146
43.4635,23.705,6.0581
43.1259,23.2384,5.99365
39.1389,14.1232,4.97099
41.9686,21.8411,5.81471
41.8346,21.6828,5.79554
37.6548,16.4403,5.28141
37.4997,16.2408,5.26536
40.4779,20.012,5.60762
39.0223,18.1912,5.43042
38.8727,18.0009,5.41345
36.2431,14.6254,5.14271
36.0887,14.4493,5.12975
36.558,15.0267,5.17168
36.716,15.2312,5.18683
38.1161,17.0332,5.33014
43.781,23.8005,6.06629
43.821,24.1944,6.12903
41.1678,20.8647,5.70052
38.5724,17.6172,5.37985
39.3198,18.5653,5.46455
39.4671,18.751,5.48185
42.0962,21.9966,5.83371
43.6543,22.7143,5.884
43.0071,23.085,5.97309
42.8708,22.933,5.95299
42.4972,22.4574,5.89148
42.3639,22.3032,5.87195
45.0247,25.197,6.26495
45.1964,26.7691,6.65387
45.9605,27.9312,7.15041
45.874,28.0611,7.22465
45.815,27.9048,7.13365
45.1534,26.3598,6.53793
42.7272,20.9555,5.65603
40.1563,15.9107,5.11866
43.9218,24.3431,6.15148
41.641,18.8855,5.41878
36.6484,12.3503,4.97019
34.7618,12.9096,5.02807
42.383,20.2953,5.57651
42.913,21.3498,5.70703
42.8646,21.1993,5.68529
44.1259,24.7019,6.20826
44.6494,24.6431,6.17453
43.1303,21.4862,5.71024
38.4923,12.7242,4.83528
45.4324,25.5587,6.31566
45.5041,25.5871,6.31601
38.867,13.5526,4.91837
39.8078,15.4435,5.08896
38.7394,13.2954,4.89482
40.72,17.0687,5.23182
41.6006,18.6809,5.38998
40.3946,16.4375,5.17119
38.6896,13.1445,4.87777
42.0026,19.434,5.47061
41.8804,19.3616,5.47141
39.5328,14.7162,5.01266
39.4227,14.6271,5.01227
45.3086,25.4575,6.30204
45.4043,25.4829,6.29943
39.6128,15.004,5.04614
41.5709,21.363,5.75763
41.7021,21.518,5.77594
42.6233,22.6094,5.91091
41.3826,18.3834,5.36575
40.5952,16.8172,5.20683
42.7443,22.7678,5.93137
41.4323,21.1939,5.73798
44.1482,23.6981,6.0264
43.5889,23.8545,6.0792
40.8935,20.5372,5.66397
41.0298,20.7023,5.68225
42.2327,22.1519,5.853
40.756,20.3663,5.64535
40.6171,20.1932,5.62672
40.4709,16.5603,5.18131
38.7229,17.8095,5.3966
38.4209,17.4239,5.36319
37.1928,12.3994,4.93376
43.2444,23.3954,6.01499
43.3614,23.5517,6.03655
38.2686,17.2292,5.34661
37.963,16.8363,5.31378
41.4877,18.4659,5.36756
36.4861,12.4603,4.99189
35.6196,13.6255,5.08284
41.3082,21.0345,5.71978
43.5812,22.6267,5.87437
39.6142,18.9353,5.49932
39.1714,18.3795,5.44746
35.1118,13.1478,5.04874
34.9282,13.122,5.0403
36.8736,15.435,5.20223
37.0309,15.638,5.21783
43.6048,22.4969,5.84848
40.1931,19.6581,5.57086
40.3347,19.8393,5.58945
39.9061,19.2989,5.53472
40.0503,19.4769,5.55253
35.9336,14.3054,5.11805
35.7656,14.1697,5.10606
39.7607,19.1185,5.51699
35.5869,14.0614,5.09419
37.344,16.0406,5.24942
37.1877,15.8398,5.23357
37.8092,16.6389,5.29755
36.3999,14.8213,5.15681
35.1022,13.3324,5.05316
35.4327,13.5852,5.0744
46.5938,26.9509,6.63356
38.6543,13.0063,4.86056
35.2626,13.5441,5.06571
35.4192,13.7666,5.07862
46.5053,26.728,6.55366
46.5477,26.7528,6.55606
46.5407,26.7583,6.55982
46.5366,26.7492,6.55673
46.5418,26.7683,6.56388
46.5146,26.719,6.5482
46.5045,26.7146,6.54827
46.5178,26.707,6.54253
46.5515,26.7934,6.57276
46.5594,26.8016,6.57481
46.6333,27.0038,6.65071
46.6479,27.0092,6.65078
46.5405,26.7792,6.56875
46.5782,26.8669,6.59957
46.5554,26.8131,6.58051
46.5996,26.9199,6.61903
46.6257,26.9911,6.64628
46.4779,26.7009,6.54736
46.635,27.0499,6.6712
46.6172,27.0599,6.67824
46.6394,27.0752,6.682
46.6414,27.1626,6.72151
46.6365,27.1406,6.71207
46.66,27.1445,6.71076
46.6189,27.1245,6.70702
46.651,27.1211,6.70122
46.0133,25.9392,6.35405
46.0143,25.9171,6.34704
46.0386,25.9274,6.34626
46.6117,27.1511,6.71991
46.3021,26.5503,6.51619
46.3331,26.5664,6.51784
46.36,26.5662,6.51385
46.0363,26.0156,6.37431
45.9153,25.8334,6.33654
46.2375,26.5192,6.51323
46.6489,27.3244,6.79647
46.6641,27.2924,6.77953
46.698,27.3362,6.79687
45.7571,25.731,6.32745
45.8,25.7563,6.32939
45.8344,25.7738,6.33009
38.3004,11.3215,4.62602
38.3448,11.3388,4.62103
38.3054,11.3766,4.63486
38.345,11.2957,4.61311
46.4916,26.7092,6.54838
46.6585,27.3617,6.81348
46.0841,26.3644,6.47849
46.082,26.2782,6.45096
45.8056,25.7041,6.31425
46.7755,27.5951,6.9217
46.6545,27.5512,6.90933
46.0486,26.1397,6.4113
38.239,11.3895,4.64803
38.1964,11.398,4.65604
38.1812,11.3339,4.64783
38.2773,11.4267,4.6482
38.2168,11.4543,4.66222
38.2234,11.741,4.70816
38.1268,11.7741,4.72626
38.1656,11.6509,4.70133
38.237,11.8349,4.72173
44.9667,24.8796,6.19896
45.0379,24.7947,6.17348
45.0738,24.8863,6.19055
45.1012,24.9685,6.20652
45.0043,24.9806,6.21807
45.1781,25.0133,6.20939
45.0652,25.0615,6.23089
44.864,24.5801,6.14296
43.0006,21.1376,5.66092
42.9364,21.0621,5.654
43.0815,21.0429,5.63565
43.0176,21.2397,5.67739
44.6398,24.2888,6.10198
44.7585,24.3054,6.09432
43.6819,22.1731,5.78064
43.7085,22.2682,5.79574
43.6031,22.2334,5.79985
43.6828,22.0895,5.76485
43.7513,22.12,5.76328
40.953,16.9334,5.18385
40.8627,17.0207,5.20806
40.8014,16.938,5.2021
40.8547,17.1063,5.2224
46.6394,27.958,7.14348
41.4987,18.2169,5.32634
41.4288,18.1308,5.32026
41.5722,18.1209,5.30262
41.52,18.3277,5.34179
41.7034,18.5966,5.36512
41.604,18.5441,5.36749
41.7416,18.4916,5.3438
41.7565,18.6747,5.37202
42.101,19.3681,5.44915
42.1274,19.4751,5.46424
42.2173,19.3715,5.43716
43.7496,22.7968,5.89071
43.7973,22.68,5.86433
43.883,22.7429,5.86788
43.731,22.5908,5.854
43.8475,22.5992,5.84413
39.5467,14.27,4.94457
39.5003,14.3703,4.96513
39.4273,14.2924,4.96217
39.4618,14.492,4.98769
41.7021,18.7762,5.39447
41.7858,18.869,5.40055
41.8531,18.7547,5.37449
40.4556,16.0807,5.10966
41.9309,19.2172,5.44223
46.6717,27.8753,7.09027
39.8474,15.2156,5.05039
39.8858,15.1026,5.02908
39.985,15.2111,5.0337
43.0636,21.3591,5.69411
43.2024,21.3464,5.67777
39.1742,13.7776,4.91559
39.2457,13.6616,4.88936
39.0682,13.864,4.94097
44.47,24.0165,6.06155
43.4856,22.2285,5.81038
44.0388,23.2082,5.94188
44.2311,23.5811,5.99651
46.4823,28.476,7.50684
46.4089,28.3463,7.41288
46.2844,28.2563,7.35205
40.9347,17.1918,5.22675
38.2323,12.1684,4.77692
37.9197,12.1246,4.80902
41.0532,17.41,5.24773
39.2347,13.9986,4.94131
46.1338,28.193,7.31043
42.0181,19.3096,5.44824
45.642,27.8422,7.09488
39.1912,13.8925,4.93068
38.895,13.3218,4.88029
36.8372,12.3032,4.95123
36.18,12.4702,5.00671
44.9656,27.1847,6.77948
42.7512,20.6858,5.60658
42.826,20.8307,5.62435
36.7084,12.1936,4.94735
36.5781,12.1722,4.95403
36.6371,12.0139,4.93057
36.4611,12.2624,4.97178
36.4353,12.0411,4.9483
44.8927,26.2428,6.50889
44.821,26.1361,6.48319
44.6918,26.2744,6.51245
35.052,12.2956,5.01288
34.8914,12.4045,5.01614
43.3613,21.9154,5.76515
43.1548,21.809,5.76556
34.7579,12.727,5.02349
34.742,12.5398,5.01749
34.5585,12.5061,5.01034
34.7165,12.324,5.00943
44.4313,23.9063,6.04282
45.5407,27.6879,7.01374
37.3592,12.2709,4.89873
37.5073,12.3641,4.89642
37.5283,12.1723,4.86475
38.4813,12.5806,4.81342
45.0831,26.6772,6.62513
45.0609,26.8425,6.6734
44.9336,26.7878,6.65281
44.7307,25.8899,6.42809
44.5815,25.8256,6.41351
37.2075,12.1698,4.89999
45.4258,27.8495,7.08791
45.3262,27.6868,7.00269
35.3338,12.2593,5.01015
39.1159,13.5049,4.88146
34.5812,12.6943,5.01553
39.3069,14.1052,4.9486
44.5841,24.2145,6.09165
42.0247,19.5798,5.49256
44.5344,23.9443,6.04082
45.4732,27.5266,6.93719
37.3759,12.0465,4.86329
46.5472,26.7855,6.57019
46.6054,26.9346,6.62454
46.6119,26.9458,6.6284
46.5744,26.8553,6.59525
46.6178,26.9756,6.64064
46.6128,26.9594,6.63427
46.5605,26.8253,6.58479
46.5926,26.889,6.60668
46.585,26.8793,6.60379
46.0294,25.9816,6.36477
46.4315,26.646,6.53325
46.419,26.6295,6.52881
46.4033,26.5901,6.51607
46.3747,26.5729,6.51413
45.9912,25.8997,6.3453
46.6288,27.1,6.69465
46.6048,27.4561,6.86509
46.6604,27.4967,6.88065
46.2032,26.4919,6.50779
45.8951,25.8018,6.33013
45.9609,25.8833,6.34486
46.0387,26.094,6.39834
46.0341,26.0542,6.38662
46.3303,26.5317,6.50547
46.638,27.2538,6.76419
45.8741,25.7675,6.3231
46.1684,26.4516,6.49801
46.1222,26.4131,6.49031
38.3641,12.2156,4.76811
45.3064,25.3498,6.27618
42.3085,20.1694,5.56259
42.4642,20.1665,5.54617
40.6999,16.6928,5.17549
46.6334,27.6916,6.98676
39.5864,14.5756,4.98552
40.2163,15.7841,5.09267
41.2936,17.8965,5.29789
41.3593,18.0175,5.30987
38.2108,12.0468,4.75977
38.2741,11.949,4.73563
38.3419,12.0722,4.74718
40.6334,16.5512,5.16119
40.5612,16.4124,5.14812
36.3208,12.3614,4.98993
42.4198,22.6462,5.91354
42.916,23.2668,5.9967
40.4271,20.1956,5.62206
43.2666,23.7318,6.06181
41.6409,21.704,5.79453
43.5024,24.0453,6.10744
42.6757,22.9547,5.95448
37.0025,15.8219,5.2243
36.8458,15.619,5.20846
35.3981,13.9664,5.08174
43.3923,23.8889,6.08454
43.6116,24.204,6.13112
45.693,28.0338,7.20225
45.9411,28.2354,7.33439
45.7474,28.1984,7.30292
39.2792,18.7485,5.4754
40.9753,20.8868,5.69844
40.8376,20.7204,5.67954
36.3733,15.0055,5.16216
36.5311,15.2108,5.17734
38.2345,17.4126,5.35512
38.3858,17.6072,5.37199
43.83,24.5219,6.18006
43.72,24.3629,6.1553
39.5721,19.1185,5.51106
39.717,19.3016,5.52918
39.8608,19.4821,5.54738
41.2396,21.2168,5.73641
37.0227,12.2251,4.92561
42.1672,19.6001,5.48102
43.9803,23.09,5.92468
43.4581,22.113,5.79184
36.0159,12.3984,5.00603
35.8565,12.3398,5.00594
44.1086,23.3321,5.95927
38.6415,12.7517,4.82157
42.345,19.9266,5.51756
42.3073,19.8045,5.50076
41.2247,17.7754,5.28633
43.28,21.7251,5.73854
43.281,21.8351,5.75837
45.1447,25.1254,6.23833
45.1448,25.2261,6.2616
42.3981,20.0446,5.53217
45.2162,25.2898,6.27017
34.5118,12.3214,5.00381
34.399,12.6666,5.0064
44.7411,24.5139,6.14004
38.4924,12.4626,4.79274
38.435,12.3438,4.78033
38.0012,11.9857,4.77634
38.1311,11.9306,4.75099
43.458,21.9877,5.76885
40.9903,17.3093,5.23895
38.8684,13.1726,4.86072
44.1738,23.4584,5.97778
38.7922,13.0258,4.84702
44.1876,25.1652,6.28668
44.3167,25.2561,6.30345
42.663,20.5648,5.5945
42.6059,20.435,5.57784
42.8739,20.9617,5.64258
44.2998,23.6991,6.01348
44.5443,25.544,6.3574
39.9702,15.437,5.06917
44.0138,24.8723,6.23649
41.9274,19.0723,5.41866
40.744,16.8274,5.1914
38.7296,12.8768,4.83095
42.0425,22.1831,5.85405
42.1673,22.3334,5.87316
40.3207,15.8939,5.0971
42.5472,22.804,5.9343
41.9032,22.0256,5.83409
41.7735,21.8651,5.81425
39.7796,15.0001,5.02618
42.2957,22.4919,5.8935
44.5529,25.6763,6.38335
34.5822,12.8789,5.01887
43.2436,21.5366,5.708
43.3098,21.6111,5.71481
43.1581,23.5779,6.04001
45.4112,27.3549,6.863
40.3891,15.999,5.10503
39.426,18.9342,5.49314
43.9289,24.6966,6.20785
40.2872,20.0221,5.60343
43.043,23.4235,6.01841
42.8049,23.1164,5.97627
40.1455,19.841,5.58439
35.474,12.3863,5.01725
41.3774,21.3792,5.75564
41.5091,21.5462,5.77543
40.7017,20.5493,5.66049
40.5648,20.3754,5.64141
38.6858,17.9927,5.40598
38.8352,18.1841,5.42317
38.5361,17.8004,5.38894
38.0825,17.2166,5.33833
37.9301,17.0198,5.32169
38.9839,18.3743,5.44049
36.6887,15.4152,5.19279
34.7462,13.0934,5.03077
40.0038,19.6603,5.56567
35.9183,14.4828,5.12242
36.0671,14.6359,5.13461
35.7562,14.3646,5.11053
35.5751,14.2734,5.09795
37.3143,16.2244,5.25633
37.4692,16.4245,5.2725
37.1586,16.0237,5.24027
37.7771,16.8224,5.30519
37.6235,16.624,5.28879
34.9184,13.3047,5.0434
36.2179,14.8101,5.14778
46.0314,25.9536,6.3557
45.9377,25.86,6.34124
46.2709,26.5374,6.51556
46.6548,27.1923,6.73355
45.5056,25.491,6.29156
44.6739,26.0758,6.46761
45.3915,25.3915,6.27819
38.9469,13.4301,4.89049
39.9044,15.319,5.05919
46.618,28.0582,7.20867
46.5559,26.7302,6.54444
46.5721,26.7884,6.56655
46.5631,26.7937,6.57069
46.5589,26.7863,6.56832
46.5675,26.8079,6.57598
46.5733,26.7991,6.57103
46.5799,26.8092,6.5741
46.6112,26.8997,6.60806
46.6123,26.9102,6.61251
46.6244,26.9019,6.60651
46.5528,26.7768,6.56539
46.5534,26.7679,6.56144
46.4939,26.6973,6.54309
46.4893,26.6883,6.5402
46.5061,26.6871,6.5365
46.4946,26.6698,6.53157
46.4866,26.6793,6.53703
46.4742,26.6631,6.53269
46.4645,26.6534,6.53052
46.4812,26.6521,6.52684
46.4645,26.6399,6.52504
46.4763,26.6417,6.52355
46.4587,26.6295,6.52194
46.4721,26.6306,6.51981
46.6187,26.9225,6.61683
46.6051,26.8909,6.60524
46.6278,26.9491,6.62713
46.7008,27.1088,6.68803
38.4104,11.0455,4.54764
46.4198,26.583,6.5105
46.4258,26.5703,6.50438
46.4353,26.5829,6.50763
46.4109,26.5747,6.50881
47.7517,29.1973,8.11574
47.7338,29.2079,8.12705
47.7399,29.1881,8.10653
47.7576,29.2153,8.13416
46.4415,26.6293,6.52493
46.4319,26.6129,6.52013
46.4237,26.5963,6.51503
46.3768,26.5549,6.50697
46.3941,26.5691,6.50954
46.5625,26.7708,6.56086
38.3946,11.0779,4.55906
38.3994,11.0996,4.56249
38.3753,11.0945,4.56741
38.4189,11.1105,4.55975
38.3913,11.1236,4.56956
46.0133,25.8784,6.33512
46.0231,25.8945,6.33851
46.0205,25.8574,6.32723
46.0362,25.8734,6.32946
46.6955,27.1664,6.71598
46.6853,27.1482,6.7089
46.7102,27.1529,6.70737
46.6714,27.167,6.71964
47.6962,29.1455,8.06425
47.6708,29.139,8.05835
47.6938,29.1191,8.03747
47.707,29.1696,8.08846
47.6725,29.174,8.0939
46.383,26.5855,6.5176
46.7026,27.2087,6.73497
46.6951,27.2284,6.74535
46.6811,27.2078,6.73745
46.7201,27.1973,6.72706
46.7255,27.2204,6.73736
45.9931,25.8683,6.33536
46.0617,26.0394,6.37799
46.0688,26.0696,6.3865
46.075,26.0177,6.36898
46.0964,26.0454,6.37442
38.3433,11.1466,4.58522
38.3276,11.1753,4.59409
38.31,11.1375,4.59057
38.3702,11.1453,4.57897
38.3647,11.1723,4.58556
46.3982,26.5436,6.49895
47.6431,29.1582,8.07862
47.637,29.1882,8.1092
47.6058,29.1729,8.09441
46.7603,27.3702,6.80639
46.7809,27.3522,6.7946
46.7935,27.385,6.80959
46.7317,27.3675,6.80842
46.7456,27.3441,6.79517
46.2728,26.4999,6.502
46.3014,26.5169,6.5042
46.2455,26.478,6.49781
46.2828,26.4635,6.48763
45.954,25.8265,6.32882
46.1051,26.1712,6.41373
46.0802,26.1962,6.42504
46.0751,26.165,6.41582
46.1376,26.175,6.41025
46.1221,26.211,6.42424
46.091,26.1393,6.40547
46.0505,26.1788,6.42327
47.5922,29.1353,8.05683
47.6246,29.1428,8.06356
47.6044,29.0934,8.01447
47.6311,29.1154,8.03567
46.0424,26.2161,6.43591
46.6624,27.2259,6.7483
38.2993,11.2689,4.61685
38.2494,11.2343,4.61974
38.3033,11.2132,4.60601
47.4323,28.9687,7.8981
47.4844,28.9754,7.90253
47.4763,29.0352,7.961
47.5145,28.9509,7.87759
47.5335,28.993,7.91766
46.7033,27.3838,6.81967
45.7647,25.6767,6.31176
46.7159,27.4761,6.86485
38.2853,11.4681,4.65395
38.3237,11.4956,4.65247
38.2706,11.5186,4.66475
38.256,11.3447,4.63769
46.0815,26.2396,6.43868
45.6433,25.5862,6.30153
45.5923,25.5348,6.29373
38.5151,11.677,4.65204
38.4463,11.709,4.66994
38.4306,11.6508,4.66209
38.4114,11.7669,4.68573
38.3724,11.6991,4.67991
45.4554,25.3488,6.26133
45.4689,25.4145,6.27617
45.4896,25.2977,6.24513
45.5209,25.3491,6.25446
38.2657,11.5968,4.67853
38.3455,11.5505,4.65843
38.2812,11.68,4.69011
39.8474,14.5769,4.95363
39.9825,14.6574,4.94762
39.2646,13.3978,4.84512
39.3379,13.3982,4.83419
39.283,13.4725,4.85471
39.3074,13.319,4.82535
46.974,28.3506,7.39072
46.9049,28.3306,7.38027
46.9846,28.2595,7.32254
46.9343,28.4011,7.43173
40.6927,16.1615,5.09298
40.6417,16.1129,5.0919
40.7352,16.0896,5.07519
40.612,16.2063,5.1103
38.6424,12.0454,4.69931
38.5641,12.1802,4.73562
44.5241,23.4101,5.93216
44.4352,23.3849,5.93706
44.482,23.3263,5.91969
44.3653,23.3997,5.94743
44.3852,23.3092,5.92714
40.8419,16.5252,5.13218
40.8286,16.4435,5.12067
40.911,16.4432,5.10924
40.7739,16.3873,5.11868
40.8752,16.3724,5.10242
45.2751,25.0064,6.19807
45.2318,25.0798,6.21953
45.2485,25.1703,6.23903
41.1231,17.032,5.17898
41.054,17.1162,5.20106
40.9803,17.0499,5.19912
41.0735,17.206,5.21308
41.3209,17.5024,5.2316
41.3438,17.4268,5.21628
41.3943,17.4869,5.21984
41.2565,17.5669,5.24956
41.2509,17.4626,5.23349
39.293,13.8197,4.90759
39.2954,13.7341,4.89426
39.3935,13.7529,4.88449
39.3663,13.6616,4.87365
43.807,22.3944,5.80945
43.8053,22.318,5.79513
43.8871,22.3562,5.79366
43.7083,22.3828,5.81726
45.4103,25.2943,6.25265
38.0016,11.8339,4.75189
42.122,19.1769,5.4149
42.1406,19.268,5.42812
42.0507,19.2199,5.42983
42.2148,19.1756,5.40419
41.1195,17.2985,5.2225
41.1775,17.3885,5.23014
41.1321,17.5247,5.25697
44.594,24.006,6.04774
44.6722,24.0672,6.05275
46.9879,28.7407,7.7075
46.968,28.8444,7.80013
46.8672,28.7602,7.72879
47.0631,28.6725,7.64507
47.0819,28.784,7.74174
44.6547,24.146,6.07088
44.7662,24.1224,6.05486
42.9462,20.8773,5.62022
42.9632,20.786,5.60219
43.0601,20.8492,5.60308
44.8868,24.4438,6.11135
44.7764,24.3994,6.11253
44.8451,24.3535,6.09606
42.0433,19.1333,5.41621
40.2861,15.6736,5.06782
40.2523,15.5805,5.05771
40.3497,15.5811,5.04573
40.1798,15.5105,5.05575
40.302,15.4793,5.03593
41.6291,18.4201,5.34468
39.4543,14.0944,4.92936
39.5019,14.1931,4.93844
43.404,21.7864,5.73731
46.8258,28.5216,7.53173
46.9501,28.51,7.51616
46.8461,28.6235,7.61361
46.8421,28.4154,7.44803
42.7392,20.4465,5.56595
42.7961,20.5429,5.57685
42.8627,20.6104,5.5817
37.8633,11.9351,4.78567
43.5586,22.3437,5.82459
43.5826,22.1454,5.78554
39.3041,13.9071,4.91941
42.2908,19.6051,5.4687
44.3738,23.5839,5.98347
43.4863,21.8759,5.7454
43.5762,21.9351,5.74711
38.4782,12.2297,4.75576
46.6345,28.405,7.44969
46.6146,28.5181,7.53652
38.6061,12.6258,4.80541
38.7237,12.6465,4.79396
40.0444,15.3209,5.04318
39.0095,13.3388,4.86909
44.2645,23.3424,5.94624
44.9494,24.6326,6.14624
42.5496,20.2848,5.55766
42.5336,20.0371,5.5166
38.9279,13.0291,4.83077
44.4377,25.9366,6.4325
44.5821,25.9556,6.4402
44.4869,26.0724,6.46168
44.4037,25.7858,6.40212
34.7846,12.1479,5.00337
34.894,12.2224,5.008
34.7763,11.9962,4.99613
34.8774,12.0727,5.00046
44.3068,25.4169,6.33205
36.1542,12.2732,4.98883
39.6101,14.4297,4.96093
44.3437,25.6115,6.36797
46.7262,28.1313,7.25037
45.0453,26.9623,6.71004
44.8821,26.9406,6.69576
44.9546,27.0544,6.73535
44.7073,24.2153,6.08029
44.3868,26.18,6.47962
44.3693,26.3117,6.50631
44.2343,26.2431,6.48367
44.5174,26.2128,6.4925
35.5838,12.0068,4.98604
35.6641,12.1117,4.99239
35.5085,12.161,5.0004
35.8192,12.1212,4.98802
34.1764,12.3328,4.99086
34.2458,12.1625,4.99074
34.3324,12.3237,4.99747
34.0518,12.2635,4.98396
36.9795,12.0487,4.90558
37.0919,12.0672,4.89714
36.903,11.9507,4.89945
37.0424,11.9003,4.8785
34.6337,12.126,5.00024
44.6304,23.9227,6.02689
43.9892,25.2306,6.29346
40.6744,16.4363,5.13859
40.747,16.4893,5.13821
39.8491,14.8889,5.00141
36.8373,12.1003,4.92531
44.8212,26.4202,6.55089
35.1855,12.1326,5.00327
45.3223,25.2424,6.24893
38.7026,12.5449,4.77957
38.5953,12.5071,4.78715
39.5928,14.0942,4.91161
39.6903,14.4992,4.96168
45.02,27.3326,6.83585
35.357,12.0896,4.9981
46.8086,28.2139,7.302
46.812,28.3101,7.37086
46.5948,26.8673,6.59679
46.5997,26.8796,6.6013
46.5872,26.8558,6.59314
46.6295,26.9634,6.63322
46.6381,26.9774,6.63802
46.6581,27.0609,6.67268
46.5726,26.8253,6.58258
46.5695,26.8168,6.57945
46.6221,26.9362,6.62234
46.5328,26.7265,6.54779
46.5052,26.7016,6.54274
46.6457,26.9926,6.64361
46.0577,25.9424,6.34773
46.0567,25.9651,6.35517
46.4508,26.6434,6.52895
45.9726,25.8498,6.33296
45.9378,25.7972,6.32255
46.0356,25.9078,6.34056
46.0612,25.9912,6.36276
46.3558,26.5446,6.50641
46.0777,26.1045,6.39629
46.2015,26.4228,6.4843
46.1721,26.4024,6.481
46.684,27.259,6.76129
46.7045,27.2927,6.77499
46.2186,26.4511,6.49188
46.7163,27.5252,6.89022
45.8497,25.7322,6.31634
46.1405,26.3654,6.47244
38.397,11.9598,4.721
38.1872,11.5438,4.68111
42.8962,20.7011,5.59419
38.5575,12.2723,4.75245
38.5945,12.3799,4.76585
42.4435,19.8324,5.49104
40.0015,15.1108,5.01663
39.911,14.9807,5.00785
44.4996,23.7974,6.01421
41.9276,18.8605,5.3837
44.0114,22.8813,5.88161
44.0615,22.9793,5.8955
44.138,23.0874,5.90882
46.7231,27.805,7.04438
46.7634,27.88,7.0861
46.7043,27.7319,7.00366
41.9931,18.954,5.39193
41.3876,17.7757,5.268
41.3062,17.666,5.25971
41.8639,18.6582,5.35742
38.3605,11.8547,4.70826
38.3101,11.7629,4.69986
43.8496,22.5228,5.82943
43.7631,22.4732,5.82876
37.2035,11.976,4.87219
40.8346,16.7316,5.16589
40.8232,16.6265,5.15066
43.9853,22.7831,5.86535
35.9885,12.1999,4.98879
46.7232,28.0191,7.17645
40.3505,15.7717,5.07505
43.7297,24.6995,6.20538
42.4782,19.9373,5.50532
43.0678,23.7602,6.06232
42.6038,23.1411,5.9755
41.6711,18.3113,5.32233
41.6134,18.2277,5.31527
43.9057,25.0398,6.26105
44.1451,25.3392,6.31549
43.2993,24.0702,6.10791
37.438,16.6082,5.27837
37.2838,16.4082,5.26198
38.7968,18.3673,5.43156
38.6482,18.1759,5.41404
36.0403,14.8081,5.13781
35.8979,14.6513,5.12545
35.3812,14.1697,5.08392
43.5174,24.3835,6.15541
39.1319,18.5626,5.4579
39.238,18.9318,5.48495
38.1994,17.5959,5.3623
38.3495,17.7905,5.37944
39.5283,19.3015,5.52148
39.6716,19.4846,5.54002
41.9728,22.368,5.87229
38.872,12.9167,4.81964
38.8541,12.8093,4.80418
40.6461,20.7321,5.6741
40.7828,20.9038,5.69367
42.8413,23.452,6.01855
42.7177,23.2981,5.99694
42.3506,22.8327,5.93349
42.2228,22.68,5.91302
40.4525,15.9105,5.084
40.4211,15.8346,5.07612
45.7783,28.3528,7.40356
45.6256,28.3362,7.38215
45.9059,28.4338,7.46589
45.6897,28.528,7.51732
43.1456,21.2466,5.66561
43.1118,21.1476,5.6513
40.881,16.8348,5.17671
43.0071,20.9567,5.628
41.2336,17.2826,5.20631
38.7774,12.7409,4.80278
43.3879,21.6788,5.71922
38.0146,11.6663,4.72356
41.4947,18.0246,5.29586
36.2923,12.1546,4.96968
39.3929,13.9761,4.91901
39.0012,13.2405,4.85494
43.3529,21.5109,5.69208
40.6772,16.3461,5.12418
44.3088,23.4737,5.96786
44.5624,23.8674,6.02232
42.2514,19.4969,5.45463
39.0298,13.1156,4.83152
40.1078,15.4211,5.05078
34.4411,12.1592,4.99698
34.3782,12.4893,5.0026
34.2044,12.4732,4.994
42.4309,19.7178,5.47273
43.5842,22.035,5.76487
44.1904,23.2176,5.92904
39.7329,14.5844,4.96937
45.573,28.1725,7.27639
42.7063,20.3236,5.54794
42.6779,20.2115,5.53139
41.4341,17.9127,5.28472
44.8918,26.6664,6.61711
43.4089,24.2258,6.13129
46.0974,28.3535,7.41727
45.5065,28.0098,7.17827
41.4465,21.7298,5.79165
41.5796,21.8822,5.81078
41.7101,22.0484,5.83142
41.3153,21.5638,5.77153
45.2747,27.504,6.91894
43.6258,24.5419,6.18019
43.8214,24.8709,6.23306
42.0988,22.522,5.89234
42.4779,22.9891,5.95463
43.1891,23.9157,6.08511
39.8142,19.6653,5.55868
39.9561,19.8437,5.57743
40.0975,20.0239,5.59658
39.3838,19.1173,5.50312
39.0913,18.7457,5.46701
40.2363,20.2045,5.61591
40.3744,20.3788,5.635
40.5104,20.5575,5.6546
42.9556,23.6063,6.04032
37.5503,11.9958,4.83462
41.1833,21.401,5.75194
34.22,12.6412,4.99635
41.0472,21.234,5.73206
41.1133,21.05,5.71729
40.9184,21.071,5.71305
38.4991,17.9837,5.39667
34.5725,13.0628,5.02061
38.0484,17.4,5.34524
37.8965,17.2033,5.32831
37.7443,17.0059,5.31154
35.2129,13.913,5.06961
35.2377,13.7285,5.06827
35.0788,13.517,5.05572
34.895,13.4894,5.0446
38.9444,18.5574,5.44922
36.661,15.5993,5.1976
36.8175,15.8029,5.21351
36.5039,15.3949,5.1819
36.3465,15.1896,5.16644
35.7742,14.5215,5.11505
35.5873,14.4959,5.10236
37.129,16.2075,5.24571
36.9735,16.0058,5.22956
37.5915,16.8076,5.29489
36.1888,14.9834,5.15127
39.6189,14.3233,4.94375
46.5502,26.7608,6.55903
46.5264,26.7164,6.5448
46.5823,26.8311,6.58323
45.923,25.7609,6.31402
46.7127,27.4285,6.84102
46.7235,27.9403,7.12636
42.5944,20.1365,5.5273
42.8616,20.4248,5.54885
39.0852,13.4126,4.8711
35.0084,12.0923,5.00169
34.7348,13.2765,5.03251
37.679,11.8457,4.79483
46.5543,26.7421,6.55005
46.5555,26.748,6.55235
46.5589,26.7369,6.54672
46.5617,26.7431,6.5488
46.5388,26.7036,6.53664
46.535,26.7106,6.54051
46.5296,26.7055,6.53949
46.538,26.7171,6.5427
46.5576,26.7551,6.555
46.5605,26.7627,6.55771
46.5644,26.7495,6.55104
46.6044,26.8637,6.59333
46.6021,26.8559,6.59031
46.6189,26.8655,6.59118
46.6092,26.8701,6.59524
46.5906,26.8228,6.57789
46.595,26.8305,6.58041
46.6003,26.8235,6.57618
46.5255,26.6988,6.53749
46.5174,26.6947,6.53742
46.5286,26.6889,6.53253
46.5905,26.8379,6.58461
46.5947,26.8459,6.5873
46.6007,26.8376,6.58241
46.5808,26.8198,6.57855
46.655,26.9461,6.62061
46.6498,26.9545,6.62548
46.6427,26.9465,6.62317
46.6445,26.9637,6.6307
46.6386,26.9554,6.62798
46.6534,26.9708,6.63228
46.6522,26.981,6.63718
46.6575,26.9611,6.627
46.6669,26.9672,6.62796
46.6941,27.0137,6.64429
46.6873,27.0209,6.64907
46.6819,27.0126,6.64623
46.686,27.0325,6.65477
46.6777,27.0222,6.65151
46.453,26.5837,6.50448
46.4639,26.5907,6.50511
46.4562,26.5975,6.50946
46.4746,26.5907,6.50277
46.468,26.6028,6.50921
47.8343,29.251,8.16932
47.8289,29.2643,8.18339
47.8188,29.2569,8.17583
47.832,29.2755,8.19497
47.8188,29.2744,8.19412
46.6246,26.9119,6.61097
46.5529,26.7224,6.54167
38.4098,11.0138,4.54049
38.4187,11.0068,4.53608
38.4213,11.0193,4.53829
38.4053,11.003,4.5393
46.4964,26.68,6.53544
47.7881,29.2496,8.16896
47.7799,29.27,8.1902
47.7668,29.2539,8.1738
47.8073,29.2447,8.16341
47.8011,29.2672,8.18689
46.6663,27.0146,6.65005
38.4061,11.0266,4.54455
46.4421,26.5976,6.51221
46.4526,26.6125,6.51622
46.3956,26.5222,6.49115
46.3845,26.5078,6.48763
46.4044,26.5058,6.48301
46.3787,26.531,6.49752
38.3683,11.0042,4.55
46.0893,25.9202,6.33441
46.0787,25.9349,6.34142
46.0669,25.9231,6.33981
46.0804,25.9519,6.3467
46.6857,27.0805,6.67728
46.7031,27.0891,6.67835
46.675,27.1311,6.70246
46.6999,27.1301,6.69819
46.0479,25.8908,6.33287
46.0565,25.9081,6.33687
38.3698,11.0669,4.56301
47.6993,29.0916,8.00942
47.6672,29.1077,8.02676
47.7115,29.1271,8.04505
46.0827,25.9734,6.35334
38.4175,11.0867,4.55492
38.3531,11.1175,4.57732
38.3414,11.0794,4.57238
47.6479,29.1325,8.0524
47.7215,29.1444,8.06233
47.7387,29.1655,8.08343
45.9872,25.8215,6.32183
46.6912,27.1881,6.72682
38.3937,11.196,4.58376
38.3993,11.1613,4.57542
46.7164,27.1753,6.71708
47.5648,29.0665,7.98886
47.6212,29.0537,7.97427
38.3316,11.1265,4.58386
38.2924,11.1148,4.58992
38.3165,11.1048,4.58294
46.1056,26.0799,6.3841
46.2585,26.4406,6.48296
46.2362,26.4165,6.4776
46.2737,26.4069,6.46879
46.2122,26.3925,6.47257
46.2541,26.3796,6.46214
46.7512,27.4015,6.82322
45.829,25.5439,6.26551
45.8567,25.5776,6.27066
46.1201,26.2606,6.44062
46.1593,26.2817,6.44236
46.1142,26.3134,6.45851
38.3544,11.2077,4.59467
38.3905,11.2351,4.59225
46.7668,27.4506,6.84648
38.2467,11.2931,4.6304
38.3473,11.2509,4.60433
38.3906,11.2762,4.60023
46.0716,25.8894,6.32775
38.2902,11.1675,4.60017
38.1938,11.2555,4.63281
45.6584,25.5348,6.28642
45.6554,25.483,6.27324
45.7133,25.5079,6.27258
46.7161,27.2689,6.76206
38.4167,11.5847,4.65258
38.4136,11.5307,4.64334
38.4728,11.54,4.63406
38.3805,11.4925,4.64231
38.4472,11.4877,4.62914
46.9082,27.8713,7.06874
46.8795,27.8234,7.04219
46.9496,27.8303,7.03978
46.8465,27.8819,7.08054
46.7551,27.6982,6.98036
45.5394,25.4121,6.26823
38.1454,11.4065,4.66496
38.1033,11.352,4.66229
38.1344,11.4738,4.67728
38.0415,11.414,4.68064
38.3499,11.6296,4.67139
47.2566,28.7327,7.68754
47.2852,28.7909,7.73832
47.1987,28.7921,7.7436
47.3331,28.8422,7.78299
47.2466,28.88,7.82192
42.7444,19.8882,5.46499
42.8152,19.9041,5.45728
42.7489,19.9573,5.47743
42.7375,19.8168,5.45221
42.8182,19.8344,5.44239
41.4704,17.4681,5.20604
41.4285,17.4102,5.20192
41.5225,17.4053,5.18611
47.0505,28.4459,7.45923
46.9929,28.4111,7.43573
47.0532,28.3507,7.38543
47.0545,28.524,7.52147
44.8752,24.2785,6.07691
44.8198,24.2084,6.06763
44.927,24.2014,6.05452
44.9251,24.3447,6.086
44.9734,24.3941,6.09165
45.0112,24.332,6.0737
46.8167,27.9655,7.13512
44.9826,24.5344,6.12144
44.9884,24.448,6.1019
45.0556,24.4023,6.08426
45.0501,24.4764,6.10151
43.7634,21.966,5.73213
43.6965,22.0191,5.75009
43.6691,21.9581,5.74151
43.7801,22.183,5.77214
43.7883,22.0456,5.74472
43.8388,22.1133,5.75191
40.9481,16.514,5.11593
40.9031,16.58,5.13317
40.9196,16.6545,5.14318
47.3239,28.9055,7.84241
47.3813,28.8841,7.81975
47.3716,28.9448,7.87757
40.6243,15.8511,5.05149
40.5498,15.908,5.07131
40.5166,15.8395,5.06479
40.5108,15.9834,5.08812
43.6579,21.8947,5.73071
43.736,21.8991,5.72234
39.7082,14.3523,4.93681
39.7028,14.2845,4.92684
39.7878,14.2864,4.91497
39.6527,14.2391,4.92641
39.7515,14.2205,4.90946
45.3597,25.1545,6.22423
45.409,25.2095,6.23225
45.3247,25.0751,6.20905
45.4059,25.092,6.20426
41.1112,16.8064,5.14248
41.0547,16.8809,5.16286
40.9995,16.8244,5.16067
41.071,16.9561,5.17313
46.8373,28.1364,7.24622
46.9027,28.1859,7.27582
38.931,12.765,4.78595
38.948,12.8361,4.79591
39.0101,12.7644,4.77382
46.8235,28.061,7.19656
38.6613,12.2831,4.73977
38.6316,12.213,4.73164
38.7157,12.2014,4.71643
38.6666,12.1319,4.71147
44.5699,23.7089,5.98897
44.5507,23.6345,5.97568
44.636,23.6405,5.96743
44.4924,23.5746,5.96957
44.6028,23.5578,5.95386
41.7728,18.2978,5.30825
41.7502,18.3803,5.3246
41.8561,18.2377,5.28706
41.8577,18.3426,5.30521
40.5787,16.0518,5.09031
40.6865,16.0285,5.07208
40.6333,15.9514,5.06693
40.7581,16.3053,5.10752
40.8418,16.3017,5.09531
40.703,16.2428,5.10465
40.8034,16.2331,5.08934
42.8118,20.2822,5.52899
42.8308,20.2047,5.51267
42.895,20.2378,5.51055
42.7577,20.24,5.52762
42.1653,19.0024,5.38032
42.1132,18.9357,5.37514
42.2268,18.925,5.35859
42.1639,19.0907,5.39562
42.0695,19.0357,5.39708
43.1977,21.0675,5.6276
43.1823,20.9918,5.61544
43.2703,20.9923,5.60494
43.1248,20.935,5.61149
43.2312,20.9206,5.59622
41.6678,18.0769,5.28412
41.7097,18.0058,5.26657
41.7554,18.0794,5.27314
41.6101,18.0191,5.28152
42.5721,19.6273,5.4399
42.5241,19.6836,5.45613
42.4923,19.6248,5.44954
42.5323,19.755,5.46776
46.8814,28.2565,7.32753
44.6653,23.8448,6.00708
44.7293,23.8888,6.00937
44.6135,23.7848,6.00008
44.7091,23.7707,5.98655
44.0009,22.6198,5.83225
43.9888,22.6933,5.84772
43.9121,22.6468,5.84668
44.0749,22.5546,5.81101
44.076,22.6513,5.83013
43.9332,22.4791,5.81234
43.9486,22.5561,5.82554
43.9744,22.4014,5.79252
44.0224,22.4736,5.80115
43.8148,22.245,5.78022
43.8901,22.2736,5.77728
43.8869,22.1862,5.76044
45.1407,24.8003,6.16455
45.1823,24.8972,6.18237
45.2501,24.9441,6.18619
43.4419,21.4848,5.67758
43.4579,21.582,5.69397
43.4999,21.4171,5.65767
43.5261,21.4993,5.67035
41.9553,18.6789,5.35035
41.9323,18.6011,5.33998
42.0287,18.6095,5.3292
43.6042,21.85,5.72818
40.0772,15.0441,4.9969
40.1029,14.9493,4.97823
40.1935,14.9911,4.97166
39.9749,15.0426,5.0095
39.1142,13.1961,4.83324
39.1353,13.1189,4.81743
39.2081,13.1543,4.81248
39.1261,13.0468,4.80638
39.202,13.0801,4.80029
39.7231,14.4254,4.94624
39.7987,14.4811,4.94502
39.8121,14.3703,4.92528
39.9099,14.81,4.98195
40.0048,14.7578,4.96095
41.825,18.5791,5.34879
44.4348,23.4776,5.9559
41.8224,18.4236,5.32332
41.8659,18.4886,5.329
41.9118,18.412,5.31015
44.0915,22.7963,5.8569
44.0603,22.7257,5.84647
44.1559,22.708,5.8321
43.8691,22.4378,5.81124
39.3997,13.8542,4.89951
42.3978,19.6143,5.4586
42.3751,19.5018,5.44177
42.4845,19.5279,5.43325
39.9701,14.8767,4.98462
40.0124,14.9658,4.99305
38.3381,11.4398,4.64031
39.1059,13.2977,4.8506
39.2262,13.2462,4.82548
40.7459,16.5786,5.15234
39.1989,13.3525,4.84695
39.191,13.4497,4.86347
45.0459,24.6227,6.13446
40.4043,15.6718,5.05293
38.7035,12.4429,4.76188
38.7899,12.4775,4.75557
40.6083,16.2968,5.12479
40.7721,16.1612,5.08181
40.0972,15.1472,5.01039
39.0447,12.9994,4.81018
43.2725,21.4341,5.68642
43.3913,21.4171,5.67061
42.3301,19.6902,5.47892
42.9714,20.5986,5.56769
38.8842,12.7155,4.78403
41.731,18.2302,5.30199
43.2273,21.1549,5.64034
40.1067,15.2373,5.02308
42.575,19.8444,5.47854
38.4538,11.8927,4.70134
38.5107,11.9537,4.70354
44.4508,23.6872,5.99666
46.72,28.7041,7.68456
46.9578,28.6488,7.62997
43.4966,21.6946,5.71074
44.1802,22.9676,5.88103
45.5058,28.447,7.44467
45.5228,28.5544,7.52029
45.4,28.5391,7.49613
41.9991,18.7656,5.3598
41.1538,17.1206,5.18967
46.9294,28.0959,7.21186
46.675,28.5887,7.59074
46.7608,28.5818,7.58261
46.7284,28.4826,7.50523
41.4385,17.6469,5.24094
45.1553,27.7592,7.02405
45.0666,27.8691,7.06817
45.009,27.7478,7.00551
45.2327,27.8624,7.08031
44.0064,25.7332,6.37639
44.1232,25.6824,6.3734
44.066,25.8371,6.39749
43.9519,25.63,6.35633
44.7176,26.6118,6.59537
33.6782,12.1928,4.96217
33.7653,12.0714,4.96749
33.8707,12.1855,4.97381
33.9049,11.9583,4.97346
36.1283,12.0727,4.96981
42.7996,20.3625,5.54467
47.0297,28.5866,7.57426
43.8429,25.3476,6.30625
43.7943,25.2015,6.28191
43.6884,25.3653,6.30089
44.7431,26.8115,6.65035
36.2154,11.7647,4.93111
36.3646,11.8378,4.92939
36.2571,11.9562,4.95002
36.5112,11.8776,4.92344
34.5699,11.806,4.98582
34.6532,11.9409,4.99263
34.5139,11.9886,4.99282
37.0319,11.6927,4.84981
37.1881,11.7933,4.84688
37.315,11.879,4.84495
46.7417,28.374,7.42195
44.7172,23.9754,6.02896
40.0527,14.8986,4.97707
44.1364,25.5186,6.34572
43.971,25.4345,6.32553
34.0756,12.0663,4.98228
34.0384,12.4409,4.98458
33.8774,12.3916,4.97461
44.2461,25.9205,6.4218
44.3238,26.0743,6.45511
44.2351,25.7648,6.39263
47.756,29.1813,8.09909
47.7209,29.1895,8.10851
46.6136,26.8808,6.59917
46.6189,26.8914,6.60285
46.6609,26.9869,6.63827
46.6789,27.0668,6.67201
46.6682,27.0309,6.65722
46.6756,27.0481,6.66391
46.6368,26.9374,6.6202
46.6336,26.9274,6.61626
46.4872,26.6613,6.52948
46.3581,26.5125,6.49398
46.4133,26.5588,6.50218
38.3481,11.0505,4.56492
38.323,11.0532,4.57137
45.8137,25.6564,6.29987
45.8504,25.6817,6.30186
45.8808,25.7003,6.30271
46.1705,26.3253,6.45537
46.7359,27.2842,6.76689
47.5747,29.1655,8.0878
47.5397,29.1492,8.07228
47.6453,29.0827,8.00237
47.5367,29.0352,7.95892
47.5833,29.0211,7.9433
47.565,29.1078,8.03003
47.5162,29.0925,8.0163
46.33,26.5005,6.49402
45.9731,25.7974,6.31682
46.1078,26.0165,6.36296
46.0925,25.9951,6.35865
46.1266,26.1442,6.4018
38.2528,11.1797,4.60949
45.9614,25.7687,6.31001
45.8968,25.7298,6.30889
38.3876,11.3196,4.60917
46.3068,26.4839,6.49148
46.1606,26.2391,6.42802
46.7777,27.6506,6.95183
46.7709,27.5464,6.89605
46.7676,27.4994,6.87166
42.0536,18.8551,5.3685
46.7359,27.3126,6.78081
47.3825,29.012,7.94178
47.4711,28.9253,7.85486
38.3818,11.3758,4.62082
42.7103,20.1091,5.50976
43.3371,21.3214,5.65887
46.1881,26.3644,6.46619
45.5997,25.4417,6.26906
46.8085,27.8168,7.0444
38.4122,11.4387,4.62669
38.1985,11.1933,4.62149
47.1229,28.5777,7.5616
47.1873,28.6796,7.6446
40.4652,15.7573,5.05848
45.6306,28.6738,7.61827
45.5631,28.6248,7.57504
45.6277,28.7989,7.71429
45.5203,28.7302,7.64905
45.8842,28.6108,7.59242
45.7452,28.7038,7.65192
41.9186,18.5376,5.33089
39.5315,13.9931,4.90389
39.5012,13.8923,4.89199
38.0823,11.5466,4.69589
45.2961,28.022,7.16858
38.9834,12.9221,4.80565
42.9082,20.5197,5.56062
41.188,17.2046,5.19918
39.3317,13.559,4.86194
42.661,20.0169,5.49908
41.5167,22.069,5.82616
42.2797,23.0187,5.95145
41.1213,21.5848,5.76558
40.9898,21.4188,5.74551
41.2529,21.7482,5.78569
40.3198,20.5618,5.64624
42.8678,23.7893,6.05987
39.9078,20.0269,5.5877
43.2054,24.2516,6.12871
36.7886,15.9869,5.21731
36.6328,15.7833,5.20122
45.5015,25.219,6.2243
35.8684,14.8188,5.12702
35.7269,14.6641,5.11459
43.4217,24.5634,6.17714
38.4615,18.1669,5.40298
38.6099,18.359,5.42065
38.7234,12.349,4.74237
39.4829,19.4845,5.53042
38.0133,17.5833,5.35077
38.1632,17.7791,5.36806
38.8345,12.6448,4.77873
41.2879,17.3619,5.2126
41.846,22.2106,5.85211
41.7776,22.3946,5.868
41.9079,22.5533,5.88892
44.1285,22.884,5.87009
44.7679,24.0395,6.03713
44.2516,23.0304,5.88576
41.3631,17.5675,5.23713
45.0855,27.4839,6.89899
45.0957,24.7106,6.14896
43.053,20.7594,5.58759
44.6145,26.4708,6.55541
43.0077,20.6934,5.58073
45.4609,28.3057,7.34871
45.4527,28.6376,7.57219
43.5401,21.7812,5.72222
41.553,17.9298,5.27367
40.9483,16.7412,5.15361
41.6919,18.1506,5.29348
35.9754,11.9951,4.96949
35.706,11.9557,4.97732
44.3106,23.2303,5.91926
44.2762,23.1247,5.90189
40.2188,15.4146,5.03641
43.2658,21.2443,5.65251
40.1825,15.3154,5.02565
42.329,19.4067,5.43067
42.2611,19.2647,5.41409
34.3795,12.0296,4.99137
34.2468,11.9605,4.9858
42.3143,19.3257,5.41838
43.6269,24.8747,6.22758
43.7136,25.0372,6.2543
36.7729,11.9282,4.90835
43.5268,24.7206,6.20233
42.4024,23.1739,5.97283
42.5189,23.3258,5.99388
46.2657,28.4697,7.50274
46.0561,28.5431,7.55148
45.3992,28.1595,7.25479
42.1534,22.8646,5.93035
42.6395,23.4821,6.0159
35.0957,11.9313,4.99122
44.4974,26.3739,6.52707
42.9859,23.944,6.08267
43.096,24.0976,6.10545
43.3141,24.4067,6.15257
40.8544,21.2542,5.72561
40.7246,21.0869,5.70602
40.5908,20.9149,5.68611
37.406,16.7918,5.28291
37.5587,16.9911,5.29966
37.2527,16.5919,5.26631
37.0986,16.3913,5.24985
37.4704,11.8622,4.8236
41.6504,22.2329,5.84719
41.3845,21.9137,5.80624
34.0429,12.6115,4.98525
35.1924,14.1075,5.07013
35.3737,14.3794,5.08564
37.8632,11.7512,4.75634
42.0265,22.706,5.90904
34.3994,12.8491,5.00844
34.2161,12.8193,4.99682
39.6251,19.6675,5.54939
39.3399,19.3003,5.51166
39.1957,19.1149,5.49308
39.0501,18.9288,5.47471
38.9039,18.7404,5.45651
40.4551,20.7398,5.66614
40.0464,20.2066,5.60711
40.1834,20.3868,5.62675
39.7665,19.8483,5.56848
35.4536,11.969,4.98675
38.3126,17.9737,5.38545
37.8625,17.3867,5.33359
37.7108,17.1894,5.31655
35.0539,13.7015,5.05693
34.7114,13.4612,5.0323
38.7572,18.5503,5.43849
36.4763,15.579,5.1853
36.3194,15.3738,5.16959
36.1621,15.1676,5.15416
36.9439,16.1897,5.23352
36.0115,14.9811,5.13994
46.0028,25.8409,6.32516
46.1149,26.1115,6.39293
46.7177,27.2464,6.75094
45.6965,25.5616,6.28902
46.7838,27.7454,7.00476
42.7708,20.1667,5.51304
42.5984,19.9379,5.49229
39.9499,14.574,4.93857
45.2443,24.7989,6.15316
45.1341,27.6327,6.96513
46.6331,26.9174,6.61183
38.4726,11.8226,4.68605
35.8434,11.9019,4.96648
38.8037,12.5623,4.76865
41.518,17.8267,5.26089
41.5136,17.7251,5.24449
46.5971,26.8175,6.57416
46.6002,26.8096,6.56989
46.605,26.8172,6.57226
46.6307,26.8517,6.58211
46.6428,26.8945,6.59925
46.6357,26.9004,6.60354
46.6312,26.8924,6.60082
46.6342,26.9083,6.60746
38.3941,10.9355,4.52649
38.3999,10.9421,4.52619
38.3892,10.9449,4.53036
38.3978,10.927,4.52305
38.4044,10.9347,4.52278
46.666,26.9298,6.61059
46.6558,26.932,6.6139
46.6561,26.9237,6.60992
46.6497,26.9382,6.618
46.6462,26.9296,6.61477
46.566,26.7795,6.56394
46.5706,26.7648,6.55648
46.6675,26.9467,6.61823
46.6601,26.9533,6.6229
46.6453,26.9049,6.60353
46.642,26.9133,6.60814
46.6441,26.9209,6.6112
46.6213,26.8729,6.594
46.583,26.7931,6.56632
38.3821,10.9362,4.5305
38.3877,10.9361,4.5287
38.3732,10.9297,4.5317
38.3857,10.9272,4.52716
46.6753,26.974,6.62945
46.6712,26.9819,6.63397
46.6633,26.9766,6.63306
46.6731,26.9908,6.63776
46.5899,26.8143,6.57429
47.8432,29.2315,8.14871
47.8355,29.2385,8.15624
47.8322,29.2274,8.14475
47.8238,29.2411,8.15923
38.3976,10.9724,4.53438
38.3933,10.9601,4.53274
38.4061,10.9638,4.52958
38.3833,10.9695,4.53801
47.8521,29.2721,8.191
47.8597,29.2777,8.19672
47.8523,29.282,8.20142
47.8683,29.2775,8.19632
47.8623,29.2885,8.20798
46.4945,26.6508,6.52367
46.4987,26.6592,6.52632
46.508,26.6507,6.52071
46.5196,26.6852,6.53292
46.48,26.6218,6.5146
46.4821,26.6097,6.50907
46.4919,26.6198,6.51114
46.4692,26.6182,6.51531
46.4895,26.6412,6.52067
46.4845,26.631,6.51748
46.6616,26.999,6.64371
47.8189,29.2041,8.12082
47.8116,29.2174,8.13491
47.8014,29.2091,8.12657
47.8163,29.2292,8.14705
47.7969,29.2286,8.1469
38.3788,10.9553,4.53602
38.3701,10.9638,4.54052
38.3897,10.9827,4.53917
47.7855,29.185,8.1021
47.7742,29.1765,8.09366
47.7914,29.1718,8.08828
47.7914,29.1966,8.11387
47.7707,29.195,8.11287
38.3986,11.0129,4.54357
46.6763,27.0019,6.64229
47.842,29.2799,8.19939
47.8417,29.2649,8.18365
47.7621,29.1665,8.08372
46.69,27.0581,6.66604
46.1199,25.9628,6.34245
46.1198,25.9472,6.33708
46.1379,25.9553,6.33574
46.1024,25.958,6.34445
46.4313,26.5541,6.49688
46.0568,25.8102,6.30424
46.0502,25.8267,6.31132
46.0651,25.7998,6.29857
46.0705,25.8085,6.30026
47.7805,29.2148,8.13303
47.7687,29.2251,8.14399
47.7579,29.2368,8.15627
47.7304,29.1216,8.03876
46.3484,26.4593,6.47565
46.332,26.475,6.48429
46.3218,26.448,6.47599
46.3698,26.4642,6.47355
46.3528,26.4837,6.48404
47.76,29.2746,8.1954
47.7357,29.2617,8.18249
46.1079,25.9771,6.34976
46.7461,27.2389,6.7433
46.7583,27.2736,6.75853
46.7691,27.2521,6.74624
46.7857,27.2744,6.75477
46.7405,27.2607,6.75473
47.6623,29.0541,7.97307
47.6517,29.0351,7.95458
47.6786,29.0307,7.94902
46.1275,26.0344,6.36528
46.1293,26.0601,6.37356
46.1334,26.0127,6.35675
46.1507,26.0247,6.35731
46.5174,26.6768,6.52977
46.5069,26.6739,6.53078
38.3496,11.0095,4.556
38.3498,11.0288,4.56
47.7767,29.2348,8.15381
47.7804,29.1589,8.07529
47.7613,29.1503,8.06709
47.7395,29.2305,8.15018
47.7132,29.2305,8.15071
47.7154,29.207,8.12663
47.694,29.2024,8.12241
46.1392,26.0879,6.38108
47.6112,28.9578,7.88005
47.6009,28.9234,7.84704
47.6348,28.9297,7.85138
47.5808,28.9824,7.90539
47.562,28.9458,7.87064
47.6535,29.2123,8.13345
47.6359,29.2488,8.17105
47.6064,29.2203,8.14258
47.6751,29.2404,8.16174
38.4214,11.1847,4.57493
45.8566,25.641,6.2892
45.8656,25.6098,6.27862
45.8918,25.6239,6.27825
45.8907,25.5914,6.2686
45.9347,25.7209,6.30004
38.3026,11.0684,4.57889
38.2805,11.091,4.58789
38.2453,11.0835,4.59357
38.2599,11.0501,4.58444
45.9143,25.6949,6.2957
46.376,26.4871,6.48119
38.4659,11.3364,4.59565
38.4925,11.363,4.59496
38.4517,11.3826,4.60798
38.4849,11.3031,4.58425
38.5067,11.3342,4.58549
46.8093,27.4785,6.85609
46.8129,27.4431,6.8371
46.8443,27.4614,6.84258
46.2139,26.333,6.45195
47.5573,29.2021,8.12528
38.4306,11.2565,4.58752
38.436,11.2993,4.59492
45.8304,25.6148,6.2857
46.8414,27.6631,6.95274
46.8941,27.6776,6.95548
46.8464,27.7108,6.97927
46.8327,27.6138,6.9262
46.8904,27.628,6.92777
38.5513,11.4065,4.58986
38.5251,11.4354,4.60234
38.5051,11.3989,4.59942
38.5252,11.4872,4.61294
38.4784,11.4377,4.61316
46.8546,27.7654,7.0101
46.9037,27.7254,6.98203
47.4658,29.1406,8.06578
47.5235,29.0573,7.9812
38.2626,11.1259,4.59795
45.6555,25.3835,6.24713
45.6632,25.4311,6.25866
45.6636,25.3371,6.23367
45.7014,25.3502,6.23153
47.4189,28.9195,7.85154
47.4405,28.8748,7.80839
46.801,27.6938,6.97384
45.6022,25.3487,6.24491
46.2942,26.428,6.47318
46.9041,28.0159,7.16072
46.9567,28.039,7.17164
47.0098,28.0531,7.17658
38.1076,11.2972,4.65294
38.1398,11.2641,4.64277
38.044,11.3062,4.66347
38.0684,11.2315,4.64823
42.0024,18.3234,5.28028
42.0101,18.2684,5.26798
42.0521,18.2943,5.26517
41.9388,18.2954,5.28531
41.2128,16.8898,5.14166
41.2106,16.8257,5.13015
41.2864,16.8636,5.1236
41.1384,16.8845,5.15206
43.4137,21.1846,5.62337
43.4116,21.1049,5.60758
43.4924,21.1416,5.60209
43.3521,21.2323,5.64048
43.3303,21.1646,5.6303
39.5056,13.7837,4.87365
39.5769,13.7784,4.86156
39.5779,13.8334,4.87094
39.6345,13.7842,4.85259
41.8275,17.8728,5.22229
41.8261,17.8214,5.21177
44.7477,23.8227,5.99314
44.8022,23.7613,5.97257
39.4038,13.3988,4.82344
39.3921,13.3376,4.81435
39.4673,13.3504,4.8024
41.0517,16.737,5.13912
41.0908,16.6714,5.12171
41.1478,16.7135,5.11996
41.08,16.6101,5.11236
41.161,16.631,5.10175
40.125,14.8745,4.96246
40.1541,14.8008,4.94474
40.2072,14.8543,4.94498
40.0665,14.8242,4.96291
41.6073,17.7596,5.23772
41.5863,17.6934,5.22906
41.6424,17.6957,5.22081
41.5449,17.6456,5.22659
41.6228,17.6416,5.2139
40.1091,14.7407,4.94172
39.419,13.5118,4.84091
39.4383,13.5843,4.85034
39.5012,13.5107,4.82648
38.5906,11.9083,4.68229
38.6167,11.8458,4.66563
38.6774,11.8999,4.66466
38.5346,11.8701,4.68464
42.0706,18.4857,5.3002
42.0019,18.5436,5.32116
41.9777,18.4678,5.311
45.3225,24.9329,6.1757
45.3591,24.9899,6.18507
45.4097,25.0322,6.18934
42.97,20.4286,5.53661
42.9577,20.3453,5.52249
43.0447,20.3552,5.51161
42.8798,20.3219,5.52813
42.9635,20.2683,5.50677
44.4434,23.1821,5.8942
44.5131,23.205,5.88967
44.4587,23.253,5.90721
44.4355,23.1016,5.87809
44.5043,23.1424,5.87704
41.8538,18.0798,5.25845
41.8731,18.1525,5.26901
41.7937,18.1549,5.28113
41.9338,18.1755,5.2633
42.8408,20.1414,5.49963
42.9136,20.1534,5.4916
42.6669,19.8061,5.46026
42.6677,19.8714,5.47219
44.3178,23.0549,5.8832
44.3219,23.0006,5.87158
44.3932,23.0275,5.86798
44.2796,22.9484,5.86601
44.3752,22.94,5.85161
44.794,23.9184,6.00831
44.8223,23.9789,6.0181
44.8793,23.9061,5.99464
42.4604,19.4505,5.42238
42.4118,19.4115,5.42161
42.495,19.3707,5.40274
38.856,12.4291,4.73623
38.8734,12.4942,4.74564
38.9359,12.4174,4.71967
41.2522,16.9331,5.14312
41.2146,16.9896,5.15925
41.1685,16.9452,5.15824
41.2276,17.052,5.16827
38.4981,11.7507,4.66883
38.5562,11.7998,4.66783
47.2277,29.0726,8.00597
47.2849,29.1271,8.05775
47.231,29.168,8.09952
47.3457,29.1373,8.06608
47.297,29.19,8.11987
38.7944,12.3952,4.73988
38.8032,12.3258,4.72541
38.8794,12.3507,4.71685
38.7609,12.2684,4.7216
38.8556,12.261,4.70324
42.4084,19.3299,5.40738
42.3634,19.2589,5.40049
42.4555,19.2552,5.38662
47.1343,28.8856,7.83177
43.5821,21.6302,5.68882
43.6076,21.7092,5.70099
43.58,21.5535,5.67408
43.6706,21.5834,5.66732
39.5966,14.191,4.92626
39.6993,14.1459,4.90488
41.4567,17.5392,5.22041
41.5539,17.499,5.19855
43.9715,22.3117,5.77495
42.8068,20.0941,5.49528
39.0418,12.8369,4.78203
44.8521,24.0516,6.03041
43.1423,20.7682,5.57856
43.0696,20.6158,5.55904
41.3368,17.2707,5.19068
44.1956,22.7974,5.8454
47.1232,28.4858,7.48641
47.127,28.4075,7.42413
43.3123,21.0744,5.61533
38.8976,12.5667,4.75525
41.2551,17.1271,5.17734
42.6284,19.756,5.45612
38.6126,11.9701,4.69018
47.1421,29.0625,7.99862
47.0738,28.9988,7.93955
47.1831,28.9778,7.91631
47.1558,29.1451,8.07866
47.0764,29.1213,8.05702
41.6176,17.8533,5.25264
40.4541,15.5795,5.03124
44.9694,24.2668,6.06407
39.3706,13.4638,4.84033
42.6834,19.9359,5.48193
40.2055,15.1944,5.00357
37.9671,11.5146,4.70607
37.8638,11.4794,4.71403
37.9099,11.3969,4.69547
37.7813,11.5132,4.72982
37.7772,11.3951,4.71239
39.5992,13.9136,4.88123
40.3067,15.358,5.01595
47.0433,28.8938,7.8426
46.9654,28.967,7.91237
47.2932,28.9796,7.91394
45.0766,28.1874,7.23611
45.1506,28.0973,7.19488
45.2242,28.1926,7.25656
45.1269,27.989,7.13465
44.3925,23.2272,5.90971
45.0935,24.5374,6.11034
44.3674,23.1596,5.89878
34.9238,11.9047,4.99116
34.406,11.8699,4.9865
36.8603,11.7771,4.87979
44.7809,27.138,6.75124
35.0346,11.7813,4.98215
34.9145,11.688,4.97789
35.0848,11.6035,4.96853
36.2005,11.5492,4.90767
36.3249,11.6741,4.91293
36.4704,11.7127,4.90634
36.1004,11.8842,4.95144
35.5701,11.8317,4.9714
44.3523,26.4448,6.53415
44.4394,26.5301,6.55942
44.2456,26.5886,6.5582
35.8682,11.7192,4.94692
35.9718,11.8352,4.95337
35.908,11.5634,4.92861
36.0449,11.687,4.93336
34.1032,11.8648,4.97909
33.5203,12.1549,4.95152
33.6479,12.0681,4.96063
33.7248,11.9525,4.96478
35.7248,11.7717,4.95933
42.2501,19.0155,5.37177
42.282,19.0961,5.38201
37.1674,11.4412,4.79731
37.326,11.483,4.78367
37.1847,11.6037,4.81911
37.2358,11.3174,4.77056
44.9545,27.6154,6.94245
35.2791,11.9159,4.98697
35.1541,11.779,4.97968
33.8505,11.673,4.9668
33.6828,11.657,4.96025
33.8277,11.5249,4.96308
33.8041,11.8084,4.96719
44.5715,26.8896,6.66055
44.4802,27.0098,6.68665
44.3912,26.8737,6.64094
44.6703,26.9876,6.69625
46.5513,28.6572,7.64825
40.1852,15.0885,4.98922
44.0701,25.9887,6.42462
44.1531,26.1006,6.45057
43.9808,26.1279,6.44338
43.8978,25.797,6.38048
44.5596,26.7483,6.62155
43.6507,21.7764,5.70882
46.5473,26.7162,6.54024
46.5432,26.7098,6.53837
38.3616,10.9496,4.53971
46.5737,26.7728,6.55933
46.6085,26.845,6.58411
46.5905,26.8071,6.57094
46.5824,26.7862,6.56335
46.5777,26.7803,6.5618
46.4201,26.5411,6.4939
46.6054,26.8299,6.57795
38.3879,10.9996,4.54357
38.4015,10.991,4.53762
46.5341,26.6969,6.53478
46.627,26.8819,6.59691
38.4016,10.9813,4.53527
38.369,10.9815,4.54483
46.6986,27.0707,6.67043
46.0291,25.8338,6.31802
46.0482,25.8499,6.31946
38.3514,10.9922,4.55188
45.9921,25.7738,6.30596
46.0801,25.9058,6.33148
38.3107,11.0116,4.56588
38.2844,11.0079,4.57114
38.2946,10.9836,4.56398
38.3335,11.0161,4.56137
38.3269,11.0328,4.56636
46.4131,26.5233,6.48821
46.0636,25.8696,6.32281
46.4447,26.5672,6.49946
46.1499,26.1191,6.38964
46.1648,26.1538,6.39878
46.002,25.7967,6.31134
38.413,11.0648,4.55124
46.1002,25.9372,6.33788
46.1216,25.9942,6.35282
46.2065,26.2941,6.43971
47.7161,29.1067,8.02412
45.8928,25.6633,6.28988
47.6305,29.0191,7.93951
47.6809,29.074,7.99237
38.4225,11.1368,4.56451
46.7701,27.3229,6.78136
46.7623,27.2953,6.76873
46.1963,26.2586,6.42917
38.434,11.162,4.56699
46.7902,27.4184,6.82717
46.2241,26.3623,6.46055
45.9589,25.7394,6.3014
45.9869,25.7489,6.29903
45.5633,25.2796,6.23207
47.5245,28.9117,7.83951
46.1695,26.1956,6.41209
47.4075,28.8201,7.75901
47.3229,29.0677,7.99825
47.41,29.0884,8.01567
42.1121,18.7629,5.34518
46.8276,27.5618,6.89836
46.8146,27.5184,6.87656
41.012,16.6656,5.13259
40.9962,16.5825,5.12064
45.5065,29.0568,7.9121
45.4902,28.9721,7.83834
45.5728,28.9934,7.86689
45.4692,28.8866,7.76548
45.5591,28.8963,7.78463
43.1048,20.692,5.56893
42.8298,19.9649,5.46716
39.4853,13.6717,4.8579
43.4233,21.2586,5.63664
43.4482,21.337,5.64869
38.4247,11.3427,4.60594
39.9066,14.5017,4.933
47.469,29.0891,8.01444
47.3266,28.7293,7.68083
47.2889,28.6759,7.63579
39.6409,13.9901,4.88771
39.7036,14.0518,4.88834
45.4589,25.1403,6.2099
39.1392,12.9627,4.78928
38.2081,11.1381,4.61027
38.4318,11.2149,4.57871
45.527,28.8224,7.72137
45.7085,25.4486,6.25728
47.3612,28.7761,7.72109
43.006,20.502,5.54576
41.5153,17.5814,5.21955
44.6686,23.7093,5.97821
47.2653,28.6212,7.5899
47.2179,28.5755,7.55408
45.2877,24.8696,6.16474
38.9336,12.6352,4.76222
38.9742,12.6984,4.76739
47.1843,28.5151,7.5062
45.4547,28.8099,7.70266
45.6539,28.924,7.81841
40.4147,15.4979,5.02346
42.769,20.0285,5.48803
38.4888,11.6045,4.64325
46.913,27.9357,7.10849
45.1597,24.618,6.12109
41.3843,17.3406,5.19609
43.6997,21.8345,5.71416
43.1819,20.8462,5.58834
45.2006,24.7167,6.13909
40.3966,15.4083,5.01116
40.173,14.9179,4.9623
42.0652,18.6829,5.3373
44.234,22.8787,5.85728
46.985,28.1687,7.2577
46.3647,28.6551,7.64613
44.5351,23.4973,5.94905
44.8081,27.3309,6.81906
43.605,25.2057,6.27329
40.5787,15.7546,5.04204
40.5237,15.6591,5.03423
42.3238,19.1801,5.39154
42.7538,23.6354,6.03769
42.893,24.1262,6.10007
43.4256,24.8975,6.22165
40.532,21.0973,5.69611
40.3993,20.9222,5.67589
39.8564,20.2099,5.59613
40.2644,20.7447,5.65564
43.2181,24.5871,6.17129
41.455,22.2553,5.83965
38.4232,18.35,5.40778
38.2751,18.1568,5.38997
37.0675,16.575,5.25264
36.9137,16.3735,5.23614
40.9278,21.6031,5.75682
38.8627,18.9234,5.4623
38.7168,18.7333,5.44391
42.5523,23.6654,6.03217
42.6669,23.8191,6.05448
37.5253,17.1746,5.30304
37.3733,16.9754,5.28608
36.135,15.3518,5.15591
35.9819,15.1554,5.14101
41.1908,21.9327,5.79797
35.5448,14.6949,5.10146
35.6969,14.8265,5.11468
39.2945,19.4832,5.5186
42.3189,23.3581,5.98841
41.5822,22.417,5.86065
41.7096,22.5787,5.88192
42.5508,19.5703,5.43226
39.8882,14.4215,4.92229
39.2051,13.0048,4.78588
46.9522,27.8853,7.07339
37.8728,11.5897,4.72982
45.384,28.7488,7.64638
45.7528,28.8517,7.7695
45.8765,28.779,7.72195
46.012,28.7196,7.68441
33.9646,11.7599,4.97233
37.7189,11.6264,4.75525
45.3353,28.4146,7.4051
43.7746,25.5255,6.32982
44.5422,26.6118,6.58568
35.4149,11.8066,4.97469
43.0023,24.2792,6.12328
43.3237,24.7427,6.19627
45.3247,28.2823,7.32064
46.1795,28.6761,7.65822
41.8297,22.737,5.90277
41.9563,22.892,5.92395
42.0808,23.0494,5.94553
34.2708,11.7701,4.98051
37.549,11.6905,4.78696
43.5215,25.0471,6.24679
34.7548,11.7849,4.9851
42.202,23.2038,5.96693
42.438,23.5109,6.01016
38.1264,17.9623,5.37231
37.9772,17.7666,5.3548
40.129,20.569,5.63575
38.5703,18.5421,5.42574
37.3499,11.6999,4.81343
35.2864,11.6762,4.96819
42.7829,23.9732,6.07728
36.7591,16.1708,5.21979
36.6039,15.9673,5.20357
40.7962,21.4381,5.73661
40.662,21.2693,5.71621
35.837,14.9821,5.12741
37.2208,16.7756,5.26929
41.3222,22.0978,5.81896
36.655,11.7891,4.90055
35.1784,14.2986,5.06993
34.528,13.4325,5.01876
34.5512,13.2477,5.02045
34.389,13.0335,5.0088
39.5774,19.8503,5.55712
39.7179,20.0313,5.57662
39.4363,19.6673,5.53777
39.0078,19.1118,5.48089
39.1517,19.2979,5.49964
39.9934,20.3892,5.61583
34.0417,12.7885,4.98462
37.8275,17.5701,5.33742
37.6768,17.3729,5.32016
35.0292,13.8859,5.05687
35.0043,14.0704,5.05554
34.8703,13.6738,5.0444
36.4482,15.763,5.18748
36.2919,15.5579,5.17158
42.1705,18.8422,5.35142
39.0836,12.9064,4.78802
46.5861,26.8007,6.56905
46.5072,26.6628,6.52602
46.4687,26.5796,6.49943
42.5953,19.6907,5.44847
38.1372,11.2064,4.63373
41.2921,17.1976,5.18433
44.8936,27.4784,6.88149
44.3572,23.0934,5.88642
34.2057,13.0037,4.99575
46.5691,26.7564,6.55306
38.3894,10.8904,4.51646
38.3846,10.8915,4.51847
38.3844,10.8864,4.51719
38.3868,10.896,4.51883
46.5475,26.6757,6.52201
46.5413,26.6759,6.52378
46.544,26.6704,6.52053
46.5359,26.6809,6.52736
46.5357,26.6719,6.52342
46.65,26.8854,6.59328
46.6561,26.8866,6.59227
46.6509,26.8908,6.59566
46.6531,26.881,6.59034
47.9139,29.335,8.25596
47.9172,29.3404,8.26158
47.9115,29.3405,8.26177
47.9179,29.3293,8.24977
47.9209,29.3346,8.25532
46.57,26.744,6.54729
47.8924,29.3045,8.2242
47.8985,29.3079,8.2276
47.8931,29.3132,8.23329
47.9014,29.3017,8.22095
47.9052,29.307,8.22652
46.5365,26.658,6.51693
46.5333,26.6647,6.52078
46.5272,26.6596,6.52006
46.5265,26.6697,6.52466
46.618,26.8408,6.58008
46.621,26.8347,6.5765
46.6247,26.839,6.5776
46.5515,26.7088,6.53598
46.5907,26.7883,6.56242
46.5325,26.6517,6.51513
46.5252,26.6518,6.51711
46.5285,26.6451,6.51326
46.5176,26.6562,6.52087
46.5197,26.6467,6.51624
46.5962,26.8016,6.56717
46.5771,26.76,6.55282
46.6292,26.8655,6.5889
46.5839,26.7737,6.55742
46.5387,26.6886,6.53008
46.6095,26.8231,6.57389
47.8588,29.226,8.14243
47.8507,29.2263,8.14304
47.8547,29.2188,8.13495
47.8443,29.2215,8.13821
46.6116,26.8361,6.57938
46.5176,26.6664,6.5253
47.8761,29.3031,8.22306
47.8836,29.3059,8.22587
47.8766,29.3144,8.23487
47.867,29.2996,8.21958
47.8759,29.2923,8.21163
46.6704,26.9569,6.62242
46.6804,26.964,6.6236
46.5652,26.731,6.54257
46.5616,26.7244,6.5405
47.865,29.3101,8.23053
47.8759,29.3266,8.24772
47.8635,29.3244,8.24562
46.4599,26.5382,6.48406
46.4517,26.5416,6.48745
46.4511,26.5306,6.48299
46.4697,26.5391,6.48194
46.4618,26.5478,6.48765
47.8484,29.2513,8.16934
47.8445,29.2412,8.1588
47.8556,29.242,8.15936
46.6378,26.886,6.59642
46.4588,26.5214,6.47711
46.4485,26.5202,6.47924
46.4533,26.5118,6.47441
46.4391,26.5245,6.48321
46.4416,26.513,6.47786
46.5441,26.6954,6.53182
46.6859,26.9928,6.63611
46.6913,27.0033,6.63994
46.4344,26.5037,6.4757
46.4292,26.5163,6.48204
46.4208,26.5052,6.47937
46.4398,26.4919,6.46941
46.4466,26.502,6.47197
46.5735,26.7494,6.54886
46.5797,26.7535,6.54922
38.4101,10.9848,4.53348
47.847,29.292,8.21194
46.6944,27.0459,6.65949
46.7042,27.0567,6.66275
38.4035,10.9517,4.52742
38.3743,10.9416,4.53417
46.6243,26.8439,6.57998
46.7697,27.1402,6.69043
46.7556,27.1376,6.69202
46.763,27.1262,6.68485
46.7434,27.1433,6.69716
46.7437,27.1266,6.68895
38.3616,10.9203,4.53298
38.3487,10.9227,4.53729
38.3493,10.9067,4.53344
38.345,10.9352,4.54113
38.3287,10.9177,4.5417
46.7669,27.1647,6.7033
46.7536,27.1684,6.70761
46.757,27.1531,6.69945
46.7812,27.1683,6.7022
46.7663,27.1781,6.71006
46.0955,25.8891,6.32242
46.438,26.5385,6.48919
38.3569,10.9639,4.54423
38.3415,10.9727,4.55027
38.3424,10.9521,4.54554
46.3968,26.488,6.47755
46.72,27.1018,6.68137
46.6163,26.8284,6.57472
38.4265,11.0348,4.5404
46.3772,26.4314,6.45933
46.384,26.4457,6.46352
46.3649,26.444,6.46676
46.3939,26.4288,6.45452
46.5276,26.6787,6.52836
46.0102,25.7307,6.28813
46.0256,25.7425,6.28848
46.0105,25.7544,6.29592
46.0333,25.7276,6.28138
46.043,25.7426,6.28408
47.7893,29.286,8.20672
47.8058,29.2908,8.21136
47.788,29.3101,8.23175
47.8284,29.2939,8.21428
47.8121,29.3155,8.23695
46.6829,26.9821,6.63166
38.3277,10.9381,4.54643
38.3219,10.9542,4.55134
38.3025,10.9317,4.5515
46.7673,27.2324,6.7368
46.7878,27.2346,6.73439
46.755,27.2192,6.7323
46.7787,27.2175,6.72744
46.5024,26.6406,6.51767
46.1297,25.9741,6.34423
46.7356,27.16,6.70665
46.7429,27.1833,6.71668
46.742,27.2043,6.72706
46.4595,26.5707,6.49778
46.4476,26.5514,6.49241
46.4592,26.5598,6.49328
46.0047,25.7118,6.28308
45.9858,25.7237,6.29117
46.0134,25.695,6.27518
46.0234,25.7116,6.27834
47.7383,29.0998,8.01627
47.7445,29.1381,8.0552
47.7717,29.2922,8.2134
46.2208,26.1452,6.38505
46.1978,26.1484,6.3909
46.209,26.1271,6.38106
46.2422,26.1505,6.38215
46.2218,26.1678,6.39296
38.4816,11.1799,4.55806
38.4826,11.1576,4.55257
38.5018,11.1616,4.54762
38.4738,11.1416,4.55142
38.4955,11.1421,4.54481
46.3589,26.3754,6.44131
46.3358,26.3766,6.44674
46.3463,26.3567,6.43681
46.3111,26.3947,6.4582
46.3161,26.3618,6.4451
38.296,11.0352,4.57389
38.4431,11.1182,4.5549
45.336,29.3126,8.10707
45.3396,29.2819,8.08111
45.3632,29.3002,8.10172
45.3397,29.2465,8.05035
45.3735,29.2628,8.07082
47.8554,29.2607,8.17899
47.8249,29.2159,8.13296
45.9211,25.6012,6.26558
45.9413,25.6173,6.26638
45.9214,25.6347,6.276
45.9519,25.5962,6.25697
45.9654,25.6173,6.26073
46.3477,26.4402,6.46857
46.1594,26.0677,6.37043
38.3005,10.9583,4.55748
38.2671,10.9496,4.56353
38.3171,10.9726,4.55639
38.4502,11.1851,4.56777
45.939,25.5746,6.25295
45.914,25.5755,6.25893
45.9244,25.5522,6.24906
45.8945,25.5606,6.25837
45.9476,25.6895,6.288
46.7263,27.1388,6.69799
46.7926,27.3016,6.76734
47.615,28.9925,7.91389
47.6484,28.9945,7.9144
46.2002,26.2248,6.41698
38.3288,10.9943,4.558
38.5588,11.3117,4.56637
38.5386,11.3319,4.57674
38.5232,11.3062,4.57513
38.5348,11.365,4.58503
45.396,29.2313,8.04711
45.4173,29.2638,8.0794
45.3667,29.2205,8.03258
46.8263,27.4122,6.81916
46.2547,26.3399,6.44804
46.4161,26.4885,6.47365
46.2249,26.2671,6.42742
47.696,29.268,8.18965
47.6584,29.2821,8.20481
47.5892,29.285,8.20906
47.6024,29.2588,8.18194
47.6195,29.2844,8.20788
47.5648,29.3084,8.23343
47.5642,29.2598,8.18379
38.4668,11.2361,4.57451
47.6376,28.9746,7.89524
47.5824,28.8007,7.73096
47.5469,28.8032,7.73571
47.5609,28.7721,7.70577
47.5192,28.8323,7.76461
47.5129,28.7845,7.72046
38.2654,11.0188,4.57735
45.8166,25.3818,6.21941
45.7814,25.3837,6.22721
45.7958,25.3502,6.2142
45.751,25.4112,6.24054
45.7491,25.3602,6.22634
46.3927,26.4655,6.46949
38.655,11.6625,4.61991
38.599,11.6729,4.63465
38.6282,11.6222,4.61756
38.7063,11.6735,4.60953
38.6591,11.7146,4.63016
46.2885,26.3791,6.45643
46.192,26.1725,6.40038
47.0924,27.9135,7.07639
47.0414,27.9039,7.07616
47.072,27.8679,7.04952
46.9898,27.9229,7.09351
47.0082,27.8639,7.05448
47.4939,28.8735,7.80465
47.5403,28.8707,7.79967
38.6976,11.7618,4.63146
38.6361,11.7783,4.64836
38.7515,11.7719,4.62046
38.701,11.8203,4.64326
46.7665,27.1988,6.72029
47.3679,28.6721,7.62788
40.7676,15.7896,5.01453
40.7121,15.818,5.03103
40.7254,15.7465,5.01475
40.8238,15.7933,5.0024
40.7784,15.8392,5.02218
47.4952,29.198,8.12265
47.4285,29.2114,8.13793
44.5565,23.1155,5.8619
44.5189,23.08,5.86024
44.6091,23.1195,5.8522
44.5667,23.1619,5.87118
40.0248,14.2556,4.86409
47.4188,28.7643,7.7074
39.8398,13.8979,4.83194
39.8111,13.8469,4.82794
42.5339,19.2543,5.37289
42.4916,19.3035,5.39028
43.06,20.1212,5.45686
43.0304,20.1659,5.47378
42.9948,20.1312,5.4731
43.0376,20.2241,5.48522
42.9722,20.1935,5.49035
45.4765,25.0584,6.18739
40.4768,15.2254,4.96303
40.4325,15.183,4.96389
40.5059,15.1789,4.94654
40.4856,15.2857,4.9732
40.4224,15.2534,4.97936
40.0515,14.307,4.86868
40.0222,14.3532,4.88508
40.0315,14.4135,4.89511
43.6507,21.5248,5.65806
43.6417,21.4806,5.65007
43.6974,21.4845,5.64107
43.5931,21.4467,5.6506
43.6712,21.4396,5.63583
38.5385,11.5567,4.62404
40.3527,15.0273,4.94968
40.2733,15.0479,4.96847
43.0238,20.2922,5.5021
43.0752,20.301,5.49487
45.6246,25.2846,6.22528
40.3606,15.22,4.98427
40.2987,15.1894,4.98906
47.2003,28.4387,7.44359
47.339,28.6144,7.5796
41.1157,16.5084,5.08634
41.0753,16.5548,5.10292
41.0408,16.509,5.10038
38.5788,11.7317,4.6505
39.379,13.2805,4.80614
39.3369,13.2356,4.80546
39.4151,13.228,4.78893
43.5974,21.5024,5.66145
45.1386,24.459,6.08704
46.9835,27.9913,7.13803
42.622,19.5686,5.42153
42.6481,19.6266,5.42879
42.6766,19.6838,5.43555
41.9428,18.3522,5.29515
41.9983,18.3858,5.2929
40.2868,15.2621,5.0031
40.3564,15.2838,4.99615
43.6952,21.72,5.69191
43.7426,21.7667,5.69477
43.6904,21.6554,5.67935
43.7751,21.6965,5.67461
45.0147,24.1943,6.04212
44.7224,23.6429,5.95709
39.1286,12.8298,4.76601
39.2802,13.1036,4.79108
40.7159,15.887,5.04299
38.7439,12.0536,4.68271
38.9889,12.5632,4.73902
39.0236,12.6242,4.74476
38.9603,12.4969,4.73111
39.0417,12.5009,4.7158
44.0513,22.3412,5.77017
41.3193,17.0621,5.15591
40.8906,16.2278,5.07463
41.5929,17.5793,5.20717
39.9578,14.4442,4.91477
47.0766,28.1846,7.26175
45.34,24.7894,6.13913
38.561,11.6173,4.63142
43.8677,21.9723,5.71928
41.6915,17.8005,5.23238
43.0523,20.5504,5.5489
43.1228,20.5484,5.53853
39.7832,14.0852,4.88079
43.98,22.2246,5.75592
42.3173,18.9511,5.34971
44.8843,24.1281,6.04337
44.954,24.0516,6.01756
43.2497,20.7626,5.56236
43.3301,20.9106,5.58018
40.8326,16.0805,5.05785
41.4395,17.2571,5.1722
44.3003,22.7925,5.83049
39.0715,12.6868,4.74834
43.7979,21.827,5.69915
39.8457,14.2179,4.8937
46.2439,26.3085,6.43875
40.2436,14.9183,4.95014
41.8027,18.0045,5.25258
40.491,15.432,4.9998
39.5954,13.7147,4.84695
40.0519,14.5788,4.92249
45.0076,28.3468,7.31974
44.989,28.2691,7.27103
45.0971,28.29,7.29822
44.9229,28.3494,7.30815
45.1867,24.5283,6.09697
44.1751,22.6066,5.80867
45.2895,24.7181,6.12861
45.5323,25.1504,6.20322
44.6167,23.4543,5.92989
43.1978,20.6902,5.55566
45.0955,24.3263,6.06178
40.7411,15.9534,5.05063
40.9626,16.3668,5.08764
42.5397,19.4376,5.4088
42.5911,19.4971,5.41236
45.7031,25.3964,6.2439
44.5357,23.2688,5.90048
42.7212,19.7425,5.44011
37.6474,11.3563,4.7233
37.715,11.2771,4.70273
37.7523,11.1541,4.67957
37.8353,11.2876,4.68868
37.6736,11.4756,4.73794
37.5879,11.5533,4.76082
37.5215,11.4208,4.74926
47.1458,28.3293,7.36261
38.7677,12.1285,4.69321
42.6977,19.5654,5.40775
42.2514,18.8492,5.34068
42.3189,18.8736,5.33395
42.8867,20.0859,5.48233
43.5132,21.2682,5.62572
43.4752,21.2086,5.61923
44.9752,27.986,7.11597
45.2041,28.3383,7.34117
44.8439,27.7429,6.98573
39.1681,12.8855,4.76966
39.2167,12.9308,4.76941
34.414,11.375,4.96483
34.271,11.416,4.96681
34.3031,11.2446,4.95883
34.4901,11.4982,4.97079
34.3797,11.5074,4.97124
43.5969,25.9593,6.3813
43.7353,25.8854,6.3826
43.6979,26.0444,6.40441
43.4529,25.9609,6.36615
43.5699,25.8123,6.35702
44.3927,26.6921,6.59484
34.119,11.6745,4.97435
39.3002,13.1734,4.80054
39.2722,13.0372,4.77977
41.9359,18.104,5.24859
33.6979,11.4498,4.95764
33.809,11.3864,4.95936
33.8466,11.2746,4.95709
33.9555,11.3911,4.96251
44.1043,26.3774,6.50104
44.2239,26.4189,6.51925
44.0574,26.5411,6.53045
44.0516,26.2609,6.47379
41.2996,16.9909,5.1459
47.2933,28.5607,7.53698
42.0907,18.5473,5.30872
33.6592,11.839,4.96079
33.5199,11.7877,4.95328
43.6309,25.6502,6.33859
43.5785,25.5194,6.31581
43.4713,25.6718,6.32816
46.4372,28.8258,7.78839
46.5943,28.8441,7.8057
46.505,28.9924,7.93625
46.7398,28.8788,7.83565
46.6408,29.0073,7.95187
34.4369,11.6615,4.97842
35.4711,11.6614,4.96019
47.4607,28.7796,7.719
44.6197,27.2777,6.7831
40.4052,15.3261,4.99556
40.4735,15.3589,4.98952
43.8892,25.9772,6.40992
37.0352,11.498,4.82149
33.9771,11.5813,4.96842
33.5431,11.969,4.9544
40.3015,14.9718,4.9492
45.0279,28.0888,7.17586
44.7373,27.4836,6.86835
44.632,27.4176,6.83275
35.6136,11.6607,4.95392
43.7604,25.7227,6.35916
46.4277,26.5287,6.48741
46.5555,26.7141,6.53737
46.5476,26.7027,6.5342
46.5673,26.738,6.54526
46.5605,26.7179,6.53783
47.7999,29.1829,8.09947
38.4159,10.9941,4.53389
38.4106,10.9751,4.53093
46.5929,26.7948,6.56484
46.5814,26.7661,6.55456
47.8556,29.3024,8.2227
47.8864,29.2971,8.21653
46.5886,26.7808,6.55952
38.374,10.9183,4.52873
46.6527,26.9137,6.60601
47.8732,29.2839,8.20289
46.1014,25.9047,6.3265
46.6369,26.8775,6.59268
47.864,29.2683,8.18674
46.4801,26.5985,6.50483
46.661,26.9383,6.61571
46.497,26.6309,6.51474
38.4408,11.0943,4.55008
47.7538,29.1157,8.03193
47.7252,29.0844,8.00118
38.361,10.9337,4.53628
46.7018,27.0345,6.65266
46.6973,27.0236,6.64837
46.7222,27.0874,6.67402
46.1215,25.9309,6.33097
46.1102,25.9191,6.32948
46.7131,27.0779,6.6712
46.715,27.066,6.66511
46.7094,27.0449,6.65609
46.0661,25.8354,6.31072
46.0857,25.8733,6.31924
46.0816,25.8577,6.31477
46.1526,26.0076,6.3509
47.8095,29.1926,8.10926
46.7218,27.1187,6.68914
46.1732,26.0932,6.37652
47.7127,29.0638,7.98083
38.4295,11.0533,4.54388
46.8538,27.4962,6.85994
46.8507,27.5292,6.87805
47.6642,29.0137,7.93267
47.5688,28.9017,7.82783
47.7795,29.1415,8.05743
47.7658,29.1316,8.04773
46.3427,26.4235,6.46316
38.4615,11.1618,4.55959
38.4707,11.2699,4.58073
46.8057,27.3287,6.77908
46.2271,26.2435,6.4188
47.4022,29.1556,8.08267
46.2098,26.1948,6.40487
46.8147,27.3579,6.79271
38.4338,11.0719,4.54697
46.2854,26.3542,6.44796
46.8315,27.3812,6.80223
45.9312,25.6637,6.28312
46.1824,26.1243,6.38549
47.4705,28.8265,7.76181
47.4041,28.7199,7.66813
46.8747,27.582,6.904
46.8702,27.5488,6.88633
44.7568,23.7019,5.96552
44.6954,23.5784,5.94648
44.2287,22.6608,5.81253
44.253,22.7227,5.82233
43.5785,21.3879,5.64054
44.602,23.3838,5.91641
41.0102,16.4377,5.09249
40.4942,15.5077,5.01279
42.3818,19.1059,5.36936
45.6213,25.2395,6.21384
46.919,27.7752,7.00973
40.0087,14.4982,4.91555
45.4336,29.0396,7.88721
45.4538,29.1117,7.95184
45.5782,29.0916,7.95167
45.3974,24.9215,6.16386
45.4323,24.9693,6.17105
45.3132,28.6463,7.56114
45.5306,25.0983,6.19012
44.0482,22.2716,5.75568
43.93,22.1088,5.73882
43.9708,22.1572,5.74299
42.8581,20.0254,5.47475
41.1892,16.7652,5.12248
42.2034,18.7543,5.33016
45.143,24.3791,6.06761
45.4676,25.0026,6.17459
45.2453,24.5798,6.10129
43.0913,20.4876,5.5311
47.0345,28.1141,7.21594
40.6066,15.612,5.01207
40.5535,15.5549,5.01112
40.6593,15.7792,5.0333
40.6594,15.715,5.02153
43.0601,20.4261,5.52356
42.1721,18.6777,5.3205
39.6589,13.8489,4.86004
40.7813,16.0156,5.05498
44.5641,23.3315,5.91023
44.1729,22.5223,5.79087
44.9798,24.1291,6.03183
38.7037,11.979,4.67545
43.3566,20.9898,5.59238
44.6841,23.5042,5.93145
43.3947,21.0409,5.59699
40.8594,16.1603,5.06774
43.8936,22.0446,5.73068
45.9846,28.8852,7.8173
44.3267,22.8721,5.8439
45.5139,29.1363,7.98189
45.6559,29.0395,7.91622
38.807,12.1964,4.69944
43.5408,21.3401,5.63643
37.4711,11.5711,4.77852
43.8257,21.9014,5.71062
39.5304,13.5877,4.83538
39.4565,13.4364,4.8209
42.428,19.1778,5.37595
40.0766,14.6665,4.93404
36.7426,11.6327,4.87181
44.9072,23.9825,6.00819
44.8217,23.8431,5.9883
44.1197,22.4684,5.78726
44.078,22.407,5.78023
39.5708,13.6406,4.83777
41.3864,17.1928,5.16907
41.3494,17.1262,5.16282
45.3708,28.8672,7.73659
45.4054,28.9615,7.81781
43.4984,25.3666,6.28883
37.9536,11.3071,4.67599
44.7656,27.6122,6.92174
43.3218,25.0717,6.23795
47.2592,28.4945,7.48447
43.1108,24.4328,6.14699
43.121,24.7667,6.18732
40.4704,21.2793,5.70383
41.3864,22.4406,5.85047
42.7998,24.3081,6.11483
34.6868,13.6457,5.03063
34.513,13.6096,5.01641
42.351,23.6953,6.02353
38.8203,19.1063,5.4665
38.6756,18.9163,5.44777
38.2368,18.3399,5.39293
38.0889,18.1455,5.37502
45.7496,28.9874,7.88212
36.1076,15.5359,5.15646
35.9509,15.3289,5.14086
41.882,23.0774,5.93627
42.5802,24.003,6.06879
42.4656,23.8492,6.04597
42.1189,23.3882,5.97957
41.6334,22.7621,5.893
37.34,17.1589,5.28781
37.4914,17.358,5.30497
39.3887,19.8501,5.54335
39.5285,20.033,5.56305
40.6034,21.4523,5.72461
40.7344,21.6215,5.74527
33.495,11.6209,4.95152
33.3347,11.8877,4.9412
47.1891,28.3755,7.3948
41.701,17.7227,5.21599
34.6288,11.5856,4.97478
44.8932,27.8755,7.05197
45.1897,28.4575,7.41497
45.2671,28.5376,7.47874
45.861,28.9303,7.84485
46.8621,28.9214,7.87236
46.1178,28.8492,7.79608
46.2721,28.8272,7.78504
44.5651,27.1378,6.73278
35.7473,11.5612,4.9376
42.9082,24.4606,6.13848
36.8803,11.5711,4.84923
39.8033,20.3927,5.60257
39.9389,20.5717,5.62255
39.6665,20.2139,5.58277
39.2479,19.666,5.52383
39.1063,19.4808,5.50452
38.9638,19.2946,5.48542
41.5123,22.6014,5.87176
41.1285,22.1172,5.80812
43.2239,24.9205,6.21258
43.0155,24.6134,6.16262
42.0018,23.2338,5.95794
41.7586,22.9216,5.91471
36.4016,11.5118,4.88751
34.2677,11.5847,4.97373
42.2364,23.5426,6.00156
37.9405,17.9498,5.35728
37.7915,17.7533,5.33971
37.6419,17.5562,5.32227
40.2083,20.9274,5.66302
40.3402,21.1043,5.68341
40.0737,20.7512,5.64275
38.53,18.7251,5.42926
38.3837,18.533,5.41099
36.7289,16.3545,5.22089
36.8827,16.5572,5.23738
36.5745,16.1511,5.20455
36.4194,15.947,5.18835
36.2638,15.7419,5.1723
40.8658,21.7873,5.76599
41.0591,21.7688,5.77733
40.9972,21.953,5.78698
35.8022,15.1416,5.12646
35.665,14.9798,5.11355
35.5505,14.8514,5.10301
37.1881,16.9591,5.27083
33.7025,12.3547,4.96283
37.0357,16.7587,5.25403
33.8775,12.5731,4.97389
33.7026,12.5323,4.96082
35.3609,14.794,5.08596
35.3634,14.585,5.08601
36.5898,11.5823,4.87973
34.9976,14.2493,5.05456
34.3679,13.2185,5.00715
34.8304,14.0354,5.0409
38.4501,11.1405,4.55794
38.218,11.0978,4.60135
42.2394,18.8015,5.33341
42.3537,19.0248,5.35814
39.0966,12.7632,4.75882
38.1479,11.1437,4.62159
41.9601,18.2321,5.26977
42.0771,18.4118,5.28452
42.1223,18.6108,5.31575
43.414,25.2171,6.26296
47.6936,29.048,7.96574
41.473,17.3357,5.18138
46.1522,26.0452,6.36409
43.2826,20.8428,5.57367
39.8072,14.1533,4.88882
46.8431,27.4357,6.82916
46.1411,25.9981,6.35012
46.1425,25.9837,6.34475
35.1706,14.4911,5.06918
34.8456,13.8583,5.04288
33.8665,12.7518,4.97122
34.031,12.9665,4.98216
46.5654,26.715,6.53525
46.5663,26.7195,6.53708
46.5703,26.7151,6.53396
46.5553,26.7023,6.53209
46.5586,26.7074,6.53355
46.562,26.7119,6.53474
46.5774,26.7437,6.54534
46.5748,26.7387,6.54369
46.5816,26.739,6.54199
46.6288,26.8348,6.57456
38.4038,10.9123,4.51701
38.4001,10.9162,4.51942
38.3975,10.9115,4.51912
38.4001,10.9207,4.52064
38.3936,10.918,4.5222
46.6292,26.8465,6.58001
46.6354,26.8464,6.57837
46.5686,26.7247,6.53887
46.5719,26.7286,6.53979
46.5885,26.7633,6.55151
46.5917,26.7588,6.54854
46.5944,26.7638,6.55012
46.5846,26.7592,6.55064
38.4035,10.9237,4.52018
38.4051,10.9281,4.52078
38.4091,10.9242,4.51828
46.5959,26.7786,6.55669
46.5995,26.7743,6.55368
46.6019,26.7793,6.55543
46.5923,26.7741,6.55552
38.3958,10.9062,4.51834
38.3911,10.9092,4.5208
38.4012,10.9065,4.51642
46.5802,26.7479,6.54651
46.5858,26.7486,6.54536
46.5993,26.7897,6.56097
46.602,26.7957,6.5631
46.5968,26.7836,6.55877
46.6044,26.7848,6.55734
47.9082,29.3239,8.24435
47.9041,29.3197,8.23996
47.9117,29.3182,8.23813
47.9104,29.3295,8.25021
47.9013,29.3291,8.24997
46.6103,26.8117,6.56845
46.6135,26.8175,6.57033
46.6089,26.8064,6.56634
46.6155,26.807,6.56486
46.6371,26.8626,6.58568
46.6382,26.8692,6.58849
46.6438,26.8634,6.58431
46.6434,26.8742,6.58959
46.6453,26.8809,6.59231
46.6502,26.875,6.58824
46.5468,26.6876,6.52764
46.5506,26.6917,6.52852
46.5434,26.6817,6.52585
46.5505,26.6815,6.52385
46.6051,26.8018,6.56514
46.6166,26.822,6.57168
46.6232,26.8234,6.57063
46.6651,26.9053,6.59899
46.661,26.9105,6.60256
46.6566,26.9051,6.60106
46.6624,26.9166,6.60511
46.5896,26.7684,6.55356
46.6526,26.8979,6.59859
46.6587,26.8927,6.59459
46.6804,26.9375,6.61079
46.6764,26.9432,6.61457
46.6714,26.9378,6.61312
46.6778,26.9496,6.61727
46.6453,26.8875,6.59541
47.8858,29.2891,8.20809
47.8938,29.2891,8.20789
38.413,10.9495,4.52362
38.4173,10.9439,4.52059
38.4203,10.9509,4.52135
38.4087,10.9433,4.52352
47.8781,29.2768,8.19533
47.8819,29.2835,8.20226
38.4112,10.93,4.51907
46.6305,26.8734,6.59222
46.6334,26.8578,6.5843
46.6657,26.9225,6.60713
46.6733,26.924,6.606
46.6924,26.9781,6.62761
46.6971,26.9719,6.62346
46.7004,26.9789,6.62611
46.687,26.9724,6.62615
47.876,29.2557,8.17312
47.8721,29.2628,8.18071
47.8664,29.2578,8.17559
47.874,29.2697,8.18794
46.5403,26.6645,6.51885
38.384,10.9035,4.52176
38.3837,10.9139,4.52451
46.6811,26.9557,6.61945
46.6892,26.9575,6.61837
47.9007,29.3135,8.23349
47.8952,29.3216,8.24218
46.7021,26.9999,6.63596
46.703,27.0072,6.63929
46.7109,27.0012,6.63452
46.5138,26.6394,6.5145
46.5088,26.6309,6.512
46.5191,26.6307,6.50929
38.4216,10.973,4.52671
38.4212,10.9825,4.52927
38.4303,10.9748,4.52411
47.8291,29.196,8.11207
47.8324,29.2041,8.12043
47.839,29.1944,8.10999
46.5063,26.6069,6.50208
46.5019,26.6142,6.50643
46.4955,26.6081,6.50532
46.5043,26.622,6.50921
46.7061,27.0161,6.6429
46.7098,27.0253,6.64656
46.7137,27.0092,6.63779
47.8855,29.3201,8.24078
47.8868,29.3347,8.25604
47.8862,29.3116,8.23181
47.8276,29.1762,8.0915
47.8214,29.185,8.1009
47.8147,29.1787,8.09454
47.8222,29.1925,8.10864
46.4837,26.5653,6.48968
46.4789,26.5732,6.49435
46.4711,26.5658,6.49307
46.4815,26.5816,6.49732
46.4902,26.5992,6.50275
46.486,26.5903,6.49995
46.4972,26.5905,6.49722
46.4694,26.5558,6.48922
46.479,26.5568,6.48719
38.4283,10.9997,4.53125
38.4273,10.9907,4.52928
38.4371,10.9924,4.52635
38.4336,10.9834,4.52519
47.8379,29.2137,8.1303
46.7199,27.0424,6.65266
46.7148,27.0346,6.65
46.7263,27.0352,6.6477
46.7198,27.0531,6.65794
47.8526,29.2335,8.15049
46.6974,26.9935,6.63391
38.417,10.9658,4.52643
38.3645,10.9098,4.52964
38.3743,10.9059,4.52559
46.6939,26.9854,6.63081
47.8428,29.305,8.22556
47.8511,29.3163,8.23732
46.4644,26.5304,6.47955
46.7271,27.0625,6.66095
46.7278,27.0743,6.66657
46.738,27.0645,6.65948
38.4316,11.0108,4.53292
38.4362,11.0225,4.53433
38.4405,11.0023,4.52772
46.5725,26.7199,6.5356
47.8948,29.3487,8.27063
47.8987,29.3386,8.26001
45.2733,29.3481,8.12218
45.2632,29.3547,8.1244
45.2623,29.3422,8.1141
45.2824,29.3574,8.1324
45.271,29.3616,8.13233
47.7999,29.1582,8.07383
47.8076,29.1693,8.08502
46.7425,27.0759,6.66416
46.7348,27.084,6.66988
46.7353,27.0949,6.67506
46.5523,26.6967,6.53036
46.0788,25.827,6.3047
46.0829,25.8402,6.30835
46.0924,25.8261,6.30075
46.1355,25.9265,6.32594
46.1425,25.9171,6.32055
46.1475,25.9285,6.32343
46.1279,25.9171,6.32448
47.7977,29.124,8.03857
47.7918,29.1353,8.05047
47.7831,29.127,8.04233
47.7945,29.1462,8.06159
46.1139,25.8929,6.31932
46.1202,25.9053,6.32218
46.1112,25.8818,6.31603
46.1244,25.8829,6.31282
46.0781,25.799,6.29484
46.0681,25.8205,6.30508
38.4435,11.0436,4.53723
38.4472,11.0591,4.53981
38.4422,11.0319,4.53472
38.4546,11.0349,4.5313
46.0937,25.8489,6.30869
46.0975,25.8604,6.31186
46.0997,25.8379,6.30304
46.1067,25.8487,6.30507
46.4283,26.494,6.47313
46.7382,27.109,6.68141
46.751,27.099,6.67383
46.1569,25.977,6.3389
46.1576,25.9911,6.34385
46.171,25.9782,6.33565
47.8679,29.3395,8.26132
47.8459,29.3377,8.25967
46.1358,25.9383,6.33015
46.1517,25.9415,6.32712
46.0685,25.8505,6.31532
46.5621,26.7018,6.53003
38.4608,11.1043,4.5465
38.4598,11.0884,4.54298
38.4751,11.0914,4.53878
38.4526,11.0755,4.5421
38.4696,11.0767,4.53688
47.8873,29.2761,8.19431
47.7474,29.0803,7.99603
47.7584,29.0946,8.01015
47.7689,29.1035,8.01874
46.1673,26.0023,6.34555
46.1683,26.0157,6.35017
46.182,26.0051,6.34279
47.7322,29.0502,7.96613
47.738,29.065,7.98092
47.7408,29.0353,7.95058
47.7501,29.0492,7.96423
46.0395,25.776,6.29661
46.0173,25.7762,6.30161
46.1712,26.0326,6.35557
46.1772,26.0503,6.36054
46.1871,26.0204,6.34722
46.3699,26.3944,6.44631
46.3595,26.4107,6.45497
46.343,26.3989,6.45379
46.3621,26.4272,6.46081
38.4658,11.1225,4.54931
38.4809,11.107,4.54079
46.4037,26.4445,6.45856
46.7759,27.1543,6.69625
46.8198,27.2514,6.73698
46.8083,27.2661,6.74671
46.7973,27.2521,6.74155
46.8117,27.2837,6.75513
46.786,27.1847,6.70954
47.7195,29.0405,7.95701
46.1965,26.0857,6.36891
46.1863,26.0698,6.36549
46.2093,26.0713,6.36056
46.2005,26.1048,6.37491
46.8346,27.3384,6.77948
46.8315,27.3201,6.77047
46.8524,27.3219,6.7676
46.82,27.3046,6.76442
46.8443,27.3039,6.75966
47.7054,29.0256,7.94266
47.6922,29.0088,7.92644
47.7184,29.005,7.92124
46.0314,25.7581,6.29244
46.3083,26.3388,6.43801
46.3334,26.3362,6.43174
47.6791,28.9907,7.90908
47.6654,28.9719,7.89122
47.6941,28.9689,7.88655
46.8555,27.3761,6.79577
46.8563,27.3951,6.80569
46.8777,27.3799,6.79392
45.9765,25.6827,6.27984
45.962,25.6623,6.2764
45.9889,25.6598,6.26932
45.9656,25.7094,6.29069
45.9912,25.7001,6.28226
46.2708,26.2186,6.40101
46.2534,26.2357,6.41105
46.237,26.2145,6.40665
46.2504,26.2564,6.41909
46.307,26.2895,6.4197
46.2929,26.3068,6.42919
46.2759,26.2903,6.42648
46.2892,26.3275,6.43752
46.272,26.3141,6.43586
46.2693,26.2677,6.41953
46.2454,26.2806,6.42862
46.2955,26.2672,6.4138
47.7662,29.3139,8.23592
47.7979,29.3371,8.25966
38.4953,11.1991,4.55854
38.4963,11.2207,4.56323
38.4705,11.2073,4.56727
38.5175,11.204,4.55305
47.6493,28.9528,7.87323
47.667,28.9285,7.8483
46.8622,27.4189,6.81742
46.8698,27.4431,6.82918
46.8841,27.4008,6.80403
46.1481,25.9681,6.33788
46.2365,26.1893,6.39766
46.261,26.1953,6.3945
47.8155,29.157,8.07198
46.2331,26.1297,6.37655
46.8441,27.3599,6.78912
46.3222,26.4184,6.465
46.8795,27.4688,6.84155
46.903,27.4478,6.82635
45.9497,25.6389,6.2715
38.5012,11.2485,4.56815
38.5096,11.2769,4.57222
38.5247,11.2287,4.5568
47.7459,29.2996,8.22144
47.6847,29.2986,8.22135
47.6953,29.3258,8.24918
47.6651,29.3221,8.24581
47.7133,29.2972,8.2194
46.892,27.4918,6.85223
46.8907,27.5214,6.86858
38.2587,10.9893,4.57316
38.2281,11.0114,4.5837
46.922,27.4986,6.85127
46.4085,26.4742,6.46955
45.8718,25.5361,6.25537
45.849,25.5061,6.25073
45.8882,25.503,6.24155
46.9609,27.59,6.89683
46.9362,27.6151,6.91479
46.9194,27.5876,6.90144
46.9377,27.6492,6.93408
47.4956,28.748,7.68796
47.5372,28.7408,7.67848
47.4575,28.7359,7.67936
47.5069,28.7058,7.64883
45.7348,25.3236,6.21843
45.7739,25.3169,6.20875
47.5983,29.3146,8.23918
47.5827,28.8648,7.79176
38.2182,10.9639,4.57688
38.2054,11.0528,4.5957
38.1644,10.9932,4.59277
45.7253,25.2437,6.19697
45.7015,25.2772,6.21118
45.672,25.2507,6.20887
45.7013,25.3119,6.22096
45.6609,25.3001,6.22413
47.488,28.6634,7.6121
47.459,28.6979,7.64503
47.4323,28.6668,7.61916
45.6588,25.2114,6.20021
45.7033,25.206,6.19034
45.655,25.1193,6.17484
45.6241,25.1555,6.19074
45.5919,25.121,6.18671
45.6231,25.1947,6.20155
45.5762,25.1766,6.20386
47.5611,28.834,7.76383
46.9475,27.6908,6.95695
46.9829,27.6581,6.93312
45.7942,25.4156,6.23418
45.4157,29.1615,7.98929
45.3891,29.1047,7.93594
45.5771,25.2218,6.21547
38.5865,11.5203,4.60571
38.6032,11.5726,4.61288
38.5833,11.4795,4.59769
38.6267,11.4906,4.58883
47.0032,27.8149,7.02466
47.0336,27.7797,6.99925
47.0522,27.8229,7.0236
46.9791,27.7773,7.00456
47.421,28.5415,7.51125
47.395,28.5831,7.54892
47.3624,28.55,7.52316
47.4082,28.6238,7.5831
46.9605,27.7331,6.98028
45.5842,25.0744,6.17538
45.6326,25.0772,6.16714
45.5505,25.0435,6.1727
45.6105,25.0353,6.15957
41.8055,17.7875,5.20892
41.8551,17.7818,5.1964
43.7668,21.6398,5.66341
43.8314,21.6441,5.65129
42.0616,18.3427,5.27338
42.1077,18.2944,5.25314
43.1084,20.2201,5.46933
43.0753,20.2622,5.48629
43.1054,20.3247,5.49426
43.1161,20.3715,5.50254
43.1611,20.3232,5.48188
40.6073,15.5018,4.99071
40.6323,15.5467,4.99442
40.6645,15.4926,4.97589
40.6063,15.3805,4.96579
40.5665,15.4197,4.98291
40.5427,15.3737,4.97877
40.5577,15.4753,4.99553
40.421,15.1277,4.95531
40.4766,15.1294,4.94296
40.4205,15.024,4.93383
40.3905,15.0627,4.94879
42.0224,18.2228,5.25613
42.0594,18.1871,5.24007
42.0756,18.243,5.24896
41.7665,17.7162,5.20202
41.7586,17.7657,5.21387
41.7993,17.6801,5.18666
41.8198,17.7348,5.1942
43.7837,21.5368,5.63544
43.7413,21.5714,5.65258
43.7187,21.5327,5.64802
43.7344,21.6096,5.66246
42.5349,19.1031,5.33909
42.5002,19.1475,5.35669
42.4661,19.1077,5.35493
42.5123,19.1981,5.36516
41.1116,16.3569,5.05545
41.0803,16.4029,5.07229
41.044,16.3619,5.07155
41.0913,16.4538,5.08033
45.5223,24.9985,6.16531
45.4967,24.9553,6.15807
45.5572,24.9499,6.14585
47.3168,28.4561,7.44891
47.3436,28.4109,7.41003
47.3689,28.455,7.4436
47.2801,28.423,7.4252
46.9058,27.5535,6.88422
45.435,24.7084,6.10261
45.4045,24.7549,6.12075
45.3683,24.7149,6.11637
45.4177,24.8032,6.13113
45.4678,24.9105,6.15094
45.4415,24.8583,6.14157
45.506,24.8559,6.12955
47.2497,28.3717,7.3872
47.2202,28.3221,7.35134
47.2883,28.3162,7.34058
45.1997,24.3588,6.05369
45.2061,24.4076,6.06492
45.255,24.3644,6.04475
45.3022,24.5559,6.08648
45.2674,24.5181,6.08266
45.333,24.514,6.06964
45.3124,24.6026,6.09674
47.3616,29.2038,8.13201
47.4697,29.2466,8.17252
47.4332,29.2811,8.20832
47.0624,28.0052,7.13986
47.0879,28.0618,7.17545
47.0468,27.9501,7.10534
47.1105,27.9622,7.10617
45.0222,24.0198,5.9993
44.9879,23.9791,5.99515
45.0535,23.9738,5.9814
45.035,24.0699,6.00952
44.9761,23.8255,5.95826
44.9445,23.8721,5.9763
44.9093,23.8324,5.97268
44.9577,23.9225,5.98643
45.0592,24.1284,6.01987
45.0883,24.1812,6.02805
45.1204,24.22,6.0323
45.0603,24.2558,6.05015
47.1508,28.1571,7.2358
47.1175,28.1162,7.21008
47.1846,28.1136,7.20147
47.1595,28.2074,7.27117
38.7534,11.9217,4.65335
38.7421,11.8668,4.64402
38.7997,11.8721,4.63125
38.7732,11.8219,4.62642
44.8986,23.6791,5.93598
44.8673,23.7258,5.95393
44.8312,23.689,5.95125
44.8802,23.7778,5.96437
38.0745,11.1473,4.63386
38.6855,11.6268,4.60426
38.0093,11.0595,4.6297
42.672,19.5097,5.40076
42.6598,19.4584,5.39207
42.7159,19.4604,5.38033
42.6214,19.4211,5.39157
42.6896,19.4116,5.375
42.4364,19.0496,5.34839
42.423,18.9958,5.33957
42.4824,19.0015,5.32778
42.3913,18.955,5.33716
42.4561,18.9507,5.32215
42.7996,19.7636,5.43078
42.7896,19.7086,5.42079
42.846,19.714,5.40977
42.7557,19.6706,5.41919
42.8221,19.6639,5.40349
44.7384,23.4741,5.9155
44.6997,23.4367,5.91331
44.7678,23.4275,5.89792
44.7507,23.5248,5.92557
42.2521,18.6941,5.30943
42.2388,18.6418,5.30103
42.2956,18.6459,5.28943
42.2048,18.6014,5.29927
42.2723,18.5952,5.28324
42.9338,20.0235,5.46134
42.9614,20.0802,5.46837
43.3303,20.7805,5.55219
43.3168,20.7253,5.54239
43.3747,20.7277,5.53028
43.2787,20.6832,5.54039
43.3485,20.6769,5.524
43.3961,20.8776,5.56123
43.4272,20.8292,5.54291
43.4535,20.88,5.54926
43.3598,20.836,5.55893
43.6077,21.1879,5.58935
43.5787,21.2342,5.6067
43.5386,21.195,5.6055
43.5921,21.2846,5.61562
41.5835,17.3715,5.16773
41.5485,17.3301,5.16631
41.6152,17.3238,5.15015
41.599,17.4238,5.17544
41.5051,17.2196,5.15226
41.4682,17.1801,5.15166
41.5347,17.1735,5.13558
41.5197,17.2721,5.16016
41.3699,16.9608,5.12653
41.331,16.9199,5.12613
41.4005,16.9163,5.11004
41.3801,17.0117,5.13494
43.8807,21.844,5.68883
43.8677,21.7911,5.67904
43.9259,21.7946,5.66733
43.8258,21.7527,5.67815
43.8968,21.7458,5.66177
44.1051,22.2468,5.74002
44.1359,22.2016,5.72228
44.1595,22.2513,5.72957
44.0685,22.2099,5.73831
40.9112,16.0981,5.04618
40.8978,16.0459,5.03852
40.956,16.049,5.02586
40.8627,16.0044,5.03756
40.9296,15.9979,5.02115
44.2345,22.4987,5.77487
44.2424,22.5508,5.78566
44.2914,22.5049,5.76447
40.7124,15.6888,5.00598
40.7709,15.691,4.99305
40.672,15.6443,5.00554
40.7444,15.6398,4.98839
43.9534,21.9921,5.70933
43.9797,22.0486,5.71746
43.9402,21.9423,5.70029
44.0008,21.9458,5.6883
40.6645,15.5862,4.99551
40.7179,15.5887,4.98372
40.693,15.5397,4.97916
44.3799,22.811,5.82169
44.3662,22.7585,5.81177
44.4248,22.7621,5.80059
44.3312,22.7169,5.8084
44.3985,22.7111,5.79332
40.529,15.3261,4.97212
40.5849,15.3294,4.95992
40.559,15.2814,4.95582
44.4534,22.9649,5.8447
44.4433,22.9099,5.83353
44.5006,22.9157,5.82337
44.4091,22.8688,5.83004
44.4774,22.8642,5.8152
43.4614,21.0379,5.5848
43.4352,20.9836,5.5776
43.5032,20.9835,5.56314
44.5846,23.2179,5.88129
44.6125,23.2726,5.8894
44.6322,23.1691,5.86002
40.2658,14.8189,4.92645
40.2285,14.7822,4.92703
40.2941,14.7713,4.90993
40.2806,14.8652,4.93259
40.0916,14.51,4.90166
40.0744,14.4587,4.89507
40.1341,14.46,4.88157
40.1075,14.4086,4.87694
40.9656,16.2144,5.05814
40.9361,16.159,5.05317
41.0039,16.1566,5.03769
44.1328,22.3513,5.75924
44.1639,22.4061,5.76629
44.1135,22.294,5.74951
44.1805,22.3022,5.73779
44.7989,23.6382,5.9445
44.7725,23.5831,5.9358
44.841,23.5812,5.92247
39.8377,13.9918,4.85214
39.8463,14.0394,4.85987
39.8677,13.9451,4.83532
39.892,13.9951,4.8402
39.6844,13.7329,4.83306
39.7109,13.7924,4.8393
39.6714,13.683,4.82584
39.7305,13.6868,4.81297
39.568,13.4762,4.80633
39.5812,13.5305,4.81447
39.6006,13.4287,4.78869
39.6273,13.4804,4.79338
44.6412,23.3279,5.89752
44.6681,23.3823,5.9058
43.1673,20.4837,5.51745
43.2002,20.5348,5.52248
43.2343,20.5745,5.5247
43.1658,20.6127,5.54489
40.7993,15.895,5.02891
40.847,15.845,5.00798
39.3391,13.0572,4.77024
39.3273,13.0078,4.76246
39.3841,13.0123,4.75017
39.2843,12.9656,4.76287
39.3595,12.9625,4.74494
39.2757,12.9066,4.75229
39.2413,12.868,4.75155
39.3059,12.8587,4.73456
42.2775,18.7489,5.31597
42.3009,18.8042,5.32301
42.319,18.6981,5.29598
39.1526,12.7016,4.73514
39.1395,12.6478,4.72638
39.1985,12.6511,4.71322
39.1027,12.6092,4.72602
39.1705,12.6018,4.70873
38.9366,12.2839,4.69153
38.9237,12.2297,4.68251
38.9836,12.2353,4.66953
38.8885,12.1881,4.68121
38.9569,12.1834,4.66406
41.2255,16.7138,5.10557
41.2548,16.7658,5.11017
41.2072,16.6677,5.09991
41.2669,16.6625,5.08554
44.2691,22.6091,5.79442
44.301,22.6619,5.80098
44.3144,22.5579,5.77289
39.0038,12.3857,4.699
38.9684,12.3434,4.69754
39.0373,12.3394,4.6805
39.0155,12.4394,4.70817
42.8824,19.9133,5.44725
42.9068,19.9673,5.45429
42.8669,19.8671,5.44021
42.9255,19.8664,5.4274
41.4026,17.0681,5.14192
41.4498,17.0173,5.12082
43.6437,21.3903,5.62981
43.6189,21.3392,5.6229
43.6866,21.3391,5.60859
42.1444,18.4943,5.28872
42.1714,18.5471,5.29445
42.1282,18.4469,5.282
42.1876,18.446,5.26898
44.0093,22.1037,5.7247
44.0373,22.1577,5.73199
39.6369,13.6422,4.82499
39.6093,13.5863,4.81967
39.6784,13.5861,4.80387
39.8658,14.0966,4.8671
39.9156,14.0481,4.84592
45.3349,24.6594,6.10757
45.3798,24.6104,6.08663
45.255,24.6505,6.11696
41.7004,17.6494,5.20152
41.6707,17.5834,5.1939
41.7406,17.5847,5.17911
39.1775,12.7623,4.74277
39.2069,12.8191,4.74855
39.3585,13.1154,4.77809
39.3848,13.1734,4.7843
39.4058,13.0648,4.75662
38.8263,12.0752,4.67036
38.8531,12.1321,4.67681
38.8137,12.0238,4.66202
38.8717,12.0283,4.64927
45.8525,25.4432,6.23063
41.8485,17.9389,5.23174
41.8758,17.8309,5.20263
40.1928,14.7291,4.92392
40.1598,14.6703,4.91915
40.2326,14.6707,4.90315
41.8852,18.0004,5.23719
41.9212,18.0468,5.23968
41.9232,17.9402,5.21616
40.1329,14.6077,4.91236
40.1238,14.5541,4.90363
40.1812,14.5631,4.8924
41.9993,18.1828,5.25239
45.1362,24.2691,6.04188
45.1663,24.3204,6.04968
45.1763,24.2217,6.02233
38.7281,11.7222,4.61503
41.6414,17.5219,5.18711
45.2326,24.4652,6.07503
45.2757,24.4151,6.05429
41.7481,17.6803,5.19827
47.1878,28.2665,7.31214
47.2306,28.2152,7.27005
41.9826,18.1382,5.24639
39.5155,13.3862,4.79945
39.4432,13.283,4.79403
39.5134,13.2814,4.77793
42.371,18.9079,5.33117
42.8676,19.769,5.41775
43.2481,20.6268,5.5337
43.2927,20.5752,5.51224
41.1399,16.564,5.09261
41.2105,16.5666,5.07782
38.7802,11.9818,4.66035
38.822,11.9272,4.63837
40.3053,14.9103,4.93637
40.3634,14.9202,4.92528
41.0127,16.3059,5.06675
40.9987,16.2546,5.05933
41.0566,16.2558,5.04659
43.489,21.0804,5.58912
43.55,21.0845,5.57719
42.5852,19.3659,5.38671
42.5582,19.3094,5.37992
42.6295,19.3101,5.36527
44.4822,23.0269,5.85418
44.5235,22.9699,5.83228
41.4318,17.1258,5.14785
47.3308,28.5027,7.48604
40.6078,15.6774,5.02383
40.8266,15.9493,5.03406
40.9329,16.2926,5.07916
47.1018,28.2655,7.31828
45.2181,28.6994,7.58632
45.1972,28.6292,7.53273
45.1371,28.7091,7.58073
45.3702,24.8614,6.1527
44.2006,22.4587,5.77183
39.8929,14.1554,4.87304
43.4087,20.9285,5.57031
39.5356,13.4354,4.80506
37.9893,11.1625,4.6488
37.991,11.239,4.66043
37.9014,11.2065,4.6677
45.0818,28.4061,7.36705
45.0979,28.4971,7.42789
45.0098,28.4972,7.41425
45.1501,28.5552,7.47448
45.0533,28.5696,7.46929
44.9471,28.1823,7.21595
44.8996,28.0939,7.16169
44.8803,28.2689,7.25441
45.2681,28.7508,7.63177
44.7752,27.94,7.06725
44.7239,28.0268,7.10156
44.673,27.9429,7.05346
44.8436,28.0084,7.11013
46.9828,29.0901,8.02842
46.8809,29.0606,8.0015
46.9125,29.1845,8.11993
41.6874,17.4771,5.16752
41.63,17.4693,5.17854
41.283,16.8061,5.11262
41.3449,16.8151,5.10075
44.6092,27.5577,6.88182
44.6317,27.6722,6.92971
44.5159,27.6741,6.91426
44.6989,27.7502,6.97105
44.5695,27.7672,6.95999
41.9799,18.043,5.22609
44.4956,27.3814,6.80431
44.5185,27.4801,6.84166
44.4078,27.4819,6.8274
44.4603,27.5777,6.86933
39.2474,12.7596,4.72625
43.2385,20.4786,5.50143
44.0776,22.1037,5.71072
44.4526,27.264,6.76055
44.3545,27.375,6.78393
35.5509,11.4845,4.94056
33.5834,11.5088,4.95447
33.4462,11.4549,4.94825
45.1253,24.1265,6.00727
34.1235,11.4839,4.96819
36.7204,11.4476,4.84938
44.2267,26.9369,6.64065
44.2075,26.7906,6.60197
44.0893,26.9365,6.62406
34.793,11.5952,4.97377
34.9153,11.4943,4.96498
32.6044,11.3801,4.89416
32.5546,11.2471,4.89406
32.7329,11.2774,4.9076
32.5658,11.5165,4.88526
32.4601,11.3717,4.88061
44.709,23.3275,5.8845
32.8901,11.6779,4.9104
32.8404,11.5408,4.90984
32.9848,11.5446,4.92105
32.7251,11.4616,4.90227
32.9065,11.3858,4.91814
36.1476,11.3526,4.88944
36.0046,11.2882,4.89308
36.1187,11.2105,4.87564
36.0257,11.4674,4.91095
35.3946,11.3708,4.93794
35.389,11.5293,4.95207
35.2396,11.4689,4.95302
44.0953,26.6869,6.56601
44.0206,26.8175,6.58707
43.946,26.6972,6.55124
33.3317,11.5769,4.94297
44.3848,27.1447,6.71609
37.0407,11.1037,4.76425
37.1743,11.1885,4.75954
37.0552,11.3037,4.79118
37.3315,11.1844,4.73868
34.5785,11.3586,4.96249
34.7515,11.4232,4.96369
34.5907,11.1994,4.9527
34.7236,11.2402,4.95236
40.7973,15.7422,4.99772
42.1309,18.3477,5.25982
43.8027,26.1639,6.43424
43.708,26.327,6.45209
43.6236,26.2008,6.42147
44.3109,27.0293,6.67479
33.7176,11.2919,4.95487
43.3887,25.531,6.30189
43.2832,25.6898,6.31155
43.3771,25.8257,6.33928
43.531,26.0862,6.39314
36.2858,11.3836,4.88192
43.881,26.2941,6.46479
43.9565,26.4231,6.49655
45.2903,29.3247,8.10719
45.2963,29.3077,8.09422
45.3117,29.3231,8.11086
45.2737,29.3068,8.08804
47.9068,29.3362,8.25735
47.914,29.3464,8.26802
47.9056,29.3444,8.26594
38.3918,10.9021,4.51869
38.3946,10.8953,4.51582
38.3944,10.8893,4.51428
46.5726,26.7333,6.54178
38.414,10.9567,4.52514
45.2569,29.3253,8.09887
45.2516,29.3409,8.10968
45.2545,29.3516,8.11908
47.8335,29.3179,8.23923
45.274,29.3317,8.10886
47.8606,29.2502,8.16785
46.1037,25.873,6.31477
47.7736,29.1154,8.0308
45.2903,29.2855,8.0739
45.2679,29.2807,8.06465
45.2779,29.2518,8.04238
45.3143,29.2965,8.08854
45.3907,29.2912,8.09889
45.3934,29.1999,8.01912
45.4258,29.2123,8.03532
45.4654,29.2409,8.06691
45.3375,29.2112,8.01925
45.4648,29.1791,8.01227
45.3605,29.1713,7.98871
45.5136,29.2135,8.04992
45.3542,29.0363,7.87244
47.5153,29.2493,8.17423
45.6473,29.1438,8.00617
45.5729,29.1801,8.02864
42.3684,18.8065,5.30936
42.7233,19.6206,5.41465
45.8382,29.0719,7.96441
43.9078,21.9008,5.69683
46.0766,29.0134,7.93411
46.3545,28.9861,7.92592
45.3145,28.9635,7.80582
33.3823,11.718,4.94552
33.3575,12.0974,4.93992
43.2155,25.2433,6.25086
42.6905,24.1558,6.09164
42.7062,24.4898,6.12668
40.5419,21.6349,5.7305
40.4115,21.4618,5.70952
39.4771,20.2155,5.56683
38.1974,18.5229,5.39423
38.0507,18.3285,5.3761
36.851,16.7408,5.23713
36.6981,16.5383,5.22051
37.7548,17.9365,5.34038
39.8836,20.7541,5.62709
36.3901,16.1309,5.18778
36.2352,15.9259,5.17163
35.1531,14.6816,5.06636
41.2592,22.282,5.82952
41.3153,22.6254,5.85854
34.6717,13.8228,5.02845
37.155,17.1426,5.27088
37.3062,17.3423,5.28803
42.264,23.8798,6.03406
42.3777,24.0333,6.05689
35.7705,15.3138,5.12472
35.9236,15.513,5.13987
38.6333,19.0991,5.44993
41.9188,23.4178,5.96732
40.8039,21.9714,5.77284
40.9347,22.1372,5.79426
41.5615,22.9463,5.90183
41.6831,23.1056,5.92373
46.7661,29.0302,7.97352
46.2049,28.9937,7.9253
45.7361,29.1069,7.98425
44.7499,27.847,7.02048
33.0751,11.4289,4.92871
33.1534,11.5557,4.93248
33.0831,11.2773,4.93016
33.2535,11.3892,4.93891
35.6928,11.3842,4.92334
36.8924,11.3777,4.82104
45.2669,28.8946,7.74281
33.5772,11.3621,4.95222
43.3053,25.3855,6.27598
33.2306,11.7169,4.93593
43.0224,24.945,6.2003
43.1217,25.0961,6.22563
42.9192,24.7933,6.17528
36.5529,11.4243,4.86305
40.2793,21.2862,5.68854
40.149,21.1097,5.66796
41.0643,22.3016,5.81576
42.4883,24.1861,6.07984
40.6727,21.8048,5.75161
42.1496,23.7267,6.01158
42.0353,23.5726,5.9894
41.802,23.2619,5.94547
38.7764,19.289,5.46894
38.9185,19.4773,5.48815
38.4889,18.908,5.43113
35.0691,11.361,4.95072
37.3914,11.3227,4.75139
42.8135,24.6416,6.15076
42.5977,24.3381,6.10307
39.6134,20.3964,5.58679
39.7489,20.5753,5.60684
39.2002,19.8487,5.52719
39.3396,20.0327,5.54698
41.1903,22.4657,5.8372
41.4373,22.7854,5.87992
39.0598,19.6635,5.50757
34.9786,14.4298,5.05139
34.4945,13.7896,5.01243
37.4565,17.5413,5.30533
37.6059,17.7394,5.32278
35.8611,11.3849,4.91314
36.4331,11.2947,4.85813
36.0797,15.7199,5.15564
33.5314,12.3226,4.95012
33.3568,12.2799,4.93607
33.5255,12.4974,4.94623
37.9031,18.1329,5.35815
40.0172,20.9334,5.64755
38.3435,18.716,5.41256
36.5444,16.3349,5.20406
35.6257,15.1346,5.11072
35.4893,14.9726,5.0978
37.0032,16.9422,5.25391
34.3359,13.5759,5.00062
34.3539,13.3958,5.00474
34.1765,13.3617,4.98916
34.1933,13.1814,4.99333
34.0159,13.147,4.97797
47.6064,28.8898,7.81432
38.5653,11.447,4.59514
43.0023,20.0222,5.44666
43.14,20.4268,5.51014
47.7668,29.078,7.99271
44.5838,23.0719,5.84543
39.0683,12.5575,4.72228
46.0599,25.7746,6.29097
46.6096,26.7962,6.56133
45.3016,28.8169,7.68715
45.952,29.0402,7.9475
47.8441,29.2032,8.11899
34.6531,14.0027,5.02467
47.627,28.9067,7.82946
45.2272,29.3747,8.11808
45.2272,29.3712,8.11795
45.2302,29.3753,8.12211
45.226,29.375,8.11504
45.2236,29.3706,8.11292
47.937,29.3661,8.28844
47.9399,29.3727,8.29536
47.9274,29.3693,8.29194
47.9439,29.3661,8.28826
47.9218,29.3527,8.27444
47.9206,29.3451,8.26643
47.9267,29.3456,8.26683
47.9336,29.3613,8.28337
47.9266,29.3603,8.28241
47.931,29.355,8.27678
47.9188,29.3615,8.28382
46.6313,26.8409,6.57684
38.4055,10.9185,4.51804
45.2496,29.3603,8.1239
45.2431,29.3509,8.11438
47.9081,29.3556,8.27774
38.3778,10.8931,4.52123
47.8321,29.1863,8.10178
47.8784,29.3531,8.27542
47.8928,29.3655,8.2883
45.2421,29.3155,8.0865
45.2531,29.307,8.08282
45.2238,29.3152,8.08029
45.2371,29.2962,8.06952
45.2391,29.333,8.09937
46.0837,25.8132,6.29845
45.2552,29.291,8.07017
38.4643,11.0619,4.53493
46.3804,26.4133,6.45143
45.286,29.3421,8.12072
45.299,29.338,8.12062
47.7581,29.0639,7.9787
45.3118,29.2655,8.06131
47.6546,28.9062,7.82729
47.6389,28.8834,7.80611
46.3171,26.3143,6.42694
45.2448,29.2197,8.00787
45.2792,29.2111,8.0079
45.309,29.1845,7.99094
45.3092,29.2284,8.02879
46.2791,26.2445,6.40889
45.4549,29.2972,8.11535
38.5701,11.3418,4.57016
45.3118,29.1154,7.93223
45.745,25.2839,6.20486
45.6738,25.1665,6.18473
47.3171,29.2595,8.189
47.2516,29.2478,8.17855
43.1283,20.2755,5.47802
40.6249,15.4419,4.97449
40.4449,15.0777,4.93952
39.998,14.2051,4.85972
39.969,14.1538,4.85571
43.7986,21.5914,5.64561
41.1379,16.406,5.05989
41.161,16.4579,5.06577
45.1774,28.7717,7.63353
45.2189,28.8328,7.68671
46.8049,29.1649,8.10096
37.5499,11.2128,4.71455
35.5569,11.2631,4.91952
34.3694,11.0826,4.9496
34.1645,11.096,4.95227
34.5184,11.088,4.94724
34.4615,11.2251,4.95637
35.2487,11.2852,4.9373
35.4774,11.0835,4.90715
35.3851,11.2155,4.92454
35.2741,11.0955,4.9196
35.6422,11.1015,4.89865
34.1315,11.2972,4.96116
46.2865,29.1358,8.05795
46.5595,29.1354,8.06933
33.4291,11.2734,4.94581
33.589,11.194,4.94949
34.8844,11.302,4.95228
32.6375,11.1451,4.9034
32.6297,11.0182,4.90539
32.7676,11.0859,4.91334
36.6194,11.2855,4.83847
32.1117,11.2158,4.84928
32.0052,11.1259,4.84148
32.1323,11.0406,4.86176
32.0816,11.3643,4.83443
31.9446,11.2536,4.8226
32.3919,11.2129,4.88045
32.2446,11.1708,4.86733
32.3326,11.0444,4.88138
32.2633,11.3424,4.86028
33.0541,11.6984,4.92342
36.7659,11.2853,4.82263
45.2306,29.3716,8.12123
45.2335,29.3743,8.12469
45.2332,29.3694,8.12202
45.2372,29.3726,8.12642
45.2371,29.3665,8.12267
46.5679,26.7107,6.53259
45.242,29.3707,8.12789
46.565,26.7065,6.53142
46.5593,26.6968,6.5285
46.5565,26.6918,6.52695
46.5771,26.7291,6.53862
45.2425,29.3628,8.12272
45.2478,29.3689,8.12941
46.5966,26.769,6.55201
46.5791,26.734,6.54035
46.6126,26.8016,6.56311
46.6207,26.8178,6.5686
46.5883,26.7539,6.54715
46.6383,26.8519,6.58026
46.6411,26.8577,6.58225
46.6469,26.8692,6.58628
46.6617,26.8991,6.59687
46.6708,26.9176,6.60354
47.9238,29.34,8.26098
46.6837,26.9439,6.61307
45.2544,29.3673,8.13097
46.6069,26.7904,6.5593
47.8834,29.2695,8.18741
47.9148,29.3237,8.24393
47.9083,29.3128,8.23254
47.8715,29.2489,8.16614
38.4235,10.9586,4.52224
38.3985,10.9014,4.51603
46.6679,26.9113,6.60121
47.8972,29.2958,8.21489
38.4272,10.9665,4.52304
46.5239,26.6382,6.51138
46.6865,26.9504,6.61558
46.7037,26.9863,6.62895
46.7218,27.0264,6.64434
46.7074,26.9937,6.63167
46.7173,27.0176,6.64109
46.5149,26.6224,6.5067
45.2564,29.3597,8.12595
45.2618,29.365,8.13195
47.8627,29.2339,8.15056
47.867,29.2415,8.15844
46.4747,26.5481,6.48451
46.4887,26.5735,6.49195
46.4928,26.582,6.49463
46.5109,26.6143,6.50413
46.7337,27.0542,6.65536
38.4497,11.0236,4.53004
38.4585,11.0477,4.53324
47.8221,29.167,8.08204
45.3318,29.3394,8.12939
45.3114,29.3472,8.13134
47.8099,29.1459,8.06069
46.1366,25.9058,6.31795
46.4321,26.482,6.4672
47.7906,29.1135,8.028
46.1125,25.8607,6.30792
46.1578,25.9544,6.33031
47.7831,29.1021,8.01664
46.4234,26.4711,6.4648
46.13,25.8943,6.3155
46.1189,25.8719,6.31026
47.7741,29.3362,8.25891
47.8214,29.3385,8.26077
46.7468,27.0867,6.66859
47.7752,29.0902,8.00481
46.1652,25.966,6.33265
46.0696,25.7877,6.29305
38.4878,11.1244,4.5429
46.1763,25.9915,6.33923
46.0514,25.7584,6.28748
45.2959,29.3532,8.13254
46.1928,26.0362,6.35161
46.8106,27.2352,6.73045
46.8349,27.2863,6.7522
46.8017,27.2186,6.72369
46.7928,27.2018,6.71687
46.2002,26.0536,6.35623
38.3633,10.8975,4.52703
47.7301,29.0207,7.93642
46.2249,26.1095,6.37096
46.0012,25.6784,6.27255
47.7066,28.9875,7.90436
38.5098,11.1822,4.55011
46.2522,26.1726,6.38806
47.6803,28.9495,7.86816
46.8599,27.3413,6.77649
47.7506,29.3327,8.2556
47.7238,29.3284,8.25147
45.3558,29.3315,8.12761
45.9772,25.6386,6.26502
46.8697,27.3607,6.78506
38.535,11.2544,4.55985
46.9137,27.4725,6.83816
47.6325,29.3173,8.2414
47.6203,28.8589,7.78374
45.3841,29.3226,8.12533
45.9071,25.5297,6.24583
45.8356,25.4136,6.22512
47.6016,28.831,7.75831
46.9466,27.5581,6.8808
46.932,27.5275,6.86581
45.4153,29.3111,8.12093
38.5466,11.2831,4.5632
46.972,27.622,6.91361
38.5955,11.414,4.57979
38.5814,11.3766,4.57507
47.481,29.2919,8.21836
47.5257,29.2992,8.22481
38.611,11.4512,4.58404
38.6629,11.58,4.59956
45.5834,24.9939,6.15314
47.0156,27.7382,6.97632
46.9974,27.6974,6.9543
47.4665,28.624,7.57888
47.3935,28.4996,7.47835
45.152,24.1744,6.01462
47.2095,28.1621,7.23345
44.2378,22.4062,5.75134
44.2072,22.3552,5.74525
44.2672,22.4562,5.75745
45.4827,24.8055,6.12009
42.977,19.9683,5.43967
42.4291,18.9032,5.31749
42.3434,18.7514,5.30252
43.1845,20.374,5.4887
43.2101,20.4271,5.49557
40.0809,14.3571,4.87232
45.503,29.2814,8.10891
47.379,29.269,8.19731
42.5054,19.0534,5.33445
45.1017,24.0738,5.99809
45.0251,23.9258,5.97458
38.8964,12.0803,4.65517
43.9751,21.8972,5.6819
44.05,22.051,5.70366
44.1075,22.1542,5.71672
44.4483,22.8145,5.80884
44.5505,23.0228,5.84002
39.2222,12.7048,4.71982
39.1414,12.551,4.70412
39.1115,12.4999,4.6996
39.6513,13.5328,4.79894
39.5739,13.3803,4.78467
41.3219,16.763,5.09465
41.2955,16.7135,5.08997
47.1777,29.2354,8.16745
39.4867,13.2265,4.7725
38.0918,11.0124,4.60892
39.4581,13.1732,4.76784
39.0869,12.4444,4.69273
39.0073,12.2884,4.67605
42.7925,19.6161,5.39912
42.7658,19.5641,5.39309
42.8969,19.8191,5.42283
40.344,14.8692,4.91894
39.9393,14.1009,4.85154
45.002,23.8751,5.96595
40.1578,14.5105,4.88672
44.9474,23.7781,5.95176
40.5324,15.2301,4.95118
43.3982,20.7808,5.53783
43.4758,20.932,5.55687
43.5286,21.0342,5.56973
42.6591,19.3614,5.37038
42.7392,19.5122,5.38708
42.2432,18.5462,5.27886
42.159,18.3983,5.26479
41.6645,17.4251,5.16123
41.5866,17.2745,5.14591
43.6607,21.2871,5.60166
43.7387,21.4411,5.62193
43.713,21.3904,5.61525
43.7623,21.4889,5.62841
45.2018,24.2701,6.03012
45.2317,24.3176,6.03682
44.8688,23.6321,5.92995
44.8171,23.5274,5.9135
45.3041,24.4663,6.06245
47.2582,28.2669,7.30588
42.0076,18.0916,5.23058
41.8962,17.884,5.20982
41.5625,17.2219,5.13979
41.5041,17.1237,5.13169
41.4286,16.9652,5.11423
40.9794,16.1018,5.03168
42.6043,19.2566,5.35865
42.5806,19.2037,5.35185
42.5592,19.1518,5.34475
40.9001,15.9486,5.0176
43.0303,20.0739,5.45248
47.1592,28.0643,7.16978
47.1314,28.013,7.13774
41.7729,17.6335,5.18246
42.0359,18.1378,5.23437
38.9271,12.1327,4.65972
39.2774,12.8102,4.73048
39.754,13.7395,4.81864
40.2637,14.7234,4.90696
45.5603,29.2631,8.10097
44.6839,23.2739,5.87602
44.6553,23.2217,5.86866
44.9229,23.728,5.94372
43.2672,20.5264,5.50634
43.3184,20.6264,5.51871
43.8628,21.6962,5.65713
42.9491,19.9169,5.43392
43.9497,21.847,5.67507
40.3909,14.9732,4.93004
44.3701,22.6618,5.78705
45.4057,24.6604,6.0952
41.185,16.5115,5.0718
45.3567,24.5605,6.07757
44.7379,23.378,5.89145
40.8699,15.8972,5.01377
41.2384,16.6168,5.08224
44.342,22.6097,5.77997
43.5754,21.1382,5.58455
39.3327,12.9106,4.73978
39.7815,13.7941,4.82375
41.0834,16.306,5.0511
45.6296,29.2411,8.09076
43.6372,21.2356,5.5943
45.9123,29.176,8.06465
45.7114,29.2183,8.08062
45.0997,28.6382,7.52402
45.2705,29.0391,7.86088
47.0993,29.2193,8.15255
47.0118,29.2013,8.1358
44.9651,28.423,7.35983
35.0011,11.2061,4.94117
46.6867,29.1479,8.08366
46.0286,29.1584,8.05961
44.7802,28.1074,7.15101
43.1963,25.5533,6.28563
43.1078,25.4131,6.2601
35.7433,11.2342,4.90539
46.154,29.1444,8.05701
44.628,27.8546,7.00643
43.0167,25.2687,6.23478
33.1726,12.0537,4.92522
42.7181,24.822,6.15965
41.4849,23.13,5.90736
39.2882,20.215,5.54825
42.3961,24.3689,6.08753
40.0886,21.2918,5.67032
38.872,19.6598,5.48886
38.7312,19.4715,5.4694
38.0115,18.5114,5.37537
37.865,18.3159,5.35724
36.6665,16.7219,5.21848
36.5137,16.5186,5.20193
37.5694,17.9226,5.32152
37.4207,17.7245,5.30393
40.4806,21.8175,5.73386
40.3503,21.644,5.7125
41.2411,22.8096,5.86343
42.1754,24.0641,6.04121
39.6935,20.7578,5.60872
38.4466,19.0907,5.43113
41.719,23.4458,5.95127
41.8346,23.6018,5.97346
40.7411,22.1553,5.77702
40.8696,22.3212,5.79868
45.2245,28.9731,7.79867
44.2249,27.1602,6.70098
46.4226,29.1351,8.06424
37.8914,11.0911,4.65153
43.8691,26.5758,6.51695
43.7882,26.4525,6.48376
44.1573,27.0503,6.66194
36.8894,11.2003,4.79661
32.7116,11.6478,4.89472
42.5047,24.5203,6.11116
42.0625,23.9108,6.01837
42.8218,24.9722,6.1845
32.9192,11.184,4.92147
41.3644,22.9698,5.88538
39.8269,20.9364,5.62917
39.958,21.1153,5.64968
39.5591,20.5787,5.58842
35.8838,11.2135,4.89377
33.2574,11.1862,4.93831
33.0871,11.0896,4.93052
41.9487,23.7566,5.99576
41.6026,23.2891,5.9293
42.9219,25.1214,6.2096
36.2579,11.2319,4.8664
33.1241,11.8661,4.92555
40.2202,21.4685,5.69137
40.9951,22.4854,5.82022
40.611,21.988,5.75539
38.5895,19.2817,5.45016
38.3025,18.8988,5.41231
35.2992,14.9809,5.07864
35.4473,15.125,5.09306
34.9878,14.5975,5.05013
34.1868,13.5207,4.98684
39.4241,20.3977,5.56827
39.0122,19.8461,5.50853
39.1511,20.0312,5.52836
34.8114,14.2153,5.03735
34.6626,14.1614,5.02293
37.2715,17.5256,5.28651
37.1213,17.326,5.26924
33.8537,12.9315,4.96706
33.8665,13.0911,4.9646
33.6903,12.7148,4.95648
36.0512,15.9039,5.15326
36.206,16.1097,5.16933
33.5406,12.6563,4.94361
35.8958,15.6971,5.13736
35.7399,15.4893,5.1217
33.9732,11.1956,4.95612
37.7176,18.1196,5.33929
38.1573,18.7058,5.39372
33.2075,12.2229,4.92365
36.3602,16.3146,5.18555
35.5915,15.3005,5.10705
36.9702,17.1257,5.25212
36.8186,16.9243,5.2352
47.8906,29.2827,8.20116
46.8923,27.4236,6.81497
46.6257,26.8291,6.57268
46.5535,26.6869,6.52552
38.6429,11.5347,4.59455
47.4458,28.5829,7.54472
47.3146,28.3664,7.37727
38.4139,10.9369,4.51996
44.7936,23.4752,5.90486
46.7562,27.1127,6.6795
47.8494,29.2115,8.1275
41.9525,17.9935,5.22133
41.4754,17.0704,5.12659
41.3684,16.8666,5.10661
40.3202,14.8197,4.91405
42.214,18.4954,5.27408
45.079,24.023,5.98921
41.6415,17.3747,5.15534
41.7128,17.5291,5.1732
46.6925,26.9649,6.62119
43.0861,20.1692,5.4623
41.0311,16.2065,5.04199
45.4604,24.7562,6.11082
40.2052,14.6153,4.89783
39.4317,13.1192,4.76237
38.4452,11.0128,4.52884
44.0235,21.9978,5.69627
46.5749,26.7245,6.53709
47.8044,29.135,8.04965
39.7052,13.639,4.80879
39.5434,13.3327,4.7818
38.8472,11.9782,4.64383
46.5838,26.7437,6.54361
47.88,29.2625,8.18013
45.8061,29.1962,8.07169
44.2965,27.2681,6.74232
41.1188,22.6492,5.84186
46.4139,26.4584,6.46188
37.2158,11.0382,4.73228
46.8278,27.2684,6.74425
46.73,27.0442,6.65127
33.3699,12.4429,4.9329
46.6179,26.8124,6.56678
45.2293,29.3796,8.11698
45.2307,29.3815,8.11897
38.3933,10.874,4.5104
38.3921,10.8775,4.51189
47.9516,29.3778,8.30054
47.952,29.3815,8.30451
47.9441,29.3815,8.30464
47.9556,29.3763,8.29889
47.9583,29.3815,8.30437
38.3861,10.8783,4.51439
38.3913,10.8842,4.51403
45.2305,29.3478,8.10693
38.4188,10.9311,4.5165
38.4361,10.9675,4.51995
45.2676,29.3725,8.13984
38.378,10.8804,4.51789
46.4755,26.531,6.47668
46.4805,26.5399,6.47922
47.8235,29.1457,8.05976
47.7917,29.0891,8.00273
38.4796,11.0633,4.52986
31.1765,10.9029,4.64416
31.1818,10.8924,4.65882
31.1912,10.914,4.65218
31.1635,10.888,4.64143
46.2168,26.0896,6.36551
46.2129,26.0387,6.34699
46.3361,26.291,6.41314
31.1931,10.9308,4.63829
31.1798,10.9163,4.63415
31.2092,10.9025,4.67556
31.2108,10.9355,4.65631
45.2422,29.2651,8.04528
38.5665,11.2584,4.55073
31.2392,10.9317,4.68194
31.2386,10.899,4.69561
31.2763,10.9165,4.70844
45.8693,25.4737,6.23652
45.8556,25.3818,6.20994
47.5403,28.6632,7.60737
47.4968,29.3388,8.26583
47.0856,27.7836,6.99392
47.3418,29.3236,8.25318
45.1379,28.8462,7.68324
45.1805,28.9095,7.74004
31.4945,11.0147,4.76073
31.456,11.0733,4.73738
31.4175,11.0192,4.73661
31.5441,10.9478,4.78244
31.5705,11.0186,4.77861
47.2086,29.3146,8.24605
35.1298,11.1997,4.93542
35.9982,11.1144,4.87451
36.1852,11.0653,4.85311
34.8661,11.1185,4.93944
35.0604,11.0573,4.92674
36.7079,11.1157,4.80615
33.7803,11.1226,4.95146
34.6755,11.0619,4.94154
36.5427,11.0218,4.81204
36.5377,11.1617,4.83088
36.3845,11.1006,4.83866
33.425,11.0907,4.94304
33.5976,11.0257,4.94573
32.5068,11.0885,4.89475
32.951,11.8408,4.91108
35.8144,11.0622,4.88278
45.2366,29.3776,8.1286
45.2292,29.3775,8.12088
45.2311,29.3791,8.12362
46.5807,26.7248,6.53554
46.5782,26.7202,6.53405
46.5853,26.7344,6.53874
46.583,26.7295,6.53709
46.5735,26.7109,6.53104
46.571,26.7063,6.52955
46.5876,26.7393,6.54042
46.59,26.7441,6.54199
46.563,26.6918,6.52509
46.5656,26.6969,6.52673
46.5951,26.7541,6.54531
38.3972,10.8857,4.51217
38.3994,10.8908,4.51273
46.5603,26.6868,6.52348
46.6057,26.7748,6.55216
47.9299,29.3499,8.27133
47.9358,29.3504,8.27172
47.9334,29.3452,8.26627
38.4018,10.8963,4.51335
38.4048,10.9017,4.51369
38.4074,10.9072,4.51423
46.6138,26.791,6.55768
47.9276,29.3346,8.25519
47.9248,29.3292,8.24951
46.6222,26.8074,6.56321
46.6304,26.8241,6.56895
46.6333,26.8297,6.57087
46.6423,26.8467,6.57658
46.6391,26.8411,6.57478
47.9188,29.3181,8.23789
46.6484,26.858,6.58044
46.6453,26.8523,6.5785
46.5511,26.6703,6.51843
46.5544,26.676,6.52016
38.4128,10.9189,4.51539
38.4101,10.9129,4.51476
46.6512,26.8639,6.58251
46.6543,26.8697,6.58449
47.9157,29.3125,8.23196
47.9127,29.3066,8.22586
46.6572,26.8756,6.5866
46.6603,26.8814,6.58861
47.9059,29.295,8.21372
46.6662,26.8935,6.59294
46.6694,26.8996,6.59507
46.6785,26.9184,6.60189
46.6757,26.9121,6.5995
45.246,29.3758,8.13327
45.2521,29.375,8.13557
46.6763,26.9309,6.60859
46.6851,26.9314,6.60653
46.5478,26.6644,6.51667
46.5443,26.6581,6.51472
47.8957,29.2759,8.19377
47.8923,29.2692,8.18685
46.695,26.9514,6.61382
46.692,26.9446,6.61121
46.6984,26.9583,6.61636
46.7021,26.9653,6.61888
47.8808,29.2486,8.16544
45.2409,29.3767,8.13097
46.713,26.987,6.62689
46.7094,26.9796,6.6241
46.5288,26.6305,6.50648
46.5758,26.7156,6.53257
46.5572,26.6816,6.52197
38.4287,10.952,4.51847
38.4323,10.9596,4.51921
46.5923,26.7491,6.54373
46.6006,26.7643,6.54859
47.8685,29.226,8.14203
47.8645,29.2182,8.13391
46.5683,26.7016,6.52814
46.6032,26.7695,6.55036
46.6111,26.7854,6.55575
46.6084,26.78,6.55393
46.5016,26.599,6.49983
46.5073,26.591,6.49457
46.7242,27.0104,6.63573
46.7283,27.0186,6.63883
46.4986,26.5742,6.48949
46.5031,26.5826,6.49197
46.6196,26.8019,6.56129
46.6167,26.7965,6.55948
46.6251,26.8129,6.56504
47.9381,29.3557,8.27732
46.6631,26.8874,6.59078
47.8553,29.2019,8.11711
47.9304,29.34,8.26087
46.6725,26.9059,6.59732
46.6278,26.8185,6.56696
46.6361,26.8354,6.57286
46.4898,26.5573,6.4844
46.4853,26.5486,6.48176
38.4397,10.9758,4.52088
38.444,10.9846,4.52169
47.9022,29.289,8.20743
46.7324,27.0274,6.6422
46.7368,27.0362,6.64554
38.448,10.994,4.52274
47.9217,29.3237,8.24379
47.8991,29.2824,8.20056
47.8503,29.1934,8.10847
47.8449,29.1849,8.09973
47.8349,29.1658,8.08021
46.6818,26.9248,6.60416
46.4705,26.5217,6.47398
46.4649,26.5122,6.47134
46.7409,27.0456,6.64925
46.7457,27.0555,6.65311
47.8885,29.2625,8.17984
38.3955,10.881,4.5115
46.7059,26.9724,6.62141
47.8849,29.2555,8.17258
38.4158,10.9248,4.51589
45.2905,29.3687,8.14393
45.278,29.3706,8.1417
46.7168,26.9945,6.62966
46.7202,27.0024,6.63271
38.4254,10.9448,4.51776
46.7504,27.0662,6.65736
47.8769,29.2413,8.15783
46.5405,26.6515,6.5128
47.941,29.361,8.28295
46.5369,26.6448,6.51075
47.8179,29.1349,8.04879
47.812,29.124,8.03773
47.8725,29.2338,8.15008
46.1445,25.8953,6.31146
46.139,25.8839,6.3087
46.1506,25.9067,6.31398
46.5244,26.6229,6.50424
46.133,25.8726,6.30622
46.1272,25.8611,6.30355
45.2334,29.3783,8.12613
38.4625,11.0253,4.52588
38.468,11.037,4.52699
46.162,25.9299,6.31956
46.1672,25.9423,6.32283
46.1208,25.8496,6.3011
46.1146,25.8377,6.29844
45.2592,29.374,8.13784
46.5204,26.615,6.50178
46.5163,26.607,6.49932
46.1737,25.9543,6.32555
46.1803,25.9666,6.32836
46.4466,26.4804,6.46255
46.4393,26.4688,6.45953
46.7661,27.1012,6.67141
46.1078,25.8259,6.29604
46.1008,25.8134,6.2934
46.5117,26.5992,6.49705
47.9109,29.3694,8.29225
45.225,29.3349,8.09534
46.4944,26.5657,6.48685
46.0862,25.787,6.28789
46.1863,25.9796,6.33165
46.1931,25.9931,6.33493
46.1991,26.0076,6.33884
46.7792,27.1278,6.68193
46.786,27.1418,6.68754
47.7691,29.0485,7.96225
47.8599,29.2103,8.12581
38.486,11.078,4.5315
38.4927,11.0928,4.53302
46.4594,26.5021,6.46846
47.8399,29.1754,8.09001
47.8295,29.1559,8.07014
46.4531,26.4917,6.46568
46.4314,26.4565,6.45642
46.4228,26.4431,6.45305
46.0617,25.7434,6.27894
46.7995,27.1715,6.69982
46.8061,27.1872,6.70649
46.8315,27.236,6.72638
46.8232,27.2196,6.71959
47.8057,29.1127,8.0263
46.7554,27.0771,6.66166
46.4042,26.411,6.44447
46.8567,27.2875,6.74826
46.8485,27.2698,6.74062
47.7989,29.101,8.01461
46.0343,25.6944,6.26901
46.044,25.7111,6.27228
47.7516,29.0188,7.93311
47.7414,29.0031,7.91787
38.4576,11.0142,4.52469
46.1564,25.9182,6.31666
46.7608,27.0886,6.66624
38.4734,11.0497,4.52848
46.8744,27.324,6.76419
46.8658,27.3053,6.75591
47.857,29.3605,8.28339
47.8316,29.3608,8.28388
46.0241,25.6774,6.26586
46.0137,25.6586,6.26204
47.7318,28.9858,7.90107
47.7202,28.9678,7.88376
46.0784,25.7733,6.2851
46.2386,26.0922,6.36059
46.2479,26.1118,6.36572
46.3606,26.3353,6.4247
47.697,28.9271,7.84484
38.5246,11.164,4.54054
38.5345,11.1853,4.54267
46.9022,27.383,6.79071
46.9111,27.4044,6.80078
38.5,11.1087,4.53465
45.3461,29.3589,8.14936
47.7846,29.0763,7.98989
46.2677,26.1539,6.37683
46.2784,26.1757,6.38251
38.5436,11.2082,4.54551
46.2999,26.2217,6.395
47.7609,29.0338,7.94783
46.8145,27.2034,6.71305
46.0933,25.8003,6.29075
46.2215,26.0558,6.35118
46.7926,27.1564,6.69357
46.0531,25.7276,6.27566
46.8399,27.2528,6.73342
46.9218,27.4269,6.81121
46.9335,27.4508,6.82227
45.9663,25.5747,6.24572
45.9534,25.5512,6.2411
47.8739,29.3686,8.29177
46.3936,26.3941,6.44023
47.7353,29.3564,8.28025
47.7073,29.3554,8.27958
46.9444,27.4763,6.83463
46.3829,26.3754,6.43531
38.3666,10.8833,4.52249
47.6553,28.8559,7.77815
45.3055,29.3659,8.1457
45.9385,25.5275,6.23699
45.9234,25.501,6.23201
38.5076,11.1262,4.53657
38.3044,10.8982,4.54394
38.5163,11.1443,4.53828
47.8082,29.3608,8.28418
46.0022,25.639,6.25835
47.7852,29.3598,8.28331
46.23,26.0736,6.35574
45.3726,29.3543,8.15092
45.4037,29.3497,8.153
38.3301,10.8918,4.53557
38.3508,10.8868,4.52834
47.761,29.3587,8.28238
47.6465,29.3512,8.27603
47.6124,29.3492,8.27446
46.8933,27.3624,6.7812
38.5926,11.3162,4.55682
38.6065,11.3478,4.56031
46.2573,26.1327,6.37135
46.8838,27.343,6.77254
47.6385,28.8293,7.75391
47.6216,28.7993,7.72654
38.5543,11.2323,4.54813
47.5833,28.7355,7.66984
47.6845,28.9049,7.82385
46.2889,26.1984,6.38871
46.3242,26.2679,6.40701
46.3725,26.3552,6.42971
47.5766,29.3469,8.27273
47.5381,29.3437,8.27011
45.991,25.6182,6.2541
47.0128,27.6269,6.90976
47.0295,27.6629,6.92854
45.9793,25.5968,6.24982
45.8181,25.3143,6.19748
45.7959,25.2802,6.19209
47.0461,27.702,6.94957
45.7538,25.2038,6.1782
47.4978,28.5832,7.54007
47.5201,28.6234,7.57345
46.9699,27.531,6.86115
46.9567,27.5029,6.84741
46.3486,26.3136,6.41903
47.6779,29.3531,8.27752
38.5789,11.2867,4.55385
45.7095,25.1219,6.16332
46.9835,27.5618,6.87652
45.5373,29.3284,8.15637
45.4841,29.3357,8.15456
47.4503,28.4983,7.47155
38.6937,11.5406,4.58118
38.2282,10.9145,4.56535
45.6157,24.9478,6.13226
45.3238,29.3627,8.14752
47.1272,27.8727,7.04482
47.1497,27.9191,7.07215
47.4265,28.4536,7.43646
47.4022,28.4079,7.40142
38.6225,11.3825,4.56392
38.7386,11.6305,4.58988
38.7842,11.7268,4.60024
45.5323,24.9033,6.13763
45.5176,24.7594,6.0988
47.3501,28.3148,7.33268
45.4404,24.6145,6.07419
47.3246,28.2656,7.29735
45.2369,24.2237,6.00897
45.2649,24.2719,6.01608
45.3651,24.4685,6.04923
38.2706,10.9061,4.55398
45.3154,24.3694,6.03221
45.3399,24.4192,6.04088
45.213,24.1744,6.00051
45.1627,24.0763,5.98451
38.639,11.4193,4.56793
45.1871,24.1263,5.99297
45.1381,24.0263,5.97614
45.1121,23.9773,5.9685
45.0871,23.9277,5.96045
45.0615,23.8783,5.95263
45.0362,23.8285,5.94468
47.2222,28.0668,7.16352
47.248,28.1159,7.19521
44.9841,23.7292,5.92938
45.0094,23.7792,5.93732
44.9587,23.6795,5.92159
38.8092,11.7758,4.6051
38.8345,11.8255,4.61009
44.9314,23.6309,5.9147
44.9055,23.5804,5.90689
44.8798,23.5294,5.89891
44.8011,23.3786,5.87629
42.671,19.2588,5.3418
42.6457,19.2075,5.33568
42.7246,19.3607,5.35306
42.7507,19.4123,5.35911
42.5947,19.1059,5.32381
42.5688,19.0554,5.31814
42.8046,19.5129,5.37002
42.8297,19.5645,5.37643
42.8821,19.6659,5.38814
42.9085,19.7168,5.39398
42.4898,18.9038,5.30149
42.3978,18.8575,5.31424
42.4633,18.8534,5.29607
42.9609,19.8184,5.40587
42.9351,19.7677,5.39984
42.4077,18.7531,5.28619
42.3834,18.7004,5.27957
42.9869,19.8687,5.41177
43.0144,19.9188,5.41715
43.0652,20.0227,5.43026
43.0931,20.0719,5.43535
42.3053,18.5479,5.26284
42.2795,18.4968,5.25709
43.1463,20.1724,5.44696
43.1205,20.1214,5.44071
42.2519,18.4466,5.2522
42.2239,18.3972,5.24762
42.1967,18.3471,5.24266
42.1702,18.2961,5.23726
43.2757,20.4275,5.47846
43.2479,20.377,5.47282
42.1203,18.1924,5.22515
42.0966,18.1405,5.21872
42.0689,18.0913,5.21422
42.0425,18.0413,5.20911
43.3034,20.4776,5.48399
43.3289,20.5282,5.49037
42.0166,17.9899,5.20354
41.9887,17.9395,5.1988
43.4607,20.782,5.52149
43.4349,20.731,5.51498
41.937,17.8354,5.18733
41.9115,17.7848,5.18188
41.8586,17.6837,5.17162
41.886,17.7343,5.17648
43.5389,20.9348,5.54083
43.5657,20.9853,5.54697
41.8057,17.5832,5.16156
41.7773,17.5323,5.15694
43.6712,21.1882,5.57251
43.6438,21.1377,5.56649
41.7261,17.4289,5.14569
41.7018,17.3776,5.13978
43.7221,21.2905,5.58624
43.6975,21.2389,5.57896
43.7751,21.3923,5.59927
43.7495,21.3411,5.59238
41.6224,17.2251,5.12436
41.597,17.1737,5.1188
43.8006,21.4429,5.60602
43.8485,21.5438,5.62046
43.8251,21.4928,5.61292
41.4899,16.9696,5.09871
41.4642,16.9188,5.09344
43.8747,21.5953,5.62733
43.9017,21.6468,5.63402
43.9853,21.7986,5.65261
43.9599,21.7473,5.64543
41.3573,16.7157,5.07387
41.3846,16.7661,5.07848
41.3047,16.6144,5.06405
41.2774,16.5646,5.0597
44.0382,21.8996,5.66592
44.0637,21.9504,5.67296
44.089,22.0019,5.68034
44.1164,22.0531,5.687
41.2263,16.4606,5.04884
41.2013,16.409,5.04341
41.1743,16.3585,5.03886
41.1482,16.3072,5.03388
41.0926,16.2065,5.0255
41.1199,16.2566,5.02978
44.197,22.2049,5.70708
44.2219,22.2559,5.71453
44.3266,22.4595,5.74294
44.3015,22.4087,5.7355
41.0413,16.1042,5.01556
41.0165,16.0518,5.01005
44.7212,23.225,5.85347
40.9636,15.9496,5.00065
40.936,15.8988,4.99639
40.9088,15.8478,4.99195
40.8842,15.796,4.98653
44.3526,22.5103,5.75015
44.3786,22.5618,5.75754
40.8044,15.6429,4.97278
40.8313,15.6938,4.97723
44.4057,22.613,5.76462
44.4331,22.6636,5.77141
40.7785,15.5915,4.96785
40.7528,15.5404,4.96301
44.6689,23.1229,5.83827
40.7254,15.4907,4.95897
40.698,15.4392,4.95452
44.4593,22.7146,5.77873
44.4851,22.7658,5.78623
40.6194,15.2836,4.93985
40.5931,15.2329,4.93527
45.9068,25.4733,6.22703
44.5383,22.8677,5.8007
44.6159,23.0229,5.82397
44.5899,22.971,5.81618
40.5394,15.1306,4.92625
40.5127,15.0791,4.9216
40.4575,14.9762,4.91292
40.405,14.8734,4.90339
40.4319,14.9246,4.9079
40.3539,14.772,4.89381
40.3281,14.7207,4.88895
40.2722,14.6179,4.88049
40.1947,14.4628,4.86569
40.1418,14.3599,4.85633
40.1156,14.3082,4.85151
40.0881,14.2572,4.84726
40.0624,14.2053,4.84225
40.0071,14.1028,4.83374
38.9105,11.9799,4.62677
39.9802,14.051,4.82911
39.9545,13.9994,4.82418
39.9013,13.8975,4.81516
39.8477,13.7945,4.80602
39.8752,13.846,4.8104
39.7926,13.6905,4.79699
39.7682,13.6388,4.79164
39.6885,13.4831,4.77727
39.6082,13.3291,4.76343
39.5532,13.2262,4.75453
39.4986,13.1218,4.74497
39.4214,12.9652,4.72864
39.3672,12.8619,4.71853
38.9627,12.0833,4.63777
39.3129,12.7591,4.70838
39.2589,12.6548,4.69757
39.1518,12.4468,4.67559
39.0642,12.3914,4.68597
39.0452,12.2385,4.65329
39.0715,12.2908,4.65899
46.9989,27.5934,6.8923
45.8909,25.4437,6.22131
45.4403,29.3441,8.15469
38.1739,10.9252,4.5787
45.8744,25.4134,6.21552
45.8371,25.3482,6.20366
47.6026,28.7683,7.69885
38.6556,11.457,4.57216
47.4492,29.335,8.26282
45.7739,25.2432,6.18576
38.6745,11.4972,4.57627
47.3757,28.3624,7.36752
38.0248,10.9541,4.61028
38.1051,10.9377,4.59387
45.0942,28.784,7.62844
47.3978,29.3306,8.25932
47.475,28.5412,7.50575
38.761,11.678,4.59496
45.6882,25.0785,6.15497
45.665,25.0355,6.14726
47.1051,27.8276,7.01895
47.0655,27.742,6.97108
45.6768,29.307,8.15664
44.274,22.358,5.72885
47.1958,28.0174,7.13246
44.5633,22.9197,5.80878
39.34,12.8107,4.7135
45.0523,28.7173,7.57211
45.0089,28.6487,7.51579
38.8839,11.9293,4.62177
44.7469,23.2769,5.8615
44.6957,23.1734,5.84551
44.6443,23.0723,5.83036
45.6414,24.9915,6.13942
45.5917,24.9018,6.12398
47.2709,28.1663,7.22915
42.1448,18.2443,5.23135
40.5671,15.1814,4.93044
38.9911,12.1348,4.64258
45.5655,24.8562,6.1165
44.8535,23.4789,5.89128
44.8272,23.429,5.88387
41.9609,17.8881,5.1938
43.2236,20.3251,5.46579
39.2058,12.551,4.68651
39.1244,12.3949,4.67028
44.9642,28.5783,7.45979
45.4162,24.5652,6.06539
45.392,24.5164,6.05681
43.3543,20.5789,5.49684
43.3824,20.6292,5.5024
42.435,18.8038,5.29144
42.3574,18.6493,5.27388
40.2466,14.5654,4.87527
45.4935,24.7111,6.0901
41.6497,17.2756,5.12916
40.6702,15.387,4.95005
41.5697,17.1233,5.11407
40.6445,15.3344,4.9448
41.5419,17.0727,5.10947
43.0396,19.9706,5.42373
39.741,13.5877,4.78723
39.7136,13.5358,4.78271
43.9305,21.6976,5.63997
44.0127,21.849,5.65893
39.6617,13.4315,4.77261
39.5803,13.278,4.75923
42.7777,19.4623,5.36443
44.2465,22.3072,5.72216
39.2864,12.7066,4.70274
40.8578,15.745,4.98189
45.2895,24.3207,6.02431
42.333,18.598,5.26767
42.5163,18.9539,5.30689
40.4852,15.0277,4.91725
40.9895,16.0009,5.00558
43.4087,20.6802,5.50869
43.488,20.8323,5.52738
39.473,13.069,4.73943
39.447,13.0171,4.73411
39.3936,12.9139,4.7239
47.172,27.9676,7.10157
44.1436,22.1041,5.69366
44.1693,22.1552,5.70085
43.6151,21.0875,5.56094
39.9292,13.9476,4.81909
44.5124,22.8164,5.79314
41.5139,17.0214,5.10476
41.4363,16.8685,5.08901
41.4097,16.8174,5.084
40.3809,14.8219,4.89797
47.2973,28.2163,7.26316
40.3004,14.6697,4.88473
38.8583,11.8774,4.6162
41.3321,16.6644,5.06848
41.252,16.5125,5.05417
41.7524,17.4796,5.15085
41.6755,17.3267,5.13454
42.5425,19.0046,5.31249
42.6203,19.1564,5.32963
42.8572,19.6145,5.38168
43.5138,20.8833,5.53393
43.5904,21.0363,5.55392
41.0687,16.155,5.01992
43.1706,20.2241,5.45389
43.1954,20.2755,5.4606
40.1677,14.4116,4.86123
44.7748,23.3274,5.86856
44.835,28.1884,7.20249
44.7766,28.2789,7.24253
39.8203,13.7423,4.80143
39.0188,12.1863,4.64762
42.6974,19.3099,5.34758
44.6197,28.0373,7.08931
44.5663,27.9534,7.04072
39.2337,12.6021,4.69144
41.8331,17.633,5.16618
45.601,29.318,8.1563
47.2779,29.3195,8.25004
44.4562,27.7772,6.946
44.5112,27.8674,6.99308
46.8498,29.2834,8.21609
40.0353,14.154,4.83781
44.3987,27.6843,6.89978
46.0948,29.2688,8.1666
37.7868,10.9959,4.65141
37.9179,10.9732,4.62966
44.9184,28.5061,7.40429
46.6153,29.2677,8.19654
44.1515,27.2821,6.72549
44.8715,28.4321,7.34943
31.5278,11.0876,4.75689
31.6424,10.967,4.79939
31.6452,11.0748,4.78721
45.7648,29.2961,8.15767
44.8247,28.3564,7.29554
43.938,26.9521,6.60695
47.0468,29.3001,8.23291
47.132,29.3062,8.23841
45.8646,29.2858,8.15965
44.673,28.1192,7.13907
44.727,28.199,7.1901
46.953,29.2928,8.22579
43.7101,26.597,6.50024
43.5447,26.3532,6.43559
43.3727,26.1051,6.37591
43.2871,25.9758,6.34756
43.0193,25.5738,6.26684
43.1088,25.7113,6.29302
42.9267,25.4335,6.241
46.4867,29.2628,8.18697
42.6121,24.6712,6.13518
42.63,24.9959,6.16495
42.2864,24.217,6.06424
42.4115,24.7021,6.11521
41.0452,22.8325,5.84297
40.9234,22.6688,5.82118
42.1949,24.4004,6.06754
41.9736,24.0948,6.02106
39.8982,21.2971,5.64893
39.7678,21.1185,5.62823
35.4096,15.2757,5.08722
35.2839,15.1202,5.07501
41.287,23.1537,5.88695
36.0223,16.0877,5.14895
36.1763,16.2935,5.16506
37.3844,17.9076,5.30044
37.5324,18.1056,5.31817
37.9716,18.6942,5.37249
38.1165,18.8885,5.39105
41.6345,23.6294,5.95318
39.2353,20.3972,5.54682
39.3699,20.5798,5.56698
40.1594,21.6507,5.69117
40.2893,21.8263,5.71261
38.6849,19.6539,5.46748
38.8246,19.8421,5.48713
39.5038,20.7609,5.5873
40.6755,22.3388,5.77784
44.2794,27.4892,6.81047
44.3391,27.5883,6.85447
44.2175,27.3871,6.76755
31.9472,11.0056,4.84212
31.8907,11.1122,4.82644
32.8045,11.8003,4.8982
32.6675,11.8151,4.88257
31.7574,11.1792,4.79711
31.7787,11.012,4.8179
44.0105,27.0648,6.64507
44.0821,27.1747,6.68461
45.975,29.2766,8.16262
46.2221,29.2634,8.17177
43.8636,26.8368,6.57015
46.3541,29.26,8.1774
43.7881,26.7181,6.53459
43.6302,26.4738,6.46718
36.8792,11.0276,4.77357
42.7322,25.1439,6.19008
42.8312,25.29,6.21543
42.5178,24.852,6.13961
43.4583,26.2305,6.40515
43.1992,25.844,6.3199
41.7481,23.7855,5.97555
41.8614,23.9405,5.99819
41.5196,23.4723,5.93096
37.6192,11.0211,4.67727
39.0998,20.2134,5.52681
38.9631,20.0285,5.50694
32.3812,11.5308,4.86369
40.8002,22.5046,5.79948
42.3039,24.5516,6.0912
40.5481,22.1711,5.75608
38.2603,19.0815,5.40984
38.4029,19.2733,5.42883
41.404,23.3134,5.9089
41.1674,22.9937,5.86499
37.4219,11.0266,4.70376
39.6367,20.9401,5.60774
37.826,18.4988,5.35417
37.6797,18.3026,5.33608
36.9367,17.3091,5.24833
37.0867,17.5093,5.26554
36.7858,17.1077,5.23128
35.401,10.9803,4.90193
34.2899,10.9802,4.94503
34.0273,13.3063,4.97558
33.2561,11.0141,4.93665
36.6343,16.9054,5.21445
36.4824,16.7022,5.19781
36.3297,16.4983,5.18135
40.419,22.0001,5.73429
40.0295,21.4741,5.66999
33.0112,12.001,4.91162
38.5444,19.4641,5.44804
35.1543,14.8545,5.06444
34.5042,13.9484,5.01046
34.3457,13.7348,4.99845
34.8207,14.3742,5.03588
37.2359,17.7088,5.2829
33.7041,12.8748,4.95391
35.8676,15.881,5.13298
35.7123,15.6734,5.1172
35.5565,15.4649,5.10166
47.6701,28.8814,7.8019
46.6886,26.9379,6.60882
47.5606,28.702,7.64088
45.7311,25.1643,6.17133
38.7159,11.5852,4.58547
38.4219,10.9379,4.51718
45.4672,24.6631,6.08213
40.2202,14.5142,4.87064
39.0994,12.3423,4.66406
45.5415,24.8078,6.10764
39.1774,12.4999,4.68173
39.5263,13.1739,4.74967
47.7768,29.0628,7.97646
46.206,26.0226,6.34268
38.4526,11.0039,4.52373
46.4138,26.4273,6.44876
47.9094,29.3008,8.2198
42.0848,24.2481,6.04417
47.9503,29.3661,8.28812
47.9466,29.3701,8.29243
47.947,29.3747,8.2973
38.3974,10.8762,4.50941
31.3092,10.9664,4.70754
31.2658,10.9601,4.68604
31.3723,10.9659,4.7334
31.3858,10.9152,4.74855
31.4492,10.9449,4.76071
32.9275,11.0133,4.92293
33.9646,11.0313,4.94967
32.5183,11.6999,4.87084
45.2316,29.3815,8.12372
45.2308,29.3815,8.12119
45.2273,29.377,8.11427
45.2247,29.3736,8.11064
46.5813,26.716,6.53109
46.5837,26.7207,6.53259
46.5861,26.7253,6.53411
46.574,26.702,6.52654
46.5764,26.7067,6.52806
46.5885,26.7301,6.53564
46.591,26.7349,6.53722
38.4,10.8813,4.50981
46.5986,26.7496,6.54203
46.596,26.7445,6.54037
46.5716,26.6973,6.52503
46.569,26.6923,6.52342
46.5637,26.682,6.52015
46.5663,26.6872,6.52178
38.4026,10.8863,4.5102
38.4053,10.8915,4.51061
47.9449,29.3558,8.27723
47.9423,29.3506,8.27183
46.6038,26.7597,6.54536
46.6065,26.7648,6.54707
47.9314,29.3295,8.24959
38.408,10.8968,4.51104
38.4108,10.9022,4.51145
46.6147,26.7807,6.55233
46.6175,26.7861,6.55414
38.4136,10.9075,4.51188
46.6259,26.8025,6.55964
46.6231,26.797,6.55779
47.9341,29.3348,8.25514
47.9285,29.3239,8.24374
46.6403,26.8303,6.56905
46.6461,26.8415,6.5729
46.655,26.8587,6.57879
46.652,26.8529,6.57681
45.2495,29.3815,8.13876
38.4197,10.9194,4.51282
46.661,26.8703,6.58283
46.5518,26.659,6.51284
47.9166,29.3009,8.21959
47.9135,29.2949,8.21331
46.6765,26.9003,6.59333
46.6733,26.8942,6.59117
46.6797,26.9066,6.59552
46.6829,26.9128,6.59773
47.9004,29.2695,8.18679
46.6862,26.9191,6.59996
46.6895,26.9256,6.60227
38.4331,10.9454,4.51487
38.4296,10.9387,4.51434
46.5549,26.6649,6.51471
46.5483,26.6523,6.51071
46.6998,26.9454,6.60934
45.2333,29.3815,8.12657
46.7141,26.9732,6.61942
46.7104,26.966,6.61679
47.8933,29.2557,8.1724
47.8896,29.2487,8.16508
46.5789,26.7114,6.52958
45.2359,29.3815,8.12958
46.5255,26.6081,6.4969
46.5935,26.7397,6.53879
47.878,29.2262,8.14173
46.7257,26.9955,6.62758
47.8698,29.2104,8.12531
47.8741,29.2185,8.13379
38.4409,10.9605,4.51607
38.445,10.9685,4.51669
46.5128,26.5835,6.48933
47.9476,29.361,8.28269
47.861,29.1933,8.10773
47.8654,29.2018,8.11649
46.5041,26.5667,6.48421
46.4997,26.5583,6.48165
47.9529,29.3712,8.29347
46.6203,26.7915,6.55596
46.4907,26.5408,6.47639
46.4953,26.5497,6.47907
46.6288,26.808,6.5615
38.4539,10.9857,4.51806
38.4491,10.9764,4.51732
46.6317,26.8136,6.56337
46.7381,27.0195,6.63649
46.7427,27.0284,6.6398
47.9256,29.3183,8.23781
46.6012,26.7546,6.54369
46.4815,26.523,6.47105
47.9197,29.307,8.22594
47.9227,29.3127,8.23193
45.2395,29.3815,8.13264
47.9369,29.3401,8.26075
46.6092,26.7701,6.54881
46.6119,26.7754,6.55056
47.9396,29.3455,8.26642
46.5579,26.6708,6.51657
46.5609,26.6767,6.51845
47.8419,29.1562,8.06965
46.6491,26.8472,6.57485
38.4589,10.9952,4.51882
47.9104,29.2889,8.20707
46.658,26.8645,6.58081
46.664,26.8762,6.58487
46.6345,26.8191,6.56525
46.6374,26.8247,6.56715
46.5979,26.7592,6.54692
38.4166,10.9135,4.51235
46.4712,26.5031,6.46512
38.4227,10.9253,4.51328
45.244,29.3815,8.1357
45.2558,29.3815,8.14186
47.8255,29.1245,8.03731
47.831,29.1351,8.04814
46.6963,26.9386,6.60692
46.7068,26.959,6.61427
46.7033,26.9522,6.6118
46.7574,27.0569,6.65052
46.6671,26.8822,6.58696
46.6702,26.8882,6.58906
38.4261,10.9319,4.5138
46.533,26.6378,6.50862
46.5448,26.6454,6.50854
47.9071,29.2825,8.20031
46.152,25.8853,6.30457
46.1462,25.874,6.30199
46.6929,26.9321,6.60459
46.1697,25.9195,6.31244
46.5375,26.6312,6.5041
46.5412,26.6385,6.50637
47.886,29.2417,8.1578
47.8969,29.2628,8.17977
38.4752,11.0268,4.52133
38.4812,11.0385,4.52225
38.4368,10.9525,4.51543
46.1281,25.8391,6.29409
46.122,25.8271,6.29141
47.9333,29.3815,8.30478
46.7179,26.9804,6.62206
47.8135,29.1012,8.01371
47.8072,29.089,8.00146
46.1883,25.9555,6.32082
46.1947,25.968,6.32375
46.5335,26.6235,6.50169
46.2013,25.9807,6.32676
46.5295,26.6158,6.49929
46.4538,26.4694,6.4552
46.4473,26.4567,6.4515
46.7216,26.9877,6.62472
46.095,25.775,6.27983
46.7338,27.0112,6.63339
47.7937,29.063,7.97536
47.8009,29.0769,7.98929
46.7725,27.1144,6.6766
46.7878,27.1158,6.67319
45.314,29.3815,8.16097
46.2088,25.9952,6.3302
47.7792,29.0348,7.94732
31.1462,10.8807,4.61817
31.1512,10.8807,4.63037
31.1559,10.8907,4.62445
46.5212,26.5999,6.49437
46.5085,26.5751,6.48678
46.7472,27.0373,6.64313
46.4325,26.4282,6.44325
46.4407,26.4441,6.44783
46.8023,27.1438,6.68419
46.7519,27.0463,6.64652
45.2635,29.3815,8.14508
45.2727,29.3815,8.14855
47.7864,29.0489,7.96129
46.4861,26.5319,6.47372
46.0699,25.7589,6.28227
46.0633,25.7135,6.26645
46.2323,26.0407,6.34113
46.2238,26.0241,6.33713
47.8566,29.1847,8.09884
46.8257,27.1891,6.70233
47.7539,28.9859,7.89914
47.7626,29.0026,7.91558
47.8365,29.1458,8.05904
45.2839,29.3815,8.15231
47.8197,29.1134,8.02604
46.8507,27.2375,6.72219
46.8595,27.2546,6.7293
46.7684,27.0781,6.65863
46.4156,26.3954,6.43391
38.4692,11.0152,4.5204
38.5369,11.1463,4.53091
38.5276,11.1282,4.52944
46.0542,25.6959,6.26266
46.0451,25.6783,6.2589
46.2413,26.0582,6.34539
46.2504,26.0756,6.34967
47.8468,29.1657,8.07932
47.9191,29.3815,8.30492
38.4638,11.0047,4.51957
46.1818,25.943,6.3179
47.8517,29.1752,8.08905
46.8868,27.3073,6.75165
46.4765,26.5132,6.46813
38.4872,11.0501,4.52318
47.797,29.3815,8.30574
47.8194,29.3815,8.30558
46.0256,25.6406,6.25089
46.036,25.6607,6.25515
46.7746,27.0901,6.66324
46.1756,25.931,6.3151
46.1579,25.8966,6.30716
46.1638,25.9081,6.3098
46.4604,26.482,6.45891
46.466,26.4929,6.46211
46.7812,27.1029,6.6682
46.4062,26.3773,6.42881
46.3957,26.357,6.42313
46.3747,26.3163,6.41193
46.2813,26.1354,6.36455
46.9163,27.3645,6.77661
46.9273,27.3857,6.78606
47.7481,29.3815,8.30612
47.7733,29.3815,8.30592
38.4947,11.0646,4.52434
47.709,28.9478,7.86455
47.713,28.9068,7.82291
46.1343,25.851,6.29678
46.292,26.1562,6.36979
46.3036,26.1787,6.37555
38.5704,11.211,4.53617
46.311,26.2454,6.40146
46.3154,26.2016,6.38145
46.351,26.2704,6.39954
46.8099,27.1585,6.69006
46.1088,25.8016,6.28572
46.1157,25.815,6.28869
46.1403,25.8627,6.29942
47.9016,29.3815,8.30505
45.9552,25.5044,6.22271
38.5022,11.079,4.52549
47.7213,29.3815,8.30637
47.6927,29.3815,8.30666
46.9625,27.4539,6.81713
46.0795,25.7449,6.27324
46.8175,27.1733,6.69598
47.7713,29.0195,7.93215
46.2163,26.0097,6.33366
46.1019,25.7883,6.28277
38.5096,11.0934,4.52665
38.6264,11.3195,4.54516
38.6114,11.2905,4.54274
46.8684,27.2717,6.73649
46.8772,27.2888,6.74374
31.1668,10.9023,4.62929
38.5182,11.11,4.52798
46.9887,27.5047,6.841
47.0038,27.5339,6.85502
38.5467,11.1651,4.53244
46.8422,27.2211,6.71541
47.8822,29.3815,8.30518
46.0874,25.7602,6.27658
45.2974,29.3815,8.15642
45.3342,29.3815,8.16607
47.7452,28.969,7.88268
46.2598,26.094,6.35419
46.906,27.3446,6.76783
46.834,27.2051,6.70884
47.5944,29.3815,8.30791
47.8619,29.3815,8.30531
46.015,25.6201,6.24658
46.0044,25.5997,6.24231
45.3586,29.3815,8.17167
47.841,29.3815,8.30544
45.8586,25.3174,6.1856
46.8964,27.3259,6.7597
38.6802,11.4235,4.55401
47.0729,27.6675,6.92202
47.0531,27.6292,6.90233
38.5822,11.2339,4.53805
38.5585,11.1881,4.5343
46.3628,26.2933,6.4057
46.2706,26.1147,6.35935
46.3273,26.2245,6.38741
46.3852,26.3366,6.41751
45.781,25.1672,6.15684
47.7237,28.9275,7.84266
31.3329,10.9185,4.73079
46.9383,27.407,6.79563
47.7344,28.9482,7.86258
45.9929,25.5774,6.23768
47.5472,28.5858,7.53594
46.9494,27.4286,6.80545
47.4713,29.3815,8.30983
47.6868,28.856,7.77508
47.7005,28.8825,7.79995
47.1349,27.7876,6.98649
47.1125,27.7441,6.96267
45.9804,25.5532,6.23268
46.3391,26.2474,6.39344
38.5964,11.2614,4.54032
45.6928,24.9964,6.12504
38.7433,11.5457,4.56476
47.4574,28.4119,7.39657
45.9679,25.5289,6.2277
45.9253,25.4465,6.21103
45.9403,25.4754,6.21685
45.6219,24.8593,6.10007
47.6732,28.8296,7.75048
47.6589,28.8019,7.72504
45.5663,29.3815,8.20884
45.5481,24.7165,6.07466
47.2304,27.9725,7.09419
47.2052,27.9236,7.06467
47.3833,28.2684,7.29018
47.02,27.5651,6.87025
47.6621,29.3815,8.30701
38.8143,11.6831,4.57738
45.4208,29.3815,8.18434
45.3872,29.3815,8.17774
45.473,24.5711,6.04932
45.3211,24.2772,5.9996
45.2959,24.2282,5.99149
45.4478,24.5224,6.04095
45.4225,24.4733,6.03257
45.1179,23.8837,5.93566
45.1434,23.933,5.94353
45.0666,23.7844,5.91994
45.0923,23.8342,5.92781
47.3067,28.1201,7.18811
45.0151,23.6848,5.90432
44.9374,23.5345,5.88103
47.6294,29.3815,8.30742
44.9633,23.5846,5.88876
44.9114,23.4841,5.87331
42.8097,19.416,5.33904
42.836,19.4668,5.34483
42.9672,19.7207,5.37402
42.9409,19.6699,5.36814
42.7835,19.3652,5.33327
42.7572,19.3144,5.32752
42.9147,19.6191,5.36229
42.8885,19.5684,5.35645
43.0984,19.9746,5.40368
43.0722,19.9238,5.39771
42.5997,19.0097,5.29339
42.5735,18.9589,5.28775
43.1246,20.0254,5.40967
43.1509,20.0762,5.41567
43.2296,20.2285,5.43382
43.2034,20.1778,5.42775
43.2559,20.2793,5.43991
43.2821,20.3301,5.44602
43.3346,20.4317,5.4583
43.3084,20.3809,5.45215
42.3897,18.6032,5.2488
42.3635,18.5524,5.2433
44.8591,23.3829,5.85788
43.3871,20.5333,5.47067
43.3608,20.4825,5.46448
42.2847,18.3999,5.22688
42.2584,18.3491,5.22144
43.4133,20.5841,5.47689
43.4396,20.6349,5.48312
42.2059,18.2474,5.21061
42.1796,18.1966,5.20521
43.5183,20.7873,5.50196
43.5446,20.8381,5.50828
42.1271,18.0949,5.19446
42.1008,18.044,5.1891
43.6496,21.0413,5.53379
43.6233,20.9905,5.52738
42.0483,17.9423,5.17843
42.022,17.8914,5.17312
43.7021,21.1429,5.54669
43.7283,21.1937,5.55317
41.8905,17.637,5.14674
41.9168,17.6879,5.15199
43.7546,21.2446,5.55968
43.7809,21.2954,5.56621
45.9103,25.4175,6.20525
43.8071,21.3462,5.57276
41.838,17.5352,5.13627
43.8334,21.397,5.57934
43.8596,21.4479,5.58594
41.8117,17.4843,5.13104
41.7854,17.4334,5.12581
43.8859,21.4987,5.59257
43.9122,21.5496,5.59923
41.7328,17.3316,5.11539
41.7064,17.2807,5.11019
43.991,21.7021,5.61935
43.9647,21.6512,5.61262
41.6801,17.2298,5.105
41.6538,17.1788,5.09982
38.9169,11.8816,4.59674
44.0172,21.753,5.62611
44.0435,21.8038,5.6329
41.6275,17.1279,5.09466
41.6012,17.0769,5.08951
41.5749,17.026,5.08437
41.5485,16.975,5.07925
41.4959,16.8731,5.06905
41.4695,16.8221,5.06398
41.3905,16.6691,5.04889
41.4168,16.7201,5.0539
44.2012,22.1091,5.67422
44.2275,22.16,5.6812
41.3114,16.5161,5.03399
41.285,16.4651,5.02908
44.2801,22.2618,5.69526
44.3064,22.3127,5.70234
44.7541,23.1796,5.82729
41.2323,16.363,5.01933
41.2059,16.3119,5.01449
41.1795,16.2608,5.00969
41.1531,16.2097,5.00492
44.3853,22.4654,5.72374
44.4116,22.5164,5.73093
41.0211,15.9542,4.98133
47.6418,28.7688,7.69494
40.9947,15.9031,4.97663
40.9682,15.8519,4.97194
44.4642,22.6183,5.74541
44.4906,22.6693,5.7527
40.8889,15.6985,4.9579
40.8625,15.6473,4.95323
44.5433,22.7713,5.76737
44.5696,22.8224,5.77476
40.7566,15.4425,4.93459
44.6751,23.0266,5.8046
44.596,22.8734,5.78217
40.7302,15.3913,4.92994
40.7037,15.34,4.92529
40.4917,14.9298,4.88813
40.3856,14.7244,4.86954
40.2794,14.5188,4.85096
40.3059,14.5703,4.8556
40.2528,14.4674,4.84632
40.2262,14.416,4.84169
40.1199,14.2101,4.82317
40.0134,14.004,4.80465
39.9335,13.8493,4.79073
38.9364,12.0311,4.63219
38.9431,11.9325,4.60186
38.9697,11.984,4.60709
39.9068,13.7977,4.78608
39.8801,13.7461,4.78142
39.8001,13.5912,4.76742
39.7734,13.5395,4.76273
39.7467,13.4879,4.75803
39.72,13.4362,4.75333
39.6345,13.3808,4.76831
39.6666,13.3327,4.74389
39.6131,13.2292,4.7344
39.5596,13.1257,4.72473
39.5329,13.0739,4.71977
39.4793,12.9703,4.70963
39.399,12.8148,4.69396
38.9965,12.0358,4.6124
39.3454,12.711,4.68326
46.9756,27.4793,6.82898
39.2918,12.6072,4.67242
39.3186,12.6591,4.67786
39.2649,12.5553,4.66697
39.2112,12.4514,4.656
39.1038,12.2435,4.63404
39.1575,12.3475,4.64501
47.0361,27.5964,6.88575
45.8937,25.3854,6.1989
47.3098,29.3815,8.3121
38.6989,11.4598,4.55716
38.6426,11.3509,4.5478
38.6614,11.3872,4.55089
47.6247,28.7357,7.66526
47.6076,28.7026,7.63602
47.5158,29.3815,8.30912
47.5568,29.3815,8.30848
47.588,28.6647,7.60297
45.8762,25.3514,6.19223
47.5676,28.6252,7.56914
47.4228,29.3815,8.31058
45.8207,25.2441,6.17146
45.8406,25.2826,6.17885
47.5031,28.5004,7.46609
47.4328,28.3643,7.36041
47.0926,27.7058,6.94213
45.7374,25.0828,6.14103
45.8009,25.2057,6.16413
45.2197,24.0808,5.96735
45.2451,24.13,5.97536
45.1688,23.9824,5.95143
45.1943,24.0317,5.95938
38.7209,11.5024,4.5609
45.4606,29.3815,8.19162
45.5085,29.3815,8.19974
45.7154,25.0401,6.1331
38.7657,11.589,4.56867
42.1534,18.1457,5.19983
42.7047,19.2129,5.31608
42.731,19.2636,5.32179
42.6522,19.1113,5.3047
42.6785,19.1621,5.31038
42.2322,18.2982,5.21602
38.7893,11.6347,4.57286
47.3691,29.3815,8.31136
45.2705,24.1792,5.98342
41.4432,16.7711,5.05893
47.1581,27.8324,7.01162
40.3325,14.6216,4.86024
43.1771,20.127,5.4217
41.9694,17.7897,5.16253
41.9957,17.8406,5.16782
41.8643,17.5861,5.1415
43.0459,19.8731,5.39176
42.9934,19.7715,5.37991
43.0197,19.8223,5.38582
44.7014,23.0776,5.81213
44.0698,21.8547,5.63972
44.0961,21.9056,5.64656
40.8096,15.5449,4.94391
40.7831,15.4937,4.93925
40.6772,15.2888,4.92064
40.6507,15.2375,4.916
41.1267,16.1587,5.00017
41.0739,16.0565,4.99074
41.1003,16.1076,4.99545
38.8392,11.7314,4.58198
47.526,28.5447,7.50201
44.4379,22.5673,5.73816
45.5728,24.7642,6.08308
39.8535,13.6945,4.77676
39.8268,13.6429,4.77209
42.416,18.654,5.25432
40.5977,15.135,4.90671
40.6242,15.1863,4.91135
40.5447,15.0324,4.89742
40.5712,15.0837,4.90206
45.5233,24.6684,6.06621
43.9384,21.6004,5.60591
39.2381,12.5034,4.66149
45.6455,24.905,6.10833
45.5974,24.8118,6.09155
47.2447,29.3815,8.31276
44.1749,22.0582,5.66726
44.2538,22.2109,5.68822
41.3378,16.5671,5.03893
41.3641,16.6181,5.0439
47.0909,29.3815,8.31358
39.0501,12.1394,4.62314
47.1812,27.8773,7.03738
44.3327,22.3636,5.70944
44.359,22.4145,5.71658
43.4658,20.6857,5.48938
43.4921,20.7365,5.49566
41.2587,16.414,5.02419
40.1731,14.3131,4.83243
40.1465,14.2616,4.8278
42.8622,19.5176,5.35063
44.8853,23.4335,5.86557
45.3717,24.3751,6.01596
45.3971,24.4242,6.02424
47.281,28.0704,7.15566
47.3581,28.2196,7.25573
47.3324,28.1698,7.22147
44.8067,23.2814,5.84254
44.833,23.3323,5.85021
44.9892,23.6347,5.89652
39.1844,12.3995,4.65051
44.6224,22.9245,5.78962
43.5971,20.9397,5.52099
43.6758,21.0921,5.54023
42.4947,18.8065,5.27096
42.521,18.8573,5.27654
42.4422,18.7048,5.25985
42.4685,18.7556,5.2654
40.9154,15.7496,4.96258
39.6933,13.3844,4.74861
39.3722,12.7629,4.68863
42.626,19.0605,5.29903
42.5473,18.9081,5.28214
47.2557,28.0214,7.12452
43.5708,20.8889,5.51463
44.7278,23.1286,5.8197
40.1996,14.3645,4.83706
45.812,29.3815,8.2417
39.1307,12.2955,4.63952
45.7595,25.1255,6.149
39.5864,13.1775,4.72961
45.3464,24.3261,6.00775
44.1224,21.9564,5.65343
44.1486,22.0073,5.66033
41.9431,17.7388,5.15726
39.5061,13.0221,4.71474
40.0666,14.1071,4.81392
40.04,14.0556,4.80929
38.8642,11.7798,4.58667
38.8906,11.8307,4.59167
39.0769,12.1915,4.62858
42.311,18.4507,5.23234
42.3372,18.5016,5.23781
41.5222,16.9241,5.07414
40.4387,14.8271,4.87884
40.359,14.673,4.86489
40.836,15.5961,4.94857
41.0475,16.0053,4.98603
40.0933,14.1586,4.81855
45.6692,24.9507,6.11665
40.5182,14.9811,4.89278
39.9867,13.9525,4.80002
39.9601,13.9009,4.79537
44.6487,22.9755,5.7971
39.4525,12.9185,4.70446
39.4258,12.8666,4.69924
42.0745,17.9932,5.18376
45.4981,24.6197,6.05774
44.5169,22.7203,5.76002
40.9418,15.8008,4.96726
40.4652,14.8785,4.88349
41.7591,17.3825,5.1206
46.2868,29.3815,8.28748
46.5516,29.3815,8.30342
47.1718,29.3815,8.31329
45.7179,29.3815,8.23004
45.6357,29.3815,8.21897
46.9034,29.3815,8.31285
46.7369,29.2749,8.2064
46.7951,29.3815,8.31127
45.9172,29.3815,8.25364
46.1566,29.3815,8.277
46.0326,29.3815,8.26556
46.6774,29.3815,8.30827
46.4203,29.3815,8.29646
46.4241,26.4118,6.43856
46.7946,27.129,6.67837
46.7629,27.0675,6.65456
40.4121,14.7758,4.87419
47.9037,29.276,8.19352
44.7804,23.2305,5.8349
47.882,29.2339,8.14974
47.0019,29.3815,8.31351
39.6398,13.281,4.73915
47.408,28.3163,7.32486
46.6432,26.8359,6.57097
46.7297,27.0033,6.63047
39.0233,12.0876,4.61775
47.4803,28.4561,7.43095
45.0408,23.7346,5.91211
46.0716,25.7296,6.26992
46.517,26.5917,6.49184
47.9746,29.4233,8.34165
47.9746,29.4232,8.34216
47.976,29.4233,8.34227
47.9761,29.4234,8.34178
47.9772,29.4234,8.34237
47.9728,29.4233,8.34153
47.9728,29.4231,8.34206
47.9746,29.4225,8.34225
47.9772,29.4235,8.34192
47.9781,29.4235,8.34245
47.9761,29.4227,8.3424
47.9705,29.4232,8.34141
47.9705,29.4231,8.34196
47.9728,29.4224,8.34213
47.9746,29.4213,8.3418
47.9781,29.4236,8.34204
47.9788,29.4236,8.34251
47.9772,29.4229,8.34254
47.9677,29.4232,8.34127
47.9705,29.4223,8.34202
47.9788,29.4236,8.34214
47.9793,29.4236,8.34254
47.9677,29.423,8.34186
47.9676,29.4222,8.34191
47.9641,29.4232,8.34111
47.9727,29.4211,8.34162
47.9798,29.4237,8.34228
47.9794,29.4237,8.34222
47.9641,29.423,8.34173
47.9641,29.4222,8.34178
47.9676,29.4208,8.34131
47.9705,29.421,8.34146
47.9597,29.4232,8.34092
47.9704,29.419,8.34021
47.9596,29.423,8.34157
47.9676,29.4187,8.33997
47.954,29.4232,8.34066
47.9596,29.4221,8.34162
47.9595,29.4205,8.34094
47.964,29.4207,8.34114
47.9539,29.423,8.34136
47.9539,29.422,8.34142
47.964,29.4185,8.33972
47.9472,29.4232,8.34034
47.9472,29.4229,8.3411
47.9595,29.4182,8.33943
47.964,29.4153,8.33731
47.9395,29.4232,8.33997
47.9395,29.4229,8.34079
47.9539,29.4203,8.34069
47.9538,29.4178,8.33907
47.9471,29.4219,8.34117
47.9471,29.4201,8.34039
47.9594,29.4148,8.33685
47.9314,29.4232,8.33956
47.9314,29.4229,8.34046
47.9538,29.4142,8.33629
47.9394,29.4218,8.34087
47.9313,29.4217,8.34056
47.9234,29.4232,8.33914
47.9234,29.4228,8.34012
47.947,29.4174,8.33864
47.947,29.4135,8.33563
47.9394,29.4198,8.34003
47.9393,29.4169,8.33813
47.9537,29.4091,8.33192
47.9313,29.4195,8.33965
47.9154,29.4232,8.3387
47.9154,29.4228,8.33977
47.9469,29.408,8.33089
47.9312,29.4163,8.33757
47.9233,29.4215,8.34023
47.9153,29.4214,8.3399
47.9071,29.4232,8.33824
47.9071,29.4228,8.33941
47.9392,29.4127,8.33486
47.9391,29.4067,8.32968
47.9311,29.4117,8.33399
47.9232,29.4192,8.33924
47.9231,29.4157,8.33696
47.9152,29.4188,8.3388
47.8986,29.4231,8.33775
47.923,29.4107,8.33301
47.9151,29.415,8.33629
47.907,29.4212,8.33955
47.9069,29.4184,8.33834
47.8985,29.4227,8.33903
47.8899,29.4231,8.33725
47.931,29.4052,8.3283
47.915,29.4095,8.33193
47.8984,29.421,8.33918
47.8898,29.4227,8.33864
47.8897,29.4208,8.33881
47.881,29.4231,8.33673
47.8809,29.4226,8.33825
47.9068,29.4142,8.33557
47.9066,29.4082,8.33074
47.8983,29.4179,8.33785
47.8981,29.4133,8.33478
47.8896,29.4174,8.33733
47.872,29.4231,8.3362
47.898,29.4067,8.32944
47.8894,29.4124,8.33394
47.8808,29.4205,8.33843
47.8806,29.4169,8.33679
47.8718,29.4226,8.33786
47.8717,29.4203,8.33805
47.8624,29.4232,8.33569
47.8715,29.4163,8.33624
47.8622,29.4226,8.33749
47.8621,29.4201,8.3377
47.8522,29.4234,8.33521
47.8805,29.4113,8.33303
47.8892,29.4052,8.32801
47.8713,29.4102,8.33206
47.852,29.4227,8.33718
47.8518,29.42,8.3374
47.842,29.4236,8.33478
47.8418,29.4228,8.33693
47.8619,29.4157,8.33569
47.8515,29.4152,8.33518
47.8416,29.4199,8.33716
47.8319,29.4238,8.33436
47.8317,29.423,8.3367
47.8616,29.4091,8.33105
47.822,29.4241,8.33394
47.8412,29.4146,8.33469
47.8408,29.4067,8.32898
47.8512,29.4079,8.33005
47.8315,29.4198,8.33694
47.8311,29.414,8.33417
47.8218,29.4231,8.3365
47.8215,29.4196,8.33672
47.8115,29.4243,8.3335
47.8112,29.4233,8.33628
47.8211,29.4132,8.33361
47.8109,29.4194,8.33649
47.7999,29.4246,8.333
47.7996,29.4235,8.33604
47.7882,29.4249,8.33249
47.7879,29.4237,8.33581
47.7992,29.4192,8.33625
47.7987,29.4116,8.33233
47.8104,29.4125,8.33299
47.7874,29.419,8.33601
47.7764,29.4252,8.33196
47.7868,29.4106,8.33159
47.776,29.4239,8.33559
47.7633,29.4256,8.33137
47.7755,29.4187,8.33575
47.7749,29.4095,8.33075
47.7629,29.4241,8.33535
47.7623,29.4185,8.33549
47.7498,29.4259,8.33076
47.7493,29.4244,8.33512
47.7616,29.4083,8.32984
47.7365,29.4263,8.33014
47.736,29.4246,8.33491
47.7487,29.4181,8.33522
47.7222,29.4267,8.32947
47.7217,29.4248,8.33471
47.7209,29.4172,8.33463
47.7353,29.4177,8.33493
47.7062,29.4272,8.3287
47.7056,29.4251,8.33447
47.7047,29.4167,8.33433
47.6903,29.4277,8.32793
47.6896,29.4254,8.33427
47.6744,29.4282,8.32715
47.6736,29.4256,8.33412
47.6725,29.4153,8.33359
47.6886,29.4161,8.33399
47.6576,29.4287,8.32631
47.6567,29.4259,8.33398
47.6378,29.4294,8.3253
47.6368,29.4262,8.3338
47.6354,29.4134,8.33272
47.6555,29.4143,8.33315
47.6172,29.4301,8.32423
47.616,29.4266,8.33364
47.5963,29.4308,8.32314
47.5951,29.427,8.33354
47.5753,29.4315,8.32201
47.5499,29.4324,8.32062
47.5483,29.4278,8.33338
47.5739,29.4273,8.33349
47.522,29.4334,8.31906
47.4938,29.4345,8.31745
47.4918,29.429,8.3332
47.5201,29.4284,8.33326
47.4654,29.4355,8.3158
47.4631,29.4295,8.33322
47.4319,29.4368,8.31379
47.4293,29.4303,8.33314
47.3917,29.4383,8.31132
47.3889,29.4313,8.33291
47.3509,29.4398,8.30876
47.3093,29.4413,8.30609
47.3058,29.4333,8.33257
47.3477,29.4323,8.33272
47.259,29.4431,8.30279
47.2551,29.4346,8.33214
47.2022,29.4451,8.29901
47.198,29.4362,8.33149
47.1451,29.4471,8.29516
47.1406,29.4375,8.33086
47.0826,29.4491,8.29091
47.0093,29.4513,8.28589
47.0042,29.4406,8.32866
47.0777,29.4389,8.33002
46.9351,29.4533,8.28076
46.9297,29.4421,8.32715
46.8538,29.4553,8.27508
46.8483,29.4435,8.32505
46.7625,29.4572,8.26858
46.7568,29.4449,8.32198
46.6683,29.4586,8.26175
46.5672,29.4596,8.25433
46.5617,29.4466,8.313
46.6626,29.4459,8.3181
46.464,29.4601,8.24669
46.4587,29.4469,8.30683
46.3577,29.46,8.23886
46.2511,29.4589,8.23086
46.2468,29.4459,8.29108
46.1432,29.4443,8.28169
46.0448,29.4421,8.27175
46.1469,29.4569,8.22279
45.9502,29.4393,8.26135
46.0479,29.454,8.21493
45.9529,29.4505,8.20719
45.865,29.4466,8.19986
45.8628,29.4362,8.25095
45.7826,29.4424,8.19275
45.7808,29.4328,8.2405
45.7079,29.4381,8.18607
45.7064,29.4293,8.23032
45.6383,29.4259,8.2203
45.5736,29.4222,8.21013
45.6396,29.4337,8.17968
45.5122,29.4185,8.19976
45.5746,29.4292,8.17331
45.4582,29.4149,8.18973
45.5131,29.4245,8.16691
45.4589,29.42,8.16094
45.4134,29.4158,8.15563
45.4129,29.4116,8.18037
45.3765,29.412,8.15107
45.3761,29.4088,8.17191
45.3485,29.4089,8.14744
45.3483,29.4064,8.16468
45.3268,29.4061,8.14447
45.3267,29.4043,8.15852
45.3098,29.4023,8.15342
45.2967,29.4006,8.14933
45.3099,29.4037,8.14207
45.2967,29.4017,8.1401
45.2866,29.3999,8.13847
47.9803,29.4238,8.34256
47.9806,29.4238,8.34241
47.9803,29.4238,8.34237
47.98,29.4238,8.34233
46.3529,29.4468,8.29951
45.2447,29.3886,8.13075
45.2459,29.3893,8.12954
45.2434,29.3883,8.12829
45.2451,29.3882,8.13297
45.247,29.3894,8.13253
45.2424,29.3865,8.1324
45.239,29.3844,8.13089
45.2428,29.3846,8.13454
45.24,29.3861,8.12907
45.2458,29.3871,8.13546
45.2475,29.3853,8.13789
45.2495,29.3879,8.13812
45.2535,29.3869,8.14142
45.2484,29.389,8.13559
45.2794,29.3973,8.14619
45.2759,29.3975,8.14145
45.2729,29.3956,8.14541
45.2837,29.3989,8.14384
45.2731,29.393,8.14953
45.2689,29.3883,8.14919
45.2791,29.3904,8.15338
45.2661,29.3926,8.14585
47.9802,29.4233,8.34295
47.9799,29.4235,8.34285
47.9801,29.4236,8.34282
47.9803,29.4238,8.3427
47.98,29.4237,8.34259
47.978,29.4222,8.34243
47.9786,29.4217,8.34228
47.9789,29.4223,8.34259
47.977,29.422,8.34229
47.9777,29.4211,8.3419
45.2427,29.3875,8.13021
45.2409,29.3871,8.12713
45.2372,29.3847,8.12738
45.2384,29.3858,8.12578
45.236,29.3845,8.12433
47.9551,29.3857,8.30876
47.9554,29.3898,8.31303
47.949,29.3887,8.31202
47.9123,29.4009,8.32426
47.9187,29.4035,8.32667
47.9251,29.4006,8.32394
47.932,29.3976,8.32102
47.9382,29.3999,8.32324
47.9276,29.3913,8.31481
47.9382,29.3909,8.31438
47.8751,29.4034,8.32637
47.8812,29.4019,8.32504
47.867,29.3994,8.32275
47.8755,29.394,8.3177
47.919,29.3949,8.31841
47.9111,29.3915,8.31506
47.8173,29.4013,8.32446
47.8267,29.4064,8.32872
47.8325,29.4062,8.32853
47.7395,29.4079,8.32955
47.7283,29.4043,8.32688
47.749,29.4014,8.32453
45.3164,29.3988,8.16376
45.3207,29.3914,8.16715
45.334,29.3986,8.17005
47.3699,29.4151,8.33481
47.4045,29.4099,8.33242
47.3405,29.4116,8.33367
45.2503,29.3905,8.13464
45.2487,29.3904,8.13115
45.2529,29.3902,8.13852
45.2519,29.3916,8.13276
45.2359,29.3832,8.12816
45.2536,29.3916,8.13597
45.2556,29.3927,8.13447
45.2572,29.3924,8.13852
45.2587,29.391,8.1425
45.2623,29.3936,8.14091
45.2651,29.3952,8.13811
45.2603,29.394,8.13639
45.2671,29.3948,8.14223
45.2701,29.3963,8.1397
45.2795,29.3955,8.15019
47.9537,29.3955,8.31889
47.95,29.4024,8.32563
47.9455,29.3967,8.32008
47.9588,29.3925,8.3157
47.9439,29.4027,8.32592
45.261,29.3874,8.14552
45.2889,29.3964,8.15422
45.2855,29.398,8.14903
45.2925,29.3909,8.15835
45.3015,29.3979,8.15845
47.9796,29.4235,8.34278
47.9797,29.4233,8.34287
47.9792,29.4234,8.34276
47.9761,29.4212,8.34183
47.9751,29.4182,8.33981
47.9747,29.42,8.34105
47.9727,29.4184,8.33987
47.9704,29.4165,8.3383
47.9733,29.4158,8.33788
47.9638,29.4109,8.33348
47.9596,29.4084,8.33129
47.9638,29.4045,8.32764
45.2786,29.3985,8.1371
47.9569,29.4029,8.32607
47.9606,29.3977,8.32093
47.9609,29.3867,8.30981
47.8857,29.3945,8.31812
47.8911,29.3887,8.31237
47.8949,29.3958,8.31937
47.7726,29.3981,8.32167
47.7607,29.3945,8.31843
47.7825,29.4021,8.32507
47.7161,29.4035,8.32629
47.7055,29.3971,8.3211
47.5833,29.4108,8.33155
47.6008,29.4113,8.33173
47.6152,29.4038,8.32695
47.694,29.4024,8.32545
47.6786,29.3997,8.32339
47.6633,29.4016,8.32504
47.649,29.3979,8.32213
47.5115,29.4122,8.33268
47.5363,29.4073,8.32989
47.444,29.409,8.33164
47.4726,29.4124,8.33307
47.4927,29.4039,8.32813
45.4839,29.4042,8.20481
47.2172,29.4129,8.33477
47.2666,29.4118,8.33416
47.1637,29.4136,8.33514
47.9805,29.4237,8.34281
47.9805,29.4238,8.34264
47.9804,29.4236,8.34292
47.9798,29.4237,8.34268
47.9792,29.423,8.3428
47.9787,29.4233,8.34272
47.98,29.4229,8.34289
47.9797,29.4224,8.34271
47.9783,29.4229,8.34268
47.9794,29.4218,8.3424
47.9789,29.421,8.34191
47.9783,29.4199,8.34119
47.9766,29.4199,8.34105
47.9776,29.4186,8.34019
45.2421,29.3878,8.12528
45.2447,29.389,8.12654
45.2323,29.3824,8.12212
45.2341,29.3834,8.12272
45.2328,29.3828,8.12019
45.2474,29.3901,8.12777
45.2503,29.3912,8.129
45.235,29.384,8.12144
45.2343,29.3832,8.12524
47.9764,29.4162,8.33832
45.2372,29.3853,8.12271
45.2396,29.3865,8.124
45.2677,29.3962,8.13489
47.971,29.4128,8.3353
47.9674,29.4138,8.33611
45.263,29.3951,8.1335
45.2725,29.3972,8.13593
47.968,29.409,8.33183
47.97,29.4042,8.3274
47.9746,29.413,8.33553
45.2537,29.3924,8.13033
47.9672,29.3988,8.32206
47.964,29.3927,8.31597
45.258,29.3937,8.13188
47.904,29.3978,8.32128
47.9725,29.4089,8.33187
47.8565,29.3978,8.32124
47.8317,29.3973,8.32085
47.8453,29.3968,8.32034
47.8512,29.3895,8.31337
47.8067,29.3936,8.31745
47.7942,29.3996,8.32291
47.7838,29.3926,8.31657
47.8054,29.4041,8.32678
47.7373,29.3953,8.31933
45.307,29.3917,8.16314
47.5742,29.3961,8.3214
47.5621,29.4105,8.33152
45.3609,29.3971,8.17817
45.397,29.4002,8.18664
45.4282,29.4022,8.19343
47.9798,29.4223,8.34073
47.9796,29.4221,8.34104
47.9794,29.4216,8.33993
47.9799,29.4226,8.34147
47.9797,29.422,8.3396
47.9798,29.4223,8.34027
47.9798,29.4221,8.33923
47.9799,29.4225,8.33989
47.9804,29.4234,8.34145
47.9804,29.4236,8.34195
47.9802,29.4231,8.34156
47.9805,29.4236,8.34141
47.9805,29.4237,8.3418
47.9802,29.4231,8.34108
47.98,29.4227,8.34094
47.9803,29.4234,8.34205
47.9802,29.4231,8.34205
47.9802,29.4233,8.34252
47.98,29.4229,8.34226
47.9798,29.4225,8.34225
47.9795,29.422,8.34169
47.9801,29.4228,8.34056
47.9802,29.4231,8.34027
47.9804,29.4234,8.3409
47.9804,29.4236,8.3423
47.9803,29.4235,8.34246
47.9793,29.4216,8.3407
47.9798,29.4224,8.34174
47.9794,29.4215,8.33867
47.9784,29.4197,8.33812
47.979,29.4208,8.33875
47.979,29.4208,8.33977
47.9789,29.4204,8.33738
47.9791,29.4212,8.34107
47.9786,29.4202,8.34013
47.9779,29.4189,8.33891
47.9774,29.4178,8.33651
47.9781,29.419,8.33592
47.9771,29.417,8.33384
47.9771,29.4173,8.33774
47.976,29.4152,8.33475
47.9608,29.3857,8.30214
47.9587,29.3815,8.29777
47.9591,29.3815,8.29118
47.9636,29.3912,8.30977
47.9806,29.4238,8.34212
47.9798,29.4221,8.33854
47.98,29.4226,8.33949
47.9794,29.4213,8.33736
47.9789,29.4203,8.33588
47.9782,29.419,8.33402
47.974,29.4115,8.33123
47.9735,29.4101,8.32653
47.9755,29.414,8.33082
47.9717,29.407,8.32679
47.9712,29.4055,8.32168
47.9771,29.4166,8.33095
47.9692,29.4021,8.32168
47.9664,29.3967,8.31613
47.9754,29.4133,8.32682
47.9733,29.4092,8.32186
47.9709,29.4044,8.31623
47.9686,29.4004,8.31599
47.9658,29.395,8.3101
47.968,29.3988,8.30992
47.9634,29.3903,8.30448
47.9649,29.3927,8.30319
47.9618,29.3867,8.29669
47.9706,29.4231,8.34054
47.9677,29.423,8.34036
47.9728,29.4231,8.34071
47.9706,29.4225,8.33917
47.9678,29.4224,8.33892
47.9642,29.423,8.34015
47.9729,29.4225,8.3394
47.9747,29.4232,8.34087
47.9678,29.4212,8.33691
47.9597,29.423,8.3399
47.9747,29.4227,8.33964
47.9729,29.4215,8.33758
47.9707,29.4214,8.33726
47.9761,29.4233,8.34107
47.9707,29.4196,8.33468
47.9679,29.4194,8.33421
47.9643,29.4211,8.33652
47.9642,29.4223,8.33863
47.9597,29.4223,8.33828
47.9748,29.4217,8.33792
47.9762,29.4228,8.33993
47.9773,29.4234,8.34127
47.9643,29.4191,8.33367
47.9598,29.421,8.33603
47.954,29.423,8.33957
47.9773,29.423,8.34024
47.9782,29.4235,8.34147
47.9644,29.4163,8.32984
47.9598,29.4189,8.33301
47.9541,29.4208,8.33542
47.9473,29.423,8.33916
47.9541,29.4222,8.33783
47.9396,29.4229,8.33869
47.9789,29.4236,8.34165
47.9599,29.4158,8.32895
47.9542,29.4186,8.33219
47.9474,29.4206,8.33469
47.9473,29.4221,8.33729
47.9794,29.4236,8.34181
47.9542,29.4153,8.32784
47.9474,29.4182,8.3312
47.9397,29.4204,8.33383
47.9396,29.422,8.33665
47.9316,29.4219,8.33594
47.9315,29.4229,8.33816
47.9542,29.4105,8.322
47.9475,29.4146,8.32652
47.9398,29.4177,8.33004
47.9316,29.4201,8.33287
47.9235,29.4229,8.33761
47.9475,29.4094,8.32024
47.9398,29.4138,8.32497
47.9237,29.4198,8.33184
47.9155,29.4228,8.33704
47.9236,29.4218,8.33519
47.9398,29.4082,8.31818
47.9317,29.413,8.32324
47.9317,29.4172,8.32875
47.9237,29.4167,8.32734
47.9157,29.4195,8.33073
47.9156,29.4217,8.33439
47.9073,29.4215,8.33353
47.9072,29.4228,8.33642
47.9318,29.4068,8.31587
47.9157,29.416,8.32583
47.9074,29.4191,8.32952
47.8987,29.4228,8.33576
47.9238,29.412,8.32135
47.9158,29.4109,8.3193
47.9075,29.4153,8.32417
47.8989,29.4187,8.32822
47.8988,29.4213,8.33259
47.89,29.4227,8.33507
47.8811,29.4227,8.33434
47.9076,29.4097,8.31707
47.8902,29.4183,8.32682
47.8901,29.4212,8.3316
47.899,29.4084,8.31464
47.8989,29.4146,8.32238
47.8903,29.4137,8.32046
47.8814,29.4178,8.32533
47.8813,29.421,8.33055
47.8722,29.4208,8.32945
47.8721,29.4226,8.33359
47.8904,29.4069,8.31204
47.8815,29.4128,8.31839
47.8723,29.4173,8.32375
47.8625,29.4227,8.33283
47.8523,29.4228,8.33209
47.8724,29.4118,8.31618
47.8627,29.4206,8.32831
47.8422,29.4229,8.33137
47.8628,29.4108,8.31385
47.8628,29.4168,8.32209
47.8525,29.4205,8.32715
47.8321,29.4231,8.33063
47.8525,29.4097,8.3114
47.8525,29.4163,8.32036
47.8424,29.4159,8.31856
47.8423,29.4205,8.32597
47.8323,29.4204,8.32474
47.8222,29.4232,8.32987
47.8423,29.4086,8.30882
47.8323,29.4153,8.31666
47.8224,29.4203,8.32343
47.8224,29.4147,8.31462
47.8119,29.4202,8.322
47.8117,29.4234,8.32904
47.8119,29.4141,8.3124
47.8003,29.4201,8.32042
47.8001,29.4236,8.32812
47.7884,29.4238,8.32715
47.8004,29.4133,8.30994
47.7767,29.424,8.32611
47.7887,29.4125,8.30727
47.7887,29.4199,8.31871
47.7769,29.4197,8.31687
47.7769,29.4115,8.30438
47.7639,29.4195,8.31483
47.7636,29.4243,8.32496
47.7502,29.4245,8.32372
47.7639,29.4105,8.30119
47.7504,29.4192,8.31261
47.7369,29.4248,8.32241
47.7372,29.4189,8.31022
47.7227,29.425,8.32097
47.723,29.4185,8.30758
47.7071,29.4182,8.30464
47.7067,29.4253,8.31937
47.6909,29.4256,8.31766
47.6913,29.4177,8.30145
47.6755,29.417,8.29796
47.6751,29.4259,8.31582
47.6583,29.4261,8.3138
47.6588,29.4163,8.2941
47.6387,29.4265,8.3115
47.6392,29.4156,8.28975
47.6181,29.4269,8.30899
47.5974,29.4273,8.30628
47.5765,29.4277,8.30336
47.5512,29.4282,8.30003
47.5234,29.4288,8.29635
47.4955,29.4294,8.29239
47.4673,29.43,8.28814
47.434,29.4307,8.28333
47.3941,29.4318,8.27787
47.3536,29.4328,8.27204
47.3123,29.4338,8.26582
47.2622,29.4351,8.2588
47.2058,29.4366,8.25108
47.149,29.438,8.24301
47.0868,29.4394,8.23433
47.0139,29.4411,8.2248
46.94,29.4426,8.21504
46.859,29.4441,8.20484
46.7678,29.4455,8.19418
46.6737,29.4466,8.18374
46.5726,29.4475,8.17355
46.4693,29.4479,8.16423
46.3627,29.4479,8.15596
46.2558,29.4471,8.14884
46.1512,29.4456,8.1429
46.0518,29.4434,8.1382
45.9564,29.4406,8.13441
45.8682,29.4375,8.13154
45.7854,29.4341,8.1292
45.7105,29.4306,8.12749
45.6418,29.4271,8.12624
45.5767,29.4234,8.12519
45.5148,29.4196,8.12431
45.4604,29.4159,8.124
45.4147,29.4126,8.12434
45.3774,29.4097,8.12519
45.3492,29.4072,8.12651
45.3273,29.405,8.12781
45.3102,29.4031,8.12888
45.297,29.4013,8.12955
47.9803,29.4238,8.34214
47.1053,29.3815,8.14209
47.1757,29.415,8.19842
47.0555,29.4174,8.17891
47.4277,29.4145,8.24886
47.3834,29.4175,8.24488
47.3916,29.3815,8.20102
47.4451,29.3815,8.21197
47.3466,29.4124,8.22925
47.3318,29.3815,8.18863
47.8464,29.4044,8.30417
47.836,29.407,8.30607
47.8429,29.3957,8.29397
47.8295,29.4024,8.29982
47.8292,29.3926,8.289
47.8394,29.3815,8.27881
47.8176,29.4011,8.29675
47.8168,29.3815,8.27595
47.8062,29.3944,8.28786
47.8066,29.405,8.30001
47.8836,29.3981,8.30133
47.8942,29.4016,8.30636
47.8998,29.3916,8.29611
47.8823,29.3815,8.28385
47.9023,29.3815,8.28599
47.8786,29.4063,8.31009
47.8711,29.4036,8.30609
47.871,29.3933,8.29478
47.8582,29.3998,8.30037
45.2511,29.3882,8.11032
45.251,29.3902,8.11744
45.2555,29.3912,8.11619
45.2568,29.3895,8.10922
45.2618,29.3924,8.1148
45.2483,29.3847,8.10337
45.2446,29.3854,8.10837
45.254,29.386,8.10227
45.2621,29.388,8.10194
45.2377,29.3851,8.11786
45.2352,29.3837,8.11691
45.2363,29.3846,8.11981
45.2339,29.3827,8.11454
45.233,29.3826,8.11664
45.2477,29.3899,8.1225
45.2476,29.3893,8.1189
45.2452,29.3888,8.12092
45.2475,29.3882,8.11422
45.2438,29.3872,8.11563
45.2689,29.3924,8.10961
45.2741,29.3953,8.11625
45.276,29.3931,8.10738
47.9515,29.3959,8.30559
47.9445,29.3956,8.30467
47.9455,29.4021,8.31179
47.9383,29.3909,8.29913
47.9382,29.4004,8.30927
47.8883,29.4029,8.30716
47.8845,29.4055,8.30969
45.272,29.3885,8.09828
45.2815,29.3959,8.11358
45.2837,29.3911,8.09884
45.2503,29.3908,8.12216
45.254,29.3919,8.12219
45.2636,29.3946,8.12351
45.268,29.3948,8.11919
45.2586,29.3932,8.1224
45.231,29.3815,8.11678
45.2323,29.3824,8.11832
45.2341,29.3834,8.11889
47.9556,29.3856,8.29508
47.9528,29.3815,8.29068
47.9489,29.3887,8.29781
45.2655,29.3956,8.12958
45.2678,29.3958,8.12566
45.2723,29.3965,8.12428
47.9564,29.3993,8.30966
47.9521,29.4035,8.3139
47.9581,29.4045,8.31544
47.9585,29.3938,8.30394
47.9199,29.4055,8.31325
47.9133,29.4034,8.31025
47.9252,29.404,8.31206
47.9212,29.3969,8.30386
47.9116,29.3953,8.30126
47.9288,29.3899,8.29719
47.92,29.3815,8.28776
47.9043,29.4017,8.30747
47.7544,29.4089,8.29787
47.7455,29.4061,8.29294
47.6873,29.4049,8.28263
47.6738,29.4045,8.27993
47.6633,29.3979,8.27034
47.6023,29.4183,8.28804
47.5834,29.4185,8.28508
47.6173,29.4088,8.27613
47.5942,29.4028,8.26426
47.6494,29.4024,8.27337
47.6347,29.3987,8.26636
47.5644,29.4197,8.2839
47.5668,29.4043,8.26114
47.5429,29.4144,8.27095
47.5142,29.4105,8.25977
45.2863,29.3986,8.12217
45.292,29.3976,8.1136
45.3033,29.3999,8.11658
45.3013,29.3936,8.09812
47.9797,29.4235,8.34133
47.9801,29.4235,8.34132
47.9799,29.4233,8.34081
47.9798,29.4237,8.34174
47.9787,29.4233,8.34096
47.9789,29.423,8.34027
47.9783,29.4231,8.3405
47.9796,29.423,8.34017
47.9792,29.4226,8.33939
47.9775,29.4222,8.33881
47.9783,29.4227,8.33959
47.9787,29.422,8.33849
45.2462,29.3895,8.12448
45.249,29.3906,8.12551
45.2399,29.3863,8.11941
45.2411,29.3871,8.12225
45.2423,29.3874,8.1197
45.2386,29.3859,8.12102
45.2436,29.3883,8.12328
45.2399,29.3858,8.11627
45.2364,29.3837,8.11362
45.2562,29.3931,8.12708
45.2396,29.3844,8.111
45.2522,29.3918,8.12622
45.2608,29.3944,8.12813
47.9648,29.4053,8.31692
47.9617,29.3991,8.30979
45.2759,29.3979,8.13046
45.2702,29.3967,8.13045
45.2789,29.3975,8.1231
45.2837,29.3993,8.13064
47.9801,29.4237,8.34166
47.9793,29.4234,8.341
47.9765,29.4214,8.33758
47.978,29.4213,8.33729
47.9731,29.419,8.3339
47.975,29.4204,8.33604
47.9757,29.4186,8.33356
47.9706,29.4171,8.33135
47.9678,29.4155,8.32915
47.9738,29.4163,8.33041
47.9708,29.4132,8.32646
47.9653,29.4121,8.32474
47.969,29.4088,8.32113
47.9552,29.3901,8.29975
47.9303,29.3981,8.30609
47.4881,29.4135,8.25918
47.465,29.4059,8.24377
47.3048,29.4127,8.22108
47.1902,29.3815,8.15926
47.2221,29.4147,8.20734
45.7743,29.3815,8.02455
45.7378,29.4143,8.0783
47.9801,29.4237,8.342
47.9803,29.4237,8.34181
47.9771,29.4202,8.33574
45.2317,29.3815,8.11424
45.233,29.3815,8.11123
45.2385,29.3815,8.10401
45.2352,29.3815,8.10778
45.2565,29.3815,8.09196
45.2491,29.3815,8.09601
47.9602,29.4096,8.3215
47.945,29.3815,8.29002
45.2431,29.3815,8.10005
45.2904,29.3815,8.07948
45.2767,29.3815,8.08375
47.7966,29.4016,8.29468
47.7846,29.3997,8.29087
47.7795,29.3908,8.28042
47.7718,29.3994,8.28869
47.7933,29.3815,8.2728
47.7683,29.3815,8.2693
47.7313,29.4044,8.28875
47.7252,29.3935,8.27533
47.7143,29.4036,8.28521
47.9343,29.3815,8.28909
47.6999,29.409,8.2899
47.6996,29.3963,8.27441
47.6826,29.3815,8.25617
47.7131,29.3815,8.26103
47.7577,29.3982,8.28532
47.7416,29.3815,8.2654
47.8612,29.3815,8.28145
45.3161,29.4006,8.11286
45.3357,29.4016,8.10863
45.2656,29.3815,8.08789
45.3386,29.3931,8.08702
45.3207,29.3935,8.0921
45.3071,29.3815,8.07507
45.3274,29.3815,8.07054
45.3511,29.3815,8.066
45.3609,29.3998,8.09663
47.6502,29.3815,8.25074
47.6154,29.3815,8.24466
45.3785,29.3815,8.06142
45.3956,29.4013,8.09274
45.4345,29.4024,8.08819
47.578,29.3815,8.23787
47.5374,29.3815,8.23022
47.4932,29.3815,8.2216
45.4477,29.3815,8.0519
45.4104,29.3815,8.05675
45.482,29.4015,8.07938
45.4917,29.3815,8.04679
45.5439,29.3815,8.04139
45.5874,29.4126,8.08986
45.6067,29.3815,8.03571
47.2653,29.3815,8.17478
47.0099,29.3815,8.12352
45.6455,29.4123,8.08254
45.6831,29.3815,8.02991
45.8785,29.3815,8.02053
45.9938,29.3815,8.01874
46.1186,29.3815,8.02006
46.2515,29.3815,8.02529
46.389,29.3815,8.03486
46.5268,29.3815,8.04852
46.6598,29.3815,8.06529
46.7863,29.3815,8.0842
46.9034,29.3815,8.10394
47.956,29.3763,8.29229
47.9533,29.3712,8.28688
47.9507,29.3661,8.28152
47.9481,29.361,8.27609
47.9454,29.3558,8.27063
47.9427,29.3506,8.26523
47.9401,29.3455,8.25983
47.9373,29.3401,8.25416
47.9345,29.3348,8.24855
47.9318,29.3295,8.24299
47.9289,29.3239,8.23714
47.926,29.3183,8.23121
47.9231,29.3127,8.22534
47.9202,29.307,8.21935
47.917,29.3009,8.213
47.9139,29.2949,8.20671
47.9109,29.2889,8.20048
47.9075,29.2825,8.19372
47.9042,29.276,8.18693
47.9008,29.2695,8.18019
47.8974,29.2628,8.17318
47.8937,29.2557,8.1658
47.8901,29.2487,8.15848
47.8865,29.2417,8.15121
47.8824,29.2339,8.14314
47.8785,29.2262,8.13514
47.8745,29.2185,8.1272
47.8703,29.2104,8.11872
47.8659,29.2018,8.1099
47.8615,29.1933,8.10114
47.857,29.1847,8.09225
47.8521,29.1752,8.08246
47.8472,29.1657,8.07273
47.8423,29.1562,8.06306
47.8369,29.1458,8.05245
47.8314,29.1351,8.04155
47.8259,29.1245,8.03072
47.8202,29.1134,8.01945
47.8139,29.1012,8.00712
47.8076,29.089,7.99487
47.8013,29.0769,7.9827
47.7941,29.063,7.96878
47.7869,29.0489,7.95471
47.7796,29.0348,7.94074
47.7717,29.0195,7.92557
47.763,29.0027,7.909
47.7543,28.9859,7.89256
47.7456,28.969,7.8761
47.7348,28.9482,7.856
47.7241,28.9275,7.83608
47.7135,28.9068,7.81633
47.7009,28.8825,7.79337
47.6872,28.856,7.7685
47.6736,28.8296,7.74391
47.6593,28.8019,7.71847
47.6422,28.7688,7.68836
47.6251,28.7357,7.65869
47.608,28.7027,7.62945
47.5884,28.6647,7.59639
47.568,28.6252,7.56257
47.5476,28.5858,7.52937
47.5264,28.5448,7.49544
47.5035,28.5004,7.45952
47.4806,28.4561,7.42438
47.4578,28.4119,7.39001
47.4332,28.3643,7.35385
47.4084,28.3163,7.31829
47.3837,28.2684,7.28362
47.3584,28.2196,7.24916
47.3327,28.1698,7.21491
47.307,28.1201,7.18155
47.2814,28.0704,7.14911
47.2561,28.0215,7.11796
47.2308,27.9725,7.08763
47.2055,27.9237,7.05811
47.1816,27.8773,7.03082
47.1584,27.8325,7.00507
47.1353,27.7876,6.97993
47.1128,27.7442,6.95612
47.093,27.7058,6.93557
47.0732,27.6675,6.91546
47.0534,27.6292,6.89577
47.0365,27.5964,6.8792
47.0203,27.5651,6.86369
47.0042,27.5339,6.84846
46.9891,27.5047,6.83445
46.976,27.4793,6.82243
46.9629,27.4539,6.81058
46.9498,27.4286,6.79889
46.9386,27.407,6.78907
46.9276,27.3858,6.77951
46.9167,27.3645,6.77006
46.9064,27.3446,6.76127
46.8967,27.3259,6.75314
46.8871,27.3073,6.7451
46.8775,27.2888,6.73718
46.8687,27.2717,6.72993
46.8599,27.2546,6.72275
46.8511,27.2376,6.71564
46.8426,27.2211,6.70886
46.8343,27.2051,6.70228
46.826,27.1891,6.69577
46.8179,27.1733,6.68942
46.8102,27.1585,6.6835
46.8026,27.1438,6.67763
46.795,27.129,6.67181
46.7881,27.1158,6.66663
46.7815,27.103,6.66164
46.7749,27.0902,6.65669
46.7687,27.0781,6.65207
46.7632,27.0675,6.648
46.7577,27.0569,6.64397
46.7522,27.0463,6.63996
46.7476,27.0373,6.63657
46.743,27.0284,6.63324
46.7384,27.0195,6.62993
46.7341,27.0112,6.62683
46.73,27.0033,6.62392
46.726,26.9955,6.62102
46.722,26.9877,6.61816
46.7182,26.9805,6.6155
46.7145,26.9732,6.61286
46.7107,26.966,6.61023
46.7071,26.959,6.60771
46.7036,26.9522,6.60524
46.7001,26.9454,6.60278
46.6966,26.9386,6.60036
46.6932,26.9321,6.59803
46.6899,26.9256,6.59571
46.6865,26.9191,6.5934
46.6833,26.9128,6.59117
46.68,26.9066,6.58896
46.6768,26.9004,6.58677
46.6736,26.8942,6.58461
46.6705,26.8882,6.5825
46.6674,26.8822,6.5804
46.6643,26.8762,6.57831
46.6613,26.8703,6.57627
46.6583,26.8645,6.57425
46.6553,26.8587,6.57224
46.6523,26.8529,6.57025
46.6494,26.8472,6.56829
46.6464,26.8416,6.56635
46.6435,26.8359,6.56441
46.6406,26.8303,6.56249
46.6377,26.8247,6.56059
46.6348,26.8191,6.55869
46.632,26.8136,6.55681
46.6291,26.808,6.55494
46.6263,26.8025,6.55308
46.6234,26.797,6.55123
46.6206,26.7916,6.5494
46.6178,26.7861,6.54758
46.615,26.7807,6.54577
46.6122,26.7754,6.54401
46.6095,26.7701,6.54226
46.6068,26.7649,6.54051
46.6041,26.7597,6.5388
46.6015,26.7546,6.53713
46.5989,26.7496,6.53547
46.5963,26.7445,6.53382
46.5938,26.7397,6.53223
46.5913,26.7349,6.53066
46.5888,26.7301,6.52909
46.5864,26.7254,6.52755
46.584,26.7207,6.52604
46.5816,26.7161,6.52453
46.5792,26.7114,6.52302
46.5767,26.7067,6.5215
46.5743,26.702,6.51998
46.5719,26.6973,6.51847
46.5693,26.6923,6.51687
46.5667,26.6872,6.51523
46.564,26.6821,6.51359
46.5613,26.6767,6.51189
46.5582,26.6708,6.51002
46.5552,26.6649,6.50815
46.5521,26.6591,6.50629
46.5486,26.6523,6.50416
46.5451,26.6454,6.50198
46.5415,26.6385,6.49982
46.5378,26.6313,6.49755
46.5338,26.6235,6.49514
46.5298,26.6158,6.49274
46.5258,26.6081,6.49034
46.5216,26.5999,6.48781
46.5173,26.5917,6.48529
46.5131,26.5835,6.48278
46.5088,26.5752,6.48023
46.5044,26.5667,6.47766
46.5,26.5583,6.47509
46.4957,26.5498,6.47252
46.4911,26.5409,6.46984
46.4865,26.532,6.46716
46.4819,26.5231,6.4645
46.4768,26.5133,6.46158
46.4715,26.5031,6.45856
46.4663,26.4929,6.45556
46.4607,26.4821,6.45235
46.4541,26.4694,6.44864
46.4476,26.4567,6.44495
46.441,26.4441,6.44128
46.4328,26.4282,6.4367
46.4244,26.4118,6.43201
46.4159,26.3954,6.42736
46.4065,26.3773,6.42226
46.396,26.357,6.41658
46.3855,26.3367,6.41096
46.375,26.3163,6.40538
46.3631,26.2933,6.39915
46.3513,26.2704,6.39299
46.3394,26.2474,6.38689
46.3276,26.2245,6.38086
46.3157,26.2016,6.3749
46.3039,26.1787,6.369
46.2923,26.1562,6.36324
46.2816,26.1355,6.358
46.2709,26.1147,6.3528
46.2601,26.094,6.34765
46.2507,26.0757,6.34312
46.2416,26.0582,6.33884
46.2326,26.0407,6.33459
46.224,26.0241,6.33059
46.2166,26.0097,6.32711
46.2091,25.9952,6.32366
46.2016,25.9807,6.32021
46.195,25.968,6.31721
46.1886,25.9555,6.31428
46.1821,25.943,6.31135
46.1759,25.931,6.30855
46.17,25.9196,6.3059
46.1641,25.9081,6.30325
46.1582,25.8966,6.30062
46.1523,25.8853,6.29803
46.1465,25.874,6.29545
46.1406,25.8627,6.29287
46.1346,25.851,6.29023
46.1284,25.8391,6.28755
46.1223,25.8272,6.28487
46.116,25.815,6.28214
46.1091,25.8017,6.27918
46.1022,25.7883,6.27622
46.0953,25.775,6.27328
46.0877,25.7602,6.27003
46.0798,25.7449,6.2667
46.0719,25.7296,6.26337
46.0636,25.7136,6.2599
46.0545,25.696,6.25612
46.0454,25.6784,6.25235
46.0363,25.6607,6.2486
46.0259,25.6406,6.24434
46.0153,25.6201,6.24004
46.0047,25.5997,6.23576
45.9932,25.5774,6.23114
45.9807,25.5532,6.22613
45.9682,25.5289,6.22116
45.9555,25.5044,6.21616
45.9405,25.4754,6.2103
45.9256,25.4465,6.20448
45.9106,25.4175,6.1987
45.894,25.3854,6.19235
45.8765,25.3514,6.18568
45.8589,25.3174,6.17905
45.8409,25.2826,6.1723
45.821,25.2441,6.16492
45.8011,25.2057,6.15758
45.7813,25.1672,6.15029
45.7597,25.1255,6.14245
45.7377,25.0828,6.13448
45.7156,25.0402,6.12656
45.693,24.9964,6.11849
45.6694,24.9507,6.1101
45.6458,24.905,6.10178
45.6222,24.8593,6.09352
45.5976,24.8118,6.08501
45.573,24.7642,6.07653
45.5484,24.7165,6.06811
45.5235,24.6684,6.05966
45.4984,24.6197,6.05119
45.4733,24.5711,6.04278
45.4481,24.5224,6.0344
45.4227,24.4733,6.02603
45.3974,24.4242,6.0177
45.372,24.3751,6.00941
45.3467,24.3261,6.0012
45.3214,24.2772,5.99305
45.2961,24.2282,5.98495
45.2708,24.1792,5.97687
45.2454,24.13,5.96882
45.22,24.0809,5.96081
45.1945,24.0317,5.95284
45.1691,23.9824,5.94489
45.1436,23.933,5.93698
45.1181,23.8837,5.92912
45.0926,23.8342,5.92126
45.0668,23.7844,5.91339
45.0411,23.7346,5.90556
45.0153,23.6848,5.89778
44.9895,23.6347,5.88998
44.9636,23.5846,5.88222
44.9377,23.5345,5.87449
44.9117,23.4841,5.86676
44.8855,23.4335,5.85903
44.8594,23.3829,5.85134
44.8332,23.3323,5.84367
44.8069,23.2814,5.836
44.7806,23.2305,5.82836
44.7544,23.1796,5.82075
44.728,23.1286,5.81316
44.7017,23.0776,5.80559
44.6753,23.0266,5.79806
44.649,22.9755,5.79056
44.6226,22.9245,5.78308
44.5962,22.8734,5.77563
44.5698,22.8224,5.76822
44.5435,22.7713,5.76083
44.5171,22.7203,5.75348
44.4908,22.6693,5.74616
44.4644,22.6183,5.73887
44.4381,22.5673,5.73162
44.4118,22.5164,5.72439
44.3855,22.4654,5.7172
44.3592,22.4145,5.71003
44.3329,22.3636,5.7029
44.3066,22.3127,5.6958
44.2803,22.2618,5.68872
44.254,22.2109,5.68168
44.2277,22.16,5.67466
44.2014,22.1091,5.66767
44.1751,22.0582,5.66072
44.1488,22.0073,5.65379
44.1226,21.9564,5.64689
44.0963,21.9056,5.64002
44.07,21.8547,5.63317
44.0437,21.8038,5.62636
44.0174,21.753,5.61957
43.9912,21.7021,5.61281
43.9649,21.6512,5.60607
43.9386,21.6004,5.59937
43.9124,21.5496,5.59268
43.8861,21.4987,5.58603
43.8598,21.4479,5.5794
43.8336,21.397,5.57279
43.8073,21.3462,5.56621
43.7811,21.2954,5.55966
43.7548,21.2446,5.55313
43.7285,21.1937,5.54662
43.7023,21.1429,5.54014
43.676,21.0921,5.53368
43.6498,21.0413,5.52724
43.6235,20.9905,5.52083
43.5973,20.9397,5.51444
43.571,20.8889,5.50807
43.5448,20.8381,5.50173
43.5185,20.7872,5.49541
43.4923,20.7365,5.48911
43.466,20.6857,5.48283
43.4398,20.6349,5.47657
43.4135,20.5841,5.47033
43.3873,20.5333,5.46412
43.361,20.4825,5.45792
43.3348,20.4317,5.45175
43.3085,20.3809,5.4456
43.2823,20.3301,5.43947
43.256,20.2793,5.43336
43.2298,20.2285,5.42727
43.2036,20.1778,5.4212
43.1773,20.127,5.41515
43.1511,20.0762,5.40912
43.1248,20.0254,5.40312
43.0986,19.9746,5.39713
43.0723,19.9238,5.39116
43.0461,19.8731,5.38521
43.0198,19.8223,5.37928
42.9936,19.7715,5.37336
42.9674,19.7207,5.36747
42.9411,19.6699,5.3616
42.9149,19.6191,5.35574
42.8886,19.5684,5.3499
42.8624,19.5176,5.34408
42.8361,19.4668,5.33828
42.8099,19.416,5.3325
42.7836,19.3652,5.32673
42.7574,19.3144,5.32098
42.7311,19.2636,5.31525
42.7049,19.2128,5.30953
42.6787,19.162,5.30384
42.6524,19.1112,5.29815
42.6262,19.0605,5.29249
42.5999,19.0097,5.28684
42.5737,18.9589,5.28121
42.5474,18.9081,5.2756
42.5212,18.8572,5.27
42.4949,18.8064,5.26442
42.4686,18.7556,5.25885
42.4424,18.7048,5.2533
42.4161,18.654,5.24777
42.3899,18.6032,5.24225
42.3636,18.5524,5.23675
42.3374,18.5015,5.23127
42.3111,18.4507,5.22579
42.2848,18.3999,5.22034
42.2586,18.3491,5.2149
42.2323,18.2982,5.20947
42.206,18.2474,5.20406
42.1798,18.1965,5.19866
42.1535,18.1457,5.19328
42.1272,18.0948,5.18791
42.101,18.044,5.18255
42.0747,17.9931,5.17721
42.0484,17.9423,5.17188
42.0221,17.8914,5.16657
41.9958,17.8405,5.16127
41.9695,17.7897,5.15598
41.9433,17.7388,5.1507
41.917,17.6879,5.14544
41.8907,17.637,5.14019
41.8644,17.5861,5.13495
41.8381,17.5352,5.12972
41.8118,17.4843,5.12449
41.7855,17.4334,5.11926
41.7592,17.3825,5.11404
41.7329,17.3316,5.10883
41.7066,17.2807,5.10363
41.6803,17.2297,5.09844
41.6539,17.1788,5.09327
41.6276,17.1279,5.0881
41.6013,17.0769,5.08295
41.575,17.026,5.07781
41.5486,16.975,5.07268
41.5223,16.924,5.06758
41.496,16.8731,5.06249
41.4696,16.8221,5.05742
41.4433,16.7711,5.05236
41.417,16.7201,5.04733
41.3906,16.6691,5.04232
41.3642,16.6181,5.03733
41.3379,16.5671,5.03237
41.3115,16.5161,5.02743
41.2852,16.465,5.02251
41.2588,16.414,5.01762
41.2324,16.3629,5.01276
41.206,16.3119,5.00793
41.1796,16.2608,5.00313
41.1532,16.2097,4.99835
41.1268,16.1586,4.99361
41.1004,16.1075,4.98889
41.074,16.0564,4.98418
41.0476,16.0053,4.97947
41.0212,15.9542,4.97477
40.9947,15.9031,4.97007
40.9683,15.8519,4.96538
40.9419,15.8008,4.9607
40.9155,15.7496,4.95602
40.889,15.6984,4.95135
40.8626,15.6473,4.94668
40.8361,15.5961,4.94202
40.8097,15.5449,4.93736
40.7832,15.4937,4.9327
40.7567,15.4425,4.92804
40.7303,15.3913,4.92339
40.7038,15.34,4.91874
40.6773,15.2888,4.91409
40.6508,15.2375,4.90945
40.6243,15.1863,4.9048
40.5978,15.135,4.90016
40.5713,15.0837,4.89551
40.5448,15.0324,4.89087
40.5183,14.9811,4.88623
40.4918,14.9298,4.88158
40.4653,14.8784,4.87694
40.4387,14.8271,4.87229
40.4122,14.7757,4.86764
40.3857,14.7244,4.86299
40.3591,14.673,4.85834
40.3326,14.6216,4.85369
40.306,14.5702,4.84905
40.2794,14.5188,4.84441
40.2529,14.4674,4.83977
40.2263,14.416,4.83514
40.1997,14.3645,4.83051
40.1731,14.3131,4.82588
40.1465,14.2616,4.82125
40.1199,14.2101,4.81662
40.0933,14.1586,4.81199
40.0667,14.1071,4.80736
40.0401,14.0555,4.80273
40.0134,14.004,4.79809
39.9868,13.9525,4.79346
39.9601,13.9009,4.78881
39.9335,13.8493,4.78417
39.9068,13.7977,4.77952
39.8802,13.7461,4.77486
39.8535,13.6945,4.7702
39.8268,13.6428,4.76553
39.8001,13.5912,4.76085
39.7734,13.5395,4.75617
39.7467,13.4878,4.75147
39.72,13.4361,4.74677
39.6933,13.3844,4.74205
39.6666,13.3327,4.73733
39.6399,13.281,4.73259
39.6131,13.2292,4.72784
39.5864,13.1774,4.72305
39.5596,13.1257,4.71817
39.5329,13.0739,4.71321
39.5061,13.0221,4.70818
39.4793,12.9703,4.70308
39.4526,12.9184,4.69791
39.4258,12.8666,4.69268
39.399,12.8148,4.6874
39.3722,12.7629,4.68208
39.3454,12.711,4.67671
39.3186,12.6591,4.6713
39.2917,12.6072,4.66587
39.2649,12.5553,4.66041
39.2381,12.5034,4.65493
39.2112,12.4514,4.64944
39.1844,12.3994,4.64395
39.1575,12.3474,4.63845
39.1306,12.2954,4.63296
39.1038,12.2435,4.62748
39.0769,12.1915,4.62202
39.05,12.1394,4.61658
39.0233,12.0876,4.61119
38.9965,12.0358,4.60584
38.9697,11.984,4.60053
38.9431,11.9325,4.5953
38.9168,11.8816,4.59018
38.8905,11.8307,4.58511
38.8642,11.7798,4.58011
38.8392,11.7314,4.57542
38.8142,11.6831,4.57082
38.7892,11.6347,4.5663
38.7656,11.589,4.56211
38.7433,11.5457,4.5582
38.7209,11.5024,4.55434
38.6989,11.4598,4.5506
38.6801,11.4235,4.54746
38.6613,11.3872,4.54434
38.6425,11.3508,4.54125
38.6264,11.3195,4.53861
38.6113,11.2905,4.53618
38.5963,11.2614,4.53377
38.5821,11.2339,4.5315
38.5703,11.211,4.52962
38.5584,11.1881,4.52775
38.5466,11.1651,4.52589
38.5368,11.1463,4.52436
38.5275,11.1282,4.5229
38.5181,11.11,4.52144
38.5095,11.0934,4.5201
38.5021,11.079,4.51895
38.4946,11.0646,4.51779
38.4871,11.0501,4.51664
38.4811,11.0385,4.51571
38.4751,11.0268,4.51478
38.4691,11.0152,4.51385
38.4637,11.0047,4.51302
38.4588,10.9952,4.51227
38.4539,10.9857,4.51152
38.449,10.9764,4.51077
38.445,10.9685,4.51015
38.4409,10.9605,4.50952
38.4367,10.9525,4.50889
38.4331,10.9454,4.50833
38.4296,10.9387,4.50779
38.426,10.9319,4.50726
38.4226,10.9253,4.50674
38.4196,10.9194,4.50627
38.4166,10.9135,4.50581
38.4135,10.9075,4.50534
38.4107,10.9022,4.50491
38.408,10.8968,4.50449
38.4052,10.8915,4.50407
38.4025,10.8863,4.50366
38.3999,10.8813,4.50327
38.3973,10.8762,4.50287
47.9564,29.3763,8.28571
47.9538,29.3712,8.28029
47.9511,29.3661,8.27493
47.9485,29.361,8.26951
47.9458,29.3558,8.26405
47.9432,29.3506,8.25864
47.9405,29.3455,8.25324
47.9377,29.3401,8.24757
47.935,29.3348,8.24196
47.9322,29.3295,8.23641
47.9294,29.3239,8.23056
47.9264,29.3183,8.22462
47.9235,29.3127,8.21875
47.9206,29.307,8.21276
47.9175,29.3009,8.20642
47.9144,29.2949,8.20013
47.9113,29.2889,8.19389
47.9079,29.2825,8.18714
47.9046,29.276,8.18034
47.9013,29.2695,8.17361
47.8978,29.2628,8.1666
47.8941,29.2557,8.15922
47.8905,29.2487,8.1519
47.8869,29.2417,8.14462
47.8829,29.2339,8.13656
47.8789,29.2262,8.12856
47.8749,29.2186,8.12061
47.8707,29.2104,8.11214
47.8663,29.2018,8.10332
47.8619,29.1933,8.09456
47.8574,29.1847,8.08567
47.8525,29.1752,8.07588
47.8476,29.1657,8.06615
47.8427,29.1562,8.05648
47.8374,29.1458,8.04587
47.8318,29.1351,8.03497
47.8263,29.1245,8.02415
47.8206,29.1134,8.01287
47.8143,29.1012,8.00054
47.808,29.089,7.9883
47.8017,29.0769,7.97613
47.7946,29.063,7.9622
47.7873,29.0489,7.94813
47.78,29.0348,7.93416
47.7721,29.0195,7.91899
47.7634,29.0027,7.90243
47.7547,28.9859,7.88599
47.746,28.969,7.86953
47.7353,28.9482,7.84943
47.7245,28.9275,7.82951
47.7139,28.9068,7.80976
47.7013,28.8826,7.7868
47.6876,28.856,7.76193
47.674,28.8296,7.73734
47.6597,28.8019,7.7119
47.6426,28.7688,7.68179
47.6255,28.7357,7.65212
47.6084,28.7027,7.62289
47.5888,28.6647,7.58983
47.5684,28.6252,7.55601
47.548,28.5858,7.5228
47.5268,28.5448,7.48888
47.5039,28.5004,7.45296
47.481,28.4561,7.41782
47.4582,28.4119,7.38345
47.4336,28.3643,7.34729
47.4088,28.3163,7.31174
47.384,28.2684,7.27707
47.3588,28.2196,7.24261
47.3331,28.1698,7.20836
47.3074,28.1201,7.175
47.2817,28.0704,7.14255
47.2564,28.0215,7.11141
47.2312,27.9725,7.08109
47.2059,27.9237,7.05156
47.182,27.8773,7.02428
47.1588,27.8325,6.99852
47.1356,27.7877,6.97339
47.1132,27.7442,6.94957
47.0934,27.7058,6.92902
47.0736,27.6675,6.90891
47.0538,27.6292,6.88923
47.0368,27.5964,6.87265
47.0207,27.5651,6.85715
47.0045,27.5339,6.84191
46.9894,27.5047,6.8279
46.9763,27.4793,6.81588
46.9632,27.4539,6.80403
46.9501,27.4286,6.79235
46.9389,27.407,6.78252
46.928,27.3858,6.77296
46.917,27.3645,6.76351
46.9067,27.3446,6.75472
46.8971,27.326,6.74659
46.8874,27.3073,6.73855
46.8779,27.2888,6.73063
46.869,27.2717,6.72338
46.8602,27.2546,6.7162
46.8514,27.2376,6.70909
46.8429,27.2212,6.70231
46.8346,27.2051,6.69573
46.8263,27.1891,6.68922
46.8182,27.1734,6.68287
46.8106,27.1586,6.67695
46.8029,27.1438,6.67108
46.7953,27.129,6.66526
46.7885,27.1158,6.66008
46.7818,27.103,6.65509
46.7752,27.0902,6.65013
46.769,27.0782,6.64552
46.7635,27.0675,6.64145
46.758,27.0569,6.63742
46.7526,27.0463,6.63341
46.7479,27.0373,6.63002
46.7433,27.0284,6.62669
46.7387,27.0196,6.62338
46.7344,27.0112,6.62028
46.7304,27.0034,6.61736
46.7263,26.9955,6.61447
46.7223,26.9877,6.61161
46.7185,26.9805,6.60895
46.7148,26.9732,6.60631
46.7111,26.966,6.60368
46.7075,26.959,6.60116
46.7039,26.9522,6.59869
46.7004,26.9454,6.59623
46.6969,26.9386,6.59381
46.6935,26.9321,6.59148
46.6902,26.9256,6.58916
46.6868,26.9191,6.58685
46.6836,26.9128,6.58462
46.6804,26.9066,6.58241
46.6771,26.9004,6.58022
46.674,26.8942,6.57806
46.6709,26.8882,6.57595
46.6678,26.8822,6.57385
46.6647,26.8762,6.57176
46.6616,26.8704,6.56972
46.6586,26.8645,6.5677
46.6556,26.8587,6.56568
46.6526,26.8529,6.5637
46.6497,26.8473,6.56174
46.6468,26.8416,6.55979
46.6438,26.8359,6.55786
46.6409,26.8303,6.55594
46.638,26.8247,6.55404
46.6352,26.8191,6.55214
46.6323,26.8136,6.55026
46.6294,26.808,6.54839
46.6266,26.8025,6.54653
46.6237,26.797,6.54468
46.6209,26.7916,6.54285
46.6181,26.7861,6.54103
46.6153,26.7807,6.53922
46.6126,26.7754,6.53746
46.6098,26.7701,6.5357
46.6071,26.7649,6.53396
46.6044,26.7597,6.53225
46.6018,26.7546,6.53058
46.5992,26.7496,6.52892
46.5966,26.7446,6.52727
46.5941,26.7397,6.52568
46.5916,26.7349,6.52411
46.5891,26.7301,6.52254
46.5867,26.7254,6.521
46.5843,26.7207,6.51949
46.5819,26.7161,6.51798
46.5795,26.7114,6.51647
46.5771,26.7067,6.51495
46.5746,26.702,6.51343
46.5722,26.6973,6.51192
46.5696,26.6923,6.51032
46.567,26.6872,6.50868
46.5643,26.6821,6.50704
46.5616,26.6767,6.50534
46.5585,26.6709,6.50347
46.5555,26.665,6.5016
46.5524,26.6591,6.49974
46.549,26.6523,6.49761
46.5454,26.6454,6.49543
46.5418,26.6385,6.49327
46.5381,26.6313,6.491
46.5341,26.6235,6.48859
46.5301,26.6158,6.48619
46.5261,26.6081,6.4838
46.5219,26.5999,6.48126
46.5176,26.5917,6.47874
46.5134,26.5835,6.47623
46.5091,26.5752,6.47368
46.5047,26.5667,6.47111
46.5004,26.5583,6.46854
46.496,26.5498,6.46597
46.4914,26.5409,6.46329
46.4868,26.532,6.46062
46.4822,26.5231,6.45795
46.4771,26.5133,6.45503
46.4718,26.5031,6.45202
46.4666,26.493,6.44901
46.461,26.4821,6.44581
46.4544,26.4694,6.4421
46.4479,26.4568,6.43841
46.4413,26.4441,6.43473
46.4331,26.4282,6.43016
46.4247,26.4118,6.42547
46.4162,26.3955,6.42082
46.4068,26.3773,6.41571
46.3963,26.357,6.41004
46.3858,26.3367,6.40442
46.3753,26.3163,6.39884
46.3634,26.2933,6.39261
46.3516,26.2704,6.38645
46.3397,26.2474,6.38035
46.3279,26.2245,6.37432
46.316,26.2016,6.36836
46.3042,26.1787,6.36246
46.2926,26.1562,6.3567
46.2819,26.1355,6.35146
46.2711,26.1147,6.34626
46.2604,26.094,6.34111
46.251,26.0757,6.33658
46.2419,26.0582,6.3323
46.2329,26.0407,6.32805
46.2243,26.0242,6.32405
46.2169,26.0097,6.32058
46.2094,25.9952,6.31712
46.2019,25.9807,6.31368
46.1953,25.968,6.31067
46.1889,25.9555,6.30774
46.1824,25.943,6.30481
46.1762,25.931,6.30202
46.1703,25.9196,6.29936
46.1644,25.9081,6.29672
46.1584,25.8967,6.29408
46.1526,25.8854,6.29149
46.1468,25.874,6.28891
46.1409,25.8627,6.28634
46.1349,25.851,6.28369
46.1287,25.8391,6.28101
46.1225,25.8272,6.27833
46.1163,25.815,6.27561
46.1094,25.8017,6.27264
46.1025,25.7883,6.26969
46.0956,25.775,6.26674
46.0879,25.7602,6.26349
46.08,25.7449,6.26016
46.0721,25.7296,6.25683
46.0638,25.7136,6.25336
46.0548,25.696,6.24958
46.0457,25.6784,6.24581
46.0366,25.6608,6.24206
46.0261,25.6406,6.2378
46.0156,25.6202,6.2335
46.005,25.5997,6.22922
45.9935,25.5774,6.2246
45.981,25.5532,6.21959
45.9684,25.5289,6.21462
45.9558,25.5044,6.20962
45.9408,25.4755,6.20376
45.9258,25.4465,6.19794
45.9109,25.4175,6.19216
45.8943,25.3854,6.18581
45.8767,25.3514,6.17914
45.8592,25.3175,6.17251
45.8412,25.2826,6.16576
45.8213,25.2442,6.15837
45.8014,25.2057,6.15104
45.7815,25.1672,6.14375
45.76,25.1255,6.13591
45.738,25.0829,6.12794
45.7159,25.0402,6.12001
45.6933,24.9965,6.11194
45.6697,24.9508,6.10356
45.6461,24.905,6.09524
45.6224,24.8593,6.08697
45.5979,24.8118,6.07846
45.5733,24.7642,6.06999
45.5487,24.7165,6.06157
45.5238,24.6684,6.05312
45.4987,24.6198,6.04465
45.4735,24.5711,6.03623
45.4484,24.5224,6.02786
45.423,24.4733,6.01948
45.3976,24.4242,6.01115
45.3722,24.3751,6.00287
45.3469,24.3261,5.99466
45.3217,24.2772,5.98651
45.2964,24.2282,5.97841
45.271,24.1792,5.97033
45.2456,24.13,5.96228
45.2202,24.0809,5.95427
45.1948,24.0317,5.9463
45.1693,23.9824,5.93835
45.1438,23.9331,5.93044
45.1184,23.8837,5.92258
45.0928,23.8343,5.91472
45.067,23.7844,5.90685
45.0413,23.7346,5.89903
45.0156,23.6848,5.89124
44.9897,23.6347,5.88344
44.9638,23.5846,5.87568
44.9379,23.5345,5.86795
44.9119,23.4841,5.86023
44.8857,23.4335,5.85249
44.8596,23.3829,5.8448
44.8335,23.3323,5.83713
44.8072,23.2814,5.82946
44.7809,23.2305,5.82182
44.7546,23.1796,5.81421
44.7283,23.1286,5.80662
44.7019,23.0776,5.79906
44.6755,23.0266,5.79152
44.6492,22.9755,5.78402
44.6228,22.9245,5.77654
44.5964,22.8734,5.7691
44.5701,22.8224,5.76168
44.5437,22.7713,5.7543
44.5174,22.7203,5.74695
44.491,22.6693,5.73963
44.4647,22.6183,5.73234
44.4383,22.5673,5.72508
44.412,22.5164,5.71786
44.3857,22.4654,5.71066
44.3594,22.4145,5.7035
44.3331,22.3636,5.69636
44.3068,22.3127,5.68926
44.2805,22.2618,5.68218
44.2542,22.2109,5.67514
44.2279,22.16,5.66812
44.2016,22.1091,5.66114
44.1753,22.0582,5.65418
44.149,22.0073,5.64725
44.1228,21.9564,5.64035
44.0965,21.9056,5.63348
44.0702,21.8547,5.62663
44.0439,21.8038,5.61981
44.0177,21.753,5.61303
43.9914,21.7021,5.60626
43.9651,21.6512,5.59953
43.9388,21.6004,5.59282
43.9126,21.5496,5.58614
43.8863,21.4987,5.57948
43.86,21.4479,5.57285
43.8338,21.397,5.56625
43.8075,21.3462,5.55966
43.7812,21.2954,5.55311
43.755,21.2446,5.54658
43.7287,21.1937,5.54007
43.7025,21.1429,5.53359
43.6762,21.0921,5.52713
43.65,21.0413,5.52069
43.6237,20.9905,5.51428
43.5975,20.9397,5.50789
43.5712,20.8889,5.50152
43.5449,20.838,5.49518
43.5187,20.7872,5.48885
43.4924,20.7364,5.48255
43.4662,20.6856,5.47627
43.4399,20.6348,5.47002
43.4137,20.5841,5.46378
43.3875,20.5333,5.45756
43.3612,20.4825,5.45137
43.335,20.4317,5.4452
43.3087,20.3809,5.43905
43.2825,20.3301,5.43292
43.2562,20.2793,5.42681
43.23,20.2285,5.42072
43.2037,20.1777,5.41465
43.1775,20.127,5.4086
43.1512,20.0762,5.40257
43.125,20.0254,5.39657
43.0988,19.9746,5.39058
43.0725,19.9238,5.38461
43.0463,19.873,5.37866
43.02,19.8223,5.37273
42.9938,19.7715,5.36682
42.9675,19.7207,5.36092
42.9413,19.6699,5.35505
42.915,19.6191,5.34919
42.8888,19.5683,5.34336
42.8625,19.5176,5.33754
42.8363,19.4668,5.33173
42.8101,19.416,5.32595
42.7838,19.3652,5.32018
42.7576,19.3144,5.31444
42.7313,19.2636,5.3087
42.7051,19.2128,5.30299
42.6788,19.162,5.29729
42.6526,19.1112,5.29161
42.6263,19.0604,5.28594
42.6001,19.0096,5.2803
42.5738,18.9588,5.27467
42.5476,18.908,5.26905
42.5213,18.8572,5.26345
42.4951,18.8064,5.25787
42.4688,18.7556,5.25231
42.4425,18.7048,5.24676
42.4163,18.654,5.24122
42.39,18.6032,5.23571
42.3638,18.5524,5.2302
42.3375,18.5015,5.22472
42.3112,18.4507,5.21925
42.285,18.3999,5.21379
42.2587,18.349,5.20835
42.2325,18.2982,5.20292
42.2062,18.2474,5.19751
42.1799,18.1965,5.19211
42.1536,18.1457,5.18673
42.1274,18.0948,5.18136
42.1011,18.044,5.176
42.0748,17.9931,5.17066
42.0485,17.9423,5.16533
42.0223,17.8914,5.16002
41.996,17.8405,5.15472
41.9697,17.7896,5.14943
41.9434,17.7388,5.14415
41.9171,17.6879,5.13889
41.8908,17.637,5.13364
41.8645,17.5861,5.1284
41.8382,17.5352,5.12316
41.8119,17.4843,5.11793
41.7856,17.4334,5.1127
41.7593,17.3825,5.10749
41.733,17.3316,5.10228
41.7067,17.2807,5.09708
41.6804,17.2297,5.09188
41.6541,17.1788,5.08671
41.6277,17.1279,5.08154
41.6014,17.0769,5.07638
41.5751,17.026,5.07124
41.5488,16.975,5.06612
41.5224,16.924,5.06101
41.4961,16.8731,5.05592
41.4698,16.8221,5.05085
41.4434,16.7711,5.0458
41.4171,16.7201,5.04076
41.3907,16.6691,5.03575
41.3644,16.6181,5.03076
41.338,16.5671,5.0258
41.3116,16.516,5.02086
41.2853,16.465,5.01594
41.2589,16.414,5.01105
41.2325,16.3629,5.00619
41.2061,16.3119,5.00136
41.1797,16.2608,4.99656
41.1533,16.2097,4.99179
41.1269,16.1586,4.98705
41.1005,16.1075,4.98233
41.0741,16.0564,4.97761
41.0477,16.0053,4.97291
41.0213,15.9542,4.96821
40.9948,15.903,4.96351
40.9684,15.8519,4.95883
40.942,15.8008,4.95414
40.9155,15.7496,4.94947
40.8891,15.6984,4.94479
40.8626,15.6472,4.94012
40.8362,15.5961,4.93546
40.8097,15.5449,4.9308
40.7833,15.4937,4.92614
40.7568,15.4425,4.92149
40.7303,15.3912,4.91683
40.7039,15.34,4.91218
40.6774,15.2887,4.90754
40.6509,15.2375,4.90289
40.6244,15.1862,4.89825
40.5979,15.1349,4.8936
40.5714,15.0837,4.88896
40.5449,15.0324,4.88431
40.5184,14.9811,4.87967
40.4919,14.9297,4.87503
40.4653,14.8784,4.87038
40.4388,14.8271,4.86573
40.4123,14.7757,4.86108
40.3857,14.7244,4.85643
40.3592,14.673,4.85178
40.3326,14.6216,4.84713
40.3061,14.5702,4.84249
40.2795,14.5188,4.83785
40.2529,14.4674,4.83321
40.2263,14.4159,4.82858
40.1998,14.3645,4.82395
40.1732,14.313,4.81932
40.1466,14.2615,4.81469
40.12,14.2101,4.81006
40.0934,14.1586,4.80543
40.0667,14.107,4.8008
40.0401,14.0555,4.79616
40.0135,14.004,4.79153
39.9868,13.9524,4.78689
39.9602,13.9009,4.78225
39.9335,13.8493,4.7776
39.9069,13.7977,4.77295
39.8802,13.7461,4.76829
39.8535,13.6944,4.76363
39.8269,13.6428,4.75896
39.8002,13.5912,4.75428
39.7735,13.5395,4.7496
39.7468,13.4878,4.7449
39.7201,13.4361,4.7402
39.6933,13.3844,4.73549
39.6666,13.3327,4.73076
39.6399,13.2809,4.72602
39.6131,13.2292,4.72127
39.5864,13.1774,4.71648
39.5596,13.1256,4.71161
39.5329,13.0739,4.70665
39.5061,13.022,4.70162
39.4793,12.9702,4.69651
39.4526,12.9184,4.69135
39.4258,12.8666,4.68612
39.399,12.8147,4.68084
39.3722,12.7629,4.67551
39.3454,12.711,4.67015
39.3186,12.6591,4.66474
39.2917,12.6072,4.65931
39.2649,12.5553,4.65385
39.2381,12.5033,4.64837
39.2112,12.4514,4.64288
39.1844,12.3994,4.63739
39.1575,12.3474,4.63189
39.1306,12.2954,4.62639
39.1038,12.2435,4.62092
39.0769,12.1915,4.61546
39.05,12.1394,4.61001
39.0232,12.0876,4.60462
38.9964,12.0358,4.59927
38.9697,11.984,4.59396
38.9431,11.9325,4.58873
38.9168,11.8816,4.58361
38.8905,11.8307,4.57855
38.8641,11.7798,4.57354
38.8391,11.7314,4.56885
38.8141,11.6831,4.56425
38.7892,11.6347,4.55973
38.7656,11.589,4.55554
38.7432,11.5457,4.55163
38.7208,11.5024,4.54778
38.6988,11.4598,4.54404
38.68,11.4235,4.54089
38.6613,11.3872,4.53777
38.6425,11.3508,4.53469
38.6263,11.3195,4.53205
38.6113,11.2905,4.52962
38.5962,11.2614,4.52721
38.582,11.2339,4.52494
38.5702,11.211,4.52306
38.5584,11.1881,4.52119
38.5465,11.1651,4.51933
38.5368,11.1463,4.5178
38.5274,11.1282,4.51634
38.518,11.11,4.51488
38.5094,11.0934,4.51354
38.502,11.079,4.51239
38.4945,11.0646,4.51124
38.4871,11.0501,4.51008
38.4811,11.0385,4.50915
38.475,11.0268,4.50823
38.469,11.0152,4.5073
38.4636,11.0047,4.50647
38.4587,10.9952,4.50572
38.4538,10.9857,4.50496
38.449,10.9764,4.50422
38.4449,10.9685,4.5036
38.4408,10.9605,4.50297
38.4366,10.9525,4.50234
38.433,10.9454,4.50177
38.4295,10.9387,4.50124
38.426,10.9319,4.5007
38.4226,10.9253,4.50018
38.4195,10.9194,4.49972
38.4165,10.9135,4.49925
38.4134,10.9075,4.49878
38.4106,10.9022,4.49836
38.4079,10.8968,4.49794
38.4051,10.8915,4.49752
38.4024,10.8863,4.49711
38.3998,10.8813,4.49671
38.3972,10.8762,4.49632
31.1436,10.8804,4.59105
31.1708,10.9134,4.58486
31.1596,10.8998,4.58704
31.2042,10.9539,4.58058
31.1854,10.9311,4.58263
31.2283,10.9836,4.57898
31.2451,10.9717,4.5515
31.8506,11.5302,4.49959
31.9415,11.4622,4.4626
31.8388,11.3268,4.45668
32.0567,11.9313,4.54732
32.1196,11.8847,4.51499
31.9737,11.6925,4.50652
32.5308,12.2413,4.49954
32.6581,12.146,4.45802
32.4969,11.9317,4.44673
33.1022,13.181,4.58074
33.1907,13.1153,4.54731
33.0251,12.8958,4.5346
33.517,13.5482,4.57389
33.641,13.4557,4.53599
33.4794,13.2399,4.52195
45.1821,29.3074,8.02636
45.1627,29.2816,7.99936
45.158,29.2836,8.00979
41.6508,24.4928,5.81074
41.6079,24.5225,5.83066
41.7216,24.6726,5.85674
40.9868,23.2973,5.58857
41.1142,23.2042,5.56028
40.995,23.0425,5.53565
35.344,16.1425,4.79375
35.4268,16.0817,4.76513
35.2701,15.8741,4.74756
39.1616,21.1936,5.324
39.112,21.2286,5.34651
39.246,21.4055,5.36947
34.6379,15.0362,4.67955
34.7575,14.9474,4.64515
34.599,14.7359,4.62849
33.9751,13.5397,4.5057
33.8158,13.3249,4.49054
35.5988,16.596,4.85527
35.6561,16.5546,4.82891
35.5004,16.349,4.81123
42.68,25.7565,6.04343
42.6255,25.795,6.06439
42.7241,25.9279,6.0952
40.3749,22.4756,5.46661
40.5067,22.3791,5.43775
40.3807,22.2077,5.41319
31.5989,11.3296,4.52291
31.6621,11.2826,4.48961
31.589,11.1884,4.48631
39.2951,21.3709,5.34714
39.3653,21.3204,5.32349
39.2324,21.1426,5.30018
38.8263,20.5995,5.23078
38.9289,20.5244,5.20371
38.7926,20.3403,5.18067
34.9549,15.4565,4.71302
35.0735,15.3687,4.67941
34.9157,15.1584,4.66214
43.9619,27.2138,6.46353
43.8887,27.1046,6.41951
43.8028,27.1666,6.45317
42.098,25.0869,5.91801
42.1571,25.0451,5.89673
42.0475,24.8978,5.86912
40.0241,22.2006,5.44325
39.9567,22.2488,5.46614
40.0868,22.4212,5.49039
41.3677,23.9905,5.71248
41.3052,24.035,5.7342
41.4212,24.1886,5.7594
45.1459,29.2424,7.94941
45.1602,29.2334,7.93087
45.1266,29.1877,7.8835
42.5573,25.4222,5.95905
42.4775,25.4794,5.98321
42.5801,25.6196,6.01311
39.3794,21.5818,5.39264
44.9338,28.8747,7.56414
44.9695,28.8499,7.53196
44.9241,28.7843,7.47147
43.9976,27.6476,6.69161
44.0366,27.6205,6.66806
43.9659,27.522,6.61929
31.6845,11.4418,4.52714
31.7478,11.3948,4.494
31.2778,11.0077,4.54888
31.3171,11.0538,4.54761
31.355,11.026,4.51679
45.0628,28.8792,7.55058
45.0199,28.8142,7.4901
44.2631,28.01,6.89723
44.2981,27.9858,6.87289
44.2359,27.8989,6.82049
31.3422,11.129,4.57892
31.3649,11.1127,4.54773
44.8299,28.6479,7.35089
44.7911,28.675,7.38313
44.8399,28.7433,7.44334
45.0978,29.2044,7.9276
45.1322,29.2496,7.97432
45.1369,29.2475,7.96372
45.0435,29.0749,7.76857
45.0664,29.0596,7.74402
45.0233,28.9996,7.68445
45.2034,29.3433,8.07225
31.2584,11.0214,4.57807
31.2958,11.069,4.57801
45.0711,29.1423,7.84621
45.0861,29.1328,7.82721
44.8618,28.8272,7.52896
44.8875,28.8098,7.50373
45.0565,29.15,7.872
45.1027,29.2022,7.9168
45.1923,29.3287,8.05693
45.1776,29.3093,8.03664
44.827,28.8479,7.57719
44.7775,28.7828,7.51749
44.8331,28.845,7.56493
44.9223,28.9734,7.69629
44.8753,28.9115,7.63684
44.7267,28.716,7.45788
44.2763,28.123,7.00257
44.2139,28.0407,6.94961
44.9682,29.0339,7.75542
31.398,11.2015,4.58074
31.4604,11.2831,4.58324
31.5326,11.3778,4.58649
31.6181,11.4901,4.59056
31.7211,11.6252,4.59566
32.4769,12.6177,4.63788
41.0967,23.9414,5.77016
43.942,27.6828,6.74467
45.2117,29.3543,8.0838
45.218,29.3626,8.0925
31.1507,10.8891,4.58908
31.8444,11.7872,4.60198
31.9906,11.9791,4.60974
32.1502,12.1887,4.61857
32.3126,12.4019,4.62795
32.6427,12.8355,4.64836
32.8092,13.0541,4.65936
32.9756,13.2727,4.67087
33.1406,13.4894,4.68278
33.3038,13.7037,4.69505
33.4656,13.9163,4.70771
33.6274,14.1289,4.72084
33.789,14.3411,4.73445
33.9503,14.553,4.7485
34.1111,14.7642,4.76301
34.2715,14.9749,4.77796
34.4316,15.1851,4.79333
34.5912,15.3948,4.80906
34.7504,15.6039,4.82512
34.9091,15.8123,4.84147
35.0672,16.02,4.85804
35.2247,16.2269,4.87481
35.3816,16.4329,4.89178
35.5378,16.638,4.90896
35.6932,16.8423,4.92634
35.848,17.0455,4.94394
36.002,17.2479,4.96175
36.1555,17.4495,4.97979
36.3085,17.6504,4.99807
36.4606,17.8502,5.01652
36.6118,18.0489,5.03516
36.7625,18.2469,5.05403
36.9127,18.4442,5.07318
37.0622,18.6405,5.09262
37.2109,18.8358,5.11234
37.3589,19.0303,5.13242
37.5063,19.2238,5.15285
37.6527,19.4161,5.17361
37.7979,19.607,5.19463
37.9422,19.7965,5.21592
38.0857,19.985,5.23745
38.2283,20.1723,5.2592
38.3696,20.358,5.28109
38.5094,20.5416,5.30304
38.6481,20.7239,5.32511
38.7859,20.905,5.34733
38.9229,21.085,5.36972
39.0587,21.2634,5.39221
39.1931,21.44,5.41477
39.327,21.6159,5.43754
39.4611,21.7921,5.46066
39.594,21.9668,5.48389
39.7267,22.1411,5.50737
39.8587,22.3146,5.53106
39.9895,22.4865,5.55483
40.1183,22.6557,5.57855
40.2447,22.8218,5.60213
40.3696,22.986,5.62575
40.4935,23.1488,5.64948
40.6168,23.3108,5.67344
40.7384,23.4707,5.69741
40.8588,23.6288,5.72148
40.9783,23.7858,5.74573
41.2139,24.0954,5.79473
41.3305,24.2485,5.81959
41.4463,24.4007,5.84477
41.5613,24.5518,5.87027
41.6754,24.7017,5.89612
41.7884,24.8502,5.92233
41.9005,24.9974,5.949
42.0117,25.1436,5.97618
42.122,25.2886,6.00393
42.2311,25.4321,6.0323
42.3384,25.5733,6.06122
42.4436,25.7116,6.09063
42.5462,25.8466,6.1205
42.6464,25.9784,6.15092
42.7444,26.1073,6.18203
42.8405,26.2337,6.21396
42.9349,26.3579,6.24688
43.0279,26.4801,6.28096
43.1195,26.6005,6.31627
43.2098,26.7192,6.35291
43.2986,26.836,6.39095
43.3858,26.9507,6.4304
43.4712,27.063,6.47123
43.5547,27.1729,6.51344
43.6362,27.2801,6.55702
43.7157,27.3848,6.60198
43.7932,27.4869,6.64829
43.8686,27.5862,6.69587
44.0133,27.7766,6.79458
44.0823,27.8676,6.84547
44.1492,27.9556,6.89719
44.3368,28.2027,7.05615
44.3959,28.2805,7.11069
44.454,28.357,7.16647
44.511,28.432,7.22333
44.5669,28.5055,7.28108
44.6214,28.5773,7.33953
44.6747,28.6475,7.39851
45.013,29.0927,7.81406
45.1119,29.1969,7.90227
31.4216,11.1847,4.54912
31.4844,11.2659,4.55143
31.5569,11.3605,4.55464
31.6424,11.4727,4.55877
31.7453,11.6079,4.56399
32.3367,12.3849,4.59696
32.8332,13.0374,4.62897
34.1345,14.7484,4.73427
33.9737,14.537,4.71958
34.7734,15.5885,4.79703
35.4043,16.4179,4.86429
36.3307,17.6359,4.97144
36.4827,17.8358,4.99004
36.6339,18.0346,5.00881
37.3805,19.0164,5.10679
37.2326,18.8219,5.08657
37.8192,19.5935,5.16953
37.6741,19.4026,5.14832
38.3903,20.345,5.25679
39.6134,21.9551,5.46149
39.7459,22.1295,5.48516
40.7567,23.4598,5.67645
41.1147,23.9309,5.74961
40.9963,23.7751,5.72504
41.5788,24.5416,5.85025
41.4639,24.3904,5.82461
42.0286,25.1338,5.95673
41.9176,24.9875,5.9294
42.1386,25.279,5.98463
42.9492,26.3499,6.22918
42.855,26.2256,6.19604
43.0419,26.4723,6.26349
43.1333,26.5928,6.29901
43.3119,26.8286,6.37405
43.4839,27.056,6.45466
43.6482,27.2735,6.5408
43.7273,27.3784,6.58594
43.8796,27.5803,6.68019
43.9526,27.6772,6.72918
44.0922,27.8624,6.83036
44.0234,27.7712,6.77928
44.1587,27.9506,6.88228
44.3454,28.1983,7.04183
44.4042,28.2763,7.09658
44.462,28.3529,7.15257
44.5743,28.5018,7.26761
44.6286,28.5738,7.32629
44.5875,28.4938,7.2508
44.6816,28.6441,7.38551
44.7334,28.7128,7.44512
44.7453,28.7056,7.42878
44.694,28.6367,7.369
44.8812,28.9087,7.62483
44.928,28.9708,7.68454
45.0183,29.0903,7.80281
44.9737,29.0313,7.74392
45.1968,29.3268,8.04678
45.2161,29.3524,8.0738
45.2078,29.3414,8.06219
31.4627,11.1544,4.51746
31.4048,11.0833,4.51637
32.0148,11.962,4.57838
31.8687,11.77,4.57045
32.1744,12.1716,4.58739
32.6668,12.8186,4.61776
32.501,12.6008,4.60708
33.1645,13.4729,4.6528
32.9996,13.2561,4.64068
33.3276,13.6873,4.66529
33.4893,13.9,4.67816
33.651,14.1127,4.69151
33.8126,14.3251,4.70532
34.2948,14.9593,4.7494
34.4547,15.1696,4.76493
34.6143,15.3793,4.78082
35.09,16.0048,4.83025
34.932,15.797,4.81353
35.2475,16.2117,4.84717
35.7158,16.8274,4.89915
35.5604,16.6231,4.88162
35.8705,17.0308,4.91689
36.0244,17.2332,4.93484
36.1779,17.4349,4.95303
36.9346,18.43,5.04711
36.7846,18.2326,5.02782
37.084,18.6265,5.06669
37.5278,19.2101,5.12739
37.9634,19.7832,5.19101
38.1067,19.9718,5.21274
38.2491,20.1592,5.23469
38.6685,20.7112,5.30124
38.53,20.5288,5.27895
38.8062,20.8924,5.32367
38.943,21.0726,5.34628
39.0787,21.2512,5.36899
39.2129,21.4279,5.39176
39.3466,21.6039,5.41474
39.4806,21.7802,5.43806
40.0084,22.4751,5.53297
39.8778,22.3031,5.50903
40.1371,22.6444,5.55685
40.2634,22.8106,5.58059
40.3882,22.9749,5.60437
40.5119,23.1377,5.62824
40.6352,23.2999,5.65235
40.877,23.618,5.70065
41.2318,24.0849,5.77431
41.3482,24.2381,5.7993
41.6928,24.6915,5.87623
41.8057,24.8401,5.90259
42.3545,25.5641,6.04225
42.2475,25.4227,6.01316
42.4593,25.7027,6.07186
42.5615,25.8379,6.10193
42.6614,25.9699,6.13257
42.7591,26.0991,6.16389
43.2233,26.7116,6.33584
43.3988,26.9435,6.41367
43.567,27.166,6.49704
43.8045,27.4807,6.63242
44.2852,28.1184,6.98806
44.223,28.036,6.9349
44.4977,28.3301,7.11503
44.4761,28.3443,7.13552
44.5324,28.4199,7.19271
44.7839,28.7797,7.50498
45.0616,29.1478,7.86098
45.2052,29.3221,8.03297
31.5262,11.2352,4.51968
31.7874,11.577,4.53251
31.9107,11.7392,4.53917
32.2162,12.1411,4.55658
32.3784,12.3545,4.56639
32.5425,12.5705,4.57676
32.8744,13.0074,4.59914
33.0407,13.2263,4.61111
33.2054,13.4433,4.62348
33.3684,13.6579,4.63622
33.8528,14.2963,4.67697
34.0138,14.5084,4.69145
34.1743,14.72,4.70635
34.4943,15.1415,4.73739
34.8126,15.5607,4.76985
35.1289,15.9773,4.80341
34.9711,15.7694,4.78651
35.4429,16.3907,4.83778
35.2862,16.1844,4.8205
35.7541,16.8004,4.87296
36.0625,17.2065,4.90896
35.9086,17.0039,4.89085
36.2157,17.4084,4.92729
36.5203,17.8095,4.9646
36.3684,17.6095,4.94586
36.6713,18.0084,4.98351
36.8218,18.2067,5.00266
37.2693,18.7964,5.06181
37.417,18.9912,5.08217
37.8551,19.5689,5.14536
37.7102,19.3777,5.12399
37.999,19.7588,5.167
38.1421,19.9476,5.18891
38.4251,20.3213,5.23333
38.2842,20.1352,5.21104
38.5645,20.5053,5.25569
38.7028,20.6879,5.27816
38.8401,20.8694,5.3008
38.9767,21.0497,5.3236
39.5131,21.7583,5.41615
39.6457,21.9334,5.43976
39.7779,22.108,5.4636
39.9096,22.2818,5.48764
40.04,22.4539,5.51174
40.1684,22.6234,5.53577
40.2945,22.7898,5.55966
40.4191,22.9543,5.58357
40.5427,23.1173,5.60758
40.6657,23.2796,5.63182
40.7871,23.4397,5.65605
40.9071,23.598,5.68038
41.1445,23.9111,5.72957
41.0263,23.7552,5.70489
41.2614,24.0653,5.75439
41.4932,24.3711,5.80491
41.3776,24.2187,5.77949
41.8343,24.8214,5.88321
41.8765,24.7922,5.86346
41.9459,24.9689,5.91013
42.0566,25.1154,5.93759
42.1663,25.2609,5.96563
42.2747,25.4048,5.99429
42.3813,25.5466,6.02352
42.5873,25.8211,6.08345
42.4856,25.6856,6.05325
42.6867,25.9536,6.11419
42.7839,26.0831,6.14561
42.973,26.3346,6.21103
42.8793,26.21,6.17783
43.0654,26.4572,6.24539
43.1564,26.5781,6.28098
43.246,26.6971,6.31787
43.3341,26.8144,6.35613
43.4206,26.9296,6.3958
43.5052,27.0424,6.43684
43.6684,27.2607,6.52307
43.8236,27.4686,6.61479
43.8522,27.4494,6.59489
43.7764,27.3462,6.54842
43.747,27.366,6.56826
43.8981,27.5686,6.6626
43.9706,27.6658,6.71164
44.1051,27.7162,6.71794
44.0672,27.7426,6.74169
44.1347,27.8346,6.79274
44.0409,27.7602,6.76178
44.1091,27.8518,6.8129
44.239,28.0261,6.91754
44.1751,27.9404,6.86487
44.3006,28.1088,6.97076
44.4187,28.2674,7.07944
44.3604,28.189,7.02461
44.5187,28.4281,7.20964
44.6414,28.5661,7.30962
44.7954,28.7729,7.48883
44.892,28.9024,7.60912
44.8443,28.8384,7.54899
44.9385,28.9647,7.66905
45.028,29.0847,7.7878
45.1715,29.2767,7.98525
45.1907,29.3026,8.01242
45.2161,29.3368,8.04848
32.7082,12.7885,4.58769
33.6915,14.0837,4.66293
33.5299,13.8708,4.64933
34.3345,14.931,4.72167
34.6536,15.3514,4.75346
37.1209,18.6008,5.0418
36.9717,18.4042,5.02209
37.5641,19.1851,5.10291
41.7642,24.6432,5.83691
43.5878,27.1528,6.47927
44.9838,29.0255,7.72867
32.3691,12.0274,4.48892
32.2789,12.0947,4.52458
32.4409,12.3083,4.53473
32.7702,12.7427,4.55668
32.8595,12.6764,4.52239
32.6944,12.4578,4.51069
32.6048,12.5245,4.54543
32.9363,12.9619,4.56846
33.2667,13.3982,4.59343
33.5906,13.8263,4.61991
33.4294,13.6131,4.60648
33.7519,14.0394,4.63381
34.0736,14.4647,4.66291
33.9129,14.2523,4.64815
34.2338,14.6765,4.67807
34.3937,14.8878,4.69363
34.5532,15.0985,4.70957
34.8711,15.5182,4.74247
34.7123,15.3087,4.72586
35.0293,15.7271,4.75934
35.1869,15.9352,4.77645
35.9655,16.9629,4.86486
35.8112,16.7592,4.84679
36.4246,17.569,4.92037
36.505,17.5102,4.89335
36.3529,17.3086,4.87442
35.893,16.6992,4.81892
36.1191,17.1657,4.88314
36.2721,17.3677,4.90164
36.8067,17.9101,4.93174
36.9193,17.8271,4.90198
36.7694,17.6272,4.88243
36.5762,17.7692,4.93927
36.727,17.9684,4.95835
36.8772,18.1668,4.97766
37.1758,18.5615,5.01708
37.0269,18.3646,4.99723
37.3239,18.7573,5.03722
37.4713,18.9523,5.05772
37.7638,19.3394,5.0998
37.9083,19.5309,5.12131
38.3363,20.0982,5.18747
38.1946,19.9103,5.16517
38.0519,19.7211,5.1431
38.4768,20.2846,5.20993
38.6157,20.469,5.23247
38.7536,20.652,5.25512
38.8905,20.8338,5.27794
39.0266,21.0145,5.30092
39.4281,21.5475,5.37049
39.4977,21.4975,5.347
39.5614,21.7244,5.39417
39.6935,21.8998,5.41794
39.8254,22.0747,5.44195
40.2149,22.591,5.51455
40.3406,22.7576,5.53857
40.465,22.9224,5.56262
40.5304,22.8756,5.54023
40.5882,23.0856,5.58675
40.7756,23.2021,5.58893
40.8668,23.1362,5.56403
40.745,22.9728,5.53947
40.711,23.2481,5.6111
40.832,23.4084,5.63545
40.9518,23.567,5.65989
41.0707,23.7244,5.6845
41.1341,23.6794,5.66261
41.0156,23.5216,5.63791
41.1886,23.8806,5.70929
41.2516,23.8358,5.68749
41.5364,24.3412,5.78491
42.2072,25.2327,5.94616
42.315,25.3771,5.97493
42.4209,25.5194,6.00427
42.5245,25.6588,6.03411
42.8206,26.0579,6.12663
43.1001,26.4335,6.22619
43.0084,26.3104,6.19195
42.9153,26.1853,6.15882
42.9669,26.1491,6.13774
43.1905,26.5548,6.26167
43.2795,26.6743,6.29845
43.4528,26.9077,6.37622
43.367,26.792,6.33663
43.6187,27.132,6.45955
43.5367,27.021,6.41719
43.582,26.9893,6.3948
43.4991,26.8753,6.35401
43.6985,27.2403,6.50329
43.8933,27.4207,6.57174
43.8185,27.3167,6.52545
43.9259,27.5499,6.64264
44.2,27.9238,6.84463
44.3241,28.0932,6.95039
44.4409,28.2527,7.05897
44.3832,28.1739,7.00419
44.6611,28.5532,7.28917
44.6078,28.4805,7.23032
44.5533,28.4061,7.17221
44.7131,28.6242,7.34861
44.7639,28.6936,7.40849
44.8135,28.7612,7.46866
44.9089,28.8915,7.58925
44.9549,28.9542,7.64939
44.9997,29.0154,7.70922
45.1084,29.118,7.80288
45.1854,29.2679,7.96692
32.21,11.8172,4.47885
32.0644,11.6247,4.46993
35.5829,16.2885,4.78288
37.6181,19.1465,5.07858
37.9846,19.4756,5.09595
37.8405,19.2837,5.0743
41.9877,24.9401,5.89045
42.8731,26.021,6.10563
43.2395,26.5205,6.24006
43.7417,27.2101,6.48052
45.1483,29.1733,7.8594
45.2063,29.2541,7.94332
45.1814,29.2193,7.90702
45.2045,29.294,7.99428
33.3548,13.3329,4.56042
33.6778,13.7617,4.58773
33.8386,13.9753,4.60204
34.1594,14.4013,4.63191
33.9992,14.1885,4.61677
34.4787,14.8252,4.6633
34.3193,14.6135,4.64742
34.7966,15.2467,4.69614
35.1128,15.6657,4.73018
35.7383,16.4943,4.8008
36.0469,16.9032,4.83721
36.3148,17.0216,4.82485
36.2002,17.1063,4.85571
36.6563,17.7107,4.91247
36.9566,18.1089,4.95124
37.2544,18.5042,4.99101
37.1058,18.307,4.97099
37.4021,18.7004,5.01131
37.6953,19.0903,5.05295
37.5491,18.8958,5.03195
37.6588,18.815,5.00327
38.4108,20.0443,5.1626
38.2697,19.8558,5.14013
38.9626,20.7818,5.25377
39.0643,20.7074,5.22688
39.0981,20.963,5.27692
39.4644,21.2482,5.29714
39.3323,21.0697,5.27366
39.6304,21.6748,5.37084
39.7278,21.604,5.34482
39.762,21.8507,5.39477
39.8933,22.026,5.41892
40.2812,22.5435,5.49193
40.4065,22.7105,5.51607
40.8962,23.3627,5.61338
41.3404,23.7718,5.66292
41.712,24.4494,5.78924
41.7985,24.3872,5.7649
41.6851,24.2348,5.73896
41.5981,24.2974,5.76334
41.825,24.6001,5.81547
41.9107,24.5384,5.79116
41.9368,24.7495,5.84207
42.1317,24.8372,5.84485
42.0218,24.6884,5.81778
42.2656,25.1914,5.92495
42.3726,25.3365,5.9538
42.757,25.7014,6.01925
42.7776,25.8902,6.07424
43.1499,26.3985,6.20479
43.0591,26.2748,6.17074
43.3276,26.6406,6.27665
43.4142,26.7589,6.31462
43.6629,27.101,6.43697
44.3581,28.0697,6.92586
44.4163,28.151,6.97948
44.5188,28.1981,7.00306
44.4632,28.1178,6.94875
44.529,28.3085,7.09
44.6375,28.4601,7.20505
44.5838,28.3851,7.14705
44.6899,28.5335,7.26384
44.7411,28.6051,7.32324
44.9791,28.9379,7.62443
45.0992,29.0369,7.71232
45.057,28.9762,7.65255
32.193,11.5283,4.4264
33.151,12.8018,4.49498
33.316,13.0218,4.50828
36.6186,17.4263,4.86305
36.467,17.2243,4.84384
38.0922,19.3966,5.06776
37.9489,19.2041,5.04594
38.1276,19.6662,5.1179
38.3757,19.7781,5.11228
38.2344,19.5879,5.08987
38.5161,19.9672,5.13493
38.689,20.416,5.20794
38.5507,20.2311,5.18523
39.1989,20.8893,5.25022
39.9891,21.9564,5.3932
39.8585,21.7804,5.3689
40.1536,22.3734,5.46764
40.4996,22.6432,5.49087
40.6304,22.5474,5.46214
40.6228,22.8087,5.51513
40.6532,23.0392,5.56447
41.4833,24.1445,5.73776
44.1716,27.809,6.76879
44.4731,28.2305,7.0341
44.731,28.5047,7.23182
44.6797,28.4305,7.17322
45.0138,28.9139,7.59237
32.3383,11.7211,4.43598
32.8378,12.0111,4.40746
32.9858,12.5819,4.48215
33.6552,13.1083,4.47574
34.1212,14.0977,4.58051
33.9613,13.8839,4.56524
34.2809,14.311,4.59616
34.4401,14.5238,4.61216
34.9261,14.8218,4.60453
34.7683,14.6096,4.58728
35.5439,15.9951,4.73264
35.3877,15.7871,4.7147
35.7088,15.8724,4.69468
35.5533,15.6638,4.67622
35.6995,16.2022,4.75075
36.0085,16.6138,4.78745
36.1713,16.4927,4.75095
36.0178,16.2869,4.73205
36.9286,17.509,4.84792
36.7785,17.3076,4.82817
37.0686,18.0263,4.92172
37.2174,18.2248,4.94171
37.5125,18.6191,4.98245
37.3654,18.4225,4.96195
38.6551,20.1547,5.15776
39.3408,20.7848,5.2199
40.1191,22.1315,5.41767
40.2529,22.0335,5.38853
40.1239,21.8575,5.36391
41.1056,23.4566,5.61318
41.2235,23.6148,5.63797
41.5709,24.0813,5.71332
42.5678,25.1953,5.90164
42.4637,25.0482,5.87281
42.3479,25.1323,5.90074
42.4537,25.2782,5.92962
42.9592,25.7592,6.02157
42.8651,25.6229,5.99099
43.1419,26.0229,6.08428
43.0513,25.8924,6.05263
42.9472,25.9679,6.0813
43.0396,26.097,6.11325
43.2202,26.3483,6.1798
43.491,26.523,6.22019
43.4057,26.4007,6.18448
43.3086,26.4711,6.21475
43.4809,26.7114,6.28864
43.3955,26.5921,6.25101
43.5644,26.8287,6.32769
43.6563,26.7622,6.29575
43.5746,26.6436,6.25727
43.646,26.9437,6.36813
43.7254,27.0564,6.40996
43.9513,27.3794,6.54371
44.1021,27.4244,6.55552
44.033,27.3205,6.5089
44.0917,27.5813,6.63932
44.0225,27.4817,6.59089
44.2342,27.6238,6.65238
44.1691,27.5255,6.6034
44.1588,27.6781,6.68886
44.2238,27.7719,6.73937
44.4172,27.9006,6.80475
44.3582,27.8113,6.75318
44.2867,27.8628,6.79073
44.3476,27.9507,6.84281
44.4063,28.0355,6.89545
44.5735,28.2771,7.05868
44.6271,28.3546,7.11545
44.6882,28.3109,7.07502
44.7811,28.5771,7.29109
45.1858,29.064,7.73016
45.1457,29.0042,7.67083
45.1795,29.1518,7.82818
45.1404,29.0959,7.77142
45.212,29.1983,7.87608
32.8213,12.3629,4.46983
33.8012,13.6698,4.55039
34.6103,14.3967,4.57031
35.3972,15.4544,4.65795
35.2309,15.5783,4.69695
35.8636,16.0801,4.7133
35.8544,16.4084,4.76902
36.162,16.8181,4.80606
37.0778,17.7095,4.86784
37.8044,19.0102,5.02444
38.6642,19.8578,5.10349
39.5959,21.4259,5.32082
40.248,22.3049,5.44219
41.3493,23.5231,5.60986
41.2322,23.3642,5.58499
41.456,23.9269,5.68798
42.2405,24.9852,5.87249
42.6585,25.5634,5.98895
42.8531,25.8362,6.05001
43.1305,26.2237,6.14603
43.8781,27.2743,6.49777
44.2972,27.7191,6.70235
44.4742,27.9868,6.8569
44.8374,28.537,7.24964
44.7888,28.4633,7.19065
44.8776,28.7169,7.41106
33.4926,12.8895,4.46126
33.0002,12.2286,4.42019
33.3284,12.6688,4.44713
33.164,12.4482,4.43343
34.1343,13.7546,4.5213
34.2933,13.9692,4.53729
34.452,14.1833,4.55364
35.2405,15.2442,4.63989
35.0835,15.0333,4.62208
36.6276,17.105,4.80859
36.4761,16.9017,4.7892
36.3241,16.6977,4.76999
37.2264,17.9092,4.88794
37.3744,18.1084,4.90824
37.8133,18.7006,4.9706
37.6678,18.504,4.94954
38.2437,19.2845,5.03569
38.1015,19.0912,5.01368
38.3848,19.4767,5.058
38.9382,20.2328,5.14968
38.802,20.0463,5.12654
39.0733,20.418,5.17295
39.2075,20.602,5.19635
39.9944,21.6807,5.33945
39.6038,21.1456,5.26719
39.7341,21.3243,5.29105
40.8741,22.8784,5.51099
40.7528,22.7137,5.48653
41.4654,23.6806,5.63489
41.5801,23.8364,5.66002
41.6942,23.9915,5.68542
41.8076,24.1456,5.7111
41.92,24.2987,5.73707
42.0313,24.4506,5.76334
42.1414,24.6013,5.78996
42.3577,24.9,5.8446
42.2502,24.751,5.817
42.7687,25.4834,5.96082
43.319,26.2767,6.15003
43.2311,26.1508,6.11669
43.8134,26.9929,6.37687
43.736,26.8787,6.33561
44.5293,28.0703,6.90971
44.5832,28.152,6.96354
44.6362,28.2322,7.01869
44.8847,28.6089,7.30923
44.9309,28.6791,7.36926
44.976,28.7475,7.42961
45.1048,28.9425,7.61087
37.5216,18.3067,4.92877
37.9579,18.8965,4.99199
38.525,19.6678,5.08062
39.473,20.9662,5.24353
39.8648,21.5033,5.31521
42.6696,25.3407,5.93101
44.7391,28.388,7.1324
35.8884,11.5896,4.30069
35.9145,11.3942,4.29696
35.7562,11.4692,4.28401
36.0231,11.4819,4.31101
36.0512,11.6362,4.31861
35.9401,11.7616,4.31212
39.6794,15.6794,4.8963
39.5357,15.5629,4.87304
39.5331,15.7252,4.87324
39.7206,15.5283,4.90123
39.6399,15.4002,4.88792
39.354,15.7032,4.84405
37.6235,13.7581,4.56518
37.6197,13.946,4.56768
37.7471,13.8822,4.5842
37.7939,13.7661,4.58973
37.4978,13.8567,4.55014
37.4721,13.9986,4.55014
38.2303,12.3067,4.62926
38.1397,12.4823,4.62484
38.2936,12.4087,4.64102
38.1033,12.3082,4.61397
37.9841,12.3748,4.60043
37.9429,12.5409,4.59915
38.9273,14.3608,4.7707
39.0684,14.249,4.79045
38.958,14.2024,4.7739
39.1181,14.3715,4.79927
39.0015,14.5198,4.78331
35.4413,13.0438,4.36803
35.6334,12.9687,4.3647
35.5199,12.8704,4.35448
35.5868,13.1309,4.377
35.7713,13.1127,4.37938
35.0771,11.0585,4.21598
34.9676,11.159,4.21595
35.1255,11.1916,4.2257
34.9963,11.0251,4.20979
33.9178,11.0665,4.19867
33.8087,11.1988,4.21537
33.9977,11.2037,4.21005
33.8327,11.0392,4.1983
33.9317,11.4131,4.23327
33.7733,11.4017,4.23864
33.6234,11.331,4.23828
42.6454,21.2232,5.4719
42.6554,21.4094,5.47969
42.7527,21.296,5.49249
42.7941,21.3877,5.50259
33.8184,11.5601,4.25413
33.9439,11.5945,4.25217
44.06,23.5018,5.81602
43.9407,23.5796,5.80008
44.101,23.607,5.82927
44.0158,23.7216,5.82146
43.9653,22.8219,5.75846
44.0893,22.7788,5.77004
44.0339,22.7163,5.75892
43.9237,22.7168,5.74556
44.7461,24.3737,5.98706
44.8567,24.2912,5.99382
44.7292,24.2734,5.97597
44.8201,24.2104,5.98151
42.6376,19.6235,5.38264
42.5982,19.548,5.37406
42.561,19.6266,5.38195
42.5063,19.5964,5.37698
42.4894,19.5251,5.36983
39.6788,13.7361,4.79921
39.5869,13.7203,4.80265
39.6261,13.7937,4.80928
39.5492,13.7994,4.81152
39.4868,13.7728,4.80891
45.4964,26.2014,6.30728
45.5599,26.106,6.3031
45.4748,26.1014,6.28822
46.1342,26.9329,6.56284
46.0678,26.9536,6.55799
46.1069,27.0057,6.57835
46.1683,26.9789,6.58047
46.1758,27.0296,6.59578
45.6905,25.9027,6.29086
45.649,25.9665,6.29536
45.728,25.9422,6.3018
45.7115,26.0123,6.31115
46.527,27.5231,6.81383
46.6112,27.5135,6.82101
46.5758,27.4764,6.80184
46.5982,27.5609,6.83878
46.5517,27.6023,6.8495
47.5051,28.8918,7.78278
47.4313,28.9047,7.78478
47.4873,28.9344,7.81771
47.4528,28.9743,7.84794
47.3834,28.9707,7.83432
38.2708,11.4528,4.58021
38.3125,11.3922,4.57512
38.2554,11.3932,4.57507
38.3365,11.4352,4.57895
38.3375,11.4881,4.58385
47.572,29.2585,8.12296
47.5542,29.2153,8.08012
47.5331,29.2581,8.11592
47.4998,29.2266,8.08125
38.4243,11.2644,4.55571
38.3841,11.251,4.55726
38.3899,11.2945,4.56214
38.4342,11.3009,4.55962
38.4042,11.3268,4.5651
45.9022,25.6835,6.26337
45.8686,25.7049,6.26845
45.9074,25.7136,6.27001
45.8799,25.7422,6.27634
46.7632,27.4144,6.79242
46.8003,27.4034,6.78847
46.7852,27.381,6.77851
46.748,27.3774,6.77611
46.1129,26.1184,6.36241
46.1421,26.1013,6.35732
46.1221,26.0862,6.35407
46.0898,26.093,6.35629
46.1037,26.0701,6.35042
46.4126,26.8284,6.56365
46.3751,26.8392,6.56475
46.4124,26.8552,6.57192
46.3869,26.872,6.57541
46.7397,27.1709,6.68939
46.7559,27.1543,6.68137
46.739,27.1512,6.68113
46.719,27.1525,6.68255
46.706,27.1705,6.69022
46.7174,27.1915,6.69862
46.7914,27.294,6.74042
46.7982,27.2716,6.7303
46.7702,27.285,6.73701
46.7718,27.2581,6.72537
46.7973,27.2514,6.72136
45.2799,29.3216,8.00829
45.3034,29.329,8.01257
45.3059,29.3049,7.98385
45.2877,29.2909,7.97059
45.2671,29.3002,7.98533
46.3826,26.6928,6.5213
46.4119,26.6835,6.51878
46.3978,26.6671,6.51366
46.3762,26.6618,6.51183
47.7198,29.1408,8.03255
47.7195,29.1656,8.05623
47.7397,29.1524,8.04565
47.738,29.1334,8.02725
46.7286,27.0872,6.65468
46.713,27.0799,6.65281
46.7132,27.092,6.65782
46.7233,27.1013,6.66105
46.7373,27.0973,6.65827
46.624,26.9472,6.60504
46.6051,26.9412,6.60361
46.6121,26.9581,6.60973
46.5974,26.9561,6.60941
46.5879,26.9505,6.60755
46.5999,26.8567,6.57197
46.5985,26.8472,6.56844
46.5866,26.8523,6.57126
46.5894,26.8655,6.57605
46.5775,26.8604,6.57483
46.5753,26.8685,6.57793
46.5003,26.6359,6.49864
46.5124,26.6403,6.49883
46.511,26.6311,6.49555
46.5041,26.647,6.50231
46.4961,26.6481,6.50349
46.4892,26.6435,6.50248
47.9127,29.3652,8.27081
47.9259,29.3604,8.2671
47.9196,29.3544,8.26062
47.9266,29.3538,8.26054
47.9102,29.3518,8.25711
46.6773,26.9504,6.60199
46.6653,26.9478,6.60222
46.6698,26.9573,6.60569
46.6596,26.957,6.60652
46.6538,26.9521,6.60502
46.6544,26.9445,6.60192
45.2311,29.3744,8.09863
45.2269,29.3686,8.09236
45.227,29.3733,8.10211
45.2237,29.369,8.09759
37.7843,14.0466,4.59158
37.9138,13.8944,4.60869
36.8878,13.6231,4.47592
37.0393,13.613,4.4904
36.9006,13.4657,4.4711
36.9485,13.7535,4.48681
37.7727,14.4952,4.59858
37.8717,14.4672,4.61035
37.7496,14.3945,4.59335
37.831,14.5891,4.60797
38.2139,14.8594,4.66302
38.0571,14.8342,4.6418
38.0852,14.9882,4.64887
37.9487,14.7221,4.62562
37.9171,14.8938,4.62639
37.091,13.8213,4.50298
37.2327,13.709,4.51448
37.2292,13.886,4.51941
37.3219,14.0203,4.53363
37.3606,13.8665,4.53356
37.2826,14.1827,4.53524
37.4508,14.1649,4.5522
37.5988,14.3047,4.57301
37.434,14.3549,4.55665
37.6385,14.5298,4.58409
37.7492,14.2301,4.58986
37.6126,14.1152,4.57007
37.7294,13.6893,4.57947
37.6887,13.5949,4.57253
46.4388,26.839,6.56809
46.3824,26.9366,6.59462
46.3907,26.9688,6.60521
46.4215,26.9495,6.60178
46.3804,27.0034,6.61484
46.4266,26.9884,6.61442
46.3531,26.8762,6.57399
46.382,26.9013,6.58389
46.3411,26.9168,6.58483
46.2848,26.9314,6.58291
46.2514,26.9766,6.59162
46.2926,26.9877,6.60012
46.2122,26.9931,6.59087
46.254,27.0448,6.61167
37.5232,13.5837,4.54875
37.4594,13.4174,4.53742
37.3515,13.5542,4.52526
37.6253,13.4395,4.56159
39.1924,16.6984,4.83097
39.2796,16.8109,4.84524
39.3601,16.6979,4.85362
39.2983,16.9218,4.85068
39.4016,16.8489,4.86252
38.8613,15.9904,4.771
39.0021,15.9864,4.79072
38.9131,15.8213,4.77562
38.9223,16.1329,4.78209
39.5317,17.0504,4.88497
39.4111,16.9892,4.86716
39.4235,17.1464,4.87312
39.2738,17.0503,4.85166
37.4258,13.7204,4.53817
38.2816,15.0405,4.67527
38.3949,15.1473,4.69252
38.4988,15.0179,4.70582
38.3908,15.2788,4.69426
38.5488,15.1902,4.71498
36.9536,13.9481,4.49581
37.8829,14.183,4.60721
37.8817,14.3242,4.6091
38.0422,14.2323,4.63071
38.286,15.1972,4.67892
38.1389,15.166,4.65995
38.2235,15.3534,4.67517
46.2896,26.8423,6.55828
46.3074,26.8803,6.57084
46.3291,26.8438,6.56246
38.4602,15.6574,4.71179
38.479,15.5172,4.71071
38.3055,15.5755,4.69131
38.5517,15.78,4.72621
38.5972,15.6251,4.72842
38.3817,15.4175,4.69605
37.9924,14.567,4.62809
37.9232,15.1135,4.6342
36.7874,13.7446,4.47279
36.7627,13.5383,4.46123
38.041,15.299,4.65316
37.1556,14.009,4.51634
37.0896,14.1762,4.51762
37.7712,14.7421,4.60539
37.7337,14.9405,4.60855
37.5742,14.7548,4.58578
37.4095,14.5621,4.56251
38.1331,14.6929,4.64929
37.2434,14.3708,4.53948
46.3469,26.8096,6.55403
46.3745,26.8062,6.55489
46.3635,26.7821,6.54707
46.3943,26.8132,6.55809
46.3938,26.786,6.54982
46.343,26.9663,6.59968
46.3281,27.0212,6.6144
46.0755,26.9086,6.54739
46.2115,26.9359,6.57478
46.2587,26.8055,6.5449
46.2016,26.8219,6.54274
46.2466,26.8715,6.56158
46.1472,26.8275,6.53705
46.1771,26.878,6.55438
46.1145,26.8739,6.54435
46.0565,26.8634,6.53285
46.3357,27.3189,6.7104
46.3094,27.3558,6.71895
46.374,27.3739,6.73537
46.3316,27.2553,6.68843
46.2741,27.3014,6.6948
39.5374,16.9174,4.88307
39.6627,16.8462,4.90062
39.5429,16.7346,4.8809
39.7014,17.0111,4.90883
38.9847,16.4666,4.79834
39.1135,16.5649,4.8173
39.1398,16.4206,4.81747
39.277,16.533,4.83877
38.0228,14.4089,4.62985
40.1252,17.888,4.98771
39.9994,17.9155,4.97066
40.0795,18.0265,4.98461
39.9001,17.8543,4.95566
39.8839,18.0119,4.95878
38.7322,15.5756,4.74626
38.7241,15.7522,4.7479
38.8285,15.4285,4.75911
38.6356,15.4679,4.73099
39.4057,16.4008,4.85593
39.2651,16.3817,4.83458
39.1856,16.2673,4.82131
38.0587,15.5217,4.66359
38.517,15.3626,4.71282
40.2569,17.8488,5.00677
40.1613,17.7377,4.99026
40.39,17.8897,5.02829
40.3663,17.7169,5.02235
38.6538,15.8962,4.74186
38.5203,15.9423,4.72739
38.7115,16.0848,4.75405
38.1524,14.515,4.64969
38.2724,14.5928,4.66815
38.322,14.4539,4.67471
38.3264,14.7246,4.67741
38.4279,14.5775,4.69185
39.0289,16.2867,4.79963
38.769,15.9129,4.75707
39.0893,16.1328,4.80539
46.4144,26.886,6.58156
46.4163,26.9173,6.59138
46.3752,27.0541,6.62995
46.3229,27.0778,6.63088
46.3628,27.0998,6.64273
46.2852,27.1133,6.63657
46.2172,26.7667,6.53003
46.3079,26.8088,6.55061
38.3992,14.8761,4.68967
39.7516,17.6503,4.9302
39.8796,17.7205,4.94913
39.873,17.5515,4.94407
40.0142,17.7917,4.96959
40.026,17.6299,4.96794
39.7078,17.504,4.92023
39.8348,17.3779,4.93497
39.5605,17.4607,4.90011
39.5734,17.638,4.90801
39.2714,17.2708,4.85963
39.59,17.1825,4.89607
36.7525,13.9481,4.48084
36.6419,13.6083,4.45497
39.1496,16.882,4.83126
38.9908,16.6818,4.80593
37.187,13.4953,4.50347
38.4915,16.1389,4.73167
38.3345,15.9582,4.70861
37.9755,14.0635,4.61934
38.6548,16.3175,4.75559
38.8111,16.5027,4.7794
38.8513,16.3,4.7772
38.3915,15.7817,4.70768
38.1981,15.7596,4.68701
37.8687,15.3323,4.63774
36.9033,14.1524,4.50232
37.703,15.1464,4.61464
37.537,14.9583,4.59175
37.379,14.7567,4.56908
37.2143,14.5646,4.54663
37.0541,14.3613,4.5242
46.4404,26.8159,6.56083
46.4188,26.8025,6.55592
46.4638,26.8081,6.55882
46.4478,26.7915,6.55321
46.4165,27.0287,6.62627
46.447,26.8668,6.5772
46.4465,26.8978,6.58706
46.4515,26.9294,6.59743
46.4496,27.0195,6.62622
46.4703,26.9956,6.61997
46.4506,27.0518,6.63677
46.4877,27.0335,6.63361
46.3852,27.1408,6.65852
46.4024,27.0957,6.64611
46.4181,27.064,6.63767
46.1866,26.7335,6.51795
46.1856,26.6868,6.50594
46.1373,26.72,6.50861
46.2287,26.7135,6.51726
46.3324,27.1338,6.64947
46.0072,26.9153,6.53811
46.0971,26.8302,6.5306
46.2119,27.3201,6.69083
46.2544,27.3695,6.71468
46.276,27.2455,6.67674
46.2165,27.2373,6.6646
46.2824,27.185,6.65839
46.1424,27.3023,6.67317
45.8041,26.2379,6.36227
45.7454,26.2095,6.34886
45.7275,26.2769,6.35785
45.7213,26.1551,6.33607
45.668,26.2164,6.33818
46.2499,27.4312,6.73559
46.1781,27.3895,6.70866
45.5924,26.1818,6.32032
45.6477,26.1359,6.32183
45.5899,26.2443,6.33005
40.0139,18.186,4.98103
40.1263,18.2988,4.99913
40.1938,18.1621,5.00404
40.1565,18.4156,5.00705
40.2911,18.325,5.02198
37.8235,13.6307,4.59299
38.2376,14.1768,4.66016
38.1312,14.0816,4.64312
38.3862,14.1222,4.68354
38.299,13.9926,4.66916
38.5558,14.8735,4.71341
38.6486,14.9378,4.72826
38.7236,14.8043,4.73976
38.6717,15.0549,4.73248
38.801,14.9377,4.75259
40.4038,18.4839,5.04212
40.2552,18.4772,5.02179
40.2947,18.5875,5.03073
40.1355,18.5722,5.01075
38.7155,15.1714,4.73996
38.8371,15.0818,4.7588
41.0162,19.4565,5.15825
41.1583,19.5678,5.1825
41.194,19.393,5.18314
41.1734,19.7097,5.18936
41.2985,19.6616,5.20645
40.5539,18.6205,5.06722
40.3978,18.6478,5.04624
40.477,18.7842,5.06135
40.281,18.7563,5.03565
37.3049,13.3761,4.51571
38.8676,15.6211,4.76666
38.9997,15.6624,4.78715
39.0072,15.503,4.7875
39.0604,15.7477,4.79717
39.1591,15.6155,4.81221
38.682,15.3034,4.73585
39.5103,16.2567,4.87127
39.3399,16.2563,4.84439
39.2563,16.117,4.83028
40.6235,18.7694,5.08122
40.7215,18.6821,5.09373
40.7347,18.8226,5.09892
37.8152,13.462,4.59052
37.5489,13.2773,4.54857
36.6137,13.4371,4.4443
36.6008,13.7576,4.46025
40.9815,19.1437,5.14412
41.0427,19.3083,5.15769
41.1372,19.2357,5.17053
38.0665,13.7944,4.63155
38.106,13.9365,4.63844
38.2525,13.7726,4.66091
37.9498,13.7191,4.61296
39.6531,17.3456,4.90868
39.7673,17.2053,4.92186
38.1958,14.3476,4.65467
40.2601,17.9953,5.00985
39.0634,15.8651,4.79853
40.3975,18.136,5.03334
46.4577,26.9613,6.60805
46.1681,26.7763,6.52666
46.2955,26.7691,6.53843
46.3314,26.7779,6.54374
46.2361,27.1276,6.63369
46.2297,27.178,6.64812
46.3593,27.1915,6.6715
46.1832,27.0924,6.61503
46.2597,26.7498,6.52991
46.1117,26.7828,6.5208
46.0485,26.8003,6.5159
38.5377,14.7235,4.7098
36.4709,13.5583,4.44067
36.7599,13.3258,4.45213
36.5604,13.9488,4.46956
36.2915,13.6242,4.43516
36.4138,13.7711,4.45066
36.1115,13.5964,4.42613
36.1875,13.8161,4.44511
39.9931,18.3851,4.9864
39.7373,17.8242,4.93424
39.1681,15.9688,4.81546
36.2607,13.4113,4.41978
39.4666,16.5617,4.86709
37.1663,13.3066,4.49643
37.0385,13.4055,4.48377
39.4077,17.4744,4.88285
39.4825,17.3154,4.88574
40.0493,17.4095,4.96801
39.094,17.0861,4.83305
37.7239,13.2968,4.57525
38.9369,16.9018,4.80901
38.7755,16.714,4.78471
36.9204,13.282,4.46693
38.6139,16.5283,4.76084
36.7091,14.1368,4.48942
38.4584,16.3337,4.73739
38.2986,16.1479,4.71429
38.1415,15.9502,4.69108
37.9945,15.7441,4.66847
37.839,15.5357,4.64525
36.8695,14.3415,4.51118
37.6724,15.3417,4.62219
37.5081,15.1522,4.59984
37.3489,14.951,4.57745
37.1894,14.7489,4.55521
37.0296,14.5456,4.53311
46.184,27.1622,6.63598
37.4094,13.2726,4.52829
46.4729,26.7914,6.5534
46.4577,26.8252,6.56425
46.4784,26.821,6.56315
46.4768,26.9099,6.59231
46.4736,26.8839,6.58371
46.4761,26.8625,6.57678
46.3833,26.7574,6.54075
46.3549,26.7506,6.53736
46.4825,26.9375,6.60158
46.4681,26.8419,6.56987
46.2671,26.7128,6.52059
46.262,26.6788,6.51101
46.2929,26.7291,6.52712
46.2941,26.6915,6.51683
45.911,26.1136,6.35188
45.8661,26.0887,6.34276
45.8529,26.128,6.34858
45.8455,26.0516,6.33382
45.8179,26.0992,6.33933
46.4044,27.2401,6.69363
46.0186,26.7551,6.50043
46.0717,26.7397,6.50458
45.9926,26.8412,6.51712
45.9942,26.7881,6.5045
46.0213,26.7022,6.4884
45.9623,26.7396,6.48802
45.9698,26.6698,6.47322
45.9601,26.5944,6.45509
45.8835,26.6796,6.46172
45.5035,26.0289,6.2823
45.529,25.9799,6.2793
45.4764,25.9418,6.26539
45.5745,26.0115,6.29114
45.5677,25.9291,6.27792
46.1181,27.2139,6.64088
46.0334,27.2864,6.64916
39.838,15.6245,4.91944
37.1365,13.1273,4.48869
37.0442,13.2422,4.47991
37.0968,12.9677,4.4801
36.9708,13.081,4.46689
39.1797,15.7949,4.81623
41.7968,20.6809,5.31622
41.7579,20.568,5.30605
41.6348,20.6616,5.2926
41.8034,20.4634,5.30925
41.6538,20.4517,5.28622
42.4193,21.3575,5.4385
42.5294,21.3362,5.45592
42.4573,21.2085,5.43955
42.4939,21.4743,5.45502
35.9498,12.9967,4.37771
35.7988,12.8978,4.36457
35.626,13.2846,4.39055
35.8051,13.3286,4.3971
38.0039,13.3863,4.61971
37.881,13.306,4.59986
38.175,13.3163,4.64642
38.035,13.1975,4.62364
41.2956,19.5246,5.20237
41.4125,19.4092,5.21875
37.2864,13.1931,4.50992
37.447,13.0991,4.53145
40.8669,18.762,5.11802
40.984,18.8483,5.13832
41.0411,18.6824,5.14502
41.0282,18.9753,5.14778
41.1523,18.8552,5.16599
38.6167,14.5516,4.72182
38.7137,14.6572,4.73778
38.8084,14.5302,4.75274
38.8768,14.6615,4.76418
38.3895,14.28,4.68459
41.5905,20.1021,5.26456
41.6212,20.2584,5.27433
41.7678,20.1365,5.29387
41.468,19.9564,5.24117
41.4298,20.1759,5.24321
39.951,17.2238,4.95019
39.8731,17.0906,4.93632
39.9121,16.9392,4.94093
38.8464,15.2379,4.76085
39.662,16.5627,4.89759
40.8522,18.9488,5.11968
40.6301,18.9375,5.08715
37.979,13.5536,4.61661
45.6402,26.056,6.30799
46.325,26.7414,6.53288
46.4962,26.9676,6.61214
46.4234,26.7765,6.54797
46.4062,26.762,6.54297
46.1275,27.0672,6.59888
46.4461,27.09,6.64883
45.7098,26.0882,6.32331
45.7647,26.1119,6.33483
46.4345,27.132,6.66139
46.4215,27.1826,6.6766
46.3899,27.3049,6.71365
46.1148,27.129,6.6147
39.7908,16.849,4.92065
38.5093,14.4228,4.70418
39.3595,17.6692,4.88676
38.4256,16.5287,4.74511
38.2698,16.3319,4.72208
36.8449,14.5257,4.52186
36.6848,14.321,4.50041
37.6405,15.537,4.63152
37.7986,15.7371,4.65394
41.1199,19.843,5.18709
41.296,19.8218,5.21099
40.4986,18.3115,5.0521
40.5654,18.451,5.06506
36.0117,13.4053,4.40868
35.9442,13.5864,4.42083
35.9711,13.1872,4.39157
41.2661,19.9985,5.21327
41.4494,19.7615,5.23275
40.76,19.138,5.11164
40.5523,19.1408,5.08474
40.6915,19.3221,5.10971
40.8844,19.3125,5.13479
40.8342,19.4889,5.13484
41.0025,19.6558,5.16372
35.9712,13.7476,4.43463
38.1103,13.6494,4.63779
36.3683,13.9798,4.46331
36.6064,13.2625,4.43562
36.4666,13.3169,4.42719
40.4161,18.9555,5.06027
39.7485,16.7178,4.91269
37.6515,13.1265,4.56273
41.1856,19.0697,5.17505
37.8355,13.1526,4.59179
36.3195,13.1525,4.40816
39.8237,18.2125,4.96001
40.3961,18.0007,5.03086
40.2133,17.5611,4.9959
39.6689,18.035,4.93543
39.5156,17.8512,4.91104
39.3205,15.9859,4.83956
39.4384,16.0847,4.85892
39.5807,16.4071,4.88347
38.1133,16.1343,4.69921
37.9562,15.9362,4.6765
37.482,15.3364,4.60927
37.3231,15.1352,4.5872
39.2046,17.4846,4.86279
36.8285,13.1567,4.45297
36.5291,14.1518,4.48189
39.0503,17.2934,4.83881
38.894,17.1023,4.81495
38.7401,16.9086,4.79144
39.2935,15.8709,4.83474
38.5808,16.724,4.76827
37.164,14.9331,4.56527
37.0046,14.7297,4.54348
46.5067,27.0016,6.62404
46.4999,26.8943,6.5878
46.4832,26.7754,6.54801
46.4923,26.7891,6.55249
46.5008,26.7764,6.548
46.4648,26.7761,6.54836
46.5089,26.8352,6.56793
46.4904,26.8324,6.567
46.4926,26.8488,6.5725
46.5071,26.9404,6.60345
46.5033,26.9182,6.5959
46.5258,26.9526,6.60809
46.531,26.9264,6.59919
46.4052,26.7395,6.53603
46.5222,27.0263,6.63318
46.4864,27.0762,6.64778
45.874,26.0154,6.32982
45.874,25.9739,6.32197
45.8291,26.0037,6.32349
45.9184,25.9968,6.32956
46.4856,26.8039,6.55752
46.4708,27.2192,6.69469
45.6937,25.838,6.28094
45.7441,25.8775,6.2929
45.7787,26.0495,6.32592
45.7966,26.161,6.34758
46.4465,27.3466,6.73621
46.0543,27.0736,6.58859
45.9492,26.8043,6.50108
45.9025,26.8708,6.50938
45.9027,26.7765,6.48685
46.0183,26.999,6.56197
45.8849,26.5796,6.44045
45.929,26.5178,6.43421
45.8433,26.5029,6.4182
46.3115,27.4158,6.74036
46.3072,27.5039,6.77195
46.388,27.4507,6.76534
46.3049,27.6029,6.80988
46.3806,27.5742,6.8113
46.083,26.6747,6.4906
46.2295,27.6374,6.81066
46.2176,27.5636,6.77932
46.1244,27.6384,6.79282
46.1983,27.4772,6.74339
46.11,27.4577,6.72096
45.6416,26.3007,6.34814
45.5435,26.3109,6.33327
45.6071,26.3918,6.3582
45.4324,26.312,6.31423
45.4935,26.4103,6.3419
45.4064,26.0329,6.26655
45.7037,26.3637,6.36942
46.0832,27.3762,6.68762
45.9992,27.6528,6.77747
45.893,27.5979,6.73772
45.8919,27.7727,6.81263
46.0289,27.5377,6.73661
46.0281,26.6346,6.47379
42.9064,21.8776,5.53938
43.0446,21.8919,5.56363
42.9694,21.7345,5.54477
42.7854,21.9535,5.52215
42.9456,22.0173,5.55164
37.7772,12.9717,4.58107
40.7072,18.5114,5.08822
40.8673,18.5877,5.11512
38.3487,13.2677,4.67276
38.218,13.1632,4.65182
38.4767,13.1726,4.68985
38.3608,13.0527,4.67113
39.0068,15.3216,4.78679
39.1786,15.4081,4.81487
40.5448,17.9693,5.05428
36.6924,13.1273,4.43798
36.8024,12.9597,4.44383
39.452,15.8792,4.86046
39.9453,16.7445,4.94483
36.5123,13.0951,4.42013
42.6403,22.0313,5.50283
42.6584,22.1885,5.51397
42.812,22.1378,5.53484
42.4793,21.936,5.47406
42.4783,22.1392,5.48597
38.512,14.1467,4.70379
38.5057,14.007,4.70227
38.5956,14.2553,4.71758
38.6831,14.069,4.73078
39.0043,15.1378,4.78598
40.6803,18.3336,5.08106
37.8759,12.6842,4.59233
37.7777,12.5768,4.5754
37.7211,12.7733,4.56993
38.0273,12.6754,4.61466
42.4183,21.6404,5.45012
42.3106,21.461,5.42566
39.5772,15.9725,4.88112
39.6268,16.1037,4.88959
39.7358,15.9561,4.90673
38.9371,14.8062,4.77435
39.1559,14.8254,4.80935
39.0725,14.6592,4.79528
38.9848,14.9665,4.78246
41.9072,20.5776,5.32931
41.9275,20.7636,5.33898
39.7832,16.4062,4.91633
37.2546,12.9782,4.50187
38.1382,13.4826,4.64145
38.4764,13.8205,4.69681
41.4423,19.5897,5.22744
39.8789,16.5616,4.93281
42.0748,20.834,5.36446
42.1697,20.9653,5.38415
42.2446,20.7748,5.3905
41.9513,20.9874,5.35161
46.5004,26.8712,6.58007
46.5325,27.0601,6.64531
46.4788,27.118,6.66114
46.4262,26.7516,6.54023
46.4472,26.7655,6.54486
46.3532,26.7164,6.52726
46.5311,26.9788,6.61725
46.3239,26.7049,6.52246
46.5368,27.0064,6.62693
46.1909,26.6328,6.49286
46.1424,26.6497,6.49194
46.2275,26.6624,6.5038
45.9399,26.9683,6.54049
46.4712,27.1635,6.67573
45.7616,26.4404,6.39299
45.6709,26.4436,6.3785
45.8248,26.7854,6.47569
45.7703,26.697,6.44647
45.6893,26.5178,6.39571
45.8427,26.4106,6.39997
45.8023,26.3334,6.37937
45.71,26.8062,6.46068
46.1371,27.5323,6.7533
46.4509,27.4093,6.75953
46.0176,27.1662,6.60916
46.4539,27.284,6.71508
40.149,17.2185,4.98191
40.5012,19.3284,5.08796
37.9666,12.9994,4.61114
40.6229,18.1521,5.06924
39.1614,17.6772,4.86978
39.0093,17.4865,4.84636
36.8197,14.7097,4.53396
36.6601,14.505,4.5128
37.1381,15.1171,4.57678
37.2969,15.3192,4.59841
41.7846,20.3262,5.30192
38.4254,13.6275,4.68769
35.8108,13.5165,4.41266
36.13,13.0483,4.3903
41.4823,20.5105,5.26518
41.5067,20.3524,5.26122
41.3505,20.3574,5.24072
42.1174,21.1119,5.38149
42.2873,21.1262,5.40871
42.0125,21.1844,5.36941
42.1657,21.2958,5.39663
37.5891,12.9347,4.55118
37.9104,12.826,4.60006
41.2176,20.1855,5.21547
41.076,20.0238,5.18998
41.2991,19.2439,5.19688
39.1807,15.2125,4.81481
40.9313,19.8528,5.16398
36.1386,13.241,4.4027
41.5941,19.8458,5.25816
41.6693,19.9759,5.27364
40.1245,16.882,4.97514
39.349,15.4983,4.84279
40.8543,18.3935,5.11025
39.6994,16.2506,4.90196
40.7915,19.6738,5.13848
36.1724,14.0503,4.46356
35.9832,13.9429,4.45164
40.5212,17.8018,5.04854
37.4176,12.868,4.5241
38.7089,14.3929,4.73626
35.7989,13.6935,4.42794
39.3127,17.8656,4.89327
40.04,17.0656,4.96278
41.6341,19.679,5.261
38.8564,17.2944,4.82306
38.7033,17.1015,4.79995
40.2757,17.3697,5.00402
40.3554,19.1466,5.06272
40.2187,18.9587,5.03845
40.0709,18.7765,5.01369
38.2401,16.5157,4.73148
38.0844,16.3181,4.70892
39.922,18.5976,4.98935
40.4176,17.5077,5.02861
39.7731,18.413,4.96506
37.6134,15.721,4.64215
37.4554,15.5203,4.62019
39.6204,18.2298,4.94082
39.4702,18.0444,4.91701
38.5495,16.9077,4.77701
38.3951,16.7124,4.75418
36.5056,14.337,4.49488
36.346,14.1874,4.47862
37.9279,16.1201,4.68652
37.7709,15.921,4.66426
36.9791,14.9138,4.55528
46.3807,26.7276,6.53169
40.5978,17.6315,5.05942
40.6465,19.4969,5.11283
46.5094,26.7883,6.55185
46.5167,26.7771,6.5477
46.5239,26.7674,6.54397
46.5101,26.7654,6.54389
46.4851,26.7388,6.53568
46.4689,26.7315,6.53365
46.4719,26.7553,6.54149
46.4855,26.7223,6.53005
46.5018,26.7994,6.55582
46.5037,26.8158,6.56138
46.5245,26.9025,6.59091
46.5196,26.8848,6.58483
46.5274,26.8697,6.57961
46.5557,26.972,6.61537
46.5563,26.9905,6.6219
46.5769,26.9761,6.61695
46.5455,26.96,6.61105
46.4064,26.7111,6.52732
46.421,26.657,6.51035
46.3995,26.6414,6.5057
46.5601,27.0096,6.62873
46.5791,26.999,6.6252
46.5909,27.0465,6.64256
46.5652,27.0453,6.64151
46.5716,27.0667,6.64934
46.5492,27.0287,6.63513
46.5841,27.1098,6.6653
46.5862,27.1414,6.67686
46.6124,27.1209,6.67034
46.5521,27.1259,6.66944
46.5584,27.0912,6.65751
46.5211,27.1027,6.65931
46.265,26.6365,6.49989
46.5063,27.181,6.68513
46.5138,27.1437,6.67289
46.5263,27.2117,6.69775
46.5493,27.1669,6.68378
45.7778,25.9783,6.3136
45.8297,25.9493,6.31372
45.6371,25.8317,6.27314
45.6637,25.768,6.26652
45.5949,25.795,6.26221
46.5085,27.374,6.75431
45.463,25.7739,6.24036
45.4166,25.7093,6.22477
45.3559,25.7973,6.22625
45.5417,25.7588,6.24981
45.5149,25.6699,6.23383
45.9032,26.051,6.33908
45.8087,26.6035,6.43307
45.7641,26.533,6.41133
45.7095,26.6074,6.41705
46.0949,26.6046,6.47558
45.9422,27.0676,6.5677
45.8321,26.9849,6.52619
45.7151,26.93,6.49178
45.7102,27.0484,6.52243
45.5819,26.5139,6.37645
46.4222,27.5191,6.79655
46.289,27.695,6.8449
46.2044,27.7018,6.83303
45.7969,26.8755,6.49231
45.6256,26.8766,6.46311
45.6737,26.7026,6.43101
45.5628,26.7694,6.4269
45.9267,27.2374,6.6151
45.9234,27.3378,6.64701
46.0283,27.4426,6.70135
45.9979,27.3807,6.67436
45.9165,27.4615,6.68913
45.8309,27.3817,6.64644
45.6091,26.9751,6.48564
45.5202,26.9841,6.47372
45.5352,27.0971,6.50808
45.6477,26.5687,6.39856
45.6113,26.6327,6.4053
46.1342,27.7542,6.84357
46.0397,27.729,6.81663
46.0482,27.8269,6.86218
45.8224,27.5411,6.70396
45.4108,26.131,6.2817
45.3116,25.9884,6.24397
45.3068,26.103,6.2595
45.2514,26.2203,6.26811
45.3699,26.2164,6.2878
45.3215,26.3048,6.29396
45.1921,26.3699,6.28399
46.0948,27.9154,6.91215
46.1436,27.8414,6.88473
46.1124,28.0294,6.97306
46.1982,27.9214,6.93222
37.5408,12.7683,4.54172
42.875,21.2868,5.5126
43.681,23.2087,5.73444
43.5286,23.2415,5.71022
43.6806,23.3904,5.7444
43.8108,23.159,5.75419
43.7095,23.0634,5.73167
40.158,16.5426,4.97761
40.0336,16.493,4.95748
40.0276,16.6079,4.95734
40.2739,16.478,4.99437
40.1533,16.3532,4.97477
36.6331,12.9713,4.42627
36.9727,12.8693,4.46181
42.4997,21.7795,5.46903
42.636,21.6332,5.48444
42.6362,21.8547,5.4937
41.9314,20.3922,5.32762
38.4034,13.4477,4.6829
38.2712,13.5683,4.66299
42.3245,21.2928,5.42082
39.0884,14.1004,4.79061
40.1459,16.6971,4.97713
41.0384,18.4717,5.14166
41.4403,18.7926,5.21228
41.3051,18.7814,5.19014
41.3262,18.9227,5.19588
41.2281,18.6774,5.17587
41.5854,19.3489,5.24632
41.492,19.2343,5.22869
41.6857,19.2237,5.26023
35.9498,12.8155,4.3661
35.8342,12.7075,4.35336
41.8498,19.9681,5.30339
41.9334,20.0772,5.31994
42.0195,19.9529,5.33137
41.9311,20.2228,5.32309
42.091,20.0943,5.3467
37.2798,12.7885,4.50248
42.4349,21.0525,5.43082
42.3441,20.9391,5.41207
42.5799,21.0635,5.45575
42.5236,20.8988,5.44123
40.3477,17.1968,5.01427
40.2385,17.0529,4.99515
40.3119,16.9171,5.00575
36.5035,12.8932,4.41073
39.3689,15.2976,4.84536
39.4897,15.4098,4.865
39.5606,15.2688,4.87475
40.8401,18.1759,5.10521
39.1605,15.0224,4.81102
39.1871,14.518,4.81116
39.2555,14.6629,4.82292
39.9252,16.2464,4.93847
42.7917,21.7818,5.51621
38.537,13.3201,4.70096
38.2717,13.4178,4.66224
40.7619,17.9925,5.09023
39.8379,15.7963,4.92152
39.6371,15.8294,4.89036
38.6504,13.8849,4.72448
41.7642,20.8333,5.31827
35.6399,13.4649,4.40653
36.061,12.8907,4.37691
46.5151,26.8534,6.57409
46.4284,26.7272,6.53256
46.3523,26.6826,6.51736
46.5491,26.9419,6.60475
46.449,26.7419,6.53729
46.494,26.7603,6.54269
46.3258,26.6689,6.5123
46.2977,26.6533,6.50647
46.2317,26.6162,6.49212
46.2024,26.5909,6.48326
46.1569,26.5832,6.47726
46.5053,27.3163,6.73285
45.8736,26.2701,6.37752
45.8894,26.3474,6.39443
46.5111,27.26,6.71333
46.0397,26.5619,6.45894
46.4625,27.4693,6.78367
45.9121,27.1546,6.58742
45.8441,27.195,6.5878
45.5921,25.8599,6.27133
45.5231,25.8458,6.2593
46.398,27.6631,6.8503
46.2378,27.7942,6.87922
45.9183,26.4309,6.41487
45.8737,26.1834,6.36123
45.638,25.8892,6.28201
45.3715,25.9185,6.24475
45.4356,25.8546,6.24682
41.4397,20.6964,5.27001
38.0914,12.843,4.62772
40.4572,19.5119,5.09422
38.3636,16.896,4.76484
38.2094,16.6993,4.74243
39.2764,18.0492,4.902
36.9531,15.0976,4.56852
36.7942,14.8936,4.54746
37.4282,15.7042,4.6326
38.5172,17.0912,4.78736
38.6702,17.2851,4.81001
39.5763,18.4214,4.94877
36.8364,12.7432,4.44164
42.2391,21.6644,5.42561
42.352,21.8124,5.44935
42.7671,22.3071,5.53668
43.0145,22.1813,5.57024
42.9169,22.2938,5.55926
42.8986,22.4448,5.56425
43.0989,22.3906,5.59392
35.4506,13.2461,4.38621
35.2377,13.0033,4.36422
35.2727,13.2037,4.38313
42.0804,20.6637,5.35994
41.7216,21.024,5.32266
41.8531,21.1907,5.34851
36.1897,12.8661,4.38384
38.7952,14.2282,4.74929
42.1125,21.5018,5.39956
41.9778,21.3462,5.37321
41.7524,19.8285,5.28395
39.9528,16.4087,4.94393
41.3921,19.0884,5.20954
41.167,18.5589,5.16407
35.7948,13.8729,4.44438
36.3895,12.9897,4.4051
36.2748,12.9772,4.39573
40.7171,17.8015,5.08076
37.5948,12.6041,4.54781
38.1623,13.0155,4.64138
39.8138,16.1027,4.91991
41.6001,19.4894,5.25147
40.6014,19.6822,5.1188
40.4701,17.3335,5.03555
40.3133,19.3302,5.0693
40.1678,19.1475,5.04456
41.5768,20.8628,5.29584
41.0163,18.2752,5.13544
40.0205,18.9695,5.02034
38.0545,16.5018,4.72016
37.7425,16.1047,4.6761
37.8988,16.3038,4.69807
41.3064,20.5333,5.2451
39.8728,18.7892,4.99632
39.725,18.6058,4.97244
41.1672,20.3719,5.21992
41.027,20.2087,5.19485
40.8863,20.038,5.16959
39.3239,15.1033,4.83729
37.1331,12.8152,4.482
36.6349,14.6889,4.52657
36.4831,14.5157,4.5087
36.3323,14.362,4.4928
38.5623,13.5023,4.70734
40.7422,19.8669,5.14429
35.6345,13.6437,4.423
39.1259,17.8607,4.87886
38.9749,17.6701,4.8558
38.823,17.478,4.83283
40.6119,17.4365,5.05956
40.2995,16.7827,5.00233
36.1692,14.2553,4.48126
35.9822,14.1677,4.4722
37.394,12.6429,4.51742
37.5856,15.9047,4.65427
37.2702,15.503,4.6111
36.6547,12.7811,4.42183
37.1118,15.3009,4.58975
46.545,26.886,6.58511
46.526,27.4413,6.78186
45.9935,26.526,6.44499
38.6726,13.404,4.72119
38.7397,13.5479,4.73313
38.7118,13.2631,4.72278
46.5077,26.7543,6.54016
46.4995,26.7447,6.53717
46.5193,26.7566,6.54041
46.5157,26.7447,6.53641
46.5243,26.8238,6.56374
46.5293,26.8393,6.56903
46.5424,26.8279,6.56463
46.5977,26.9686,6.61404
46.5855,26.9614,6.61158
46.4872,26.75,6.53939
46.4985,26.7298,6.53207
46.558,26.9232,6.59813
46.5234,26.8107,6.5592
46.5686,26.9546,6.60926
46.3533,26.6554,6.50942
46.5845,27.0861,6.65675
46.5168,26.8004,6.55582
46.3022,26.6135,6.49564
45.8371,25.8988,6.30509
45.8492,25.8576,6.29819
45.8044,25.8544,6.29446
45.8453,25.8212,6.29103
46.5793,27.0237,6.63412
45.7863,25.9165,6.30383
46.5561,27.287,6.72764
45.9841,26.4681,6.43135
46.1116,26.5327,6.46063
46.6607,27.5494,6.84157
46.037,26.4234,6.42801
45.983,26.41,6.419
45.957,26.3594,6.40542
46.5673,27.3893,6.76704
46.1994,26.5519,6.47316
46.2357,26.5734,6.48124
46.4674,27.5923,6.83263
45.8297,27.1069,6.55929
45.2581,25.8853,6.22087
45.9447,26.1673,6.36551
45.2381,25.7506,6.20049
45.1673,25.8198,6.19677
45.4854,26.629,6.38293
45.3981,26.7359,6.39211
46.3573,27.7743,6.89117
44.1828,23.4996,5.83594
43.9633,23.4432,5.79618
45.4248,26.5104,6.34874
45.5306,26.9022,6.4538
38.9795,13.6146,4.76474
38.9267,13.729,4.76157
39.0732,13.6907,4.7775
38.8602,13.6288,4.75074
43.9198,23.1245,5.77052
43.9208,23.2399,5.77734
44.0235,23.1515,5.78867
43.8602,23.0232,5.75497
45.9673,27.9612,6.91535
46.4744,27.755,6.90265
46.3214,27.8957,6.94098
38.5917,13.1858,4.7056
45.3597,26.4,6.3171
39.4321,14.8585,4.85086
39.4579,14.9836,4.85633
39.5759,14.861,4.86996
39.3336,14.7815,4.83577
39.3106,14.9291,4.83396
43.264,22.3084,5.61851
43.1818,22.2044,5.59988
43.3971,22.3161,5.64158
43.3484,22.184,5.6274
41.3093,18.5344,5.1867
41.2181,18.4285,5.17038
41.1436,18.3313,5.15689
36.3453,12.8294,4.39399
38.5965,13.6664,4.71432
38.6199,13.7756,4.7189
38.7566,13.7305,4.73859
45.8251,27.2844,6.6127
36.2395,12.724,4.3804
36.0953,12.7257,4.36979
36.218,12.5629,4.37113
43.3834,22.9146,5.6679
43.5759,22.9497,5.70271
43.5024,22.7472,5.67992
43.4364,23.0862,5.68606
42.0843,20.4802,5.3554
42.2443,20.5648,5.3846
39.227,14.2139,4.81085
37.9992,12.2066,4.59698
37.8454,12.281,4.57841
38.0445,12.0476,4.59664
37.8694,12.0746,4.57557
42.0859,20.2928,5.35082
39.9179,15.9544,4.93511
42.7701,21.4982,5.50226
42.8439,21.6147,5.51896
42.9273,21.4429,5.52695
36.9478,12.4634,4.4495
36.8507,12.5838,4.43937
37.0033,12.655,4.46105
36.7351,12.6216,4.42608
36.0567,12.5319,4.35688
35.9679,12.6648,4.35812
44.4204,24.8615,5.97121
44.4966,24.9786,5.9942
44.5773,24.8557,5.99761
44.4657,25.1334,6.00362
44.6426,25.0295,6.02363
45.215,26.0026,6.22921
41.3752,18.3847,5.19369
38.9053,14.0714,4.76463
41.0367,18.107,5.13639
38.8277,13.3921,4.7404
37.1998,12.6381,4.48835
38.3024,12.8371,4.65772
43.3024,22.4386,5.63091
39.4938,15.1365,4.86344
35.6526,12.7547,4.34909
35.4619,13.4265,4.40308
40.0329,15.819,4.94957
41.818,19.6942,5.29199
41.8043,19.5303,5.28614
45.7179,27.1926,6.5659
45.7779,27.4742,6.67138
46.451,26.7195,6.53003
46.5371,26.8543,6.57411
46.5487,26.8672,6.5784
46.5674,26.9362,6.60268
45.948,26.0256,6.33716
45.9661,25.9918,6.33096
46.4333,26.7009,6.52419
45.8765,25.9258,6.31296
46.055,26.4882,6.4443
46.3385,26.6292,6.50138
46.2693,26.5952,6.48902
46.5665,27.2017,6.6975
46.56,27.238,6.71013
45.948,25.9653,6.32465
46.592,27.4322,6.78636
45.9398,26.2925,6.38992
45.9327,26.2262,6.37602
45.9633,26.0646,6.3461
40.9228,18.0179,5.11684
40.916,17.8669,5.11367
45.1928,26.1118,6.24126
45.1535,25.9114,6.2062
45.0706,26.012,6.20603
45.7005,27.4808,6.66207
45.6987,27.6215,6.71822
41.5774,19.0917,5.24007
42.1811,21.8501,5.42959
41.3988,18.6471,5.20292
43.1313,22.0437,5.58452
38.204,12.6761,4.63963
41.9482,19.7985,5.31589
41.1144,20.5576,5.22668
40.4117,19.6952,5.10265
39.9793,19.1534,5.02956
38.3312,17.0793,4.77709
38.1778,16.8827,4.75495
36.7682,15.0774,4.56233
36.6093,14.8727,4.54169
39.5375,18.6048,4.95871
38.7884,17.6613,4.84424
38.9392,17.8533,4.86688
39.4266,18.2351,4.92524
39.0894,18.044,4.88964
39.2394,18.2326,4.91251
46.5068,27.6605,6.86703
41.9239,21.5394,5.37863
40.8368,20.2223,5.17715
40.976,20.3932,5.20203
45.325,25.6768,6.20613
41.6512,21.2193,5.32683
43.5802,23.11,5.71177
43.9624,23.8616,5.82071
44.097,23.827,5.84192
43.7874,23.8828,5.79282
43.9107,24.0348,5.82336
45.0697,25.8386,6.1823
45.2156,25.6232,6.18159
45.1227,25.7137,6.17611
44.9855,25.7144,6.15249
44.8938,25.566,6.11966
44.8143,25.7355,6.12677
43.6809,23.7322,5.7655
43.7556,23.577,5.76804
43.5737,23.5738,5.73792
43.8403,23.4706,5.77645
35.1328,12.6964,4.33617
35.0942,12.8851,4.35413
35.2724,12.7936,4.34508
35.0561,13.0443,4.37048
37.847,12.4348,4.5826
36.563,12.5572,4.40444
45.0797,25.559,6.15105
43.2124,22.5924,5.62269
43.1457,22.7633,5.62065
43.3133,22.7488,5.64752
44.1077,23.9792,5.85323
44.0518,24.189,5.85753
43.8552,23.7239,5.79384
43.7898,23.2746,5.75684
43.3851,22.5864,5.65199
43.2333,22.8867,5.64161
43.3435,23.2508,5.68095
43.2383,23.0704,5.65333
39.9783,16.0838,4.94549
43.0331,22.6009,5.59379
42.8369,22.6291,5.56627
43.4637,23.4057,5.70962
35.3878,12.883,4.35365
40.4465,17.0173,5.02815
40.4506,16.8508,5.02636
38.861,13.8932,4.75584
43.0852,22.9363,5.6218
42.9635,22.7842,5.59427
40.5469,17.1704,5.04586
42.413,20.7985,5.41961
42.4026,20.6428,5.41339
40.6545,17.2859,5.06418
40.7628,17.495,5.08413
42.2445,20.3724,5.37947
42.713,22.4768,5.53923
42.5935,22.3271,5.51336
40.6964,20.0499,5.15235
40.2689,19.5136,5.07795
40.1251,19.3316,5.0535
36.3114,14.5267,4.50706
36.1886,14.4083,4.49532
35.7872,14.0784,4.46433
41.7419,19.3787,5.27265
42.055,21.6972,5.40438
37.7133,16.2883,4.68944
37.5571,16.0883,4.66787
37.4003,15.8878,4.64647
38.0237,16.6852,4.73296
37.8688,16.4872,4.71114
39.8324,18.9728,5.00577
41.5223,21.0512,5.30169
39.389,18.4187,4.93548
41.7897,21.3745,5.35244
41.3869,20.8905,5.2767
36.9268,15.2813,4.58314
36.4558,14.6847,4.52285
41.1714,18.1936,5.15895
40.8793,17.7316,5.10588
36.4839,12.7314,4.40245
41.5092,18.9321,5.22597
38.6366,17.4685,4.82172
38.484,17.2746,4.79934
37.685,12.4003,4.55786
41.2505,20.7194,5.25121
35.4572,13.606,4.42072
35.6181,13.824,4.44062
37.2429,15.6867,4.62523
37.085,15.4846,4.60412
45.975,26.1184,6.35799
45.9162,25.9498,6.32002
46.1647,26.531,6.4652
46.5275,26.7882,6.55116
40.8014,17.6304,5.09219
40.5542,19.8669,5.12694
46.557,27.338,6.74662
40.108,16.1454,4.96541
42.314,21.9964,5.4556
46.509,26.7349,6.53332
46.5123,26.7237,6.52917
46.5211,26.7324,6.53171
46.534,26.8016,6.55562
46.5294,26.7766,6.54696
46.5491,26.9063,6.5922
46.572,26.9066,6.59192
46.5836,26.939,6.60344
46.58,26.9228,6.5976
46.6164,27.0473,6.64301
46.6275,27.0629,6.64888
46.6412,27.0483,6.64318
46.6298,27.0819,6.65603
46.6462,27.0685,6.65084
46.5448,26.7921,6.55167
46.6069,27.0281,6.63589
46.5994,26.9855,6.62024
46.3714,26.6359,6.50398
45.9927,26.0217,6.33834
46.0085,26.0515,6.3454
46.0335,26.0299,6.3411
46.005,25.9845,6.33039
45.9864,25.9557,6.32368
46.1573,26.4871,6.45391
46.2015,26.5069,6.46194
46.2078,26.4489,6.44748
46.1133,26.4735,6.44695
46.5988,27.2617,6.72195
46.6087,27.3518,6.75692
46.6022,27.3066,6.73912
46.6207,27.3923,6.77375
46.6567,27.3598,6.76399
46.6038,27.0689,6.65093
45.8841,25.8346,6.29539
45.8795,25.8803,6.30427
45.9772,26.202,6.37543
45.985,26.2497,6.38596
46.0286,26.2126,6.3816
46.5809,27.6543,6.87564
46.567,27.7151,6.89996
46.641,27.6822,6.89624
46.5639,27.9433,7.0063
46.6071,27.989,7.03663
46.6501,27.9447,7.02124
46.6558,28.0379,7.07017
46.6001,28.1116,7.10026
46.5942,28.2082,7.15331
46.6809,28.1442,7.13215
46.5614,28.0334,7.0518
46.5086,28.1345,7.09673
45.0943,25.3101,6.12743
45.0105,25.2374,6.10618
44.9834,25.3975,6.11735
45.146,25.1976,6.12416
40.3422,16.2673,4.99953
40.3303,16.3873,5.00071
40.4735,16.3537,5.01774
40.2501,16.1867,4.98579
41.5261,18.5722,5.22032
41.4541,18.4933,5.20788
41.6424,18.5799,5.23627
41.5916,18.466,5.22569
43.9812,23.3408,5.79328
43.8611,23.3628,5.77404
44.063,23.2607,5.80173
45.4444,26.8421,6.42487
45.6975,27.3647,6.61918
40.4089,16.4845,5.01341
40.4924,16.58,5.02669
40.5516,16.4684,5.03039
40.4585,16.7123,5.02506
40.5998,16.648,5.042
45.331,26.8413,6.40731
45.2876,26.915,6.42043
45.399,26.9617,6.4491
45.2234,26.7368,6.36588
40.809,17.237,5.08567
40.7249,17.1451,5.07184
40.9028,17.2914,5.0996
40.9255,17.1926,5.09905
41.0144,17.4103,5.11736
40.8919,17.3987,5.10111
40.9095,17.5119,5.10628
40.7714,17.3582,5.08303
38.1602,12.16,4.61478
38.3737,12.3008,4.64413
42.9808,21.5832,5.54108
41.0587,17.955,5.13728
41.0671,17.8391,5.13622
41.2135,18.0322,5.16178
41.0089,17.7359,5.12552
40.9535,17.6234,5.11506
39.8573,15.4959,4.91993
39.9618,15.5443,4.93439
39.9636,15.3978,4.93048
42.1484,19.9397,5.35193
42.1188,19.8201,5.34383
42.2507,19.997,5.3696
42.2625,19.8341,5.36568
46.266,28.0649,7.01699
44.2147,24.2299,5.88822
44.2239,24.1065,5.88162
44.3007,24.2989,5.90786
44.3458,24.1848,5.90796
42.6653,20.8107,5.46168
42.5646,20.7143,5.44227
42.7914,20.8315,5.48181
42.752,20.7036,5.47061
40.7026,16.7933,5.05892
40.5853,16.7706,5.04373
40.594,16.8975,5.04798
41.1848,17.888,5.15403
41.3254,17.9254,5.17314
41.8561,19.2626,5.28769
41.911,19.3886,5.29952
42.0089,19.2827,5.31002
38.8989,13.5222,4.75265
39.0269,13.5238,4.76646
40.1094,15.9685,4.9627
39.6349,15.1379,4.88345
39.6069,15.0094,4.87724
39.7369,15.2306,4.89877
39.7733,15.0282,4.89776
42.2635,20.1744,5.37705
44.8679,25.2764,6.08535
44.7304,25.2996,6.06382
44.8019,25.4208,6.08834
44.6102,25.2254,6.03625
44.6013,25.4179,6.05503
38.3499,12.6724,4.65857
38.3103,12.5373,4.64845
38.4645,12.724,4.67435
38.467,12.5564,4.6669
44.4119,24.569,5.94649
44.3444,24.4189,5.92384
44.2423,24.5497,5.91601
44.4559,24.29,5.93411
45.1379,25.4085,6.14486
35.4562,12.7052,4.34001
44.7703,25.1572,6.05721
34.5259,12.6211,4.34107
34.5514,12.751,4.35455
34.6791,12.5996,4.33354
34.4032,12.5612,4.33957
34.3952,12.723,4.35869
41.5418,18.6804,5.22547
41.8291,19.1352,5.28
45.2939,26.4927,6.32358
36.3694,12.6288,4.38744
40.3212,16.6164,5.00344
39.3908,14.5154,4.83852
45.6985,27.8328,6.81417
45.7683,27.9594,6.88718
45.5375,27.8181,6.78822
45.5882,27.9739,6.87452
42.6909,20.9363,5.47016
38.5682,13.0493,4.69878
38.679,13.1303,4.71481
35.5824,12.5715,4.33351
35.4517,12.4825,4.32281
37.1045,12.4954,4.4721
37.0914,12.3117,4.4669
35.7302,12.5512,4.33825
43.6863,22.7927,5.7136
37.2721,12.4403,4.49584
41.9585,19.6261,5.3133
46.4197,27.8537,6.93826
39.3931,14.6685,4.84219
39.4751,14.7516,4.85467
41.0944,17.6258,5.1344
39.0338,13.9511,4.78034
42.4096,20.4547,5.40897
36.7514,12.4362,4.4231
35.2834,13.391,4.40162
42.5279,20.5555,5.43113
46.5636,26.8749,6.58073
46.5651,26.8633,6.57646
46.4548,26.7026,6.52443
46.5477,26.8412,6.56916
46.5554,26.8537,6.57335
46.5622,26.895,6.588
46.5659,26.8853,6.58439
46.5385,26.8141,6.55987
46.6077,27.0958,6.66094
46.4709,26.7113,6.52685
46.4522,26.6864,6.51917
46.5931,27.1762,6.68992
46.3331,26.5933,6.49084
46.3044,26.5767,6.48541
45.9598,25.9281,6.31713
45.923,25.9006,6.31025
46.355,26.6009,6.49337
46.6269,27.4645,6.80301
46.2719,26.5563,6.47859
45.7621,25.807,6.28265
46.6039,27.2158,6.70518
46.0001,26.1641,6.36927
46.2387,26.5322,6.47059
45.6126,25.7098,6.25182
45.9981,26.3064,6.39902
46.0263,26.3635,6.41395
45.4176,25.6175,6.21319
46.0115,26.0841,6.35267
46.5126,27.8623,6.95825
46.6217,27.8508,6.97065
46.4411,27.9939,7.01049
42.8111,21.181,5.49831
41.5612,18.7919,5.2311
41.6726,18.9666,5.2522
46.638,27.426,6.78873
46.0941,26.4304,6.43525
43.2654,22.0972,5.60963
43.2899,21.9906,5.60905
46.5607,27.7853,6.93044
38.4898,12.8868,4.68367
45.3318,26.611,6.35385
45.1559,26.5606,6.31618
44.9681,26.1553,6.21192
45.1221,26.1955,6.24265
44.9322,25.8734,6.16391
43.3854,23.5903,5.71088
41.5988,21.4039,5.33527
45.0306,26.2921,6.24496
44.9838,26.4481,6.26839
43.4919,23.7501,5.73818
43.2669,23.4329,5.68248
41.3362,21.0751,5.28567
43.0214,23.1192,5.62578
44.2923,23.9791,5.88514
44.3606,24.0747,5.90307
44.1574,24.3707,5.88828
43.1349,21.7627,5.57379
45.573,27.2575,6.5639
45.3884,27.2612,6.53964
40.7852,20.406,5.18697
40.6465,20.2325,5.16242
39.9362,19.3369,5.0408
40.0803,19.5153,5.06452
39.7909,19.1562,5.0172
38.4503,17.4577,4.81294
37.6832,16.4716,4.70426
37.5278,16.2717,4.68294
36.2798,14.6886,4.52208
36.1398,14.5486,4.50867
44.9077,26.0159,6.1806
44.7539,25.9354,6.14562
37.9919,16.8684,4.74728
41.0587,20.7426,5.23575
39.6851,18.7894,4.98211
39.3499,18.602,4.9475
39.4974,18.7881,4.9705
42.7691,22.8078,5.56998
42.8941,22.9688,5.59792
42.5197,22.5078,5.51705
41.8623,21.7216,5.38541
41.9957,21.883,5.41141
40.2231,19.6967,5.08876
40.3645,19.8781,5.11325
34.938,12.784,4.34644
34.729,12.7648,4.34955
34.7539,12.9438,4.36813
35.0209,12.6099,4.32862
34.8656,12.6,4.32941
35.2946,12.598,4.32855
42.2673,22.1867,5.46373
43.6648,22.6388,5.70194
45.2231,25.496,6.16843
44.7373,24.8545,6.0253
44.8445,24.9895,6.05517
44.9206,25.131,6.08085
44.327,24.7137,5.94323
44.5661,24.5703,5.9734
44.505,24.4385,5.95313
44.4965,24.7095,5.97188
44.6704,24.7007,6.00139
44.0498,24.5478,5.88497
43.9435,24.3779,5.8545
44.7119,25.5801,6.09126
45.831,28.116,6.98082
45.3233,25.5666,6.1926
44.1634,23.7235,5.84698
44.2418,23.8438,5.86782
39.9799,15.6765,4.93971
44.2406,24.8762,5.94364
44.3471,25.0213,5.97396
42.7422,21.0649,5.48295
39.2905,14.3723,4.82257
41.7163,19.0863,5.26186
41.2805,18.285,5.17738
39.0381,13.8164,4.77753
40.2486,16.0507,4.98241
42.0912,19.6817,5.33542
43.0901,21.624,5.56079
43.2046,21.8892,5.59058
42.3855,20.2791,5.39958
35.0908,13.1832,4.38401
35.1542,12.514,4.32004
40.6463,17.024,5.05808
43.4568,22.4378,5.65733
44.146,24.7122,5.91408
43.5426,22.5564,5.67752
43.8361,24.22,5.82543
43.717,24.0616,5.7951
43.6041,23.9051,5.7663
42.1233,22.038,5.43672
43.1468,23.2742,5.65414
37.4769,12.4426,4.52704
42.3982,22.346,5.49062
40.5075,20.0512,5.13749
39.803,15.3847,4.91056
40.9225,20.5772,5.2115
38.2979,17.2624,4.79092
41.1965,20.9054,5.26019
41.7305,21.5607,5.35999
43.7538,22.9252,5.73191
35.1017,13.3605,4.40243
34.9188,12.9911,4.3681
34.9196,13.1624,4.38644
35.5994,14.0145,4.46038
37.0577,15.6681,4.61992
36.8999,15.4649,4.59917
35.8957,12.5285,4.34585
42.6433,22.6599,5.54334
36.7418,15.2609,4.57858
36.5833,15.0563,4.55816
35.9988,14.3911,4.49381
37.3717,16.0712,4.66179
37.215,15.8701,4.64079
37.8379,16.6705,4.7257
39.6445,18.9727,4.99372
39.2015,18.4158,4.9248
39.0523,18.2271,4.90216
36.4281,14.8611,4.5389
38.9026,18.0364,4.87965
38.7526,17.8444,4.85728
46.6048,27.0063,6.62787
46.4354,26.6757,6.51607
38.6019,17.6516,4.83506
46.5323,26.7582,6.54021
46.5269,26.7496,6.53746
46.5294,26.7407,6.53411
46.571,26.8525,6.57223
46.5809,26.8785,6.58136
46.5775,26.8918,6.58638
46.5938,26.8867,6.58374
46.5982,26.917,6.59485
46.5884,26.9096,6.5925
46.6025,26.9051,6.59017
46.59,26.8986,6.58837
46.4802,26.6703,6.51251
46.493,26.6715,6.51207
46.4868,26.6567,6.50734
46.481,26.6827,6.51674
46.554,26.8168,6.56011
46.5642,26.8418,6.56866
46.4503,26.64,6.50388
46.4355,26.6425,6.50531
46.4423,26.6561,6.50952
46.4243,26.6329,6.50256
46.62,26.9888,6.62103
46.4543,26.6687,6.51325
46.4124,26.5829,6.48685
46.3992,26.5915,6.49007
46.4125,26.5991,6.49208
46.4215,26.5669,6.48118
46.3991,26.5707,6.48348
46.6788,27.0806,6.6548
46.6639,27.0719,6.65184
46.6567,27.0894,6.65878
46.4879,26.708,6.52508
46.6303,27.0311,6.63683
46.6227,27.0166,6.63147
46.6288,27.0026,6.62602
46.3921,26.6129,6.49692
46.3674,26.614,6.49736
46.0384,25.9335,6.31819
46.0136,25.9364,6.31937
46.021,25.9572,6.32417
45.9958,25.9238,6.31654
46.6617,27.1444,6.6801
46.6398,27.1274,6.67333
46.6249,27.1505,6.68177
46.6347,27.1055,6.66497
46.357,26.5773,6.48635
45.8744,25.8006,6.28821
45.9067,25.8007,6.28895
45.8918,25.7721,6.28274
46.6704,27.3987,6.78058
46.4148,26.6177,6.49794
45.7161,25.7251,6.26479
45.7657,25.7368,6.27065
45.7516,25.6926,6.26188
45.7207,25.7745,6.27343
46.0747,26.3876,6.42382
46.0862,26.3427,6.41459
38.3726,11.3941,4.57412
38.223,11.3582,4.57175
38.1672,11.3419,4.56914
38.1893,11.4147,4.57513
38.2198,11.3004,4.567
46.6383,27.2435,6.71759
46.638,27.2807,6.73186
46.379,26.5909,6.49029
45.6775,25.7049,6.25798
45.8141,25.8044,6.28607
45.8088,25.7632,6.2781
46.6381,27.6116,6.86518
45.6123,25.6319,6.24009
39.1776,13.7586,4.79047
39.2866,13.7173,4.79705
39.2145,13.6251,4.78706
39.3962,13.7327,4.80359
39.3502,13.6414,4.79534
44.38,23.7653,5.88472
44.2825,23.7187,5.8663
44.4666,23.7053,5.89232
44.379,23.6406,5.87528
45.523,27.3841,6.60083
40.6149,16.5503,5.04028
40.6835,16.4695,5.04324
39.0889,13.5958,4.77535
40.6826,16.6982,5.0532
40.7859,16.6966,5.06337
40.7397,16.5824,5.05366
42.1193,19.4675,5.33186
42.0644,19.3867,5.3214
41.9922,19.4908,5.31472
42.1957,19.3931,5.33768
40.8693,17.1179,5.08979
41.004,17.0962,5.10285
42.2979,19.5949,5.35957
42.1866,19.6085,5.34647
42.2183,19.7024,5.35449
42.0978,19.5614,5.33242
40.9908,17.3256,5.11154
41.0976,17.3144,5.12241
41.0351,17.2191,5.11182
41.3642,18.0276,5.18161
41.4633,18.0867,5.19538
41.4841,17.9562,5.19096
43.3972,21.958,5.62452
43.3449,21.8772,5.6125
43.5023,21.9922,5.64174
43.4643,21.8732,5.62952
43.5849,22.0873,5.65876
43.4617,22.1037,5.64184
43.4914,22.202,5.65149
43.3778,22.0565,5.62632
39.2478,13.926,4.80397
39.1568,13.8759,4.79284
39.1588,13.9776,4.7963
39.3672,13.9162,4.81353
39.2905,13.8248,4.80313
44.6517,24.4579,5.97927
44.6128,24.3457,5.96429
44.6137,24.229,5.95534
43.2932,21.5106,5.58551
43.1753,21.5379,5.57042
43.2231,21.6413,5.58253
43.0733,21.5001,5.55297
44.4332,23.9906,5.90921
39.4193,14.364,4.83746
39.5199,14.4046,4.84911
39.5217,14.2729,4.84336
39.6253,14.7161,4.87138
39.516,14.6243,4.85639
39.5463,14.509,4.85576
41.7758,18.8352,5.26271
41.6398,18.8469,5.2442
42.5987,20.4263,5.4369
41.3241,18.1423,5.18013
43.6741,22.5017,5.69596
43.5919,22.417,5.67851
43.7788,22.556,5.71484
43.7841,22.435,5.70776
43.8303,22.809,5.73782
43.8051,22.6791,5.72623
43.8718,22.9063,5.75005
46.3846,28.1778,7.09918
46.3641,28.2916,7.16219
46.4853,28.3031,7.19
46.2411,28.2751,7.13212
41.8281,18.9883,5.27511
39.2605,14.0375,4.80941
42.4076,20.1509,5.39843
40.2722,15.909,4.98079
41.5241,18.3554,5.21322
38.8789,13.2442,4.74059
40.8212,17.0093,5.0803
40.399,16.1172,5.00145
40.4609,16.2297,5.01199
42.8997,21.0504,5.50719
38.7334,13.0184,4.7164
36.8906,12.2703,4.43766
44.3959,23.8817,5.89555
35.7214,12.2265,4.31794
35.856,12.1772,4.32413
35.7225,12.0274,4.30699
35.7988,12.3707,4.33089
34.5732,12.4753,4.3236
41.1712,17.7425,5.14787
41.3,17.8073,5.16552
41.6804,18.7167,5.24601
35.0064,12.4554,4.31451
45.0674,26.6915,6.3338
44.9917,26.6043,6.30354
44.9153,26.7279,6.32487
44.8354,26.5928,6.28254
44.5195,24.1091,5.93153
36.4496,11.9454,4.3729
36.4825,12.0882,4.3808
36.6209,12.0295,4.39641
36.4368,12.2167,4.37941
36.5657,12.1771,4.39327
44.9906,25.0112,6.08136
37.14,12.1304,4.47088
36.9926,12.1135,4.44904
37.2571,12.0415,4.48674
37.0939,11.9415,4.46082
45.6569,28.1193,6.96356
45.9918,28.1404,7.01586
45.4133,27.9686,6.85593
45.4891,28.1221,6.95067
36.1735,12.3758,4.359
36.3717,12.4119,4.37923
35.3,12.3957,4.31236
35.4513,12.2831,4.30848
35.3015,12.2042,4.29789
44.1025,23.3853,5.81585
44.4349,25.3132,6.01793
44.3903,25.4864,6.03275
39.6835,14.5636,4.87033
38.981,13.4273,4.75808
45.7312,28.266,7.06039
42.3786,20.0373,5.3899
42.5035,20.3259,5.41912
42.5091,20.203,5.41489
35.1547,12.3338,4.30489
35.617,12.3738,4.32145
41.0475,17.511,5.12481
46.5376,26.7693,6.54388
46.5016,26.7134,6.52621
46.5494,26.8043,6.55583
46.5412,26.7804,6.54768
46.3346,26.5616,6.48164
46.307,26.542,6.47568
46.468,26.6931,6.52086
46.4675,26.6776,6.51568
45.9841,25.9073,6.3128
45.966,25.8924,6.3094
46.6427,27.0149,6.63029
46.0432,26.059,6.34794
46.0373,25.9769,6.32866
46.0261,26.1239,6.36207
45.9164,25.8574,6.30108
45.9504,25.8667,6.30363
46.6717,27.4968,6.82074
46.6842,27.4429,6.79966
46.2763,26.5182,6.46835
46.2416,26.4906,6.45975
46.6299,27.1838,6.69448
46.6465,27.2113,6.70558
46.1474,26.4346,6.44047
46.0484,26.3147,6.40537
46.0388,26.269,6.39461
46.1302,26.3782,6.42585
46.0504,26.1637,6.37202
43.2821,21.7693,5.59763
38.2082,11.8438,4.60352
38.1465,11.7654,4.59401
38.0781,11.8236,4.59055
38.2138,11.7025,4.59549
38.0779,11.7004,4.58462
45.2623,25.3838,6.16203
45.2034,25.2983,6.14362
40.0572,15.4738,4.943
40.0846,15.5746,4.9494
37.528,12.2589,4.53143
43.0951,21.3757,5.55084
46.6359,27.7554,6.92832
45.4222,25.5171,6.20106
45.5013,25.5629,6.21744
45.6714,25.6559,6.24954
44.8026,26.1258,6.18321
38.0969,11.9271,4.5973
38.1791,11.9958,4.60903
37.9809,11.9218,4.58416
45.6244,27.4764,6.64939
42.0699,22.2252,5.44725
42.3246,22.5338,5.49849
43.8534,24.5596,5.85804
43.184,23.6176,5.68699
38.2829,11.9407,4.61523
45.5021,27.5306,6.6547
42.8311,23.1548,5.60573
43.4173,23.9279,5.74306
38.4155,17.6406,4.82813
38.2641,17.4453,4.80634
40.0341,19.6986,5.07768
37.0297,15.8514,4.63712
36.8726,15.6482,4.61659
42.5731,22.8455,5.55094
45.2189,26.8657,6.39783
43.5271,24.0842,5.77101
38.1452,17.0658,4.76902
37.8061,16.8535,4.74178
36.4017,15.043,4.5568
36.5569,15.2397,4.57599
39.3096,18.785,4.96137
39.4565,18.971,4.98422
38.8653,18.2192,4.89411
39.0142,18.4099,4.91642
41.4606,21.2349,5.30933
41.1421,21.0909,5.27178
40.8671,20.7606,5.22333
41.0045,20.9274,5.24755
41.8018,21.9051,5.39539
35.9893,12.3337,4.34188
44.0449,24.8874,5.9168
44.1374,25.0764,5.94976
44.6958,24.5594,5.99447
44.8128,24.5966,6.01619
44.809,24.7326,6.02719
42.6632,20.5718,5.45222
45.3356,25.4599,6.18177
38.4144,12.4167,4.65435
37.257,12.2287,4.49
43.5363,22.3124,5.66425
42.9607,21.1635,5.52123
44.2439,23.6162,5.85329
44.6103,25.7764,6.10201
45.3427,27.1085,6.48395
38.2911,12.054,4.62265
39.3681,14.1193,4.82321
44.8954,24.8277,6.04936
42.3723,19.9066,5.38363
38.5911,12.6314,4.68294
38.6016,12.7665,4.69115
40.1298,15.6947,4.95827
40.745,16.9044,5.0677
39.6986,14.9104,4.88577
45.057,25.1091,6.10134
41.9249,19.0676,5.29069
41.9608,19.1666,5.29921
34.8011,12.3905,4.30996
38.806,13.1328,4.72873
44.9553,24.9158,6.06685
38.6543,12.8992,4.70289
43.9552,24.716,5.88711
38.9554,13.3284,4.75145
43.7438,24.4011,5.82837
43.6358,24.2425,5.79946
34.6116,12.3151,4.30596
43.0176,21.2804,5.53491
39.9099,15.2407,4.9195
44.2894,25.2016,5.98446
41.6701,21.7366,5.36949
41.5376,21.5877,5.34566
44.8741,26.2899,6.22245
41.9313,22.0676,5.42094
43.068,23.4628,5.65967
39.8572,15.1256,4.90997
46.127,28.1744,7.0551
43.9886,23.0447,5.77654
43.968,22.9397,5.76673
41.4061,21.4206,5.32061
40.1929,15.8136,4.96904
40.3792,15.9749,4.9939
37.3854,12.3019,4.51067
37.6931,12.1786,4.554
44.5153,25.6066,6.06544
39.8912,19.52,5.05411
45.0593,26.8506,6.37372
39.6026,19.1557,5.00732
39.7475,19.3391,5.03066
45.8765,28.256,7.06971
46.029,28.3283,7.13403
45.4825,27.6743,6.71418
42.9417,23.3082,5.63158
42.7005,22.996,5.57759
34.5685,12.9156,4.37261
39.1622,18.5987,4.93884
40.457,20.2348,5.15009
40.3172,20.0608,5.12615
38.7158,18.0272,4.87196
40.5945,20.4148,5.17473
38.566,17.8344,4.84999
42.4477,22.688,5.52427
42.195,22.3748,5.47205
38.1119,17.2487,4.78465
40.7313,20.5891,5.19906
36.5742,12.3379,4.39886
36.7091,12.2178,4.41228
35.4423,13.783,4.43913
35.4182,13.9664,4.45953
35.2722,13.5749,4.42093
35.0894,13.5442,4.42298
36.7149,15.4443,4.5962
34.751,13.1262,4.3887
36.112,14.7168,4.52587
35.9604,14.6002,4.51583
35.7823,14.2876,4.48581
35.5845,14.2066,4.48145
37.4976,16.4548,4.69947
37.3423,16.2544,4.67854
37.1863,16.0534,4.65777
37.9593,17.0514,4.76313
37.6522,16.6546,4.72056
36.2515,14.8611,4.53933
46.4829,26.6966,6.52142
46.5587,26.8297,6.56453
46.6469,27.3203,6.74776
46.0301,26.0023,6.33466
45.567,25.5887,6.2288
46.5954,26.9285,6.59926
46.6155,26.9729,6.61519
42.8365,20.9439,5.49323
39.7245,14.7909,4.88413
41.4525,18.2292,5.19974
43.298,23.774,5.71459
38.3196,12.1815,4.63243
46.6179,26.9001,6.58729
46.618,26.889,6.58298
46.6054,26.8936,6.58564
46.6262,26.8927,6.58375
46.6293,26.8844,6.58019
46.5042,26.6806,6.51443
46.4918,26.6857,6.51714
46.4985,26.6965,6.5205
46.5334,26.7311,6.53032
46.5275,26.7211,6.52716
46.6297,26.9274,6.59707
46.6178,26.9297,6.5987
46.6224,26.9364,6.60103
46.6087,26.9247,6.59726
46.5742,26.8305,6.56394
46.5694,26.8187,6.55985
46.5789,26.8419,6.56786
46.5894,26.8317,6.56323
46.5647,26.8065,6.55566
46.5507,26.7718,6.54389
46.5398,26.7482,6.53605
46.6296,26.961,6.61007
38.3721,10.984,4.52128
38.3685,10.974,4.52023
38.3528,10.985,4.52426
38.3826,10.9746,4.51804
46.6511,27.0321,6.63666
46.6595,27.0437,6.6409
46.6699,27.0338,6.63654
46.6603,27.0574,6.64625
46.6745,27.0483,6.64209
46.4707,26.6617,6.51012
46.4261,26.6026,6.49265
46.4404,26.5977,6.49026
46.4276,26.586,6.48712
46.6389,26.9894,6.62059
38.3279,10.9824,4.52706
38.3351,10.9998,4.52869
38.3336,11.0165,4.53123
38.3509,11.0082,4.52797
46.4333,26.6144,6.49621
46.678,27.0635,6.64803
46.3773,26.5663,6.48274
46.3612,26.5506,6.47825
46.3899,26.5419,6.47471
38.3215,11.0359,4.53513
38.3379,11.0542,4.53594
38.3489,11.0321,4.53167
38.3456,11.0806,4.53872
38.3599,11.0554,4.53372
46.0056,25.9031,6.31165
46.0263,25.9121,6.31333
46.0251,25.8837,6.30642
46.062,25.9688,6.32616
46.0501,25.9536,6.32277
46.0855,25.9726,6.32614
46.0753,25.9504,6.32094
45.996,25.8862,6.30785
46.0709,26.034,6.34202
46.0557,26.0115,6.33675
46.0595,25.9891,6.33126
46.6731,27.2065,6.70451
46.6982,27.2102,6.70628
46.689,27.1896,6.69802
46.6755,27.2315,6.71438
45.9976,25.8407,6.29701
45.9712,25.8442,6.2985
45.9827,25.8655,6.30324
45.9471,25.8352,6.29665
46.6606,27.1877,6.69689
46.5984,26.8757,6.57929
46.0529,26.0912,6.35555
46.6671,27.2605,6.72551
46.6788,27.2901,6.73768
46.7071,27.2579,6.72564
46.1448,26.2819,6.40322
46.1488,26.2526,6.39604
46.1192,26.2597,6.39702
46.1668,26.2319,6.3909
46.1282,26.2241,6.38864
45.8453,25.7407,6.27534
45.8192,25.7166,6.26976
46.7327,27.4393,6.80157
46.7172,27.4069,6.78709
38.3277,11.1584,4.54999
38.3585,11.1463,4.54614
38.3199,11.1126,4.54502
38.3137,11.1937,4.55489
38.355,11.1843,4.5512
46.6977,27.327,6.75333
46.7047,27.3691,6.77079
46.1855,26.3939,6.43254
46.2245,26.4011,6.43555
46.2199,26.3635,6.42552
46.0863,26.003,6.33393
46.0925,26.2921,6.40341
46.7258,27.4778,6.81742
38.334,11.2822,4.56362
38.2761,11.2818,4.56516
38.2827,11.3368,4.57023
38.244,11.2463,4.56225
46.7109,27.646,6.88897
46.0818,26.2438,6.3917
38.2769,11.5234,4.586
38.0469,11.4026,4.56676
38.0118,11.4713,4.56767
38.1091,11.4523,4.57364
37.9704,11.3774,4.55974
46.7214,27.8811,7.00041
43.7101,21.8454,5.65212
43.6708,21.9329,5.6574
43.7632,21.9369,5.66446
43.6072,21.9816,5.65456
43.6861,22.0147,5.66561
42.6756,19.9896,5.41976
42.7663,19.9809,5.42317
42.7031,19.9168,5.4148
42.6979,20.0632,5.42717
43.5377,21.667,5.62327
43.578,21.5887,5.61882
43.476,21.6097,5.61302
43.6314,21.6867,5.63162
44.692,23.7543,5.92053
44.6072,23.749,5.91266
44.6177,23.8372,5.92236
44.5568,23.6916,5.90185
44.5074,23.7903,5.90475
45.8514,25.7777,6.28286
44.0624,22.8698,5.77452
44.1392,22.6984,5.76657
44.9473,24.3348,6.00784
44.8604,24.3909,6.00418
40.3979,15.6367,4.97619
40.4472,15.6881,4.98159
40.4908,15.6217,4.97674
40.4457,15.7665,4.98713
40.5232,15.6954,4.98342
45.027,24.3801,6.0198
44.9398,24.41,6.0154
44.9845,24.4686,6.02651
44.8861,24.4807,6.01616
38.1918,11.5097,4.58181
38.1008,11.5259,4.57734
38.1462,11.604,4.58498
40.9344,16.9503,5.0892
40.8818,16.8799,5.081
41.0145,16.8687,5.08961
43.9996,22.6367,5.74864
43.9112,22.6355,5.73819
43.8686,22.5831,5.72899
40.0171,15.1743,4.92648
40.1008,15.1679,4.93148
40.0773,15.0843,4.92493
40.05,15.2601,4.93328
44.6766,23.9185,5.93666
44.5914,23.9287,5.9275
44.6174,24.0054,5.93754
44.5134,23.9033,5.91477
44.5352,23.9914,5.92489
43.315,21.3697,5.57898
43.2089,21.3384,5.56463
43.1942,21.4385,5.56822
43.1562,21.2589,5.55334
45.365,25.3522,6.17281
42.406,19.7912,5.38211
42.4693,19.8533,5.39247
42.5195,19.7744,5.392
42.48,19.9416,5.39859
42.5595,19.8566,5.40111
45.0533,24.9165,6.08174
45.0007,24.8493,6.06749
45.0114,24.7662,6.06084
42.8659,20.7516,5.4884
42.9191,20.8431,5.50005
42.9847,20.7382,5.50125
40.5359,16.1549,5.0155
40.5752,16.2581,5.02377
40.6689,16.1688,5.02423
44.9293,24.6839,6.04137
45.1668,25.0748,6.11422
41.1751,17.5108,5.13932
41.1382,17.4097,5.13093
41.2703,17.5114,5.14797
41.2646,17.4146,5.14152
42.5132,20.0648,5.40894
41.2295,17.6078,5.14929
41.3249,17.6847,5.16222
41.3542,17.5583,5.15679
41.803,18.7078,5.26068
41.771,18.5973,5.25194
41.8964,18.7466,5.27226
41.8975,18.6202,5.26462
38.6086,12.5041,4.6765
38.6998,12.5641,4.68682
38.7065,12.4749,4.68028
38.7058,12.6738,4.69489
38.8139,12.601,4.69527
42.6303,20.2645,5.43347
39.1453,13.5202,4.77645
39.0897,13.4473,4.76848
39.0856,13.3425,4.76246
44.7754,24.4765,6.00019
38.4088,12.0832,4.63363
44.2511,23.3869,5.83829
38.5468,12.4062,4.66539
41.973,18.9674,5.29174
43.0539,21.0364,5.52772
40.9318,17.0275,5.0928
42.1605,19.2872,5.32828
42.1107,19.1732,5.31691
43.6649,22.305,5.68316
44.1601,23.154,5.80859
44.1001,23.0562,5.79334
38.8147,12.8893,4.71673
39.9215,15.0191,4.9114
40.166,15.4769,4.953
40.3285,15.7928,4.98126
36.8166,12.076,4.42351
44.6532,24.1448,5.9543
42.8881,20.6632,5.48613
42.2283,19.5024,5.34693
45.193,27.0051,6.43361
40.52,16.0706,5.00989
37.3932,12.1391,4.50887
45.3527,27.4403,6.60113
35.0021,12.1041,4.28412
35.1531,12.1441,4.28969
35.1288,11.9449,4.27402
34.8769,12.2107,4.2927
35.0011,12.2742,4.29847
44.242,25.3819,6.00027
44.1996,25.5531,6.01936
34.4184,12.364,4.31696
34.3413,12.2122,4.30336
34.2269,12.3304,4.32154
34.1719,11.9783,4.28454
34.0121,11.9149,4.28466
34.0315,12.1015,4.30516
33.86,11.8477,4.285
33.8692,12.0402,4.30745
45.1958,27.1929,6.49351
44.5791,25.9514,6.12501
44.628,26.0945,6.15553
44.4487,25.8889,6.09937
44.4542,26.0614,6.13043
43.9906,25.198,5.94732
44.1084,25.2823,5.97143
43.8305,25.2219,5.9351
43.9161,25.3755,5.96533
45.1069,24.8242,6.0793
43.3638,21.6437,5.60255
43.4108,21.769,5.61619
34.2436,12.5031,4.34081
34.0493,12.2835,4.32573
34.0676,12.4579,4.34588
43.9114,25.5656,5.99541
44.048,25.6057,6.01303
44.0688,25.4575,5.99177
44.1269,25.7306,6.04076
44.3357,23.5059,5.85893
44.6499,26.5983,6.26583
44.7652,26.4437,6.2406
36.2779,12.2256,4.36284
36.3514,12.0741,4.36534
45.3364,27.7922,6.75635
45.3371,27.6083,6.6696
36.1176,12.195,4.3463
43.937,25.0518,5.92271
39.2046,13.4182,4.77382
44.6681,24.0726,5.95008
34.9169,13.3349,4.40573
46.5471,26.76,6.53981
46.5557,26.7834,6.54777
46.518,26.7114,6.52439
46.5119,26.7005,6.52094
46.5603,26.7949,6.5517
46.634,26.9752,6.61533
46.4595,26.6521,6.50746
46.4426,26.6273,6.50002
46.3377,26.5314,6.47276
46.3111,26.5083,6.46609
46.6633,27.1174,6.66961
38.3554,11.117,4.5426
38.3475,11.1022,4.5414
46.0713,26.1242,6.36362
46.0851,26.1975,6.38112
38.2647,11.1981,4.55725
38.2967,11.2381,4.56034
46.6507,27.1663,6.68844
45.9196,25.8254,6.29438
46.0777,26.0657,6.34969
38.3477,11.2268,4.55677
46.7129,27.7916,6.95596
45.6768,25.5981,6.24053
46.2813,26.4822,6.45849
46.2534,26.458,6.45136
45.5757,25.5151,6.21886
45.511,25.4694,6.20564
38.2496,11.5951,4.59038
38.3447,11.5646,4.5907
46.7201,27.5262,6.8376
38.3556,11.3413,4.56911
45.7176,25.6738,6.25627
46.758,28.073,7.10555
42.7508,20.4607,5.45851
42.7258,20.3464,5.44908
42.6151,20.1327,5.42438
46.137,26.3224,6.41283
38.3232,11.7569,4.60544
38.325,11.6564,4.59786
42.3468,19.6944,5.37029
38.3964,11.9632,4.62438
38.4544,12.1877,4.64394
40.1242,15.3611,4.944
40.2136,15.5813,4.96185
39.3868,14.0135,4.82002
39.388,14.2487,4.83015
39.483,14.1525,4.83433
42.8088,20.5737,5.47171
39.016,13.2315,4.75146
38.9616,13.1204,4.74128
46.7125,27.5825,6.8612
46.7097,27.715,6.91992
45.7928,25.6827,6.26225
41.6615,18.3464,5.22822
41.7369,18.4609,5.2415
46.7048,28.3852,7.27989
46.6994,28.2572,7.20043
46.6162,28.3109,7.21794
46.7979,28.186,7.17542
45.6287,25.5617,6.23082
38.0352,11.5791,4.5749
39.6455,14.4274,4.86045
39.6078,14.3365,4.85291
40.4825,16.0022,5.00355
37.6975,11.977,4.54943
44.0682,22.9634,5.78233
45.4343,25.4169,6.1897
44.9448,24.5616,6.03166
45.2665,25.2021,6.14197
45.3066,25.2843,6.15692
44.7268,24.1906,5.9683
45.2447,25.1178,6.12941
46.7363,27.9726,7.04892
44.1956,23.2735,5.82223
37.9594,11.7795,4.57607
37.8376,11.8788,4.56511
43.7544,24.7393,5.86514
41.2686,21.2579,5.29584
40.9477,21.1114,5.26175
43.852,24.8912,5.89372
43.6506,24.582,5.83591
42.9821,23.6473,5.66806
41.2125,21.4421,5.30984
45.5642,28.2685,7.04799
45.6382,28.4089,7.1481
41.4754,21.7714,5.3589
41.0766,21.2748,5.28526
40.8124,20.9438,5.23776
40.2664,20.243,5.14115
42.6307,23.1834,5.58847
40.1757,19.8795,5.10173
39.8447,19.7027,5.06958
39.4144,19.1537,4.99994
39.2686,18.9678,4.97719
40.8289,16.7918,5.07189
37.3121,16.4373,4.69674
38.8271,18.4018,4.9103
38.6784,18.2098,4.88833
36.0839,14.8764,4.54332
35.9677,14.7552,4.53251
43.4345,24.2664,5.77827
41.6083,21.9243,5.38286
41.7388,22.0891,5.40821
38.2291,17.6279,4.82335
38.3794,17.8231,4.84491
41.5714,18.1335,5.20845
41.8742,22.2527,5.43415
42.1354,22.5629,5.48482
40.4001,15.8621,4.99022
44.6661,26.2856,6.19635
41.6034,18.2416,5.21718
40.6239,16.3685,5.03324
39.9626,15.1089,4.91903
40.2815,15.6894,4.9725
39.8129,14.8626,4.89513
42.9763,20.9376,5.51245
43.094,21.1579,5.53966
38.8786,13.0098,4.72879
42.0371,19.0645,5.30349
39.7667,14.6728,4.88211
43.6237,22.2059,5.67136
45.1083,25.0028,6.09839
41.4187,17.8396,5.17884
38.5014,12.2972,4.65473
44.4421,25.744,6.07554
44.3284,25.6567,6.04903
41.918,18.8646,5.2807
38.3499,11.8544,4.6139
42.8676,23.4938,5.64153
34.2368,12.6781,4.36229
42.7447,23.3385,5.6144
38.737,12.7862,4.70442
43.3254,24.1108,5.75038
43.2155,23.9564,5.72298
43.5427,24.4238,5.80678
41.3887,17.7556,5.1716
43.0925,23.8009,5.69459
37.5404,12.0651,4.52918
36.9122,11.9251,4.43411
45.1932,27.355,6.55151
34.5182,12.1498,4.29144
43.8914,22.4804,5.7242
34.7269,12.1906,4.29179
42.2511,22.7224,5.50998
42.3774,22.875,5.53564
42.5041,23.0314,5.56207
39.5589,19.3383,5.02295
39.1219,18.7813,4.95475
41.3444,21.6052,5.33408
39.9865,19.8815,5.09304
39.7022,19.5217,5.04621
34.5792,13.09,4.39264
34.4009,12.8847,4.37772
38.9748,18.5924,4.93245
40.5404,20.5967,5.18933
40.4044,20.4178,5.16495
38.5291,18.017,4.86654
40.1278,20.0621,5.11699
35.9917,12.1347,4.33267
38.0779,17.4314,4.80186
40.6759,20.7716,5.21352
37.9259,17.2341,4.78053
35.2583,13.7552,4.44093
35.3938,14.1496,4.48116
35.0744,13.7266,4.44452
36.8446,15.8313,4.63539
36.6876,15.6274,4.61519
36.53,15.4229,4.59516
35.5891,12.1683,4.30707
35.7763,14.503,4.50924
35.7818,14.727,4.53462
35.5701,14.4006,4.50392
37.4666,16.6377,4.71746
37.1569,16.2364,4.67618
37.001,16.0344,4.65573
37.7734,17.0362,4.75937
37.6204,16.8374,4.73835
34.7442,13.3041,4.40978
36.372,15.2174,4.57527
36.2246,15.0392,4.5584
46.5395,26.7382,6.53241
39.9083,14.9111,4.90481
43.7015,22.3928,5.69371
45.8195,28.4264,7.17507
46.6444,27.0003,6.62457
46.6419,26.9487,6.60455
39.474,14.0498,4.82804
46.5388,26.7241,6.52725
46.5446,26.7313,6.52935
46.5487,26.7226,6.52566
46.5576,26.7646,6.54063
46.5649,26.7734,6.54325
46.5669,26.7613,6.53848
46.62,26.8797,6.57919
46.6119,26.8737,6.57753
46.6081,26.8831,6.58148
46.6053,26.8658,6.57503
46.5909,26.842,6.56706
46.6062,26.851,6.56919
46.6077,26.8443,6.56647
38.3794,10.9374,4.51221
38.3874,10.9359,4.51041
38.3827,10.9289,4.51006
38.3713,10.9452,4.51502
38.3858,10.9459,4.51251
46.6708,26.9818,6.6156
46.6666,26.9746,6.61304
46.6621,26.9829,6.61672
46.6787,26.9854,6.61636
46.6791,26.9747,6.61192
46.5532,26.7505,6.53573
46.6264,26.9086,6.58998
46.6308,26.8988,6.58576
46.622,26.9198,6.59464
46.6361,26.9161,6.59213
46.6127,26.857,6.57092
46.5392,26.716,6.52417
46.51,26.6901,6.51737
46.5196,26.6911,6.5169
46.5172,26.6805,6.51322
46.613,26.9123,6.59234
46.5579,26.7575,6.53793
46.5244,26.7001,6.51975
46.445,26.5815,6.48448
46.4481,26.5672,6.47933
46.4361,26.5717,6.48182
46.4519,26.5565,6.4752
46.4388,26.5566,6.47647
38.3466,10.9559,4.52063
38.342,10.9699,4.52343
38.358,10.9663,4.5206
38.3394,10.9445,4.51992
38.3263,10.9579,4.5237
46.6537,26.9905,6.6203
46.4758,26.6449,6.50402
38.4227,11.0296,4.52042
38.4109,11.0378,4.52388
38.4252,11.0441,4.52249
38.3942,11.0386,4.52664
38.4071,11.0541,4.52717
46.6635,27.0195,6.63119
46.4602,26.6239,6.49787
46.4502,26.6103,6.49391
47.7681,29.1893,8.08387
47.7729,29.2036,8.09818
47.7849,29.1881,8.08424
47.759,29.1777,8.07181
47.7484,29.2001,8.09231
46.3842,26.4982,6.46106
46.3686,26.4875,6.45851
46.3701,26.5053,6.46403
46.392,26.4811,6.45494
38.3938,11.068,4.53128
38.3943,11.0861,4.53396
38.4127,11.0742,4.52953
38.3832,11.0545,4.53067
38.3745,11.0739,4.53464
47.7505,29.138,8.0328
47.7397,29.1753,8.06763
47.697,29.1841,8.07127
47.7216,29.1936,8.08317
38.3689,11.0172,4.52694
38.3691,10.9982,4.52397
38.3702,11.0988,4.53866
46.677,27.1681,6.68944
38.3737,11.0366,4.52924
46.0648,25.9316,6.31665
47.6992,29.1243,8.01482
47.673,29.1394,8.0262
47.6972,29.1538,8.04256
47.6506,29.1259,8.01096
47.6457,29.1552,8.03771
38.381,11.125,4.54112
46.102,26.0479,6.34484
46.1273,26.0598,6.34697
46.7329,27.3144,6.74933
46.7178,27.2932,6.74025
46.7471,27.2965,6.74203
46.819,27.3817,6.7788
46.8016,27.4312,6.80079
46.8326,27.4088,6.7909
38.3148,11.0668,4.53973
38.2858,11.0779,4.54326
38.2857,11.0386,4.53855
45.9364,25.6825,6.2617
45.9179,25.6509,6.25517
45.9438,25.7994,6.28867
47.6175,29.1327,8.01314
47.6713,29.1715,8.05626
38.3836,11.1725,4.54729
38.3911,11.2067,4.55111
38.418,11.1745,4.54399
46.0955,26.1556,6.37148
45.9177,25.7446,6.27677
45.9279,25.7716,6.28264
38.4669,11.2722,4.5524
38.4576,11.235,4.54808
46.7377,27.3426,6.76119
46.3452,26.5003,6.46335
46.6918,27.1507,6.68248
46.6821,27.1333,6.67567
46.692,27.1182,6.66945
38.3953,11.1506,4.54314
45.8395,25.6735,6.26172
45.8154,25.6329,6.25321
45.7624,25.6493,6.2547
45.7746,25.5918,6.24437
38.4015,11.3587,4.569
38.4257,11.3907,4.5714
38.4458,11.3434,4.56417
47.5117,28.9754,7.85689
45.7254,25.5768,6.23982
45.6935,25.5417,6.23204
45.7581,25.5325,6.2326
47.619,29.172,8.04982
47.5837,29.1709,8.04382
47.6038,29.2127,8.0855
47.5721,29.1235,7.99851
47.5359,29.1696,8.03526
46.7726,27.5517,6.85285
45.7223,25.6224,6.24772
47.4767,28.8582,7.75059
47.3822,28.8571,7.73772
47.3374,28.9083,7.7739
38.2115,11.2026,4.55856
38.4011,11.5092,4.58528
38.4193,11.5609,4.59019
38.466,11.5266,4.58511
38.4086,11.6194,4.59601
38.4763,11.5851,4.59129
47.2738,28.9397,7.78964
47.3186,28.9706,7.8234
47.3361,29.0305,7.8778
46.8037,27.8241,6.983
47.2428,28.7416,7.62363
47.312,28.7218,7.61793
47.2762,28.676,7.5773
47.2978,28.7944,7.67402
38.1041,11.3065,4.56431
38.1078,11.3757,4.56891
38.0316,11.3305,4.56177
38.1589,11.2888,4.565
46.1785,26.3469,6.42042
41.884,18.3327,5.24118
41.8807,18.2572,5.23378
41.8229,18.2776,5.23454
41.9132,18.2028,5.22748
41.835,18.2125,5.22889
45.2553,25.0292,6.12027
45.3086,25.0623,6.13013
45.3346,24.9945,6.12359
45.3312,25.1241,6.14032
45.3886,25.0463,6.13494
46.7686,27.4554,6.81036
45.5994,25.4257,6.20697
45.647,25.4954,6.22146
47.2593,28.8752,7.73359
47.2114,28.8131,7.67527
47.1743,28.8804,7.72292
47.17,28.7561,7.62327
47.1201,28.8225,7.66665
46.1855,26.2616,6.39854
41.6006,17.9606,5.19944
41.5827,17.9039,5.19426
41.6674,17.9103,5.19757
45.5185,25.379,6.19345
41.5756,18.0341,5.20292
41.6497,18.0754,5.21056
41.6847,17.9929,5.20546
41.6803,18.1479,5.21757
41.7502,18.0638,5.21338
38.7854,12.501,4.68545
38.8586,12.438,4.67973
38.7695,12.4102,4.67651
44.7226,23.9913,5.94881
44.7608,24.0496,5.95873
44.829,23.9883,5.95767
44.7425,24.1153,5.96323
44.8421,24.0811,5.96964
44.804,24.1498,5.97357
44.8854,24.1457,5.98062
42.3438,19.2436,5.33852
42.2579,19.2397,5.33368
42.2759,19.3137,5.34033
42.2076,19.202,5.32734
38.4278,11.7799,4.61085
40.4909,15.8324,4.99356
40.5484,15.7695,4.99007
45.3897,25.267,6.16503
45.3607,25.1981,6.15295
45.4664,25.3003,6.1774
45.4477,25.194,6.16063
39.5676,13.8634,4.81737
39.4767,13.8534,4.81513
39.4872,13.9439,4.82202
39.4044,13.8207,4.81001
46.9235,28.3375,7.28732
46.8795,28.25,7.22626
46.804,28.3033,7.24631
46.9051,28.1753,7.18553
44.1364,22.8977,5.78523
44.1673,22.9646,5.79429
44.229,22.8711,5.79081
39.6994,14.3295,4.85734
39.7417,14.3898,4.8632
39.7953,14.3307,4.85966
39.7421,14.4571,4.86784
39.8265,14.4044,4.86628
40.7997,16.4662,5.05074
40.8555,16.529,5.05773
40.9123,16.4452,5.05212
40.8691,16.6076,5.06394
40.9436,16.5317,5.06024
40.6313,15.925,5.00421
40.5489,15.9384,5.00328
40.5745,16.0026,5.00879
40.4777,15.91,4.99794
39.5559,13.9985,4.82839
39.6038,13.9338,4.82376
39.5695,14.0701,4.83409
39.6401,14.0021,4.82995
45.1961,24.9896,6.10865
45.1624,24.9141,6.09601
45.2866,24.9227,6.10996
39.8303,14.5825,4.88018
39.8713,14.6501,4.88652
39.9298,14.588,4.88298
39.8445,14.7403,4.89101
39.9683,14.6724,4.89058
45.112,24.7309,6.06947
45.0401,24.6872,6.05642
45.0299,24.612,6.04715
38.9769,12.7092,4.70844
38.8889,12.7293,4.70893
38.9145,12.8014,4.71595
38.8127,12.7053,4.70377
38.8331,12.7834,4.71075
46.8156,28.3979,7.30769
46.8819,28.4649,7.36313
41.4867,17.7489,5.1778
41.422,17.6927,5.17011
41.4145,17.6265,5.16504
39.0586,13.0573,4.74188
39.0851,13.1389,4.74913
39.1491,13.0561,4.74338
39.0037,12.9957,4.73504
39.2473,13.5115,4.78208
39.3285,13.5471,4.78759
39.3295,13.4402,4.77882
46.9996,28.5856,7.4669
46.9445,28.5355,7.42212
46.9219,28.6499,7.49931
47.0384,28.5019,7.41455
39.924,14.7938,4.8986
39.9895,14.8395,4.90437
40.0228,14.7553,4.89819
43.5387,21.7619,5.63098
43.4646,21.6886,5.61767
38.4823,12.0157,4.63263
38.5244,12.0924,4.64068
38.5817,12.0042,4.63407
43.7933,22.3054,5.69966
44.5006,23.6215,5.88914
44.4445,23.5516,5.87646
44.463,23.4607,5.87003
43.5923,21.8812,5.64559
42.6169,20.0389,5.41871
42.5988,19.9498,5.411
42.7476,20.2545,5.44535
42.7313,20.1621,5.43728
42.8086,20.2946,5.4534
40.3789,15.7166,4.98056
38.3953,11.4435,4.57861
40.2408,15.3864,4.95248
40.2809,15.4788,4.96044
40.3533,15.3912,4.95579
44.2055,23.0439,5.80526
44.2546,23.1061,5.81594
44.3027,23.0308,5.81287
39.6526,14.2485,4.84984
42.8884,20.4703,5.4732
40.015,15.0211,4.91774
44.3212,23.2845,5.83891
40.9537,16.7789,5.08016
42.38,19.4936,5.36099
41.186,17.2082,5.12273
38.6691,12.3955,4.67207
43.1005,20.9219,5.52543
42.0409,18.8739,5.29228
46.881,28.7708,7.58183
46.8651,28.9054,7.6846
46.9976,28.8334,7.65246
46.8086,28.6968,7.51269
46.7386,28.8336,7.60407
46.8337,28.5873,7.43835
46.7581,28.5002,7.36464
46.6862,28.658,7.46183
43.748,22.2038,5.68687
37.9382,11.6413,4.56823
41.0213,16.9785,5.09741
41.5313,17.8427,5.18705
40.2278,15.3038,4.94621
46.5845,28.3999,7.26766
46.9613,28.2374,7.23068
46.6214,28.5144,7.34947
46.4806,28.4865,7.306
46.5041,28.6504,7.42444
46.3452,28.4103,7.23329
46.3209,28.6185,7.37223
45.0558,27.1409,6.46154
44.9693,27.0243,6.4153
44.9019,27.1745,6.46005
37.4003,11.9503,4.50626
44.2952,25.8185,6.07134
45.1651,27.6819,6.68935
45.1767,27.5191,6.61635
44.9853,27.6008,6.64013
45.3962,28.2749,7.04223
41.7367,18.2445,5.22786
41.7804,18.3456,5.23777
44.5017,26.362,6.19662
44.581,26.4586,6.22572
44.3561,26.3733,6.18803
44.4338,26.4699,6.21678
43.2844,21.2494,5.5671
44.8962,27.454,6.56949
45.0512,27.444,6.57489
45.014,27.2958,6.51319
35.5734,12.0079,4.29662
35.6316,11.8858,4.29337
35.4489,12.0907,4.29542
36.0939,12.0172,4.33682
37.9366,11.5319,4.56359
45.1287,24.6456,6.06098
34.8567,12.0622,4.27958
34.9745,11.9649,4.27244
45.1626,27.8282,6.76294
44.4812,26.2307,6.16641
43.7083,22.1091,5.6753
34.3361,12.0499,4.28624
47.6996,29.2156,8.10151
46.5735,26.7976,6.55164
46.6349,26.937,6.60046
46.6475,26.9624,6.60959
46.531,26.7089,6.52237
46.5704,26.7862,6.5476
46.5794,26.8081,6.5551
46.5844,26.8197,6.5591
46.011,25.8621,6.30169
46.6521,26.9773,6.61517
38.3872,11.0222,4.52509
46.1048,26.0235,6.33844
38.3845,11.0058,4.52288
46.6815,27.0997,6.66232
46.0551,25.9119,6.3121
46.0491,25.8914,6.30719
46.4092,26.5525,6.47717
38.1853,11.2471,4.56227
38.2863,11.1539,4.55183
38.2304,11.1508,4.55346
45.9812,25.8142,6.29124
46.1275,26.1817,6.37815
47.6405,29.0982,7.98392
47.6047,29.087,7.96934
47.6605,29.0788,7.9681
47.6371,29.0585,7.94676
46.3653,26.5243,6.47013
46.3165,26.4752,6.45647
47.5612,29.0764,7.954
47.5971,29.0419,7.92706
47.5476,29.022,7.90301
38.3996,11.108,4.53653
38.2632,11.11,4.54815
38.1616,11.2062,4.55869
38.1749,11.1625,4.55516
46.2866,26.448,6.44888
42.2151,19.1347,5.32299
46.254,26.4241,6.44214
46.773,27.6104,6.87917
40.7498,16.3779,5.04226
42.4774,19.6808,5.38194
46.1824,26.3021,6.40906
46.7752,27.6753,6.909
46.7822,27.7442,6.94197
46.8052,27.9106,7.02667
43.9593,22.5621,5.73818
41.8598,18.5083,5.25434
40.1851,15.219,4.9386
37.6928,11.7992,4.54391
39.1368,13.2308,4.75783
46.9921,28.4237,7.35414
42.8428,20.2052,5.44793
44.5505,23.5262,5.88444
45.2418,27.9578,6.83849
45.0426,24.5273,6.03894
41.338,17.4648,5.14925
43.6522,24.9158,5.8769
39.6021,14.1594,4.84162
43.1566,20.9776,5.5347
42.9323,20.5692,5.48431
41.8411,18.412,5.2462
41.4135,21.955,5.37508
38.5901,12.1813,4.65072
40.2136,20.4246,5.15843
39.2262,19.1501,4.99501
38.4576,11.8615,4.61871
42.7807,23.6774,5.65396
36.6596,15.8104,4.63558
43.1228,24.1392,5.73472
35.9171,14.895,4.54975
42.4161,19.5951,5.37102
38.6401,18.3921,4.90643
38.7876,18.584,4.92829
38.0429,17.6138,4.82064
38.193,17.8102,4.84193
39.6555,19.7038,5.06395
39.797,19.885,5.08727
41.0192,21.4591,5.30205
42.0009,22.4105,5.45928
41.6792,22.2737,5.42427
40.6128,16.0779,5.01559
42.3067,23.0612,5.55025
42.43,23.2166,5.57613
37.2552,11.8471,4.48299
37.1086,11.7327,4.45955
43.388,21.4438,5.59175
43.4185,21.5308,5.60135
41.9918,18.6766,5.2747
42.008,18.7757,5.2831
46.8589,28.0996,7.13544
38.962,12.8982,4.72567
46.8354,28.0004,7.07771
43.8845,22.3652,5.71408
41.1266,17.1195,5.11322
41.115,17.018,5.1053
45.6913,28.5616,7.26304
45.5932,28.6651,7.34013
45.7088,28.721,7.39051
38.6283,12.2971,4.6621
43.2183,21.1591,5.55403
43.1877,21.06,5.54379
42.0898,18.9686,5.30238
42.1665,19.0545,5.31385
42.9855,20.6431,5.4944
41.2216,17.3136,5.13208
34.1977,12.1615,4.30374
33.8804,12.2324,4.33043
35.3022,12.0135,4.28434
44.3844,23.3833,5.85466
45.9787,28.5434,7.27385
45.5509,28.5399,7.23939
40.7047,16.2785,5.03335
34.6925,11.973,4.27194
35.9139,11.9605,4.31827
37.5521,11.8658,4.52633
45.4738,28.4081,7.13825
43.5523,24.7617,5.8479
43.4475,24.6046,5.81875
46.1669,28.4732,7.24797
37.8207,11.7134,4.55755
44.8246,26.9097,6.36699
42.5463,23.3685,5.60148
43.7457,25.0628,5.90514
44.7235,26.7447,6.31086
41.282,21.7892,5.35036
42.1807,22.907,5.52468
40.8839,21.2941,5.2782
42.055,22.7483,5.499
40.6206,20.9539,5.23051
40.7542,21.1263,5.25455
45.318,28.1167,6.93657
42.6667,23.5233,5.62781
33.8917,12.4164,4.35306
34.1362,11.7918,4.26582
34.0701,12.6307,4.36745
43.013,23.9856,5.70775
43.3403,24.4482,5.79012
43.2319,24.2932,5.76214
36.7419,11.883,4.4094
37.5876,17.02,4.75765
37.4347,16.8203,4.73694
37.2811,16.62,4.7164
37.1267,16.4191,4.69602
44.2859,25.9981,6.10278
41.9358,22.5956,5.47472
41.8061,22.4363,5.44943
39.0806,18.9635,4.97261
38.9343,18.7746,4.95035
41.5456,22.1108,5.39906
39.9381,20.064,5.11067
39.5135,19.5204,5.04072
39.3705,19.3359,5.01774
38.4916,18.1993,4.88478
40.3498,20.6001,5.18212
40.0766,20.244,5.13441
38.3425,18.0054,4.86331
34.2319,12.8486,4.38389
34.4912,11.9031,4.26764
37.8919,17.4166,4.79948
40.485,20.7784,5.20633
37.74,17.2187,4.7785
35.2342,13.9384,4.46271
35.2098,14.1215,4.48578
35.0503,13.9097,4.46773
34.9146,13.5142,4.42657
34.731,13.4843,4.43242
36.5027,15.6058,4.61571
36.3452,15.4004,4.59599
36.1904,15.2024,4.57728
36.0481,15.0343,4.5619
36.9716,16.2172,4.67577
36.8159,16.0141,4.6556
39.8139,14.4943,4.87324
46.4636,26.6386,6.50266
46.7069,27.2294,6.71409
46.7704,27.4993,6.82959
46.2611,26.3806,6.43013
38.411,11.6967,4.60317
40.3347,15.5675,4.96881
38.509,11.9376,4.62668
40.9086,16.693,5.07186
45.8296,28.6304,7.32517
34.5699,13.2704,4.41526
44.2794,23.187,5.82576
40.0271,14.9228,4.91171
34.3966,13.0586,4.3995
46.5989,26.8015,6.55052
46.5972,26.8082,6.55334
46.6048,26.8053,6.55126
46.5921,26.7956,6.54898
46.5903,26.804,6.55248
46.5633,26.7519,6.53523
46.5592,26.7449,6.53302
46.5609,26.7379,6.53012
46.5507,26.7404,6.53217
46.6294,26.8752,6.57645
46.6219,26.8722,6.57603
46.6179,26.8657,6.57386
46.6343,26.891,6.5823
46.6379,26.8848,6.57943
46.6409,26.8962,6.58371
46.6431,26.8889,6.58047
47.8916,29.3269,8.23062
47.8969,29.3194,8.22354
47.8879,29.3179,8.22129
47.8966,29.3342,8.23834
47.9023,29.3272,8.23185
46.6617,26.9656,6.60979
38.3908,10.955,4.51318
38.3998,10.947,4.50997
38.3924,10.9648,4.51462
38.4017,10.9569,4.51141
46.4996,26.6571,6.50641
46.5062,26.6663,6.50912
46.5132,26.6718,6.51044
46.517,26.6623,6.50653
46.5894,26.8113,6.55539
46.6014,26.8375,6.56441
46.6673,26.9904,6.61935
46.6422,26.9266,6.59579
46.4741,26.6296,6.49884
47.8457,29.2662,8.16624
47.8387,29.255,8.15456
47.8308,29.2693,8.16791
47.8578,29.2621,8.16323
47.8515,29.2539,8.15448
47.8222,29.2298,8.1283
47.8341,29.228,8.12752
47.8264,29.2179,8.11692
47.8252,29.2388,8.13744
38.3432,10.9327,4.51749
38.3551,10.9416,4.51709
38.3409,10.9186,4.51559
38.3254,10.9318,4.51993
46.4661,26.607,6.49158
46.4587,26.5918,6.48692
46.4732,26.6167,6.49438
46.4815,26.6047,6.4893
38.3761,10.9604,4.51675
38.3614,10.954,4.51811
46.7271,27.0734,6.64893
46.6979,27.0878,6.65691
46.704,27.1033,6.66297
46.6608,27.0033,6.62495
46.6886,27.0354,6.63609
47.7684,29.1623,8.05778
47.7767,29.1754,8.0712
47.7858,29.1605,8.05747
47.7527,29.1639,8.05785
46.6971,27.0704,6.64987
47.7592,29.1494,8.0445
47.7659,29.1339,8.03001
46.7292,27.1378,6.676
46.7497,27.1395,6.67545
46.7635,27.1669,6.68631
46.3862,26.5152,6.46638
38.4065,11.0233,4.52219
46.1179,26.002,6.33204
46.1283,26.0176,6.33555
46.1423,26.0034,6.3305
46.1265,26.0361,6.34068
46.1505,26.0224,6.33516
38.4392,11.0991,4.52945
38.4454,11.1143,4.53094
38.4592,11.1034,4.52671
38.4401,11.1323,4.5347
38.4629,11.1207,4.52907
46.0991,25.948,6.31877
46.0894,25.9307,6.31483
46.1113,25.9625,6.32174
46.12,25.9446,6.3159
46.6025,26.8276,6.56042
46.6383,26.9051,6.58756
46.0482,25.8724,6.30234
46.066,25.8743,6.3015
46.0611,25.8535,6.29629
46.705,27.1357,6.67612
46.719,27.1187,6.66858
47.7274,29.1154,8.00903
47.7525,29.1205,8.01608
46.4257,26.5467,6.47418
38.3876,10.9887,4.51957
47.7572,29.2445,8.13607
47.7603,29.2192,8.11194
47.7437,29.2273,8.11795
46.0242,25.8392,6.29532
46.0115,25.8224,6.29183
46.0141,25.8025,6.28662
47.6739,29.1056,7.99458
46.0808,25.9119,6.31041
46.0725,25.893,6.30599
38.3975,11.0116,4.52172
38.4,10.9987,4.51914
38.4175,11.0938,4.53193
46.8128,27.2891,6.73739
46.7689,27.3157,6.75022
38.4222,11.1488,4.53972
38.4469,11.1564,4.53753
38.4103,11.1302,4.53846
45.9731,25.76,6.27851
45.9527,25.7461,6.27613
45.9544,25.7723,6.28223
46.0001,25.7618,6.27719
45.9841,25.7394,6.27267
46.7259,27.2124,6.70709
46.1679,26.1034,6.35658
46.157,26.0751,6.34943
47.686,29.0748,7.96685
45.9747,25.7833,6.28407
46.1283,26.1479,6.36968
46.1485,26.1262,6.36367
47.6316,29.0181,7.90892
46.4591,26.5748,6.48096
45.8603,25.6388,6.25441
45.8498,25.6109,6.24855
45.8806,25.6657,6.25992
45.8915,25.6359,6.25292
47.6685,29.2101,8.0923
47.6414,29.1904,8.07015
47.6362,29.2247,8.10147
38.1689,11.0794,4.54786
38.1849,11.1228,4.55161
38.2156,11.0972,4.54858
47.7077,29.0937,7.98672
45.7214,25.4828,6.22244
45.6773,25.44,6.21337
45.6631,25.3955,6.20493
47.4802,29.1011,7.96431
47.4358,29.0837,7.94153
47.4325,29.1452,7.9958
47.4114,29.0327,7.89262
47.369,29.1103,7.95338
47.3345,28.6727,7.58203
47.3705,28.6972,7.60548
47.3911,28.6385,7.5608
47.4813,29.035,7.90553
47.3299,28.8469,7.72169
47.3757,28.7973,7.6873
46.8776,27.8121,6.98461
46.8733,27.8665,7.01195
46.9422,27.835,7.00143
46.8536,27.7629,6.95797
47.5192,29.0701,7.94246
47.5259,29.1163,7.98513
45.4765,25.1142,6.15036
45.5209,25.1408,6.15644
45.5348,25.0658,6.14346
45.4116,25.1214,6.1474
45.5783,25.2795,6.18183
45.5348,25.3131,6.18485
45.5814,25.3417,6.1923
47.5326,28.929,7.81838
38.1162,11.2385,4.56013
38.1192,11.1716,4.5553
46.9186,28.0413,7.11062
46.9783,28.0584,7.12695
46.9797,28.0052,7.09687
47.0171,28.0962,7.15281
47.033,28.037,7.11965
44.9598,24.2622,6.00027
45.0413,24.2838,6.00775
45.0254,24.2009,5.99528
45.2253,24.6331,6.06567
45.1814,24.5878,6.05706
45.1893,24.5206,6.04754
45.1125,24.5663,6.04971
38.6618,12.0224,4.63561
38.6262,12.081,4.64209
38.7291,11.9977,4.63019
38.6673,11.9609,4.62829
42.228,18.9162,5.30393
42.1748,18.9629,5.30696
42.2475,18.99,5.31169
42.2193,18.8422,5.29595
42.1469,18.8886,5.29938
47.015,28.2813,7.26522
47.0552,28.2122,7.22694
47.1459,28.3611,7.33326
47.0669,28.365,7.3262
47.0762,28.4232,7.36638
47.0215,28.337,7.30169
44.176,22.7527,5.77472
44.2541,22.7746,5.78095
44.2385,22.6932,5.77015
44.1577,22.823,5.78048
40.2794,15.1818,4.93679
40.2844,15.2422,4.94234
40.3468,15.1859,4.93565
40.2555,15.1293,4.932
39.0519,12.8525,4.72317
39.1299,12.8734,4.72425
39.1153,12.7858,4.71418
39.0512,12.919,4.72968
43.3526,21.0519,5.55273
43.2802,21.0267,5.54751
43.2719,21.0854,5.55254
43.2451,20.9716,5.54038
42.5847,19.6932,5.38912
40.4288,15.4054,4.95654
40.476,15.4418,4.959
40.4986,15.3607,4.94823
40.3871,15.474,4.96322
39.2893,13.2733,4.76356
39.2974,13.3439,4.77012
39.3615,13.2808,4.7626
39.2503,13.2101,4.75784
39.2095,13.3034,4.76554
38.914,12.5812,4.69503
38.9958,12.6102,4.69697
38.9786,12.5227,4.68667
38.9015,12.6553,4.70246
40.1129,14.8695,4.90851
40.072,14.8219,4.90426
40.1645,14.8053,4.90046
43.1919,20.7703,5.51762
43.2362,20.8129,5.52327
43.2565,20.7468,5.51505
43.1488,20.8339,5.52208
39.8733,14.3327,4.85917
39.8636,14.2687,4.85267
39.9306,14.3703,4.86134
39.9421,14.281,4.85002
42.0404,18.5157,5.261
42.0982,18.5554,5.26468
42.1085,18.4679,5.25314
42.0086,18.5858,5.26765
38.4991,11.7176,4.60505
45.1155,24.5024,6.04158
45.1614,24.447,6.03559
39.9754,14.4405,4.86734
39.8926,14.4453,4.87002
39.9083,14.5137,4.87631
38.683,12.1274,4.64696
38.7124,12.0637,4.63919
40.1632,14.9539,4.91611
40.1713,15.0216,4.92235
40.2416,14.9542,4.91398
40.1169,14.9219,4.91331
40.095,14.9867,4.91847
47.1675,29.0119,7.83057
47.1966,29.0701,7.88575
47.2517,29.0085,7.8437
47.1902,29.1468,7.95087
47.2726,29.1032,7.92909
45.2278,24.8321,6.0931
45.1898,24.767,6.08148
45.2022,24.6998,6.07374
42.2862,19.0678,5.32015
38.5544,11.8575,4.61909
47.2019,28.9433,7.77969
47.0883,28.9495,7.76334
45.9411,25.7171,6.26974
40.1753,15.1112,4.93005
40.2618,15.0457,4.92335
44.0175,22.475,5.73531
43.909,22.266,5.70687
47.0888,28.5803,7.47797
47.1636,28.6225,7.52058
47.1972,28.536,7.46179
42.8326,20.3742,5.46135
42.9379,20.3765,5.46843
43.4374,21.3579,5.58819
45.072,24.4513,6.03202
41.9609,18.5179,5.26012
41.0303,16.6827,5.07481
45.4031,28.6822,7.35159
45.4918,28.6398,7.31689
45.4049,28.5602,7.25119
45.3797,28.776,7.43397
45.4918,28.748,7.4083
39.7287,14.1534,4.84364
41.3872,17.3751,5.14332
41.6299,17.8406,5.19042
41.2204,17.1191,5.11709
44.0978,22.6302,5.75668
40.7135,16.0727,5.01767
43.0407,20.8405,5.51387
43.2132,20.8974,5.53157
43.8206,22.1136,5.68579
43.5074,21.5325,5.60907
45.5999,28.7901,7.44598
45.5934,28.8847,7.53071
45.6949,28.8706,7.51907
45.5169,28.8501,7.49932
45.5253,28.938,7.58121
44.4045,23.196,5.83776
43.111,20.7611,5.51321
46.9648,28.9593,7.74754
46.9804,28.7218,7.56325
41.1288,16.9107,5.09681
42.1243,18.7914,5.28979
38.7061,12.2024,4.6549
43.0435,20.5788,5.49263
40.8296,16.2937,5.03792
37.7961,11.5417,4.54894
37.8802,11.428,4.55381
47.0903,28.7083,7.5729
47.0164,28.65,7.51647
47.198,28.6842,7.57234
42.3009,19.1644,5.32975
42.6573,19.8493,5.40662
38.044,11.2578,4.55831
40.5786,15.8527,4.99748
36.216,12.08,4.35119
36.2507,11.9072,4.34885
37.4086,11.7583,4.50363
39.4956,13.7015,4.80265
41.0663,16.7649,5.08273
36.9855,11.7929,4.44249
36.9581,11.6071,4.43574
35.6101,11.733,4.28393
35.7242,11.6306,4.28775
35.6016,11.5501,4.27449
35.7734,11.7957,4.29921
44.2783,26.2056,6.14449
44.7398,27.19,6.45532
44.5728,27.1887,6.4476
44.6276,27.3431,6.51157
44.8236,27.0705,6.41822
44.6817,27.0533,6.40318
44.5088,27.0506,6.39419
44.6177,26.9048,6.35047
34.4215,11.7285,4.25207
34.5433,11.7468,4.25238
34.5264,11.6057,4.23984
34.2997,11.8545,4.26711
36.8426,11.7437,4.42107
45.5325,25.2658,6.17733
45.5172,25.2144,6.16833
35.0262,11.8236,4.26245
34.8717,11.8864,4.26483
34.7606,11.7764,4.2548
33.9855,11.7364,4.26592
33.8662,11.694,4.26688
44.1276,25.9167,6.07456
35.1675,11.7678,4.26264
35.0952,11.6488,4.25201
35.305,11.8122,4.27106
35.2822,11.6094,4.25745
43.7825,25.5163,5.9781
43.6159,25.5485,5.9749
43.7335,25.685,6.00618
34.6274,11.8183,4.25831
43.7196,25.3859,5.952
36.0732,11.8256,4.32744
43.8582,22.1967,5.69651
43.9793,22.3949,5.72459
43.9747,22.3137,5.71571
35.4755,11.8842,4.2839
43.9327,25.7212,6.02429
36.5717,11.8208,4.38525
36.6812,11.6953,4.39757
34.9295,11.7019,4.25116
46.5834,26.7993,6.55137
46.5816,26.7914,6.5485
46.5547,26.7312,6.52826
46.5426,26.7061,6.52008
46.4869,26.6321,6.49863
38.3974,10.976,4.51565
46.6495,26.9359,6.59887
46.6128,26.849,6.5678
46.5956,26.8155,6.55641
46.5681,26.7441,6.53167
46.5363,26.6982,6.51782
46.5298,26.6907,6.5157
46.5256,26.684,6.51366
46.575,26.7681,6.54018
46.5764,26.7768,6.54339
46.5811,26.7836,6.54552
46.6768,27.0091,6.62623
46.6772,26.9965,6.62105
38.3696,10.9312,4.5129
46.4135,26.5345,6.47099
47.8132,29.2398,8.13733
47.8219,29.2541,8.15211
47.7982,29.2353,8.13151
47.8005,29.2583,8.15413
47.8018,29.2154,8.11234
47.8133,29.224,8.12186
47.7801,29.2505,8.14436
47.7924,29.2028,8.09923
46.743,27.2741,6.73261
46.7431,27.2518,6.72326
47.7803,29.2241,8.11878
46.6806,27.0214,6.63096
46.7322,27.2337,6.71585
46.0366,25.8578,6.29932
47.7244,29.2224,8.11105
46.1615,26.1587,6.37184
46.7749,27.3508,6.76531
46.6934,27.0525,6.64277
38.2452,11.0619,4.54378
38.3113,11.0067,4.53224
46.1099,25.9824,6.32728
46.8141,27.4687,6.81783
46.8219,27.5182,6.84048
46.1683,26.1986,6.3822
45.9975,25.7887,6.28421
46.3473,26.4702,6.45413
46.8393,27.7013,6.92686
46.3244,26.4421,6.44645
47.6693,29.0541,7.94588
46.2951,26.4106,6.43805
47.5975,28.9949,7.88426
46.2198,26.3224,6.4145
38.4538,11.4243,4.57371
38.4544,11.472,4.57936
47.5636,28.9649,7.85368
38.4342,11.2043,4.54639
42.3163,19.4067,5.34995
42.4276,19.398,5.35577
47.2467,28.6087,7.52196
46.8705,27.9281,7.04371
41.2062,17.0465,5.11034
41.3149,17.23,5.1288
45.8277,25.5855,6.24345
42.6209,19.7716,5.39788
47.4372,28.8283,7.72067
41.425,17.4666,5.15239
41.4779,17.5472,5.16069
38.4172,11.233,4.55218
42.2905,18.9365,5.30592
44.7828,23.9063,5.94468
44.7261,23.8303,5.93176
46.83,27.5729,6.8659
38.5238,11.7886,4.61216
46.8396,27.6365,6.8961
45.6379,25.3559,6.19712
38.484,11.6491,4.59806
47.3504,28.749,7.64469
43.3982,21.2775,5.5782
43.3863,21.195,5.56937
39.7736,14.2433,4.8518
46.9201,27.9696,7.07132
46.9915,28.1604,7.1881
46.9448,28.1058,7.15039
44.6043,23.6088,5.89763
41.7844,18.1485,5.22194
45.3106,28.4239,7.14492
41.3172,17.3216,5.13706
41.1938,16.9714,5.10315
39.4189,13.5646,4.79022
40.4545,15.5375,4.96909
39.0145,12.7949,4.71729
39.1103,12.9703,4.73499
42.9043,20.2902,5.45868
45.0606,27.9495,6.82589
39.6718,14.0767,4.8367
44.9217,24.2089,5.99095
45.958,28.7292,7.41337
44.502,23.3659,5.86317
44.5647,23.4296,5.87426
44.0585,22.5532,5.74608
37.699,11.6558,4.54069
41.5908,17.7645,5.18268
44.4381,23.2947,5.85089
40.8467,16.3843,5.04603
40.3107,15.3123,4.94863
40.6695,15.9978,5.01083
39.3987,13.4916,4.78349
42.3822,19.3209,5.34701
44.341,23.1062,5.82362
47.1382,28.4647,7.40334
42.8011,20.0725,5.43346
44.265,22.9559,5.80227
44.5331,26.7528,6.29924
44.4668,26.6003,6.25251
43.0904,20.6665,5.50327
43.7872,22.03,5.67533
43.4512,24.9389,5.8646
39.1928,13.1356,4.75096
42.4763,19.4535,5.3626
41.9419,18.423,5.25086
45.8207,28.7997,7.46189
43.4916,21.4417,5.59945
38.6038,11.9176,4.62492
41.5663,17.6949,5.17576
41.5037,17.6435,5.16994
40.5616,21.1352,5.24984
40.429,20.9598,5.22578
43.2443,24.6288,5.80658
40.1589,20.6057,5.17801
43.0291,24.321,5.75085
42.9201,24.168,5.72381
41.1506,21.6255,5.3262
41.0882,21.8086,5.34533
41.4837,22.2963,5.41811
41.6108,22.4574,5.44269
41.3511,22.1383,5.39406
37.0956,16.6016,4.71732
36.9414,16.3997,4.69723
40.8255,21.477,5.29763
37.5541,17.2022,4.77848
37.4019,17.0026,4.75792
42.8938,23.8309,5.68034
42.5795,23.7069,5.64425
36.1606,15.3769,4.59865
36.0148,15.1967,4.58217
36.4747,15.7886,4.63766
38.4532,18.3813,4.90478
39.0381,19.1454,4.9925
42.1083,23.0913,5.54249
38.0067,17.7958,4.84103
38.156,17.9922,4.86216
42.2298,23.246,5.56769
42.3466,23.4004,5.59296
39.6076,19.8855,5.08391
39.7481,20.0669,5.10721
41.7378,22.6197,5.46772
43.6417,21.7806,5.64147
44.6513,23.6781,5.90888
42.8108,20.139,5.44029
42.0817,18.701,5.28023
38.7568,12.3008,4.66531
33.7062,12.1826,4.33718
33.6794,11.9615,4.31075
37.2566,11.6512,4.47983
37.1181,11.5785,4.45863
46.1158,28.6688,7.38224
45.2238,28.2698,7.03295
45.1437,28.1057,6.92288
41.2199,21.9729,5.36947
41.9838,22.9337,5.51713
43.1373,24.4746,5.77842
44.8157,27.3235,6.51095
43.6371,25.2313,5.92157
43.3496,24.7842,5.83541
33.7164,12.3743,4.36184
40.2942,20.7819,5.20167
40.0234,20.4255,5.15412
42.4654,23.5533,5.61851
40.957,21.6424,5.3213
40.6915,21.3077,5.27374
36.7865,16.1968,4.67723
42.8102,24.0149,5.69716
36.3929,11.7517,4.36093
34.5475,13.4536,4.44013
34.0586,12.8084,4.39146
35.8825,15.0496,4.56944
37.2491,16.8024,4.73754
35.5644,14.6107,4.52924
35.7386,14.9273,4.56053
35.3752,14.3404,4.50474
39.3248,19.5176,5.0377
39.1821,19.332,5.01495
38.893,18.9565,4.97023
38.747,18.7658,4.94817
39.8865,20.2459,5.1305
39.4666,19.7021,5.0607
38.3049,18.1874,4.88341
37.8568,17.5987,4.82003
37.7059,17.401,4.79918
35.0261,14.0926,4.49224
34.8906,13.6973,4.44994
34.8667,13.8802,4.47458
34.7071,13.6672,4.45721
36.6309,15.993,4.65738
36.3179,15.5832,4.61808
42.0629,18.6298,5.27295
38.4252,11.1135,4.53391
41.2782,17.1535,5.12118
43.9849,25.852,6.0523
46.5486,26.7128,6.52195
46.4047,26.5189,6.46646
46.0402,25.8154,6.28791
46.5952,26.8226,6.55921
38.4058,10.9861,4.51589
46.2547,26.3389,6.41852
38.8803,12.5175,4.6883
43.3196,21.1427,5.5608
40.7814,16.2043,5.02967
39.4544,13.6443,4.79747
40.765,16.1296,5.02287
43.003,20.499,5.4831
45.7291,25.4341,6.21314
42.6936,23.8608,5.67042
43.5469,25.0886,5.89343
44.9998,27.7846,6.73231
38.6005,18.574,4.92635
41.1134,16.8232,5.08854
40.9782,16.6088,5.06755
42.9839,20.4321,5.47575
46.5845,26.7531,6.53299
46.58,26.7546,6.53424
46.585,26.7585,6.53511
46.5874,26.7489,6.53082
46.5807,26.7488,6.53185
46.5705,26.7241,6.5234
46.5668,26.7203,6.52241
46.5663,26.7257,6.52464
46.5731,26.7201,6.52136
46.5707,26.7155,6.51985
46.5659,26.7151,6.52048
46.5618,26.7117,6.51974
46.5619,26.7174,6.52197
46.5797,26.7434,6.52978
46.5754,26.7395,6.52887
46.5752,26.7456,6.53132
46.5849,26.7439,6.52916
46.5826,26.739,6.52755
46.5494,26.7013,6.51738
46.5504,26.7065,6.51927
46.5559,26.7027,6.51704
46.5442,26.6989,6.51715
46.5442,26.6933,6.51499
46.539,26.6889,6.51394
46.5469,26.6872,6.51223
46.6498,26.8866,6.5787
46.6506,26.8931,6.58126
46.6535,26.8814,6.57596
46.6451,26.8815,6.57719
38.3813,10.892,4.50349
38.3872,10.8914,4.50203
38.384,10.8846,4.50142
38.3846,10.8994,4.50417
46.6505,26.8754,6.57387
46.6439,26.875,6.57464
46.6387,26.8702,6.57332
46.6374,26.8783,6.57682
46.6042,26.8115,6.55385
46.6112,26.8127,6.55342
46.6098,26.8079,6.55166
46.6557,26.8985,6.58288
46.6594,26.8934,6.58021
46.6562,26.906,6.58595
46.6625,26.8995,6.58237
46.6112,26.8384,6.56375
46.6162,26.8431,6.56507
46.6197,26.8353,6.56148
47.8873,29.3035,8.20686
47.884,29.2969,8.20004
47.8768,29.3039,8.20639
47.8956,29.3023,8.20631
47.8916,29.2961,8.19983
46.5869,26.7773,6.54238
46.6616,26.9383,6.59868
46.6718,26.9383,6.59755
46.6052,26.8187,6.55661
46.577,26.7601,6.53685
46.6111,26.8318,6.56113
46.6138,26.8238,6.55756
46.6546,26.9145,6.58964
46.6467,26.9182,6.59203
46.654,26.9241,6.59366
46.6468,26.9101,6.58875
46.6244,26.8581,6.57016
38.4204,10.983,4.51243
38.4211,10.9737,4.51052
38.4112,10.9753,4.51288
38.4295,10.9753,4.50895
38.4264,10.967,4.508
46.5275,26.6758,6.51035
46.5559,26.7164,6.52242
46.5597,26.7236,6.52471
47.8545,29.2741,8.1748
47.8409,29.2824,8.18182
47.8549,29.2864,8.18702
47.865,29.2683,8.16993
46.5636,26.7306,6.52698
38.4266,10.9916,4.51274
38.4367,10.9933,4.51086
38.433,10.9839,4.50984
38.4266,11.0027,4.51482
46.6895,27.0007,6.6217
46.7416,27.0765,6.64879
46.7462,27.088,6.65335
47.8473,29.2441,8.14442
47.8354,29.2421,8.14148
46.6293,26.8662,6.57286
38.4113,11.0078,4.51869
47.8647,29.2792,8.18076
47.8661,29.2933,8.19493
47.8487,29.3033,8.20314
47.8624,29.3204,8.22144
47.8648,29.3067,8.20808
47.8712,29.3135,8.21541
47.8188,29.2077,8.10622
38.3551,10.9256,4.51446
46.5904,26.7861,6.54543
46.4981,26.6204,6.49316
46.4166,26.5072,6.46156
46.4223,26.5183,6.46485
46.4307,26.5048,6.45931
46.403,26.4999,6.46029
47.8143,29.2729,8.16982
47.7997,29.2807,8.17586
47.8116,29.2914,8.18762
46.6483,26.9011,6.58491
47.8064,29.1861,8.08405
47.7947,29.1734,8.07073
47.8286,29.2979,8.19582
47.8317,29.3154,8.21335
38.3957,10.9379,4.5091
47.8137,29.3128,8.20877
47.7908,29.3035,8.19704
46.3882,26.4417,6.44216
46.3948,26.4272,6.43642
46.373,26.4303,6.43982
46.4051,26.4421,6.44033
46.1952,26.0369,6.33427
46.185,26.0495,6.33951
46.202,26.0529,6.33836
46.17,26.0543,6.34252
46.1852,26.0652,6.34422
46.8173,27.2536,6.72094
46.8263,27.2706,6.72805
46.4307,26.5302,6.46814
45.3261,29.3174,7.9952
45.3289,29.2911,7.96446
47.7782,29.1459,8.04267
38.434,11.0819,4.5274
47.8251,29.2821,8.18
46.1364,25.9836,6.32539
46.7525,27.2164,6.70816
46.3463,26.3979,6.43157
46.3646,26.4114,6.43437
46.3718,26.394,6.4278
46.3481,26.4239,6.43968
45.9663,25.6671,6.25556
45.9819,25.6786,6.257
45.9907,25.6604,6.2509
45.9639,25.6933,6.26253
45.9876,25.6966,6.26122
47.7823,29.2768,8.17018
47.7617,29.2978,8.18796
47.7648,29.2682,8.15979
46.0198,25.7805,6.28042
46.2326,26.1311,6.35889
46.2187,26.1477,6.36542
46.241,26.1523,6.3645
46.1951,26.1528,6.36869
46.2181,26.1709,6.3723
46.3377,26.3759,6.42524
46.32,26.3892,6.43062
46.3471,26.3558,6.41779
46.3186,26.3598,6.42167
47.732,29.0933,7.98833
46.7614,27.2352,6.71588
38.494,11.1987,4.53709
38.5167,11.2044,4.53403
38.509,11.1825,4.53153
38.4689,11.2028,4.54167
38.4931,11.2197,4.54076
46.2295,26.1984,6.37948
46.2019,26.1942,6.37993
46.2033,26.2231,6.38786
46.2603,26.199,6.37688
46.2494,26.1753,6.3707
46.4748,26.5928,6.48571
46.474,26.5789,6.48082
47.847,29.2315,8.13193
46.0492,25.8372,6.29296
47.7299,29.25,8.13804
47.7435,29.2747,8.16347
47.7363,29.3021,8.18874
46.8081,27.3584,6.7685
47.6808,29.0298,7.92418
47.6562,29.0334,7.92541
47.7032,29.2482,8.13292
47.6752,29.2762,8.15562
47.7124,29.2851,8.1693
46.2825,26.2897,6.40278
46.3083,26.2905,6.40072
46.2964,26.2676,6.39464
46.2894,26.3164,6.41038
45.9707,25.7184,6.26833
47.68,29.2393,8.12141
46.3564,26.4476,6.44663
46.3721,26.466,6.45148
46.2225,26.2852,6.40433
38.454,11.1799,4.54019
38.2179,11.0214,4.5407
38.2523,11.0205,4.53873
38.2403,10.9827,4.5351
38.2028,11.0564,4.54491
47.6523,29.2479,8.12558
47.6423,29.282,8.15611
46.326,26.4129,6.43754
47.556,28.894,7.78981
47.5788,28.9235,7.81812
47.5986,28.8888,7.78877
45.3386,29.2231,7.88671
45.3281,29.2589,7.92798
45.3688,29.2503,7.91361
45.297,29.2276,7.8968
38.4924,11.338,4.55902
38.4776,11.3086,4.55643
38.5277,11.3439,4.5556
38.5177,11.3117,4.55193
47.639,28.9775,7.87227
46.9161,27.5864,6.87451
46.9368,27.6148,6.88864
46.96,27.5903,6.87581
46.9379,27.647,6.90483
46.9722,27.6229,6.89228
45.8099,25.5465,6.23546
46.1507,26.0463,6.34187
47.5448,29.2986,8.15524
47.5032,29.2892,8.13912
47.5431,28.8669,7.76482
45.7095,25.281,6.18211
45.729,25.2437,6.17254
45.6747,25.2533,6.17762
45.7515,25.2794,6.179
45.6626,25.2074,6.16856
45.6221,25.238,6.17538
45.6834,25.167,6.15854
45.6266,25.1777,6.16366
45.6148,25.1317,6.15475
45.5712,25.1629,6.16129
45.6357,25.0865,6.14404
45.5805,25.1053,6.15042
47.4739,28.7881,7.69075
47.4396,28.768,7.67057
47.4912,28.7484,7.65883
46.8728,27.5974,6.8791
47.4848,29.1615,8.01948
38.5024,11.4367,4.57168
47.0847,28.0126,7.10861
47.1157,27.9677,7.08291
47.0472,27.9723,7.08321
47.138,28.0167,7.11282
46.1789,26.1297,6.36322
47.7115,29.0653,7.9601
47.6951,29.0493,7.94365
47.4049,28.7342,7.63907
47.4615,28.7175,7.63073
47.292,28.3175,7.31441
47.2645,28.3639,7.34574
47.317,28.3625,7.34745
47.2116,28.3993,7.36625
47.2762,28.4173,7.3845
47.4923,28.8188,7.71851
38.0733,11.1186,4.55031
38.1377,11.1186,4.55137
38.1071,11.055,4.54598
38.0514,11.1857,4.55416
47.2125,28.1715,7.21255
47.1612,28.1782,7.21459
47.1714,28.2231,7.24425
47.1193,28.1621,7.20164
47.1225,28.2107,7.23258
46.2963,26.3781,6.42846
42.9992,20.1202,5.43659
43.0286,20.0723,5.42598
42.9537,20.0775,5.43296
43.0573,20.1213,5.4314
38.7898,11.9731,4.62226
38.7961,12.0344,4.63078
38.8221,11.9275,4.61132
38.7467,11.9289,4.61952
38.5382,11.5441,4.58296
46.9013,27.7225,6.94137
45.6265,25.2971,6.18632
45.6909,25.3571,6.19811
46.9309,27.9025,7.03626
45.5727,25.2217,6.17174
44.6358,23.3294,5.86133
44.5733,23.3192,5.86009
44.5848,23.3681,5.86705
44.5208,23.2937,5.85537
42.4011,18.8518,5.28645
42.3437,18.849,5.29175
42.3547,18.9076,5.29955
42.2993,18.8044,5.28841
42.2893,18.8773,5.29869
40.3115,15.0853,4.9258
40.348,15.0327,4.91697
43.2788,20.6885,5.506
43.3132,20.7254,5.50963
43.346,20.6798,5.49897
43.3152,20.7828,5.51822
43.3693,20.7299,5.50544
43.4273,20.9921,5.54407
43.4746,21.0313,5.54748
43.5035,20.9846,5.5369
43.4839,21.09,5.55609
43.5297,21.0354,5.5433
41.6337,17.479,5.14754
41.6895,17.4812,5.14197
41.665,17.4319,5.1368
41.6406,17.5359,5.15514
43.3511,20.8387,5.52482
43.2855,20.8456,5.52747
43.3031,20.8997,5.53417
38.5585,11.6665,4.59718
42.5592,19.4655,5.3647
42.6433,19.4685,5.36223
39.9236,14.214,4.84272
39.8614,14.1996,4.84499
39.8121,14.1688,4.84361
47.066,28.1361,7.18125
37.9886,11.1146,4.54683
37.9821,11.2051,4.5517
37.9875,11.2682,4.55547
45.3995,24.9804,6.1258
45.3727,24.9386,6.1181
45.3982,24.8685,6.10784
39.5474,13.6424,4.79555
39.6317,13.642,4.79054
47.3815,29.1962,8.03208
47.4407,29.2136,8.05874
47.5179,28.8475,7.74564
42.8723,20.1168,5.43966
40.115,14.7397,4.89515
40.0843,14.6689,4.88848
40.0602,14.6069,4.88251
42.3735,19.1024,5.32417
42.3655,19.0435,5.3172
42.4015,19.1718,5.33194
42.4563,19.1097,5.32204
38.6374,11.8462,4.61546
44.9423,24.08,5.9754
40.0052,14.5844,4.88198
40.0731,14.5333,4.87287
40.3985,15.3078,4.94711
40.4311,15.3525,4.95085
40.4763,15.2982,4.94182
42.7925,19.8935,5.41354
39.7541,14.0745,4.83536
39.819,14.0993,4.83538
39.8149,14.02,4.8258
46.189,26.1753,6.3753
41.1698,16.7547,5.08027
41.8755,18.1467,5.22182
43.5043,21.2748,5.58119
43.0269,20.3774,5.47064
43.9951,22.2378,5.70735
41.0737,16.5961,5.06536
44.6568,23.5333,5.89125
44.7881,23.7517,5.9248
44.0809,22.3946,5.72878
47.2171,28.4598,7.4094
43.4048,21.1159,5.56103
37.922,11.2477,4.54968
37.8855,11.3204,4.54989
37.9577,11.3084,4.55538
39.6668,13.6835,4.79313
40.6879,15.8371,4.99468
41.7774,17.987,5.20554
42.6889,19.5616,5.37297
41.3608,17.144,5.1193
41.3127,17.068,5.11193
44.3661,22.9495,5.80628
41.6176,17.6206,5.16724
43.113,20.5056,5.48595
40.8072,16.0658,5.01549
41.2445,16.8991,5.09449
42.1746,18.7068,5.28095
40.8796,16.2105,5.02881
41.6951,17.7625,5.18159
40.5867,15.6203,4.9745
44.1911,22.6244,5.76033
39.7086,13.9256,4.82066
41.398,17.2753,5.13323
39.4408,13.4145,4.77436
39.5213,13.5643,4.78786
43.5781,21.4904,5.60817
43.7275,21.7442,5.64146
40.3711,15.2446,4.9412
39.2838,13.127,4.74833
42.4493,19.2431,5.33971
39.9911,14.5204,4.87561
38.4908,11.3808,4.56518
42.5323,19.3901,5.35603
38.8613,12.3477,4.66909
45.0229,28.3804,7.11294
45.1092,28.3336,7.07704
45.002,28.2869,7.04404
44.9773,28.4513,7.16976
45.0879,28.4428,7.15965
42.722,19.7609,5.39824
42.6751,19.6912,5.39035
40.3276,15.1321,4.93041
43.8535,21.9615,5.67031
47.1014,28.2822,7.2763
40.7204,15.9148,5.00205
40.9292,16.3427,5.04167
44.393,23.0277,5.81713
37.6968,11.2066,4.52697
37.8252,11.2268,4.54053
37.7884,11.0984,4.53198
37.6445,11.3043,4.52411
37.7726,11.3338,4.5393
45.3274,28.6439,7.31956
47.3236,28.625,7.54359
41.4847,17.3887,5.14407
41.5217,17.4565,5.1509
37.6923,11.4204,4.53308
37.6194,11.5337,4.52726
37.5449,11.3872,4.51412
46.8807,27.5636,6.86317
43.3438,20.9649,5.54226
44.6963,23.6031,5.90183
45.6755,25.3111,6.1892
42.9381,20.2154,5.45136
42.9364,20.1523,5.44368
44.803,23.8261,5.93551
42.0268,18.4525,5.2541
42.7504,19.8363,5.40704
38.7719,12.1203,4.64397
37.5662,11.6911,4.52416
37.4283,11.5406,4.50206
44.7915,27.5914,6.62806
34.6517,11.6671,4.2451
36.1816,11.4832,4.32901
36.0763,11.3291,4.31317
44.2789,26.5592,6.23098
34.2725,11.6634,4.24861
42.3348,18.9864,5.31096
36.462,11.4708,4.36413
36.3534,11.5672,4.35182
36.5223,11.6182,4.37467
36.2138,11.688,4.338
36.7391,11.279,4.40021
36.6385,11.1604,4.38464
36.5328,11.3133,4.37152
36.8558,11.4289,4.41867
36.948,11.2479,4.42986
35.1665,11.503,4.24551
35.2959,11.4067,4.24684
40.5513,15.5492,4.96796
40.5498,15.4681,4.9583
44.1106,26.0966,6.10992
43.9502,26.0021,6.08091
36.6448,11.5592,4.39036
36.5695,11.48,4.37881
43.794,25.8849,6.04907
33.542,11.6546,4.28217
33.6706,11.5259,4.25818
33.5258,11.4838,4.26223
33.4147,11.7711,4.30726
33.5682,11.8159,4.3006
36.775,11.5754,4.40892
37.7841,11.4302,4.54385
44.0605,26.2766,6.14853
33.7165,11.7284,4.27942
35.4564,11.6708,4.27061
43.1935,20.7005,5.50966
41.2744,16.9828,5.10326
33.5222,12.1386,4.34722
45.1875,28.3918,7.11984
34.0946,11.5752,4.24457
47.8792,29.3153,8.21798
47.8847,29.3104,8.21358
47.8732,29.3208,8.22282
47.8815,29.3245,8.22735
38.3936,10.9286,4.50779
46.6737,26.9655,6.60868
46.5554,26.7094,6.51974
47.8932,29.3107,8.21458
46.5686,26.7359,6.52838
46.6216,26.8498,6.56712
38.3668,10.9173,4.511
38.3773,10.921,4.50969
38.3783,10.9094,4.50737
38.3889,10.9183,4.50687
47.8784,29.2915,8.19411
46.5732,26.7523,6.53424
46.5828,26.7651,6.53806
46.5117,26.6533,6.50378
46.6594,26.9307,6.59579
47.8745,29.2824,8.18476
46.5219,26.6693,6.50857
46.5346,26.6815,6.51168
46.4846,26.6186,6.49399
46.6884,27.0117,6.62637
38.4054,10.9664,4.51242
38.4154,10.995,4.51564
38.4223,11.0161,4.5181
46.451,26.5464,6.47173
46.4405,26.5399,6.47056
46.7034,27.0293,6.63238
46.6965,27.0192,6.62879
47.7294,29.0758,7.9714
46.7091,27.0478,6.63965
46.7069,27.0585,6.64432
46.7151,27.0668,6.64714
46.1306,25.9557,6.31796
46.1054,25.9124,6.30827
46.111,25.9302,6.31274
38.4308,11.0618,4.52457
47.8081,29.2007,8.09846
46.0982,25.8926,6.3034
46.0802,25.8595,6.296
46.0859,25.8761,6.30008
47.6058,28.9519,7.84613
47.6656,29.0052,7.90003
38.3024,10.9752,4.5289
46.0371,25.7933,6.28221
46.8037,27.3085,6.74646
47.7478,29.1006,7.99657
46.8313,27.4379,6.80412
46.7453,27.1957,6.69965
38.2769,10.9979,4.53422
46.2556,26.3027,6.4082
46.852,27.4554,6.81211
45.8653,25.5837,6.24207
45.8809,25.6107,6.24758
46.2881,26.3504,6.42064
46.8664,27.5074,6.83637
46.8468,27.4846,6.82563
46.2292,26.2511,6.39464
43.8391,21.9039,5.6628
43.8018,21.8579,5.65663
45.7717,25.4476,6.21537
45.7731,25.4872,6.22358
45.8062,25.505,6.22669
45.8521,25.5522,6.23547
45.7114,25.3972,6.20591
46.8922,27.6699,6.91493
47.3194,28.5678,7.4993
47.2712,28.5414,7.47457
45.4523,24.995,6.1301
38.5795,11.7276,4.6036
38.5153,11.4886,4.57747
44.8629,23.9192,5.95032
41.8368,18.0187,5.2077
44.9775,24.14,5.98507
38.9182,12.3969,4.67311
38.9367,12.4552,4.6798
47.1111,29.0916,7.88742
43.921,22.1132,5.69038
43.9534,22.1812,5.69946
45.1151,24.3848,6.02496
45.0943,24.3287,6.01601
45.5304,29.0285,7.66905
45.6105,28.966,7.6066
45.4642,29.0775,7.72131
45.5318,29.1225,7.76407
39.0708,12.7196,4.70777
39.0476,12.6589,4.70109
39.3372,13.2227,4.75707
45.4432,28.9996,7.64378
38.6035,11.7898,4.61006
41.0366,16.5342,5.05957
41.1247,16.6404,5.06854
43.4615,21.1605,5.56668
43.4566,21.2233,5.5745
42.9915,20.2475,5.45486
40.6113,15.7006,4.98249
39.206,12.981,4.73431
39.1851,12.9212,4.72794
46.9857,27.9406,7.06139
43.1402,20.5827,5.49535
43.1786,20.6343,5.50156
39.3227,13.1717,4.75183
41.0098,16.4662,5.05281
43.8971,22.0327,5.67988
41.4695,17.3099,5.13519
39.2517,13.0512,4.74078
40.9178,16.2673,5.03371
41.1975,16.829,5.08795
39.7312,14.0083,4.82897
40.773,15.9879,5.00814
44.4948,23.1492,5.83534
44.5125,23.2277,5.84645
45.3217,24.8316,6.09949
40.998,16.3927,5.04476
43.0632,20.438,5.47789
44.6382,23.4657,5.88158
44.3243,22.8819,5.79651
44.3051,22.8214,5.78819
43.6746,21.602,5.62318
43.7266,21.6601,5.6307
40.1913,14.8857,4.90839
39.3902,13.3481,4.76895
44.7476,23.6708,5.91249
38.6842,11.893,4.61898
45.3005,24.7488,6.08602
44.0457,22.2795,5.71322
40.8533,16.132,5.02104
43.7787,21.7977,5.64875
43.5354,21.3523,5.59101
43.5911,21.4072,5.59802
45.4376,28.8298,7.48172
43.6513,21.529,5.61373
42.1471,18.6271,5.27204
46.5639,28.8154,7.5593
42.8433,20.0018,5.4262
42.886,20.0449,5.43094
41.6495,17.6939,5.1749
45.702,29.0109,7.64908
45.6119,29.0696,7.70748
45.4394,28.9054,7.55228
45.2719,24.678,6.07414
44.1125,22.4715,5.73918
46.2256,28.816,7.51081
42.2252,18.7667,5.28691
38.8055,12.1998,4.65266
41.7232,17.8417,5.19012
38.8567,12.26,4.65811
45.8106,28.9477,7.59177
41.7669,17.915,5.1975
41.9567,18.2646,5.23364
43.439,25.2579,5.91486
41.2877,22.3212,5.41576
43.0415,24.6545,5.79932
41.8581,22.7786,5.49237
41.7861,22.9618,5.51356
40.2376,20.9631,5.22361
42.7173,24.1969,5.71747
39.833,20.4272,5.15261
39.4185,19.8834,5.08291
39.2778,19.6989,5.05988
36.9103,16.582,4.72015
36.7563,16.3791,4.7003
38.7055,18.9473,4.97005
38.5598,18.7555,4.9482
37.5201,17.3842,4.80088
37.3685,17.1847,4.78044
41.026,21.9914,5.3672
42.0295,23.2746,5.56326
41.5404,22.6407,5.46401
38.9938,19.3267,5.01455
38.1184,18.1739,4.8841
38.2664,18.3691,4.90528
45.2625,28.5756,7.26334
40.6325,21.4892,5.29569
40.7634,21.6589,5.31952
45.1845,28.4907,7.19579
41.9827,18.341,5.24205
44.9306,27.9063,6.79772
44.8433,27.8409,6.75917
46.073,28.8487,7.52151
45.9351,28.8941,7.54979
37.0416,11.4384,4.44565
46.3992,28.8075,7.52729
44.72,27.4665,6.5679
45.0213,28.1696,6.96248
45.0138,28.0677,6.89637
44.9278,28.0099,6.85955
43.347,25.1126,5.88606
33.4721,11.9523,4.32644
43.2493,24.9614,5.85683
44.4308,26.9121,6.3437
42.378,23.7367,5.63892
42.2637,23.5838,5.61356
42.4924,23.89,5.66473
42.1464,23.4293,5.58823
44.1744,26.4056,6.18562
42.9345,24.5018,5.7715
37.2273,11.4732,4.47278
42.6071,24.0439,5.69103
44.3236,26.7614,6.29156
43.527,25.3975,5.94333
39.6962,20.248,5.12937
39.5583,20.0667,5.10612
38.4135,18.5628,4.92663
41.1571,22.156,5.3913
43.9294,26.1718,6.1183
37.9698,17.9776,4.86306
37.6708,17.5829,4.82147
37.8206,17.7806,4.84219
41.4147,22.4802,5.43965
41.6615,22.8018,5.48866
43.1467,24.8078,5.82775
40.1032,20.7865,5.19995
34.6926,13.8428,4.48163
39.9685,20.6065,5.17612
41.9096,23.1179,5.53825
40.8946,21.8252,5.34321
33.8934,12.5926,4.37611
36.6015,16.1754,4.68059
40.4996,21.3158,5.27162
40.3695,21.1404,5.24761
34.3865,13.2392,4.42344
34.3732,13.4151,4.44803
34.2234,13.0241,4.40721
34.0488,12.9849,4.41615
35.982,15.3629,4.60417
35.8545,15.2064,4.59029
35.5569,14.8183,4.55568
35.5706,15.0361,4.58356
37.2164,16.9845,4.76019
37.0637,16.7837,4.74011
35.3628,14.5301,4.52916
35.3579,14.7234,4.5548
35.1852,14.3044,4.51015
35.1792,14.4808,4.53378
35.0109,14.2681,4.51645
38.8503,19.1379,4.99218
36.446,15.971,4.66103
36.2899,15.7658,4.64159
36.1333,15.5595,4.62228
46.8592,27.5378,6.85057
42.0207,18.3922,5.24716
44.6502,23.3923,5.87096
40.1644,14.6767,4.88457
44.8594,23.8589,5.9416
41.4145,17.199,5.12388
45.2628,24.5665,6.056
46.676,26.9437,6.59927
46.6882,26.99,6.6174
46.4598,26.562,6.47634
41.1165,16.7036,5.07615
44.0351,22.3398,5.72095
44.1649,22.5445,5.7495
41.5627,17.5706,5.16292
46.5599,26.6971,6.51417
46.5542,26.6976,6.51527
46.5497,26.6957,6.51514
46.5502,26.691,6.51324
46.5539,26.6867,6.51093
46.5746,26.7337,6.52663
46.5709,26.7293,6.52543
46.5802,26.7342,6.52596
46.5778,26.7294,6.52439
46.6055,26.8001,6.54908
46.6023,26.7956,6.54768
46.6097,26.7961,6.54678
46.5603,26.7062,6.51779
46.5629,26.7018,6.51558
46.6158,26.8076,6.55063
38.3978,10.9166,4.50459
38.3955,10.9114,4.50408
38.4025,10.9123,4.50261
46.5887,26.7633,6.53654
46.5922,26.759,6.5342
38.3955,10.8961,4.50098
38.3904,10.8958,4.50214
38.3921,10.901,4.50281
47.9325,29.3555,8.26279
47.9308,29.3499,8.25695
38.4079,10.925,4.50391
38.4011,10.925,4.50548
38.4025,10.931,4.50634
38.3973,10.9215,4.50565
46.5937,26.7742,6.5402
46.5894,26.7693,6.53884
46.5999,26.7746,6.53944
46.5973,26.7693,6.53766
47.9247,29.3485,8.25505
47.9178,29.3464,8.2524
38.4006,10.9068,4.50197
38.395,10.9057,4.50308
38.3891,10.9075,4.50477
47.9144,29.3353,8.24098
47.911,29.3293,8.23467
47.9056,29.3358,8.24072
47.9185,29.3295,8.23541
46.625,26.8416,6.56336
46.6294,26.8461,6.56462
46.6328,26.841,6.562
46.6307,26.8519,6.56682
46.636,26.8465,6.56381
47.9093,29.3237,8.22893
47.9157,29.3239,8.22961
47.9126,29.3184,8.22379
46.5991,26.7897,6.54572
46.5983,26.784,6.54355
46.607,26.7906,6.54491
46.6377,26.8632,6.57058
46.634,26.8583,6.56906
46.6447,26.8637,6.56978
46.6418,26.8579,6.56777
46.5411,26.6766,6.5089
46.5365,26.6728,6.50806
46.5443,26.6709,6.50615
47.8997,29.3069,8.21127
47.9028,29.3011,8.20563
46.6187,26.8288,6.55894
46.6138,26.8173,6.55491
46.6613,26.9113,6.5875
46.6655,26.9057,6.58456
46.6624,26.9176,6.59004
46.6686,26.912,6.5868
47.8872,29.2898,8.19317
47.8959,29.289,8.19295
47.8994,29.2953,8.19959
38.405,10.9382,4.50719
38.4089,10.9436,4.50736
38.4135,10.938,4.50518
46.6684,26.9313,6.59501
46.6652,26.9246,6.59258
46.582,26.7715,6.5407
46.5952,26.7794,6.54213
46.6979,26.9925,6.61739
46.7005,26.9995,6.62006
46.7072,26.9938,6.61677
46.6986,27.0075,6.62369
46.7093,27.003,6.6205
47.881,29.2764,8.17923
47.8747,29.2716,8.17402
47.8847,29.2696,8.17263
46.5315,26.6667,6.5064
46.5268,26.6604,6.50462
46.5402,26.6654,6.5046
47.911,29.3425,8.24788
47.8992,29.3444,8.24876
46.715,27.0109,6.62324
46.7057,27.0119,6.6248
46.7091,27.0191,6.62748
46.6806,26.958,6.60478
46.6891,26.9714,6.60942
46.6847,26.9655,6.60744
46.6973,26.9723,6.60877
46.6939,26.9652,6.60616
47.8679,29.2585,8.16041
47.873,29.2633,8.16556
47.877,29.2564,8.15889
47.8808,29.2632,8.16599
38.4124,10.9584,4.50945
38.4096,10.9503,4.50851
38.3756,10.8972,4.50568
38.3761,10.8872,4.50368
46.6962,26.9857,6.61467
46.6898,26.9799,6.61294
46.7045,26.9863,6.61388
46.7007,26.9794,6.6114
46.5433,26.682,6.5107
46.5224,26.653,6.50235
46.532,26.6523,6.50074
45.2551,29.3574,8.0596
45.2486,29.3589,8.06413
45.2533,29.3659,8.07171
45.2403,29.3565,8.06434
45.2441,29.3673,8.07789
47.8623,29.2515,8.15301
47.8723,29.2496,8.15175
46.5197,26.646,6.50005
46.5237,26.6382,6.49645
47.9016,29.3129,8.2174
47.8836,29.2831,8.18617
47.8392,29.1954,8.09552
47.8286,29.1976,8.097
47.8329,29.2059,8.10556
47.8193,29.1936,8.0924
46.4923,26.5987,6.48583
46.5015,26.5995,6.48481
46.4977,26.5911,6.48218
46.4938,26.608,6.4891
46.7133,27.0258,6.62991
46.7226,27.0269,6.62924
46.7189,27.0183,6.62597
47.8214,29.1834,8.08245
47.8183,29.1762,8.07512
47.8287,29.1756,8.07517
46.4695,26.5569,6.47329
46.4623,26.5499,6.47166
46.479,26.5576,6.47225
46.4749,26.5487,6.46949
46.507,26.6253,6.49389
46.5103,26.6164,6.49002
47.8388,29.2144,8.11435
47.8445,29.2214,8.12168
47.8498,29.2118,8.11253
47.8548,29.2366,8.1376
47.8587,29.2281,8.12931
46.7199,27.0439,6.63696
46.7137,27.0357,6.63408
46.7299,27.0453,6.63643
46.7265,27.0359,6.63269
47.8579,29.2438,8.14493
38.4165,10.9666,4.51014
46.4599,26.5405,6.46856
46.4529,26.5346,6.4673
46.4647,26.5319,6.4647
46.4709,26.5665,6.47665
46.4834,26.5845,6.4817
46.4878,26.5757,6.47777
38.4335,11.0116,4.51506
38.4446,11.0134,4.51302
38.4403,11.0032,4.51201
38.4346,11.0216,4.51671
46.1351,25.9065,6.30247
46.1218,25.906,6.30436
46.1243,25.9171,6.30737
46.114,25.8996,6.30351
47.8731,29.3292,8.23115
46.1157,25.8906,6.30057
46.1125,25.8828,6.29867
46.1247,25.883,6.29681
46.7269,27.0633,6.64459
46.7382,27.0652,6.64416
46.7338,27.055,6.64023
46.72,27.0547,6.64159
46.7017,27.0401,6.63707
46.4452,26.526,6.46515
46.4376,26.516,6.46246
46.4584,26.5236,6.46252
47.8105,29.1695,8.06799
47.8024,29.1591,8.05723
47.8238,29.1665,8.06586
46.4871,26.5922,6.48408
46.5897,26.7538,6.53248
46.1454,25.9653,6.31904
46.1544,25.9762,6.32115
46.1646,25.9656,6.31635
46.1573,25.9898,6.32488
46.1702,25.9782,6.31948
46.0912,25.8272,6.285
46.0767,25.8287,6.2876
46.0812,25.842,6.29088
46.0631,25.8237,6.28783
46.0665,25.8368,6.29114
47.7956,29.1475,8.04538
47.8108,29.1466,8.04546
38.4373,11.0343,4.5185
38.4423,11.0472,4.51986
38.4529,11.0361,4.51562
46.0632,25.8104,6.28403
46.0564,25.7987,6.28154
46.0752,25.7996,6.27916
47.783,29.1289,8.02636
47.7739,29.1174,8.01464
47.7921,29.1367,8.03461
47.7986,29.1253,8.02381
46.1455,25.9514,6.31482
46.138,25.942,6.313
46.1591,25.9531,6.31327
46.1535,25.9413,6.31044
46.093,25.8501,6.29166
46.0994,25.8387,6.2872
46.1303,25.9301,6.31046
46.7423,27.1248,6.66967
46.7378,27.1094,6.66344
47.7613,29.0904,7.98762
47.7486,29.0808,7.97759
47.7689,29.0771,7.97516
46.1262,25.9701,6.32255
38.4543,11.0875,4.5248
38.45,11.0714,4.52274
38.4489,11.0579,4.52051
47.8452,29.3274,8.2265
47.8232,29.3365,8.23294
46.6743,26.9248,6.59145
46.0969,25.8618,6.29459
47.7442,29.0654,7.96246
47.7601,29.0643,7.96233
47.7515,29.0507,7.94873
46.0415,25.7757,6.27685
46.053,25.7856,6.27821
46.0609,25.7734,6.27352
46.0685,25.7863,6.27618
46.1887,26.0217,6.33042
46.1713,26.0184,6.33177
46.1726,26.0361,6.33693
46.1631,26.0056,6.3289
46.7804,27.17,6.68628
46.7644,27.1817,6.69269
46.6564,26.8874,6.57806
46.7704,27.2005,6.70049
46.7787,27.2188,6.70801
46.7934,27.2029,6.69989
47.7324,29.0561,7.95286
47.766,29.1033,8.00042
46.0287,25.7613,6.27435
46.0506,25.7593,6.27089
46.3937,26.4581,6.44714
46.3765,26.4489,6.4456
47.7195,29.0421,7.93863
47.7071,29.0262,7.92275
47.741,29.037,7.93506
46.8242,27.3013,6.74228
46.8254,27.3181,6.7499
46.8433,27.3039,6.74218
46.7873,27.2368,6.71546
46.8098,27.2373,6.7141
46.0094,25.7337,6.2689
45.9975,25.7161,6.26542
46.0218,25.746,6.27091
46.0315,25.7298,6.26503
46.1967,26.1083,6.35578
46.1892,26.0858,6.3499
38.4739,11.16,4.5339
38.4672,11.1397,4.53158
46.8395,27.3609,6.76882
46.8312,27.3396,6.7594
46.802,27.3318,6.75684
47.6718,28.9746,7.87207
47.6881,28.9885,7.88604
47.6982,28.9694,7.86869
47.695,29.0072,7.90402
47.7095,28.9871,7.88593
45.3098,29.2823,7.9572
45.2985,29.2657,7.93984
46.8499,27.3818,6.77808
46.8623,27.4004,6.78627
46.8771,27.3826,6.77702
46.8629,27.4252,6.79788
46.8859,27.4039,6.78672
46.3834,26.4111,6.43225
45.9503,25.6474,6.25195
45.9408,25.6261,6.24735
45.9778,25.6426,6.24765
46.0017,25.6774,6.2542
46.3094,26.3352,6.4147
46.3344,26.3346,6.41218
46.8793,27.4457,6.80703
46.8957,27.4262,6.79691
46.8797,27.4737,6.82034
46.9053,27.4495,6.80775
46.2425,26.2224,6.3856
46.258,26.2419,6.39023
46.2729,26.2215,6.38256
46.2615,26.2693,6.39814
46.2846,26.2446,6.38861
47.7448,29.3279,8.21466
46.3595,26.3755,6.42297
38.4833,11.1806,4.53582
45.9175,25.6124,6.24583
45.9508,25.6021,6.23993
38.4915,11.1428,4.52768
47.6408,28.9409,7.83886
47.6614,28.9552,7.85338
47.6703,28.932,7.83246
46.8974,27.497,6.83113
46.926,27.5016,6.8324
46.9155,27.4743,6.8194
38.5067,11.2805,4.54855
38.4981,11.249,4.54476
45.8697,25.4774,6.21634
45.8363,25.482,6.22018
45.8476,25.5129,6.22669
45.8083,25.4684,6.21859
46.147,25.93,6.30793
45.8757,25.5295,6.22873
45.8883,25.5035,6.22106
45.8117,25.4397,6.21192
45.7998,25.4172,6.20748
45.8345,25.4149,6.20419
46.8971,27.5273,6.84577
46.9162,27.5537,6.85844
46.9481,27.5592,6.86038
46.9373,27.5299,6.84605
47.6542,29.3152,8.18915
47.5365,28.8099,7.71469
47.5597,28.8369,7.73995
47.5808,28.8025,7.71104
47.5794,28.863,7.76435
47.6,28.8315,7.73764
45.8865,25.5552,6.23415
45.7664,25.3988,6.2051
47.6152,29.2623,8.13343
38.5437,11.4049,4.56289
38.5562,11.4494,4.56806
38.5919,11.4152,4.55781
46.8983,27.6261,6.89375
45.8147,25.3852,6.19875
46.9597,27.7346,6.95
46.9457,27.6887,6.92606
45.7417,25.3585,6.19739
38.5957,11.5287,4.57535
38.5733,11.4935,4.57266
38.6428,11.5369,4.57048
38.626,11.4947,4.5659
45.5547,24.9516,6.12021
45.4989,24.956,6.12337
45.5158,25.0027,6.1319
45.4459,24.93,6.11891
45.4608,24.8436,6.10283
45.4675,24.8799,6.10961
45.5069,24.8491,6.10152
45.5189,24.9033,6.1122
47.0024,27.8194,6.9961
47.0034,27.8728,7.02519
47.0509,27.8269,7.00107
46.9784,27.7814,6.97505
45.4862,24.8063,6.09387
45.4368,24.8146,6.09803
45.3827,24.7949,6.09514
45.3886,24.7446,6.08609
45.3742,24.7073,6.07953
45.4299,24.7088,6.07725
47.0897,28.0698,7.14299
47.1241,28.1123,7.17095
47.159,28.0684,7.14515
47.1779,28.1257,7.18186
45.901,25.5831,6.23986
45.7227,25.3174,6.18935
47.4307,28.6795,7.59702
47.4606,28.6303,7.55915
46.8576,27.3421,6.75912
44.6806,23.2804,5.85049
44.6233,23.2848,5.85446
44.5782,23.2616,5.85171
44.5854,23.2112,5.84364
44.5636,23.1665,5.83706
44.6281,23.1712,5.83407
40.206,14.6239,4.87265
40.149,14.6302,4.87961
40.115,14.6097,4.87963
47.3681,28.5413,7.48319
47.3309,28.5068,7.45431
47.3957,28.5003,7.45318
39.9689,14.1588,4.83009
39.9133,14.163,4.83673
39.8706,14.1379,4.83686
39.8822,14.0896,4.82945
39.8654,14.0525,4.82587
39.9183,14.0505,4.8196
40.114,14.5706,4.87456
40.1497,14.5212,4.86373
45.7063,25.2048,6.16538
38.5419,11.3708,4.55789
47.0391,27.9157,7.05061
47.0939,27.9197,7.05438
47.0725,27.8731,7.02725
47.317,28.455,7.4148
47.3699,28.4549,7.41758
47.3443,28.4107,7.38363
46.9188,27.7747,6.96872
38.6118,11.6221,4.58734
38.6309,11.6755,4.59317
38.6756,11.629,4.58105
45.6599,25.1268,6.15125
46.2078,26.13,6.36118
38.6787,11.7813,4.60403
38.652,11.73,4.59903
38.7095,11.8329,4.60878
38.7468,11.7778,4.59609
45.2229,24.417,6.03048
45.189,24.3775,6.02426
45.2802,24.4188,6.02793
45.255,24.3697,6.01976
45.3387,24.6729,6.07394
45.3051,24.6221,6.06534
45.4051,24.6642,6.06965
45.0935,24.1697,5.99013
45.0582,24.1315,5.98438
45.1251,24.1254,5.98015
38.7401,11.8724,4.61179
38.7728,11.8251,4.60056
38.7965,11.8749,4.6058
44.9687,23.9235,5.95095
44.9293,23.8825,5.94506
44.9144,23.9515,5.95611
45,23.8783,5.94068
45.465,25.0553,6.14042
45.6056,25.0474,6.13754
38.5458,11.6079,4.59062
38.5991,11.5704,4.58114
45.16,24.3247,6.01562
45.1296,24.2754,6.00765
45.1026,24.2213,5.99887
44.9162,23.8268,5.93595
44.9741,23.8287,5.93296
44.9453,23.7802,5.92571
44.8603,23.7256,5.92045
44.8289,23.6819,5.91403
44.8962,23.6792,5.90985
44.9992,24.0259,5.96766
45.0259,24.0786,5.97603
45.0695,24.0269,5.96474
42.6036,19.358,5.34856
42.5662,19.3176,5.34511
42.6637,19.3597,5.34308
42.6351,19.3107,5.33791
42.3956,18.9506,5.30295
42.4536,18.9534,5.29764
42.4274,18.9026,5.29203
42.4079,19.0001,5.30937
42.9455,20.0196,5.42483
43.0021,20.0218,5.42006
42.9085,19.9813,5.4214
42.29,18.7448,5.28036
42.3486,18.7502,5.27533
42.3224,18.6994,5.26979
42.2698,18.5978,5.25877
42.2105,18.5952,5.26435
42.2242,18.6474,5.27097
42.177,18.555,5.26098
43.1077,20.2205,5.44333
43.0508,20.2169,5.44797
43.06,20.2657,5.45481
43.0093,20.1779,5.44464
43.1815,20.4737,5.47898
43.1944,20.5258,5.48615
43.241,20.4767,5.47411
43.1463,20.4327,5.47487
42.0245,18.237,5.22621
42.0838,18.2401,5.22062
42.0597,18.1912,5.2153
42.036,18.2861,5.23246
41.952,17.9863,5.19398
41.894,17.9842,5.19966
41.9052,18.0333,5.2059
41.8481,17.9452,5.19752
41.8394,17.884,5.18947
41.8984,17.8876,5.184
41.8726,17.8363,5.17858
43.4772,20.9338,5.53052
43.4159,20.9311,5.53538
43.3819,20.891,5.53111
41.7633,17.7296,5.17322
41.7283,17.6893,5.17021
41.7968,17.6826,5.16224
43.5227,21.1336,5.5607
43.5296,21.1952,5.56979
43.5822,21.137,5.55616
41.6849,17.58,5.15796
41.7442,17.5809,5.15178
41.7155,17.5315,5.14711
43.5746,21.237,5.57393
43.6084,21.1878,5.56262
43.5876,21.2891,5.58133
43.6347,21.2386,5.56911
43.7134,21.3911,5.58871
43.655,21.3855,5.59273
43.6617,21.4483,5.60213
43.6196,21.3438,5.58813
43.7078,21.4917,5.60657
43.7397,21.4419,5.59529
43.7243,21.5424,5.61367
43.7659,21.4927,5.60189
41.527,17.274,5.12671
41.4811,17.2329,5.1245
41.5834,17.2768,5.12115
41.5572,17.2264,5.11604
41.4391,17.1346,5.11391
41.4744,17.1736,5.1166
41.5061,17.1265,5.10583
41.5311,17.176,5.11092
43.7866,21.6368,5.62524
43.7931,21.6889,5.63313
43.8431,21.6428,5.62154
43.7534,21.5965,5.62066
41.3149,16.8647,5.08561
41.3756,16.8679,5.07948
41.3493,16.8169,5.07442
41.3273,16.9194,5.09237
43.9317,21.9604,5.66914
43.9685,21.9999,5.67369
44,21.9532,5.66314
43.9786,22.0518,5.68142
44.0256,22.0018,5.66963
41.2965,16.715,5.06436
41.2372,16.7141,5.07075
41.2508,16.767,5.0771
41.1923,16.6715,5.06845
41.1854,16.6133,5.06089
41.2418,16.6154,5.05505
41.2178,16.5652,5.04992
43.8484,21.8,5.64786
43.8192,21.746,5.64077
44.101,22.2549,5.70815
44.0678,22.217,5.7036
44.1328,22.2079,5.69752
42.06,18.3433,5.2389
42.0839,18.3987,5.24509
42.1322,18.3448,5.23245
41.1119,16.3579,5.02992
41.0556,16.3584,5.0363
41.0677,16.4099,5.04243
41.0162,16.3226,5.03472
44.1058,22.3144,5.71732
44.1503,22.3569,5.72227
44.183,22.3082,5.71144
44.165,22.4091,5.72997
44.2093,22.3585,5.71833
44.2911,22.5103,5.73908
44.2323,22.5091,5.74315
44.2447,22.5607,5.75093
44.1954,22.4671,5.73797
40.9213,16.1015,5.01261
40.8846,16.06,5.01014
40.9534,16.0514,5.00147
40.8414,15.9484,4.99864
40.8027,15.907,4.99637
40.874,15.8981,4.98741
44.3094,22.6604,5.76433
44.2742,22.6185,5.759
44.3436,22.6123,5.75338
40.6232,15.5474,4.96301
40.6551,15.5872,4.96562
40.6888,15.5399,4.95471
40.668,15.6415,4.97193
40.7153,15.5911,4.95937
44.5521,23.1183,5.82951
44.6068,23.1227,5.82663
44.5805,23.0717,5.81918
44.4392,22.9149,5.80048
44.4046,22.8744,5.7952
44.4984,22.9187,5.7973
44.4751,22.8674,5.78965
40.3098,14.921,4.90512
40.3706,14.9248,4.89882
40.344,14.8735,4.89416
40.3207,14.9759,4.91164
40.2909,14.7708,4.88483
40.2321,14.77,4.89135
40.2453,14.8222,4.89733
40.1954,14.7287,4.88897
43.0814,20.3224,5.46202
43.1102,20.3781,5.46871
43.1545,20.3251,5.45669
40.1016,14.4119,4.85276
40.0446,14.4081,4.85853
40.0515,14.4636,4.86544
40.0113,14.3673,4.85592
44.3437,22.7669,5.78011
44.3762,22.8202,5.78749
44.4181,22.7658,5.77555
39.8382,13.896,4.80566
39.7779,13.8931,4.81191
39.7887,13.9486,4.81848
39.7422,13.8515,4.80937
41.118,16.5252,5.0542
41.0893,16.4702,5.04894
41.1497,16.5762,5.05869
41.1887,16.5169,5.04579
43.2471,20.6373,5.5
43.2216,20.5821,5.49311
43.3166,20.6333,5.49383
38.8393,12.0809,4.63397
38.8539,12.1343,4.64069
38.9004,12.0823,4.62749
39.5907,13.5317,4.77912
39.6512,13.5347,4.7729
39.6244,13.483,4.76819
39.6035,13.5834,4.78504
40.9855,16.2675,5.02975
40.9606,16.2086,5.02385
41.056,16.26,5.02141
39.5104,13.3766,4.765
39.5709,13.3796,4.75877
39.5441,13.3279,4.75404
39.5237,13.4297,4.77107
44.033,22.166,5.69698
44.0016,22.1123,5.68986
44.1041,22.1581,5.69103
39.3834,13.017,4.72488
39.3218,13.0137,4.73118
39.3334,13.0669,4.73772
39.2865,12.9728,4.72839
42.8272,19.8261,5.40335
42.8003,19.7724,5.39708
42.8557,19.8673,5.4077
42.8955,19.8186,5.3964
41.9267,18.0895,5.21231
41.9555,18.144,5.21797
41.9992,18.0908,5.20577
39.1511,12.7123,4.70192
39.1859,12.7532,4.70497
39.2224,12.7059,4.69334
39.1934,12.8074,4.71231
39.2462,12.7564,4.69889
43.9029,21.906,5.66192
43.9727,21.9038,5.6567
38.9195,12.2318,4.64964
38.9782,12.236,4.64385
38.9538,12.1863,4.63843
38.9288,12.2846,4.65681
39.0518,12.4935,4.6777
39.0145,12.4501,4.67437
39.0851,12.4464,4.66641
40.4213,15.1871,4.93152
40.3975,15.1325,4.92621
40.3727,15.0807,4.92133
40.641,15.7701,4.98903
40.7223,15.7577,4.983
40.6929,15.7027,4.97806
40.7561,15.7974,4.98549
40.7899,15.7487,4.97466
44.7419,23.5356,5.89211
44.7155,23.4778,5.88334
44.6989,23.4297,5.87593
39.3608,13.1229,4.74321
39.385,13.1741,4.74821
39.4321,13.1212,4.73559
45.2621,24.5076,6.04577
45.3452,24.5678,6.05382
39.411,13.2264,4.75311
39.4409,13.2807,4.75794
39.4839,13.2266,4.74578
39.2226,12.8646,4.71817
39.2565,12.9172,4.72294
39.2986,12.8624,4.71007
39.7079,13.7942,4.80456
39.1191,12.6578,4.69654
39.0894,12.6042,4.69107
39.0599,12.5474,4.68508
38.9841,12.3981,4.66913
38.9538,12.3438,4.66353
42.718,19.6212,5.37989
42.7629,19.5633,5.36698
47.2682,28.486,7.43348
42.7535,19.6796,5.3863
42.7887,19.7197,5.38999
42.8213,19.6681,5.37854
42.4851,19.1687,5.3287
44.7761,23.5929,5.90065
47.2272,28.3324,7.32125
47.19,28.2815,7.28406
47.2596,28.2717,7.28137
40.5415,15.4021,4.95036
40.5756,15.346,4.93874
41.3561,16.9823,5.09893
41.3922,17.0269,5.10236
41.4261,16.9723,5.09036
42.5323,19.2611,5.33906
42.6065,19.2593,5.33236
42.4808,19.3214,5.34855
42.1551,18.5048,5.2553
42.1854,18.4508,5.24397
39.991,14.319,4.85112
40.0199,14.2649,4.84019
40.7706,15.85,4.99137
40.8427,15.8476,4.98349
41.5641,17.3901,5.14035
41.5985,17.4411,5.14494
41.6326,17.3831,5.1327
42.8584,19.9304,5.41659
45.3086,29.0149,7.66713
45.3697,29.0202,7.66842
45.3608,28.9586,7.60716
45.3993,29.0643,7.71161
44.7293,23.384,5.86627
41.4051,17.0798,5.10882
41.4744,17.0776,5.10172
44.4785,23.0311,5.81786
44.5147,23.0823,5.82499
44.5514,23.0247,5.81278
44.4347,23.0992,5.82754
44.9785,23.9716,5.95894
44.9177,24.0169,5.96571
43.4284,21.0549,5.55303
41.5737,17.5066,5.15507
41.8458,18.0834,5.21517
42.9976,20.3145,5.46313
39.6594,13.8602,4.81536
43.8775,21.8524,5.65471
42.6757,19.509,5.36611
41.5376,17.3279,5.1336
44.3168,22.711,5.77216
45.2403,28.7471,7.41203
45.2845,28.7984,7.45729
45.3133,28.7219,7.3872
45.1947,28.8062,7.46896
44.8699,23.7857,5.93023
41.6986,17.6327,5.16445
42.2549,18.7037,5.27695
41.9907,18.1966,5.22293
45.3448,28.8693,7.5213
41.8038,17.8391,5.18579
45.1855,28.6455,7.324
45.249,28.6787,7.35084
45.1041,28.6636,7.34323
45.1599,28.7298,7.39999
45.236,24.4651,6.03874
44.4506,22.9686,5.80875
42.6158,19.4091,5.3553
40.8548,16.0042,5.00511
40.9339,16.1532,5.01858
41.2801,16.8241,5.08275
39.4756,13.4922,4.78166
39.5548,13.4891,4.77644
47.5844,29.303,8.16631
47.2492,29.1821,7.99362
47.3138,29.1806,8.00504
47.1988,29.2336,8.02897
47.2709,29.2464,8.05495
45.1049,28.527,7.22666
45.1536,28.5822,7.271
45.0213,28.5255,7.22845
45.0641,28.5979,7.28773
44.8381,28.2184,6.99865
44.932,28.219,6.99685
44.908,28.123,6.93177
44.8361,28.0573,6.8896
44.8164,27.9599,6.82876
44.7393,28.0556,6.89035
45.1046,28.2311,7.00461
44.7436,27.8929,6.78901
44.6889,27.9719,6.83801
44.7261,27.8028,6.73725
44.6432,27.8885,6.7879
47.3761,28.5838,7.51659
44.8421,23.584,5.8957
44.813,23.6316,5.90603
44.6832,27.699,6.6808
44.6293,27.595,6.62727
44.5479,27.7017,6.6832
44.8385,27.7186,6.69293
42.5527,19.1617,5.3218
42.5194,19.2085,5.33226
40.6024,15.5009,4.95849
40.6297,15.4471,4.94771
40.4489,15.2428,4.93668
44.4883,27.4114,6.53937
44.5592,27.4905,6.57628
44.3666,27.411,6.53986
44.4208,27.5089,6.58586
45.2006,24.2728,6.00413
32.6688,11.2805,4.31534
32.6448,11.4159,4.33903
32.8233,11.3318,4.30482
32.6432,11.1551,4.29968
32.4981,11.2652,4.33487
40.469,15.1319,4.91875
33.4267,11.3388,4.25128
33.2475,11.3897,4.27131
33.366,11.5544,4.28293
33.5249,11.2103,4.22992
33.4188,11.1545,4.22971
32.7093,11.568,4.35429
32.688,11.6933,4.37697
32.8534,11.664,4.35078
32.5657,11.5573,4.37218
39.1647,12.6028,4.68312
44.3419,27.063,6.39449
44.4077,27.1804,6.44059
44.4667,27.3031,6.49165
32.7993,11.4924,4.33138
32.9737,11.4978,4.31226
32.7349,11.2341,4.30061
34.5161,11.1788,4.20452
34.3714,11.1453,4.20078
34.3835,11.2851,4.21247
34.2647,11.0834,4.19557
34.2601,11.2483,4.20988
34.3984,11.5727,4.23783
34.492,11.4057,4.22268
34.2859,11.448,4.22773
44.171,26.8458,6.31517
44.2613,26.9405,6.34894
44.0311,26.8547,6.31796
44.1017,26.9705,6.35931
34.8168,11.5793,4.23968
35.0065,11.4962,4.23867
43.9812,26.451,6.19132
44.0676,26.5813,6.2302
43.8826,26.3329,6.15747
43.8058,26.4856,6.1998
33.1036,11.409,4.28668
33.0011,11.3457,4.28794
33.1216,11.2779,4.26743
43.8933,21.7469,5.63567
43.7937,26.2417,6.13219
43.7248,26.3693,6.16632
43.7569,26.0913,6.0942
43.6429,26.2438,6.1319
43.6351,25.9868,6.06718
43.5597,26.1172,6.09874
34.6651,11.4788,4.22971
36.7899,11.1062,4.40568
43.5085,25.7062,6.00254
43.5892,25.8507,6.03541
43.3156,25.7231,6.00407
43.401,25.8593,6.03548
35.1523,11.3535,4.23604
35.4496,11.4763,4.26011
35.6115,11.3478,4.26677
43.4163,25.5622,5.97084
44.1356,26.725,6.2752
36.3475,11.3911,4.34777
42.9423,19.9232,5.40943
44.9322,28.3754,7.1118
44.2515,27.1897,6.44405
34.8493,11.3496,4.22377
47.9054,29.319,8.2239
47.8845,29.3367,8.23967
46.4228,26.4945,6.45659
38.3662,10.904,4.50877
38.3544,10.9108,4.51209
45.2888,29.3395,8.02797
45.2751,29.344,8.03664
45.2499,29.3235,8.01771
46.104,25.8746,6.29743
38.3012,10.9442,4.52476
46.4075,26.4701,6.44979
46.4136,26.483,6.45358
45.3504,29.2797,7.94867
45.3763,29.2918,7.95914
45.4061,29.2237,7.88039
45.369,29.2064,7.8651
45.4075,29.2736,7.93528
47.6194,28.9161,7.81485
38.2738,10.9598,4.52966
45.4461,29.2548,7.91067
38.0404,11.0621,4.54538
45.4491,29.1992,7.85009
45.4922,29.2351,7.88534
45.4955,29.1789,7.82505
45.398,29.167,7.81971
45.5428,29.2061,7.8508
45.4596,29.1421,7.78867
38.201,10.986,4.53769
45.4172,29.1133,7.76129
47.5146,28.7785,7.68605
38.1675,11.0205,4.54235
45.607,29.1681,7.80759
40.2749,14.8803,4.90264
41.776,17.7836,5.17999
38.8851,12.1911,4.64653
39.4746,13.3357,4.76254
45.9069,29.0473,7.68722
46.755,29.0069,7.74785
46.169,28.9892,7.65119
37.8994,11.157,4.54359
46.9935,29.0655,7.84196
45.6917,29.1257,7.7617
43.2399,25.2825,5.91244
33.5419,12.3274,4.37159
33.298,11.9191,4.33836
46.8793,29.0429,7.8009
36.6855,11.4385,4.39443
37.1629,11.3054,4.46114
45.7922,29.0847,7.72055
42.9443,24.8329,5.82499
42.8263,24.3492,5.74424
42.7318,24.5293,5.76925
41.2181,22.5029,5.44017
41.8294,23.3005,5.56254
42.5145,24.2255,5.71564
39.2296,19.8797,5.08432
38.5183,18.9367,4.9721
36.8784,16.7639,4.74456
36.7252,16.5611,4.72482
42.1762,23.7661,5.63786
40.0461,20.9667,5.22433
39.6425,20.4286,5.15383
37.1829,17.1663,4.78438
34.6744,14.021,4.50785
40.9628,22.1736,5.39185
35.8155,15.3599,4.61246
35.9489,15.5348,4.62828
41.5886,22.9841,5.51304
41.4649,22.823,5.48833
40.5704,21.6699,5.32021
40.7011,21.8402,5.34413
34.1165,11.3479,4.22129
46.6199,28.9821,7.70394
46.4648,28.971,7.67075
33.2422,11.73,4.31749
46.0329,29.015,7.66357
41.7104,23.144,5.53788
33.3438,12.1017,4.35959
43.1463,25.1354,5.8831
42.8389,24.6812,5.79684
43.3293,25.4246,5.94163
42.4039,24.0725,5.68935
42.0621,23.6118,5.61255
41.9458,23.4568,5.58746
42.6236,24.3776,5.74223
35.3481,14.9206,4.58254
37.6346,17.7644,4.84541
37.4849,17.5658,4.8249
39.0892,19.6942,5.06146
39.1363,19.5133,5.03708
38.8059,19.3187,5.01633
38.9479,19.5075,5.03883
39.9125,20.7871,5.20052
39.5063,20.2473,5.13059
39.3689,20.0641,5.10738
41.3429,22.663,5.46412
38.3728,18.744,4.95045
38.2267,18.5503,4.92906
38.0799,18.3553,4.90786
41.0923,22.3384,5.41589
40.8322,22.0073,5.36789
34.992,14.4462,4.54247
37.3655,11.3401,4.48964
37.9321,18.159,4.88684
37.7836,17.962,4.86603
40.308,21.3204,5.272
34.5332,13.6292,4.46466
34.8519,14.0558,4.4989
34.3559,13.5934,4.47442
36.5713,16.3575,4.70524
36.4167,16.1532,4.68582
36.2613,15.948,4.66651
40.44,21.4963,5.29613
36.1054,15.7419,4.64733
34.2119,13.2003,4.43184
34.0345,13.1637,4.44259
33.8833,12.7697,4.4011
33.8715,12.9478,4.42739
35.7447,15.0787,4.57939
35.6928,15.1983,4.59797
37.031,16.9656,4.76441
33.5416,12.5128,4.39818
33.7167,12.5507,4.38606
33.7073,12.7306,4.41256
46.9964,27.698,6.93112
38.8482,11.9788,4.61662
46.7555,27.113,6.66338
42.431,19.0543,5.31568
38.4675,11.0752,4.51995
44.7868,23.48,5.88008
46.6233,26.8238,6.55626
39.7519,13.7403,4.7923
39.03,12.3428,4.6556
46.2151,26.0904,6.34836
38.419,10.9515,4.50662
46.3147,28.9736,7.65309
38.5329,11.2556,4.54018
46.6867,26.9512,6.60111
40.1777,21.1435,5.248
38.6627,19.1283,4.99406
33.362,12.284,4.3841
38.3893,10.881,4.49941
38.3859,10.8771,4.49946
38.3917,10.8763,4.4978
47.94,29.3671,8.27503
47.9404,29.3742,8.28226
47.9465,29.3699,8.27843
47.9349,29.3617,8.26918
47.9295,29.3704,8.27747
46.556,26.6924,6.51289
47.9244,29.3414,8.24794
47.9291,29.3449,8.25179
46.6119,26.8023,6.54901
38.4041,10.9189,4.50356
47.918,29.3401,8.24607
46.4454,26.5035,6.45696
47.8323,29.1863,8.08602
46.4237,26.4694,6.44758
46.4146,26.4566,6.44424
46.1278,25.8951,6.30008
46.176,25.9921,6.32298
46.0809,25.8146,6.28282
47.6369,28.8845,7.78716
47.6194,28.858,7.76232
38.5426,11.285,4.54363
38.5546,11.3153,4.54684
45.2693,29.2695,7.94872
45.3502,29.3062,7.97882
45.8474,25.4482,6.21119
45.4399,29.3055,7.96736
45.3605,29.1125,7.76482
45.4475,24.763,6.08736
44.6446,23.23,5.84383
45.237,28.8721,7.52953
39.935,14.1075,4.82639
40.1717,14.5764,4.86955
46.7929,29.1526,7.87968
35.7885,11.2847,4.28089
37.5221,11.1912,4.50651
34.6683,11.2702,4.21377
32.8088,11.1695,4.28306
32.9675,11.2118,4.27278
32.926,11.0398,4.25342
33.1679,11.5435,4.29896
33.5193,11.0746,4.2148
33.4385,11.0354,4.21474
36.2193,11.3081,4.33001
36.1519,11.1362,4.31858
35.0216,11.3117,4.22747
33.0548,11.6972,4.33223
35.4386,11.295,4.25091
35.2842,11.2325,4.23731
47.9003,29.3563,8.26072
46.5755,26.7247,6.52285
46.5508,26.6816,6.5094
46.5657,26.7062,6.51691
46.5948,26.7641,6.53592
46.5478,26.6761,6.50767
46.6023,26.7798,6.54119
46.6291,26.8355,6.56023
46.6386,26.8523,6.56589
46.6476,26.8696,6.57182
46.6183,26.8128,6.55242
38.3905,10.8857,4.50008
38.3931,10.8909,4.50052
46.6261,26.8295,6.5582
46.6712,26.9183,6.5891
38.3981,10.9015,4.50147
47.9216,29.3351,8.24133
38.3671,10.8906,4.50618
47.9094,29.3127,8.21779
46.5195,26.6312,6.49438
38.4108,10.9313,4.50449
46.5361,26.6591,6.50276
38.4165,10.9443,4.50577
38.4227,10.9592,4.5073
46.6807,26.9379,6.59621
47.8922,29.2825,8.1862
47.8885,29.2761,8.17948
46.6775,26.9314,6.59385
46.6905,26.9582,6.60361
46.5282,26.6453,6.49853
46.5156,26.6237,6.49206
47.8637,29.2353,8.13686
45.2619,29.3633,8.065
45.2631,29.3515,8.04932
47.8448,29.2037,8.10412
47.9061,29.3069,8.21176
46.4701,26.5404,6.46706
46.4828,26.5671,6.47524
46.4932,26.5831,6.4798
38.4727,11.0905,4.52175
45.2726,29.359,8.05612
45.2635,29.3375,8.03165
45.2506,29.3471,8.04766
46.4518,26.5139,6.45988
47.8645,29.3424,8.24335
38.3557,10.8955,4.50923
46.1194,25.8726,6.29441
46.1126,25.8616,6.29214
45.2861,29.3543,8.04661
38.4584,11.0482,4.51675
38.3423,10.9006,4.51243
47.8054,29.1359,8.03462
47.7836,29.1022,8.00038
47.8173,29.157,8.0561
46.4312,26.4812,6.45083
46.4384,26.4928,6.45405
47.7767,29.0891,7.98728
38.4632,11.0609,4.51815
45.3024,29.3495,8.03724
38.3253,10.907,4.51611
47.8419,29.346,8.2444
46.762,27.1271,6.66894
46.7681,27.1413,6.67466
47.7305,29.022,7.92014
47.6848,28.951,7.85085
46.1066,25.8495,6.28936
46.0411,25.7448,6.26802
46.7865,27.186,6.69293
38.4786,11.1068,4.52359
46.2078,26.0709,6.34322
46.2231,26.1108,6.3537
46.0112,25.6959,6.25815
47.7196,29.0052,7.90359
45.9653,25.6216,6.24346
38.2792,10.9247,4.52447
38.4995,11.1625,4.52971
46.8679,27.3621,6.76787
47.7978,29.3331,8.22661
46.8358,27.2868,6.7348
47.6538,28.9103,7.81161
38.3047,10.9147,4.5201
38.5228,11.2283,4.53718
45.9349,25.5797,6.23582
46.8496,27.3225,6.75042
47.7176,29.3245,8.2076
38.2479,10.9351,4.52877
45.3463,29.3353,8.01278
45.3227,29.3422,8.02461
45.9198,25.5542,6.23079
45.9056,25.5282,6.22555
45.3722,29.3269,7.99947
47.6197,29.3096,8.17837
38.5675,11.3464,4.55003
45.33,29.1719,7.83136
47.5597,28.7722,7.68355
45.4031,29.3174,7.98478
38.6075,11.455,4.56206
47.5393,28.7387,7.6536
38.2113,10.9456,4.53266
45.7716,25.3164,6.18604
47.0151,27.7401,6.95349
38.1701,10.9604,4.5363
45.7914,25.354,6.1933
47.5149,28.7057,7.62434
47.4881,28.6699,7.59305
47.033,27.7825,6.97646
38.6572,11.5823,4.57593
38.6955,11.6791,4.58658
47.4184,28.542,7.4866
47.4366,28.5863,7.52252
47.2344,28.222,7.24675
38.0547,10.9973,4.54088
43.3922,20.7832,5.51254
43.4224,20.8341,5.51843
43.9196,21.799,5.64263
43.9468,21.8509,5.64949
38.1185,10.9793,4.53941
42.8706,19.7682,5.39042
42.9756,19.9723,5.41433
41.8458,17.7852,5.17334
41.8231,17.7335,5.16748
39.8909,14.0024,4.81558
39.8607,13.9519,4.81153
44.3674,22.6618,5.76054
44.4462,22.8181,5.7829
45.2276,24.3226,6.01222
45.3025,24.4663,6.03605
45.3215,24.5161,6.04489
42.4771,19.0032,5.30342
42.3749,18.801,5.28088
40.3147,14.8236,4.89009
40.2344,14.672,4.87656
45.534,29.2744,7.92457
43.6581,21.2903,5.57609
43.6872,21.3402,5.58215
42.5771,19.2086,5.32703
42.6872,19.4113,5.3493
39.5146,13.2781,4.74999
38.9244,12.1355,4.63351
39.4069,13.0687,4.73033
40.1228,14.468,4.85884
40.0508,14.3118,4.84357
39.9916,14.2135,4.83575
42.0299,18.1418,5.2106
41.9754,18.0387,5.19993
39.6742,13.5869,4.77816
39.5947,13.4324,4.76405
47.3988,29.2686,8.10041
47.4553,29.2771,8.11907
42.7134,19.4619,5.35505
42.7902,19.6188,5.37351
41.32,16.7676,5.07003
42.2961,18.6486,5.26427
42.2436,18.547,5.25328
45.1738,24.2229,5.99605
42.8462,19.7184,5.38449
45.1512,24.1726,5.98764
45.3753,24.6182,6.06217
42.5016,19.0557,5.30957
42.2166,18.4997,5.24849
42.1556,18.4008,5.23907
41.4519,17.0251,5.09584
39.0576,12.3954,4.66114
44.2356,22.4102,5.72552
44.3144,22.5626,5.74675
40.4941,15.1859,4.92401
40.4188,15.0285,4.90894
40.3937,14.9768,4.90402
45.0986,24.0764,5.97237
45.0235,23.9262,5.94832
44.7611,23.4296,5.87246
40.9242,16.0027,4.99754
40.9005,15.9492,4.9921
40.8159,15.7978,4.97907
40.6617,15.4923,4.95071
40.6015,15.3988,4.94372
37.9855,11.0187,4.54064
44.1568,22.258,5.70456
43.1284,20.272,5.45016
38.7199,11.7289,4.59153
39.7819,13.7937,4.79683
39.7017,13.6374,4.78257
38.8741,12.0302,4.62201
41.7678,17.6334,5.15762
41.3994,16.9218,5.08538
44.9193,23.7299,5.91793
47.3378,29.2568,8.07772
44.8701,23.6291,5.90219
39.1924,12.6556,4.6886
39.1122,12.4967,4.6716
44.5246,22.9724,5.80519
44.0482,22.0551,5.67732
40.7383,15.644,4.96478
41.925,17.9378,5.18916
40.5208,15.2397,4.92906
43.2644,20.5281,5.48072
41.1353,16.4112,5.03552
41.0297,16.2078,5.01647
39.3273,12.9152,4.71522
41.1595,16.4661,5.0413
43.451,20.883,5.52417
44.7026,23.3327,5.85865
40.7623,15.6989,4.97035
43.1851,20.3766,5.46246
43.7922,21.5435,5.60851
43.8184,21.5944,5.61516
41.0035,16.1545,5.01137
40.9798,16.1025,5.00617
39.2706,12.8096,4.70478
37.9001,11.051,4.53823
45.5959,29.2537,7.89804
45.6733,29.2309,7.87007
45.9875,29.1607,7.79805
47.1189,29.2106,7.99249
46.3904,29.1247,7.79524
47.0229,29.1872,7.95291
45.7646,29.2053,7.84084
45.8703,29.1814,7.8161
43.1307,25.4494,5.94436
43.227,25.5852,5.97346
35.9539,11.2107,4.29645
43.0473,24.9844,5.85376
42.9454,25.1581,5.8849
42.7422,24.859,5.82722
42.4209,24.4057,5.74493
42.3115,24.2537,5.71845
36.6934,16.7428,4.75089
36.5404,16.5393,4.73141
36.2321,16.13,4.69291
37.5976,17.9456,4.87109
37.4488,17.7471,4.85064
35.5442,15.1937,4.60697
39.855,20.967,5.22752
39.9861,21.1462,5.25137
40.1165,21.3231,5.27517
41.6292,23.3248,5.56582
38.3312,18.9248,4.97638
37.8936,18.3401,4.9125
42.2904,23.9193,5.66341
41.9744,23.793,5.64098
42.088,23.9474,5.66652
39.0408,19.8745,5.08817
40.6385,22.0209,5.37173
40.7684,22.1887,5.39559
39.7779,20.6078,5.17705
39.4525,20.4271,5.15748
39.5874,20.6085,5.18076
40.248,21.5002,5.29925
40.378,21.6761,5.32346
45.3411,29.062,7.71336
44.4847,27.6055,6.63339
34.7987,11.1516,4.20891
44.8858,28.2977,7.05471
33.6319,11.1483,4.21738
46.6662,29.1377,7.84528
37.6585,11.0923,4.51919
34.1446,11.1637,4.20352
34.0672,11.032,4.19258
35.2365,11.0544,4.22579
44.1769,27.0791,6.40014
46.2495,29.1306,7.78598
46.1145,29.1434,7.78758
43.9657,26.7329,6.27674
43.4757,25.9889,6.06662
42.2006,24.1008,5.6923
37.1166,11.1582,4.45257
36.9869,11.0459,4.43294
32.4734,11.4233,4.36359
33.2755,11.2181,4.24721
41.2678,22.8446,5.49196
41.1457,22.6838,5.46789
35.5561,11.201,4.25653
41.3908,23.0048,5.51626
40.8968,22.355,5.41956
41.0221,22.5196,5.44359
41.8606,23.638,5.61573
41.5114,23.1653,5.54094
40.5082,21.8499,5.34767
43.04,25.3053,5.91448
42.8456,25.0091,5.85578
38.7599,19.499,5.04278
38.6182,19.3088,5.02033
33.1273,11.882,4.35113
37.2907,11.1727,4.47654
36.0769,15.9239,4.67385
42.6365,24.7081,5.79921
35.9211,15.7169,4.65492
35.7713,15.5161,4.63668
33.1716,12.0655,4.37325
35.1593,14.6591,4.55969
35.3752,15.1227,4.60946
37.3344,17.3664,4.80454
37.2993,17.5478,4.83033
37.1489,17.3478,4.81022
36.9976,17.1471,4.79031
39.3167,20.2441,5.13423
39.1797,20.0599,5.11111
33.885,13.1061,4.44915
38.9007,19.6878,5.06542
33.5572,12.6707,4.41979
33.3874,12.4484,4.40569
39.7217,20.7879,5.20402
38.4754,19.1173,4.99818
38.186,18.7312,4.95487
38.0402,18.5362,4.93358
34.8334,14.2339,4.52502
34.6843,14.1783,4.52972
37.746,18.1432,4.89169
34.5153,13.8075,4.49098
34.5254,13.965,4.51287
34.3662,13.751,4.49633
34.1959,13.3788,4.45827
34.0465,13.3217,4.46443
35.6437,15.3406,4.62071
36.8457,16.9455,4.77054
33.2147,12.2302,4.39297
46.0213,25.7137,6.26186
47.7719,29.3295,8.21981
47.6881,29.3187,8.19768
46.9824,27.6583,6.91043
38.5794,11.3782,4.55352
45.5773,25.0019,6.12954
44.0753,22.1081,5.68452
46.6839,26.9443,6.59853
47.8679,29.2426,8.14443
46.5682,26.7108,6.51836
46.1411,25.918,6.30511
46.5055,26.6084,6.48767
39.8115,13.8445,4.80099
39.7267,13.6875,4.78724
42.1079,18.2918,5.22643
44.2648,22.4594,5.73198
41.2677,16.6658,5.05998
42.7377,19.512,5.36095
47.8541,29.2203,8.1213
39.4569,13.1739,4.74088
40.2643,14.7195,4.88017
40.4435,15.0797,4.91383
45.047,23.976,5.95636
43.5559,21.0862,5.54972
39.3566,12.9652,4.71976
39.1372,12.5498,4.67754
41.0858,16.31,5.02558
41.6089,17.3299,5.1268
42.5282,19.1091,5.31562
40.547,15.2942,4.93426
43.0836,20.1721,5.43744
43.2907,20.5808,5.48727
43.2148,20.4259,5.46795
44.815,23.5326,5.88793
44.3899,22.7129,5.76813
43.8668,21.6945,5.62868
39.0026,12.2895,4.64992
38.4479,11.0244,4.51445
46.6206,26.8183,6.55435
46.1826,26.0064,6.32651
44.7891,28.1376,6.94379
45.2752,28.9435,7.59732
46.3219,26.3143,6.40693
46.9157,29.1674,7.91497
46.5304,29.1276,7.81595
42.5293,24.5571,5.77182
46.7744,27.1553,6.68028
41.7452,23.4817,5.59065
36.3428,11.2082,4.34437
36.3866,16.3351,4.7121
38.4851,11.1242,4.52552
47.7908,29.1147,8.01299
45.23,29.3797,8.11318
45.2299,29.3802,8.11582
45.2299,29.3767,8.10509
45.2287,29.3772,8.10889
45.2308,29.3793,8.10984
45.2265,29.3752,8.10888
45.2285,29.3782,8.1131
45.2316,29.3707,8.09145
47.9524,29.3778,8.28689
47.9475,29.3748,8.28345
45.2336,29.3659,8.08187
45.235,29.3732,8.09273
45.229,29.3542,8.06688
45.2245,29.3613,8.08152
38.4215,10.9382,4.50327
38.4393,10.9761,4.50674
38.4477,10.9944,4.50847
46.4759,26.5316,6.46273
46.465,26.513,6.45741
38.4566,11.0146,4.51045
47.8306,29.1559,8.05572
46.459,26.5031,6.45463
47.819,29.1351,8.03448
47.7615,29.0347,7.93369
45.2368,29.3429,8.04728
45.2269,29.33,8.03379
45.2493,29.295,7.98282
47.7422,29.0035,7.9029
46.034,25.6952,6.25416
47.7818,29.3573,8.24789
46.923,27.428,6.79564
45.9514,25.5531,6.22604
47.6995,29.352,8.23096
38.5778,11.288,4.53738
47.6342,29.3473,8.21597
38.6048,11.3492,4.54353
47.5641,28.7008,7.62185
47.4714,29.3339,8.17387
45.2644,29.1771,7.84442
45.2783,29.0939,7.75233
31.367,10.9772,4.49704
31.4197,11.0127,4.49011
31.3222,10.9785,4.51378
47.2996,29.3172,8.1241
45.1467,28.8753,7.53903
45.1865,28.9416,7.60203
34.4608,11.0217,4.19182
34.6688,11.0925,4.2011
36.4957,11.0993,4.36391
33.1245,11.1052,4.24471
35.6774,11.1967,4.26735
35.6195,11.0601,4.25753
35.8049,11.1069,4.2776
32.7453,11.0504,4.27296
35.4306,11.1137,4.24278
32.4594,11.0804,4.31123
32.3279,11.1651,4.34258
32.2747,11.3357,4.37887
32.1268,11.1284,4.36698
32.9507,11.851,4.36729
46.5812,26.725,6.52195
46.5788,26.7204,6.52043
46.5763,26.7157,6.51895
46.574,26.7111,6.51742
46.5689,26.7017,6.51444
46.5715,26.7064,6.51591
46.5859,26.7345,6.52507
46.5885,26.7393,6.52663
46.5634,26.692,6.51144
46.5662,26.697,6.51301
46.5984,26.7593,6.53326
46.6011,26.7645,6.53496
38.4017,10.8965,4.4995
38.3992,10.8911,4.49902
46.6062,26.775,6.5385
47.9368,29.3504,8.25797
47.9345,29.3452,8.25247
38.4044,10.9018,4.49993
38.4069,10.9073,4.50045
46.6045,26.7852,6.54307
46.6088,26.7802,6.54027
46.6116,26.7856,6.54206
46.6168,26.7967,6.54588
46.6196,26.8023,6.54775
47.9284,29.3349,8.24167
47.9257,29.3293,8.23578
46.6282,26.8187,6.55327
46.6337,26.83,6.55716
46.6369,26.8355,6.559
47.9226,29.3239,8.23004
46.6429,26.8468,6.56284
46.6459,26.8525,6.56478
46.5578,26.6816,6.50816
46.5549,26.6761,6.50643
38.4155,10.9251,4.50204
46.6517,26.8641,6.5688
46.6548,26.8699,6.57079
47.9166,29.3126,8.2182
47.9135,29.3067,8.21209
47.9103,29.3009,8.20593
45.2324,29.3787,8.1057
45.2233,29.3707,8.10306
46.6668,26.8938,6.57919
46.6791,26.9187,6.58808
46.6762,26.9123,6.58576
45.239,29.3772,8.09618
45.2392,29.3722,8.08796
45.2442,29.3759,8.09055
47.9037,29.2888,8.19325
46.6891,26.9382,6.59503
45.2351,29.3779,8.10082
46.6956,26.9517,6.59997
46.6925,26.9448,6.59743
47.8932,29.2693,8.17296
47.8858,29.2557,8.15877
46.7064,26.9726,6.60755
46.7099,26.9798,6.61021
46.5332,26.638,6.4948
38.379,10.8784,4.50135
38.4282,10.9522,4.50452
38.4318,10.9598,4.50519
46.5249,26.6233,6.49033
46.7133,26.9871,6.61293
46.7165,26.995,6.61595
46.5836,26.7297,6.52347
46.5908,26.7442,6.52827
47.8735,29.2342,8.13635
46.6401,26.8411,6.56084
46.5934,26.7492,6.52988
46.7207,27.0029,6.61888
46.725,27.0108,6.62176
38.4093,10.9131,4.50107
47.8692,29.2265,8.12839
47.8647,29.2191,8.12064
46.5164,26.6076,6.48557
46.6227,26.8076,6.5495
47.9395,29.3559,8.2637
46.6308,26.8243,6.55522
47.9196,29.3182,8.22414
46.4988,26.5749,6.47565
46.5036,26.5829,6.47798
46.7329,27.0277,6.62815
47.9315,29.3402,8.24724
46.4899,26.5579,6.47052
46.4941,26.5667,6.47327
38.3965,10.8861,4.49863
46.5604,26.687,6.50991
47.907,29.295,8.19975
46.5516,26.6705,6.50471
46.5482,26.6647,6.50298
46.5958,26.7543,6.53159
38.3597,10.8819,4.50606
38.3703,10.8801,4.50356
46.6037,26.7697,6.53672
46.6489,26.8582,6.56675
45.2511,29.3745,8.08471
46.6576,26.8758,6.57289
46.6608,26.8817,6.57493
38.3942,10.8811,4.49817
46.6729,26.9061,6.58357
46.6825,26.9251,6.59035
47.8508,29.194,8.09477
47.8456,29.185,8.08548
38.4124,10.9191,4.50155
46.6143,26.7911,6.54394
47.8967,29.2759,8.17984
47.8894,29.2627,8.16597
46.6637,26.8878,6.57708
46.67,26.8999,6.58133
46.7414,27.046,6.63516
46.7461,27.0559,6.63897
46.5447,26.6585,6.50107
46.6992,26.9586,6.60244
46.7028,26.9655,6.60496
47.8817,29.2489,8.15168
46.5408,26.652,6.49912
46.537,26.6451,6.49699
47.9425,29.361,8.26909
46.7555,27.0776,6.64748
38.4185,10.9315,4.50262
38.4248,10.945,4.50386
46.529,26.6307,6.4926
46.1442,25.8957,6.29725
46.1383,25.8843,6.29464
46.1504,25.9071,6.29979
46.1563,25.9186,6.30246
46.1332,25.873,6.2919
46.1274,25.8616,6.28928
46.7505,27.0666,6.64317
46.7513,27.1001,6.6581
46.7611,27.0892,6.65198
46.1624,25.9302,6.30509
46.1685,25.9419,6.30784
46.4395,26.4689,6.44494
46.4467,26.4808,6.44824
47.8604,29.2106,8.11194
46.5079,26.5911,6.48047
38.4357,10.9678,4.5059
46.512,26.5995,6.48311
45.2821,29.3692,8.0663
46.174,25.9542,6.31089
46.1803,25.9667,6.31385
46.4857,26.5489,6.46776
47.8778,29.2416,8.14401
46.7727,27.1148,6.66213
46.1079,25.8263,6.28164
46.0999,25.8141,6.27926
45.2249,29.3438,8.05403
46.093,25.8007,6.27629
47.7925,29.0891,7.98796
47.7857,29.0762,7.97496
38.4727,11.0497,4.51375
38.4789,11.063,4.515
46.4809,26.5403,6.46523
46.1862,25.9798,6.31712
46.193,25.9936,6.32043
46.4708,26.5224,6.46004
46.2068,26.0231,6.32778
46.7792,27.1284,6.66751
46.7861,27.1425,6.67312
47.8557,29.2025,8.10351
38.4917,11.0928,4.51801
46.7998,27.1723,6.68521
46.4318,26.4562,6.44149
46.4237,26.4421,6.43756
47.8407,29.1754,8.07563
38.4435,10.9849,4.50752
46.07,25.7591,6.26743
46.8014,27.22,6.70697
46.8148,27.2042,6.69828
47.836,29.1657,8.06575
46.7373,27.0365,6.63151
45.2697,29.3717,8.07324
38.4849,11.0776,4.51652
38.4989,11.1088,4.51955
47.8127,29.1245,8.02373
46.4532,26.4923,6.45151
47.8927,29.3668,8.27045
47.8857,29.3522,8.25526
45.2596,29.3733,8.07921
46.4144,26.427,6.43347
46.8312,27.237,6.71182
46.8399,27.2536,6.71872
46.0525,25.7287,6.26116
46.0437,25.7123,6.25767
38.4617,11.0257,4.51149
46.121,25.85,6.28678
46.2296,26.0739,6.34072
46.1148,25.8381,6.28412
47.8726,29.3647,8.26621
38.4673,11.0374,4.51253
46.8567,27.2879,6.73325
46.8656,27.3057,6.74091
38.3466,10.8844,4.50895
46.8739,27.3246,6.7492
46.8834,27.3436,6.75752
47.8065,29.1131,8.01212
47.8515,29.3629,8.26205
47.8292,29.3612,8.25777
46.2384,26.0928,6.34553
46.248,26.1125,6.35056
46.2675,26.1549,6.36159
38.3307,10.8873,4.51213
47.7995,29.1014,8.0003
46.0025,25.6398,6.24295
45.3158,29.364,8.05188
38.5237,11.1643,4.52496
38.5335,11.1854,4.52694
38.5532,11.233,4.53197
46.2891,26.1999,6.37332
47.7777,29.0629,7.96171
46.3493,26.3139,6.40319
38.3115,10.8907,4.51557
46.3129,26.2455,6.38514
47.7698,29.0491,7.94794
47.6981,28.9283,7.83003
47.6851,28.9061,7.80896
46.1996,26.0082,6.3241
46.2142,26.0388,6.33168
46.0787,25.7734,6.27028
46.7665,27.1017,6.65697
47.7328,28.9859,7.8857
46.8231,27.2206,6.70502
46.7927,27.1572,6.67909
46.2215,26.0558,6.33609
45.2974,29.3669,8.05945
46.8483,27.2707,6.72594
46.395,26.3937,6.42444
46.4049,26.4108,6.42909
47.6701,28.8823,7.78646
38.5063,11.1264,4.52139
38.5143,11.145,4.52327
45.3631,29.3567,8.03495
45.3925,29.3523,8.02569
46.3839,26.3753,6.41955
46.958,27.504,6.83143
46.971,27.532,6.84496
38.2878,10.8947,4.51928
46.3726,26.3557,6.41434
45.907,25.4743,6.21064
46.2573,26.1335,6.35607
45.2284,29.3074,8.00366
45.2337,29.276,7.96348
46.014,25.6587,6.24662
45.3377,29.3603,8.0433
47.8064,29.3592,8.25296
47.7225,28.9675,7.86784
47.6388,28.8291,7.73696
47.6222,28.7996,7.70997
46.9987,27.5937,6.87557
47.7106,28.9486,7.84956
47.6031,28.7686,7.68191
46.903,27.3842,6.77558
46.8934,27.3633,6.76618
45.9793,25.5984,6.23463
45.9912,25.6198,6.23893
45.9657,25.5764,6.23046
46.3245,26.2686,6.39126
46.3366,26.2917,6.39741
46.3608,26.3354,6.40895
45.8365,25.3503,6.18709
38.654,11.4585,4.5545
47.6552,28.8561,7.76194
47.5979,29.3452,8.20781
47.559,29.3427,8.19854
38.5653,11.2591,4.53444
47.046,27.703,6.93215
47.0293,27.664,6.91159
47.7555,29.3564,8.24341
45.7761,25.2419,6.1668
46.9345,27.4516,6.80659
46.3009,26.2226,6.37919
38.6365,11.4201,4.55066
38.6737,11.4986,4.55825
38.2594,10.8996,4.52312
45.7338,25.1633,6.15218
46.9456,27.4774,6.81875
45.938,25.5275,6.22082
45.247,29.2326,7.90973
47.0656,27.7432,6.95365
47.0857,27.7848,6.9764
47.496,28.585,7.52328
47.474,28.5423,7.48827
47.45,28.4991,7.45359
45.9236,25.5011,6.21561
45.873,25.415,6.19932
45.8897,25.4457,6.2053
45.663,25.041,6.13049
45.638,24.9961,6.12252
38.7129,11.5863,4.56737
38.733,11.6328,4.57242
47.6677,29.3506,8.2246
47.1279,27.8752,7.02757
38.5918,11.3177,4.54019
38.0796,10.928,4.53525
38.1373,10.9201,4.53337
45.4829,29.2915,7.94757
45.468,29.3414,8.0044
45.5163,29.3348,7.9922
45.8551,25.3835,6.19336
47.4268,28.4548,7.41867
47.4025,28.4092,7.38354
45.5895,24.9025,6.10555
45.5657,24.8549,6.0969
45.5422,24.8076,6.08834
45.44,24.6168,6.05552
45.2638,24.2737,5.99758
45.2887,24.323,6.00583
45.363,24.4696,6.03057
47.3253,28.2674,7.27933
45.2367,24.2249,5.98984
45.2128,24.175,5.98141
45.1869,24.1263,5.97362
47.2217,28.0697,7.14608
45.1094,23.9787,5.95006
45.0854,23.9291,5.94195
45.0606,23.8799,5.93405
45.009,23.7806,5.9185
44.9826,23.731,5.91089
44.9577,23.6806,5.90289
44.9306,23.6312,5.89552
38.8573,11.8782,4.59673
44.8785,23.5317,5.88037
44.8242,23.4308,5.8654
42.7503,19.4125,5.34003
42.7246,19.3616,5.33414
42.7762,19.4632,5.34587
42.6714,19.2602,5.32282
42.6438,19.2097,5.31741
42.5919,19.109,5.30612
42.6175,19.1596,5.31187
42.8559,19.6167,5.36341
42.8823,19.6675,5.36924
42.54,19.0059,5.29435
42.5146,18.955,5.28855
42.9589,19.8192,5.38719
42.9337,19.7686,5.38112
42.4363,18.8028,5.2717
42.4626,18.8536,5.27728
43.0397,19.9709,5.40453
43.0119,19.9205,5.39893
42.3838,18.7012,5.26059
42.3575,18.6504,5.25506
43.092,20.0726,5.4166
43.1193,20.1229,5.42232
42.3313,18.5996,5.24955
42.3049,18.5489,5.24408
42.2511,18.4489,5.23372
42.2784,18.4988,5.2388
43.2223,20.3264,5.44713
43.1965,20.2752,5.44083
43.2492,20.3773,5.45315
43.2756,20.4281,5.45929
42.171,18.2949,5.21732
42.1469,18.243,5.2113
43.3533,20.5817,5.47833
43.3813,20.6313,5.484
42.0948,18.1421,5.20058
42.0664,18.0918,5.19575
43.4075,20.6818,5.49019
43.4331,20.7326,5.49658
42.0405,18.0404,5.1902
42.0152,17.989,5.18457
43.4584,20.7839,5.5032
43.4864,20.8341,5.50905
41.9887,17.9386,5.17938
41.964,17.8876,5.17373
41.9104,17.7863,5.16344
41.8851,17.735,5.15787
43.5382,20.9359,5.52193
43.5655,20.9862,5.52801
43.5913,21.0372,5.53456
43.617,21.0883,5.54116
41.8579,17.6845,5.15289
41.8325,17.6332,5.14737
43.6696,21.1899,5.55407
43.6968,21.2403,5.56029
41.7531,17.4807,5.1318
41.7259,17.4311,5.12701
43.7221,21.2915,5.5671
43.7493,21.3419,5.57337
41.621,17.2265,5.10595
41.6477,17.2774,5.11106
43.7751,21.3929,5.58008
43.8008,21.444,5.58684
41.5405,17.0756,5.09114
41.5687,17.1249,5.0956
43.8803,21.5956,5.60643
43.9047,21.6466,5.61349
43.9831,21.8007,5.63415
44.0109,21.8514,5.64063
41.436,16.8705,5.07026
41.4109,16.8186,5.06476
44.037,21.9023,5.64749
44.0638,21.9525,5.65409
41.3055,16.6146,5.0447
41.3323,16.6654,5.04954
44.1679,22.1569,5.68213
44.1422,22.1059,5.67503
41.2522,16.5144,5.03528
41.2254,16.4633,5.03044
44.7985,23.3804,5.85775
44.7698,23.3312,5.85087
38.8328,11.8269,4.59123
38.8839,11.9293,4.60186
41.1725,16.3603,5.02055
41.1477,16.3087,5.0153
44.2216,22.2576,5.69566
44.2472,22.3088,5.70288
41.0926,16.2081,5.00648
41.1204,16.2587,5.01089
44.2741,22.3594,5.70976
44.3009,22.4101,5.71671
41.0405,16.1046,4.99665
41.0675,16.1556,5.00124
41.0156,16.0528,4.99151
40.9882,16.0021,4.98708
44.7455,23.2794,5.84275
44.3261,22.4616,5.72413
44.3529,22.5123,5.73115
44.3791,22.5632,5.73833
44.4049,22.6139,5.74554
40.9077,15.8489,4.97328
40.8813,15.7974,4.96852
40.8541,15.7471,4.96416
40.7766,15.593,4.94966
40.7511,15.5412,4.94469
44.4823,22.7679,5.76784
44.6908,23.1764,5.82769
44.6424,23.0737,5.8118
40.6692,15.3904,4.93173
44.5624,22.9212,5.78979
44.6157,23.0233,5.80456
40.5608,15.1856,4.9136
40.484,15.0292,4.89863
40.4325,14.9263,4.88895
40.4055,14.8753,4.88446
40.38,14.8235,4.87951
40.3269,14.7208,4.8702
40.2998,14.6696,4.86567
40.1652,14.4139,4.84299
40.189,14.4673,4.84854
40.0781,14.3596,4.84756
40.114,14.3101,4.83312
38.9365,12.0323,4.61251
40.0328,14.1565,4.81963
39.9269,13.9501,4.80084
39.8467,13.7945,4.78673
39.7666,13.6388,4.77254
39.7934,13.6901,4.77714
38.2255,10.9051,4.52687
39.6602,13.4328,4.7538
39.5795,13.278,4.73976
39.5242,13.1747,4.73062
39.472,13.0703,4.72035
39.4198,12.9666,4.70993
38.9898,12.136,4.62336
39.3636,12.864,4.70022
39.3106,12.7591,4.68925
39.2031,12.5519,4.66765
39.0422,12.2394,4.63442
39.151,12.4474,4.65622
39.0679,12.2921,4.64029
39.0964,12.344,4.64547
46.9839,27.5622,6.85989
47.0124,27.6276,6.89285
45.6437,29.3147,7.9604
45.5739,29.3246,7.97608
45.7975,25.2792,6.17363
45.817,25.3157,6.1806
45.7552,25.2031,6.15955
47.5839,28.7357,7.65252
47.5186,28.6255,7.55713
47.5413,28.6644,7.59031
38.1851,10.9114,4.53034
47.5181,29.3379,8.18651
45.4271,29.3471,8.01545
38.6206,11.3832,4.54681
47.42,29.3293,8.1595
45.688,25.0813,6.13736
38.758,11.68,4.57674
45.4913,24.7126,6.07189
47.1056,27.8295,7.00145
45.4667,24.6641,6.06339
38.7816,11.7293,4.58181
45.2228,29.1369,7.80517
45.0629,28.7403,7.41555
45.1045,28.809,7.47764
45.3861,24.5191,6.03927
45.6145,24.9493,6.11388
38.692,11.5418,4.56294
45.3154,24.3712,6.01357
45.3397,24.4202,6.02192
47.3629,29.3244,8.14359
47.151,27.9215,7.05467
42.5659,19.0574,5.30022
44.1152,22.055,5.66824
44.1958,22.2065,5.68851
43.1448,20.1735,5.42849
43.1693,20.2244,5.43493
43.8281,21.4944,5.59316
43.8533,21.5456,5.60008
41.8053,17.5828,5.1424
41.7799,17.5314,5.1369
41.5957,17.175,5.10046
41.5152,17.0239,5.08564
44.9737,28.6031,7.29736
41.4889,16.9729,5.08051
47.1739,27.9697,7.08364
43.3026,20.4784,5.46521
43.3278,20.5298,5.47174
40.2151,14.5196,4.85345
40.2429,14.5703,4.85773
40.2706,14.621,4.86204
39.4449,13.0188,4.71545
39.6072,13.3291,4.74422
39.498,13.1224,4.72552
42.9081,19.7181,5.37517
42.9147,19.8705,5.4033
42.9843,19.87,5.39328
44.7165,23.2289,5.83568
45.1364,24.0278,5.95768
44.0888,22.0039,5.66132
43.6443,21.1386,5.54731
39.7131,13.5365,4.76336
39.6874,13.4843,4.75837
41.9372,17.8369,5.16857
40.587,15.2382,4.91856
40.5085,15.0812,4.90382
44.8516,23.4812,5.8728
40.6971,15.4403,4.93586
40.6137,15.2905,4.92339
39.3369,12.8114,4.69476
47.2458,28.1208,7.17931
40.8015,15.6453,4.95484
47.2731,28.1692,7.21148
40.7234,15.4914,4.94052
45.0353,23.8301,5.92614
47.3762,28.3628,7.34867
38.9106,11.9804,4.60701
42.2243,18.3981,5.22839
42.1986,18.3462,5.22259
40.9358,15.8996,4.97755
40.8283,15.6964,4.95945
42.8286,19.5653,5.35763
43.0662,20.0216,5.41046
39.1227,12.3964,4.65116
43.9574,21.749,5.62708
41.3577,16.7168,5.05482
41.2785,16.5647,5.04009
39.9795,14.0525,4.81015
40.005,14.1049,4.81519
39.9539,14.001,4.8053
39.8743,13.8458,4.79114
42.1201,18.1927,5.20612
39.8187,13.7428,4.78228
44.8348,28.3817,7.12113
43.5125,20.8849,5.51542
39.7402,13.5878,4.76791
41.1995,16.4113,5.02526
42.6986,19.3107,5.32832
39.2571,12.6561,4.67857
39.2309,12.6039,4.67295
44.4309,22.6645,5.75275
44.4562,22.7159,5.7603
41.4625,16.9217,5.07536
41.385,16.7674,5.05958
42.8019,19.5139,5.35177
40.9627,15.9505,4.98211
38.8072,11.7777,4.58642
42.4888,18.9044,5.28288
42.41,18.752,5.26614
43.9318,21.6975,5.62007
41.6991,17.3808,5.12203
41.6724,17.3296,5.11683
44.5104,22.8185,5.77478
44.5377,22.8691,5.78187
44.5894,22.9723,5.7971
40.4569,14.9783,4.89417
40.1403,14.3613,4.83779
40.0593,14.2083,4.82435
38.9625,12.0844,4.6181
39.3921,12.9153,4.70502
47.2984,28.2189,7.24537
47.3511,28.3153,7.31368
44.7371,28.2249,7.00731
44.6854,28.145,6.95276
44.6337,28.0631,6.89904
37.931,10.9526,4.53421
37.8318,10.9699,4.52955
46.9589,29.2824,8.0249
39.0167,12.1874,4.62868
44.5975,27.7957,6.73456
44.4176,27.7105,6.69157
47.2287,29.3124,8.10523
38.0119,10.9398,4.53582
44.2952,27.5175,6.59332
47.15,29.3031,8.08087
44.3122,27.3012,6.49091
44.1695,27.3107,6.49825
47.0607,29.2923,8.05338
45.2267,29.0104,7.66914
46.5945,29.2598,7.94416
44.0298,27.0931,6.40861
46.0559,29.2694,7.90663
45.7274,29.3017,7.94208
44.9286,28.5312,7.23806
45.8251,29.2896,7.92622
43.8871,26.6092,6.23719
43.7283,26.6273,6.24551
43.4794,26.2609,6.13907
44.8823,28.4573,7.17923
44.582,27.9798,6.84657
44.7861,28.3044,7.06391
44.5288,27.8938,6.79471
43.3074,26.0066,6.07347
43.2196,25.8762,6.04196
45.0178,28.6726,7.35638
43.1295,25.7438,6.01123
43.0404,25.6065,5.98046
42.8529,25.3231,5.92033
45.9353,29.2787,7.914
37.7174,10.979,4.52087
42.6523,25.0293,5.86189
36.6453,11.0187,4.38417
33.0174,12.0078,4.38307
42.3269,24.5846,5.77953
38.7127,19.6788,5.07169
38.5722,19.4886,5.04905
38.1444,18.9115,4.98294
37.9995,18.7166,4.96149
41.8856,23.9732,5.67421
41.7727,23.8179,5.64863
39.9251,21.325,5.28149
39.7949,21.146,5.25751
41.9976,24.1276,5.70007
40.0563,21.5024,5.30546
36.6608,16.9241,4.7787
36.8124,17.1267,4.7983
39.1273,20.2393,5.14049
41.0707,22.8636,5.49949
41.1927,23.0252,5.52379
41.4294,23.3451,5.57304
41.5447,23.5043,5.59813
40.4454,22.0293,5.37848
40.5743,22.2007,5.40272
44.4752,27.8034,6.74258
46.8461,29.2738,7.9966
37.5779,11.0027,4.50778
44.2339,27.416,6.54539
32.8033,11.8155,4.38077
32.5254,11.7173,4.40464
31.9817,11.2672,4.41651
32.121,11.2763,4.39359
32.1011,11.3734,4.41443
46.4588,29.2568,7.9241
31.8067,11.0191,4.40286
31.9389,11.1211,4.39744
31.9791,11.0004,4.36904
43.9565,26.9814,6.36626
43.8834,26.8661,6.32472
46.3209,29.2563,7.90965
43.648,26.506,6.20841
43.3939,26.1347,6.10578
42.5403,24.8851,5.83468
32.3921,11.5452,4.39609
34.5787,11.0411,4.19535
37.4059,11.0239,4.48835
42.7542,25.1771,5.89085
41.6593,23.6617,5.62328
32.2893,11.0186,4.32452
42.4343,24.7352,5.80682
42.2183,24.4334,5.75271
36.3264,11.0311,4.33988
39.3972,20.6064,5.18707
33.5956,11.0276,4.20592
32.604,11.0065,4.28238
40.8261,22.535,5.45087
40.7015,22.3688,5.42677
39.2627,20.4234,5.16372
38.8522,19.8674,5.09451
38.9907,20.0541,5.11742
42.1085,24.281,5.72624
34.7531,11.0325,4.19966
37.1949,11.0192,4.46109
37.8539,18.5206,4.94029
34.1888,11.0396,4.1921
35.9759,11.033,4.29521
36.3557,16.5166,4.74005
37.1138,17.5289,4.83791
36.202,16.3116,4.72095
36.0477,16.1056,4.702
36.9636,17.3283,4.81802
33.3142,11.0421,4.22305
41.3124,23.1853,5.54823
40.9491,22.6996,5.47506
35.737,15.6909,4.66448
35.5937,15.4946,4.64675
39.6639,20.9673,5.23387
35.4648,15.3072,4.62939
39.5311,20.7878,5.21046
32.6714,11.8368,4.40273
36.5086,16.7207,4.75929
40.3158,21.8552,5.35408
40.1861,21.6792,5.3297
38.4308,19.2973,5.02669
38.2883,19.105,5.00465
35.8927,15.8987,4.68317
35.1715,14.8276,4.58285
37.4119,17.928,4.87829
37.2632,17.7287,4.85801
35.0013,14.6036,4.56434
33.7218,12.8894,4.43432
34.8429,14.3911,4.54687
37.7074,18.3239,4.91938
37.5601,18.1264,4.89874
34.2067,13.5365,4.48016
46.2782,26.1769,6.36728
46.9133,27.4055,6.78524
46.6857,26.9317,6.59272
47.9002,29.2824,8.18663
45.7107,25.1232,6.145
46.729,27.019,6.62482
40.0854,14.2603,4.8292
47.1973,28.0193,7.11424
45.4141,24.5679,6.04722
39.1757,12.4998,4.66221
39.2852,12.7071,4.68356
45.1618,24.0772,5.96564
40.3525,14.7726,4.87513
39.6329,13.3814,4.74923
44.9043,23.5817,5.88803
39.8993,13.8987,4.79639
38.4523,11.0042,4.50933
44.6677,23.1242,5.81937
38.5426,11.2086,4.52951
46.1853,29.2621,7.90517
46.7243,29.2658,7.96896
43.8079,26.7476,6.28432
46.0862,25.7871,6.27323
42.9481,25.4664,5.95022
46.8066,27.1879,6.69166
46.0241,25.6775,6.25053
47.9458,29.3649,8.27334
31.1978,10.9283,4.56241
31.1805,10.9123,4.56745
31.2243,10.9368,4.54618
31.1983,10.9034,4.54545
31.2722,10.9488,4.52475
31.332,10.9275,4.49434
31.4719,11.0623,4.48759
31.6789,11.1261,4.44992
31.6428,10.9935,4.43044
31.5594,11.0827,4.46874
33.7111,11.0261,4.20103
34.8756,11.0149,4.20339
34.3439,11.0324,4.19151
46.6255,26.8132,6.55138
46.5207,26.6155,6.48798
47.8247,29.1457,8.04531
46.0612,25.7441,6.26434
47.752,29.0197,7.9188
31.1475,10.8812,4.58083
31.1545,10.8815,4.56978
31.1576,10.8912,4.57641
31.1695,10.891,4.56108
31.1672,10.9018,4.57442
47.7281,29.3551,8.23823
31.237,10.9076,4.52519
40.6421,15.3403,4.92741
39.5521,13.2264,4.7352
31.2778,10.9056,4.50691
40.5363,15.1326,4.90824
31.5042,10.9786,4.45871
31.4076,10.9401,4.47485
45.5165,24.761,6.08033
44.357,27.615,6.64171
44.1012,27.2027,6.45254
43.5636,26.3855,6.17351
31.816,11.1875,4.43329
