X,Y,Z
45.17727901,29.13425951,7.92134499
45.13771137,29.07838755,7.86674704
45.18180299,29.04286279,7.84742271
44.49252575,28.31847682,7.19692956
44.52223421,28.29377673,7.19466825
44.57749507,28.37043266,7.24906397
43.95547300,27.50617841,6.74971597
44.00983756,27.46209819,6.75117762
44.07936411,27.56197363,6.79594488
43.63176442,26.92266498,6.54679882
43.71939198,26.85295603,6.55043851
43.79711274,26.96746206,6.58754812
44.22697091,27.88368090,6.93890591
44.19302291,27.91183956,6.93781397
44.12735526,27.82262847,6.88832015
45.21712297,29.36098826,8.10434299
45.21080835,29.35267958,8.09567814
45.21537268,29.34798682,8.09866020
45.15706966,29.28195273,8.02218953
45.15628906,29.28376029,8.01684851
45.13035095,29.24969067,7.98151518
45.19058666,29.32881023,8.06379992
45.19133984,29.32705477,8.06899724
45.20244028,29.34166603,8.08420339
45.22111541,29.36890995,8.10575165
45.21637118,29.36267835,8.09922507
45.21006744,29.35439835,8.09055668
45.20169684,29.34340351,8.07905334
45.20702768,29.33692545,8.08719054
45.17584494,29.30944694,8.04359151
45.17661070,29.30766811,8.04885149
44.50816749,28.43248850,7.23338927
44.50929736,28.42991282,7.24166184
44.56518609,28.50342816,7.29887239
44.27299029,28.12361464,7.01368281
44.27425970,28.12074677,7.02317826
44.33485450,28.20045383,7.07616504
43.93950676,27.68041532,6.76851821
43.93803027,27.68370773,6.75723554
43.86450612,27.58715055,6.70873824
45.09595153,29.20450731,7.93494818
45.09676265,29.20263028,7.94052036
45.13114739,29.24784983,7.98695894
45.05461038,29.15020631,7.87951352
45.05543598,29.14828975,7.88523875
45.01099759,29.09292183,7.82176778
45.01184119,29.09096025,7.82766378
44.96618469,29.03406136,7.76332824
44.96704988,29.03204971,7.76940986
44.92020915,28.97367415,7.70441650
44.92109867,28.97160846,7.71069716
44.87305778,28.91174290,7.64518714
44.87397366,28.90962008,7.65167918
44.82469872,28.84822578,7.58577132
44.82564248,28.84604336,7.59248635
44.77510424,28.78308642,7.52630532
44.77607710,28.78084231,7.53325448
44.72425767,28.71630296,7.46693692
44.72526063,28.71399534,7.47413096
44.67214528,28.64785740,7.40781339
44.67317914,28.64548468,7.41526267
44.61875644,28.57773581,7.34907995
44.61982182,28.57529662,7.35679438
44.56408869,28.50593502,7.29088337
44.45105691,28.35748043,7.17678632
44.45221988,28.35483463,7.18535109
44.39284300,28.28102389,7.12126247
44.39404003,28.27830633,7.13012809
44.33362201,28.20324532,7.06698968
44.21041521,28.04143237,6.96099770
44.21172292,28.03848550,6.97082528
44.14562444,27.95634095,6.90886016
44.14697188,27.95331218,6.91903283
44.07862518,27.86834992,6.85742985
44.08001395,27.86523615,6.86796053
44.00942008,27.77746292,6.80684346
44.01085188,27.77426111,6.81774456
43.78891757,27.48788325,6.66146966
43.79048700,27.48440491,6.67353960
43.86602863,27.58376568,6.72041145
43.71125186,27.38588909,6.61547229
43.71286841,27.38231741,6.62794186
43.63158246,27.28126454,6.57081924
43.63324559,27.27760091,6.58368736
43.54994569,27.17405731,6.52753849
43.55165409,27.17030443,6.54079985
43.46634117,27.06426687,6.48562044
43.46809285,27.06042869,6.49926563
45.18130295,29.30281659,8.05189887
45.19597109,29.32226372,8.07200702
45.16183659,29.27702637,8.02529095
45.17087417,29.26888186,8.02534806
45.19020595,29.29479232,8.05193225
45.13600036,29.24283537,7.99013962
45.06048220,29.14306779,7.88869194
45.10170828,29.19751736,7.94381863
44.83137243,28.84010918,7.59698487
44.87955004,28.90384402,7.65593279
44.78196599,28.77474478,7.53801661
44.67939980,28.63904681,7.42060725
44.73131324,28.70772977,7.47917518
44.57175379,28.49663459,7.30487097
44.51604327,28.42293652,7.24801279
44.45914730,28.34767222,7.19207006
44.21942655,28.03052899,6.97916355
44.28176047,28.11299773,7.03108693
44.01920339,27.76564032,6.82748497
44.08814305,27.85684365,6.87721537
43.87484297,27.57467086,6.73116512
43.94808685,27.67156008,6.77875942
43.79953949,27.47506724,6.68481414
43.72216071,27.37273591,6.63974184
43.56142004,27.16024415,6.55364235
45.01700257,29.08561557,7.83129173
44.97233990,29.02657016,7.77322891
44.92652783,28.96598443,7.71472449
44.62621436,28.56868259,7.36245726
44.34215848,28.19290591,7.08366238
44.40115306,28.27095373,7.13722956
44.15488481,27.94514128,6.92782007
43.64277663,27.26777754,6.59601196
45.20476786,29.31433860,8.07203239
45.21574890,29.32908409,8.08722082
45.18487554,29.25693803,8.02211541
45.14519727,29.23454685,7.99024526
45.11108490,29.18906330,7.94401671
45.02680318,29.07676882,7.83178876
45.07005879,29.13442774,7.88902766
44.98238559,29.01749900,7.77390761
44.89013267,28.89428434,7.65704454
44.93683534,28.95667471,7.71560751
44.84224119,28.83029005,7.59835092
44.79313030,28.76465790,7.53966330
44.74278151,28.69736771,7.48112914
44.69117962,28.62840282,7.42289484
44.58417685,28.48540882,7.30790188
44.63831263,28.55775052,7.36510419
44.52879744,28.41141153,7.25145056
44.47223962,28.33584206,7.19593505
44.41459216,28.25881134,7.14153909
44.29592809,28.10020289,7.03632824
44.35595533,28.18044252,7.08843036
44.23397978,28.01739066,6.98489507
44.16984041,27.93164598,6.93405815
44.10351973,27.84297688,6.88397246
44.03502067,27.75138745,6.83476963
43.89159282,27.55960884,6.73952221
43.96436286,27.65690788,6.78657801
43.81677395,27.45958848,6.69371212
43.73988433,27.35683830,6.64918249
43.58011060,27.14352281,6.56416176
43.66098802,27.25146386,6.60599363
43.47808826,27.05013856,6.51261366
43.49724151,27.03302380,6.52366744
43.39284026,26.93754187,6.47292033
43.44267339,26.89448385,6.49439466
43.41243244,26.92005306,6.48450599
43.32578466,26.80475153,6.44667637
43.30578243,26.82259172,6.43455952
44.95281533,28.94300954,7.71315893
44.97620562,28.92358016,7.70674183
45.02075495,28.98525666,7.76458560
45.20400426,29.28302533,8.04870437
45.12561217,29.17666357,7.94088023
45.15944347,29.22239218,7.98703540
45.08490168,29.12175104,7.88601951
45.04199692,29.06378571,7.82893917
44.99796035,29.00418482,7.77124343
44.85908704,28.81587708,7.59643375
44.90653742,28.88025207,7.65484442
44.76055159,28.68215851,7.47988329
44.81043168,28.74985228,7.53806426
44.70943057,28.61278004,7.42203658
44.73615349,28.59055970,7.41750577
44.78656877,28.66052748,7.47488376
44.60342325,28.46893188,7.30791491
44.63160645,28.44549532,7.30444906
44.68450103,28.51888245,7.36064791
44.65705588,28.54170495,7.36466628
44.54855782,28.39449488,7.25194233
44.43541782,28.24098726,7.14305582
44.46591735,28.21563532,7.14143469
44.37733730,28.16214724,7.09048393
44.31788620,28.08142167,7.03893376
44.25653706,27.99810638,6.98806879
44.05953549,27.73047801,6.83971888
43.91753279,27.53753021,6.74569594
43.98958060,27.63542051,6.79213669
44.02647971,27.60489772,6.79540904
43.84344930,27.43691024,6.70050433
43.76730041,27.33355804,6.65659479
43.60898617,27.11905986,6.57281415
43.68914088,27.22758617,6.61402621
43.52681587,27.00799502,6.53293869
44.35004394,28.05471250,7.03864035
44.40865175,28.13612670,7.08951898
44.28957140,27.97068528,6.98846187
43.80736296,27.30052309,6.66212070
43.88244737,27.40471837,6.70527684
45.20535179,29.23997149,8.01491293
45.18027628,29.20512422,7.97982886
45.14685925,29.15904515,7.93373163
45.10661643,29.10373528,7.87899695
45.06423020,29.04533100,7.82208124
44.93055128,28.86029888,7.64871245
44.82385402,28.63007606,7.46510121
44.87205807,28.69915592,7.52232619
44.83576113,28.72879642,7.53264101
44.50964634,28.17994578,7.13591044
44.56482644,28.25900343,7.18833907
44.09541851,27.70076663,6.84225223
44.14685729,27.65897458,6.84186942
43.93831410,27.35946702,6.70767012
43.73026198,27.19371454,6.62030442
43.65114648,27.08436791,6.57984192
43.56998314,26.97250877,6.54071175
43.48680536,26.85823702,6.50290472
43.35665509,26.77867066,6.45718072
43.40170425,26.74170120,6.46641626
44.88374816,28.79538101,7.59063287
44.91908428,28.76653005,7.57984787
44.16225346,27.79370604,6.89012555
44.21228884,27.75301549,6.88883856
44.27564959,27.84405753,6.93673505
43.78913923,27.14612219,6.62456095
43.86473941,27.25409679,6.66544762
45.21010104,29.18083413,7.96739434
45.05340636,28.95861895,7.75275701
45.09607314,29.01936237,7.81001844
45.00971411,28.89623461,7.69520182
44.77445264,28.55927776,7.40831553
44.61897913,28.33655658,7.24195515
44.67200621,28.41249996,7.29659918
44.72383892,28.48675204,7.35210290
44.33694154,27.93209355,6.98543144
44.39615591,28.01711797,7.03476487
44.34478443,27.78855579,6.93017258
43.71149784,27.03563206,6.58501943
45.09971751,28.92128019,7.73396601
45.14123197,28.98296407,7.79093013
44.96495666,28.83221394,7.63751945
44.45355204,28.09949817,7.08481261
44.51731584,28.04816601,7.07511211
44.57174020,28.12992433,7.12518844
43.87267786,27.07954120,6.62596103
43.46616285,26.68978590,6.47427665
43.54995814,26.80733154,6.50988716
43.55756087,26.61719446,6.48007468
43.63951727,26.73614638,6.51461808
45.01376787,28.79284157,7.61954148
44.92356165,28.65760116,7.50548597
44.77967485,28.44170705,7.33754322
44.82880890,28.51542159,7.39292364
44.67787202,28.28906894,7.22923596
44.72935454,28.36624413,7.28293317
44.62529738,28.21026309,7.17660702
44.40422152,27.87802840,6.97779297
44.46164527,27.96444021,7.02609261
44.21989747,27.60045684,6.83753599
44.01760666,27.29614019,6.70678087
44.08701273,27.40039705,6.74913797
45.05724638,28.85790160,7.67677820
44.96922038,28.72608253,7.56239907
44.87676460,28.58738473,7.44894733
44.28334313,27.69602985,6.88338134
44.15445008,27.50187979,6.79275273
43.94616207,27.18913665,6.66570629
45.23713074,27.06682409,6.75092651
45.14715412,27.18707748,6.78989168
45.09708476,27.06026581,6.74401708
45.34998847,27.17211131,6.79111506
45.21195508,27.33883527,6.84915975
46.21038016,27.82532097,7.08685482
46.08628430,27.83162853,7.09352710
46.18470823,27.72001476,7.02996196
46.10231206,27.72346776,7.03449182
46.02691783,27.70681055,7.02752523
45.93120830,27.79680906,7.07601481
44.85321804,24.72452581,6.17511373
44.85265885,24.85907690,6.20421303
44.74674835,24.81678546,6.20343111
45.33251668,26.76904636,6.65426827
45.44029760,26.63855623,6.61197835
45.46818970,26.78172859,6.65665462
45.55527398,26.70101176,6.62800155
44.72305260,24.96571417,6.23616260
44.88243607,24.97601159,6.22717260
44.81438861,25.08336344,6.25513467
45.82640427,26.25316844,6.46929031
45.74207752,26.28683794,6.48698179
45.77865747,26.20913829,6.46047007
45.70513086,26.21645423,6.46915324
45.66595612,25.72812114,6.33649790
45.64834372,25.66178916,6.32078186
45.71024623,25.69938673,6.32413242
45.72197746,25.64270801,6.30763492
45.69021359,25.60766075,6.30194629
46.65558035,27.61726200,6.94432633
46.71682658,27.57667698,6.91727112
46.72729788,27.62163407,6.94050390
46.70718186,27.66732479,6.96726401
45.25426317,29.16428350,7.96301060
45.24025927,29.09962150,7.90582372
45.76215337,25.51507899,6.26780940
45.77224437,25.46590356,6.25251012
45.80535005,25.50923000,6.25944818
45.82747953,25.47382783,6.24515449
45.81560060,25.44289958,6.23819974
45.80367467,25.58352720,6.28083612
45.77936206,25.62662480,6.29620611
45.74278254,25.58766194,6.29029135
45.78067593,25.54791843,6.27423327
45.73902825,25.54476570,6.27915222
46.66659911,27.08011907,6.68015268
46.68182780,27.09536951,6.68480309
46.65719432,27.09720177,6.68941168
46.67815782,27.11433173,6.69418561
46.44025814,26.68930075,6.54889497
46.45926389,26.67445780,6.53991240
46.45858907,26.69587639,6.54859184
46.47507579,26.68519208,6.54150797
46.47917764,26.67240367,6.53556015
46.05050065,25.79358142,6.30001531
46.03771391,25.81257133,6.30929426
46.02736982,25.79545524,6.30583220
46.01484917,25.81618451,6.31511317
46.53938793,26.86562547,6.60543661
46.52536123,26.87950991,6.61334193
46.52029985,26.86244717,6.60696899
46.53366671,26.85364231,6.60128319
46.62316485,26.85772050,6.58665880
46.61178199,26.86110796,6.59065586
46.61424656,26.85278787,6.58638695
46.62329782,26.84979868,6.58299016
46.61780854,26.84638423,6.58266418
45.22868053,29.36709620,8.11768730
45.22571809,29.35931572,8.11163927
45.23203640,29.36417856,8.11833635
45.23509368,29.35879864,8.11656355
45.22414079,29.36602654,8.11340942
46.54939987,26.73664194,6.54871109
46.54069177,26.73260307,6.54881497
46.54827621,26.72922121,6.54572799
46.54312966,26.72402207,6.54457655
46.54062711,26.74046156,6.55219810
46.54737522,26.74485361,6.55271514
45.22995926,29.37965201,8.12120946
45.22969703,29.38009669,8.11936331
45.22817166,29.37779955,8.11809582
46.35906912,26.86355849,6.62691951
46.35362061,26.83533850,6.61651025
46.38218512,26.84324903,6.61652320
46.35061394,26.89578958,6.64042700
46.32216390,26.85729571,6.62823227
46.41447613,26.97675952,6.66648782
46.44389004,26.99206030,6.66975398
46.40426008,27.01197043,6.68197332
46.43886551,26.95845094,6.65647460
46.18203197,27.10752145,6.74103637
46.11416446,27.12781721,6.75453699
46.14103333,27.06063938,6.72489126
46.17850770,27.17537913,6.76994256
46.35417192,26.94601893,6.66003073
46.40338764,26.94544582,6.65489487
46.38580192,26.97625007,6.66914580
46.38200633,26.91624320,6.64535784
46.30899235,27.02804611,6.69748318
46.26797234,27.05712680,6.71306002
46.25263625,27.01138587,6.69567022
46.35346252,26.99795499,6.68108563
46.36454848,27.05751748,6.70462110
46.23643810,26.88380048,6.64664881
46.29710809,26.91071064,6.65149363
46.23185849,26.94776621,6.67205079
46.27671858,26.86035683,6.63384248
46.38912455,26.88100052,6.63061949
46.30089961,26.97423502,6.67637262
46.41339468,26.90945034,6.63936002
46.41583073,27.05178620,6.69741099
46.40943514,27.08273065,6.71105316
46.45175462,27.03159193,6.68539999
46.45123076,27.07552643,6.70398643
46.41795703,27.15514947,6.74134691
46.45596837,27.14344315,6.73273468
46.45716009,27.17687268,6.74727411
46.47617591,27.11456874,6.71827456
46.49651892,27.15616621,6.73442842
46.28881634,26.81739146,6.61622853
46.18778097,26.85351033,6.63946681
46.18566460,26.90062624,6.65771188
46.11833435,26.87460792,6.65355433
46.23680956,26.82532141,6.62425368
46.30631906,27.07241172,6.71606729
46.32982396,27.11259219,6.73091067
46.25536294,27.11507693,6.73829679
46.30608064,27.20075064,6.77094096
46.27483926,27.24790021,6.79426586
46.25333746,27.18904425,6.77010082
46.34638364,27.24742341,6.78831787
46.20669500,27.24634284,6.79869201
46.30031312,27.15595315,6.75196819
46.02050517,26.88338454,6.66479583
45.98672488,26.83918832,6.65092437
46.04667307,26.82996431,6.64277365
46.01705704,26.95839322,6.69360958
45.94009133,26.88635997,6.67176580
46.21652477,27.05877968,6.71808897
46.18353901,27.00290012,6.69814926
46.38508824,27.11514117,6.72707865
46.15388254,26.94351637,6.67711463
46.41291870,26.85248943,6.61672050
46.40669888,26.81884589,6.60419762
46.37275347,26.80664688,6.60332829
46.42533114,26.88051081,6.62645311
46.33190108,26.80600796,6.60750306
46.09272597,26.93651637,6.67940271
46.43825254,26.92811539,6.64417972
46.45729369,26.79837721,6.58972041
46.45152697,26.81772473,6.59821581
46.43448768,26.80769529,6.59641411
46.46027759,26.83691760,6.60477578
46.43453368,26.83163534,6.60590705
46.45260984,26.87868870,6.62254399
46.47328436,26.86209502,6.61326875
46.47671619,26.89307011,6.62543591
46.44271984,26.85698160,6.61501389
46.41851410,26.79492260,6.59338722
46.43831492,26.78474991,6.58683855
46.39971926,26.79161679,6.59438160
46.41714275,26.76969964,6.58368271
46.46392521,26.91554363,6.63615339
46.46732746,26.94014274,6.64582690
46.49373251,26.91927733,6.63408298
46.44489531,26.89983577,6.63198644
46.32813954,26.72956909,6.57896145
46.33540418,26.76781029,6.59258483
46.30398923,26.77291067,6.59785029
46.35520367,26.77988556,6.59499302
46.48036393,27.05435955,6.69205599
46.48778545,27.03264904,6.68207802
46.51513175,27.04979232,6.68639478
46.43201305,27.11449846,6.72248081
46.19139350,26.80946363,6.62251912
46.21513060,26.77540998,6.60759739
46.15345640,26.82016478,6.62996411
46.16162566,26.76575387,6.60904172
45.92535716,26.70954271,6.60910759
45.97858672,26.72190656,6.60919076
45.94073875,26.75410129,6.62363729
46.04268601,26.75629220,6.61614352
45.98792401,26.78494062,6.63101386
46.06313625,26.90664445,6.67028221
46.13517814,27.25090795,6.80561788
46.23843114,27.31116541,6.82543666
46.35815940,27.16957859,6.75293651
46.10523442,26.99547795,6.70149584
46.47177788,26.97000398,6.65763404
46.26134848,26.77741209,6.60385915
46.38345418,26.76803373,6.58719795
46.10427443,26.79489264,6.62492062
46.06216620,26.87363980,6.65783845
46.04628966,27.15040019,6.76845858
46.03703882,27.06818873,6.73546310
46.53820466,27.02823290,6.67452497
46.55714137,27.01021879,6.66444184
46.56916153,27.03357052,6.67301659
46.52549369,27.00164283,6.66469560
46.24003408,26.73599290,6.59060157
46.49804777,27.08094110,6.70157346
46.42166584,27.21450027,6.76715373
46.42556188,27.40786146,6.85649269
46.36617253,27.39319799,6.85413995
46.41469429,27.35017967,6.82988151
46.29259906,27.36194745,6.84492017
46.35468207,27.32183315,6.82152696
45.89117391,26.23095633,6.45639427
45.87844348,26.29904837,6.47845242
45.84327971,26.19008805,6.44872710
45.63479316,26.02548022,6.42048696
45.62940322,26.09696328,6.44109487
45.55785631,26.06034775,6.43678556
45.69689738,26.00021031,6.40770937
45.71586317,26.07433113,6.42693220
46.30139521,27.29803149,6.81477767
46.10008834,26.72310638,6.59913225
46.15645616,27.31627669,6.83325219
46.11515567,27.36889681,6.85955367
46.04418654,27.31531657,6.83922430
45.93209275,26.80830259,6.64372676
45.85716244,26.82760919,6.65582557
45.87725293,26.74448644,6.62496157
46.08819837,27.20457207,6.78861434
46.33439735,27.61538270,6.96718987
46.27893382,27.66373313,6.99575796
46.28083417,27.58867080,6.95657371
46.36718484,27.68331838,7.00122978
45.57300867,26.14829077,6.46026792
45.66304716,26.15942830,6.45610647
45.60453082,26.26448470,6.49133087
46.48426475,27.00402310,6.67042311
46.28266344,26.73513534,6.58594692
46.19962009,26.73343931,6.59361866
46.50944230,27.02330926,6.67574652
46.35775676,26.75074302,6.58358913
46.49735834,26.94957415,6.64619945
46.50687687,26.97675108,6.65640663
46.41140271,27.28438119,6.79961267
45.74436315,26.15321813,6.44711178
45.75696258,26.00369070,6.40291866
45.94941725,26.64971460,6.58637624
46.03173365,26.68427879,6.59138448
45.88447813,26.67462457,6.60015376
46.16192128,26.69086200,6.58180429
46.50104142,26.87448457,6.61465979
46.50930527,26.89621248,6.62253247
46.50121680,26.85368967,6.60608293
46.47487939,26.81559846,6.59422087
46.44313274,26.76344976,6.57776065
46.36197362,26.72397043,6.57292605
46.35487568,26.70053309,6.56492402
46.38624842,26.70456346,6.56250163
46.32241037,26.66822516,6.55677110
46.28992396,26.66318622,6.55866819
46.31732812,26.63386737,6.54470893
46.33163232,26.69382785,6.56519296
46.30316936,26.69771133,6.56988685
46.25234260,26.65551428,6.56000439
46.26419248,26.69643608,6.57361963
46.22029775,26.69291849,6.57684223
46.54678175,27.22817562,6.76174568
46.51738361,27.25228775,6.77553782
46.49196455,27.20976209,6.75865804
46.51681887,27.29550515,6.79550539
46.47041259,27.26126620,6.78391285
45.78289973,25.95747963,6.38727713
45.81740787,25.98852958,6.39253379
45.78295793,25.90332509,6.37208519
45.82971676,25.93875765,6.37709177
45.80357242,26.15734675,6.44280510
45.85403183,26.12995227,6.42982707
45.79749928,26.10440641,6.42787954
45.80289864,26.04282763,6.40954656
45.86313797,26.01559773,6.39551025
46.40364137,27.47106931,6.88908811
46.47822588,27.44647568,6.87105829
46.30579461,27.44646705,6.88416529
45.45374503,26.00902541,6.43085154
45.56111339,25.97368536,6.41261701
45.73034557,25.94928771,6.39023834
46.06417788,27.43652697,6.89328139
46.13810628,27.53025514,6.93472856
46.00829871,27.57209501,6.95998858
46.19574549,27.40766753,6.87284052
45.94954477,27.02198747,6.72275793
45.93030418,27.08940577,6.75041228
45.85080088,27.02183109,6.72814364
45.67777507,26.44361228,6.53993686
45.75629097,26.48729042,6.54792479
45.67429295,26.55327994,6.57462268
45.67672423,26.35276608,6.51219182
45.76882323,26.38485698,6.51473184
45.84244697,26.91673975,6.68912578
45.91860191,26.96324296,6.70204511
45.98423714,27.13966653,6.76772195
45.89883004,27.17790242,6.78764065
45.99586632,27.21082326,6.79662588
46.24388416,27.51766748,6.92297834
45.50195882,26.19716730,6.47926426
45.44896209,26.28480958,6.50728624
45.38769617,26.18234646,6.48217765
45.48114886,26.11163300,6.45684460
46.20564100,27.60822944,6.97057782
46.52428420,26.91294584,6.62747210
46.46479409,26.77296000,6.57848585
46.52707280,26.95702374,6.64561863
46.48466763,26.83757039,6.60177929
46.53637070,26.97806672,6.65333939
46.40597724,26.74689248,6.57624029
45.86642522,26.59529611,6.57464694
45.95481250,26.56239212,6.55619637
45.77445852,26.57831492,6.57598132
45.82263490,26.52238892,6.55407023
46.53821625,27.08069739,6.69714984
46.02324455,26.61006664,6.56630189
45.89334006,26.50665842,6.54306371
45.83509968,26.44833530,6.52917906
46.52034738,27.11433885,6.71371505
46.09337191,26.65026575,6.57384981
46.46632787,27.31886412,6.81085791
45.85769839,26.07224900,6.41252858
46.34125470,27.53854586,6.92729270
46.47474075,27.38170518,6.83986564
45.80835028,26.67335357,6.60527033
45.65019777,25.94090599,6.39559789
46.48158096,26.79205221,6.58373536
46.43451720,26.74111211,6.57014555
46.38397193,26.73531510,6.57456421
46.54731483,26.88037344,6.61044500
46.56034211,26.86379231,6.60130566
46.55788300,26.89616099,6.61552726
46.54414309,26.90813871,6.62266680
46.53480096,26.89588567,6.61884512
46.54375827,26.92308319,6.62904282
46.59263316,27.03361303,6.66996544
46.58322346,27.01557256,6.66333823
46.60806325,27.02218710,6.66277966
46.52209119,26.93404423,6.63660811
46.55072347,26.99162445,6.65728153
46.55842296,26.97762348,6.65026170
46.57781764,26.99103842,6.65340453
46.54741485,26.94218722,6.63664223
46.49551242,26.77045554,6.57280881
46.35015035,26.67449224,6.55572802
46.34420161,26.65021353,6.54740123
45.94264168,26.26958997,6.46314752
45.99940598,26.29882285,6.46650228
45.94428534,26.34685691,6.48709098
45.94843262,26.20524673,6.44282308
45.99535507,26.23947016,6.44840895
45.90257706,26.16531633,6.43546215
45.97489636,26.49047046,6.53046171
46.42739380,27.53860295,6.92123307
45.72312256,26.63769071,6.59894192
45.71310299,25.88563938,6.37431174
45.57332349,25.88548952,6.38757886
45.91687115,26.42937528,6.51590975
45.75349543,26.83483739,6.66439422
45.74374336,26.95556453,6.70819873
45.36702222,25.75166039,6.37021263
45.32481959,25.83429272,6.39448326
45.26086713,25.75927137,6.38011935
45.36859976,25.91404614,6.41189558
45.19540608,25.90187993,6.41954829
45.32452722,26.01632803,6.44146738
45.41997956,25.83000769,6.38608995
45.48368155,25.90630028,6.40095722
45.64633970,26.87703899,6.68385103
45.63114708,26.99969690,6.72796300
45.51487191,26.91121868,6.69904970
45.94694209,27.47263514,6.91427565
45.99303465,27.40098661,6.87987998
45.86910115,27.46758284,6.91372236
45.90897864,27.38722165,6.87652806
46.30578045,27.76918646,7.05158422
46.40272648,27.84378063,7.08905325
46.29955444,27.89927329,7.12623708
46.41009983,27.75431388,7.03763522
45.86076269,26.37020354,6.50221255
45.59328706,26.39954355,6.53216307
45.50581732,26.36618211,6.52752970
45.29277665,26.30403911,6.51964652
45.39424787,26.08515485,6.45544475
45.82108716,27.23300702,6.81310449
45.79105843,27.32439703,6.85206084
45.70166619,27.21873283,6.81005834
45.91334115,27.27750826,6.82861726
46.11071807,27.64005334,6.99079824
45.73921756,27.08667705,6.75746039
45.59931309,26.48858817,6.55889132
45.81531278,26.31879796,6.49032485
46.48353380,27.50974232,6.90224362
46.54181073,27.41371427,6.84962873
46.52111407,27.35035689,6.82089625
46.49552830,26.82241398,6.59405737
46.55226974,26.96162303,6.64424783
46.41124153,26.72194014,6.56586797
46.49705106,26.80554448,6.58693301
46.52112229,26.84658607,6.60024183
46.48184611,26.75317194,6.56794134
46.46041659,26.74868769,6.56941602
45.91201523,26.04139028,6.39772312
45.87104179,25.96693770,6.38062300
46.09160851,26.58698958,6.55201334
46.55451677,27.05436940,6.68385840
46.53900607,27.18501750,6.74304271
46.54574375,27.14499658,6.72452547
46.56095667,27.10809442,6.70658859
45.91550206,26.10193550,6.41522077
46.15004124,26.62435106,6.55934722
46.20566944,26.64452560,6.56093039
45.51227908,25.82081837,6.37580187
45.80047436,27.16689262,6.78692430
45.84340096,27.11129752,6.76325139
45.72903095,26.72237790,6.62688466
45.80356066,26.76104620,6.63569719
45.64571564,26.65899881,6.61033660
46.03133372,26.54178468,6.54231419
45.31937659,26.10989164,6.46636604
45.32104828,25.67859676,6.35548220
45.22937447,25.64983164,6.35541512
45.13376335,25.73098900,6.38128072
45.64700489,25.85481123,6.37238305
46.40568528,27.60537855,6.95731162
46.37355213,26.68080407,6.55511444
46.55912509,27.27084566,6.78014127
45.91877728,25.98724464,6.38106698
46.28040109,26.63246591,6.54856753
46.29220781,26.60404104,6.53688541
46.49406774,26.73905897,6.56019434
46.49808448,26.75186998,6.56477803
46.50765937,26.74092697,6.55862398
46.51432996,26.78196449,6.57449097
46.51547789,26.76842551,6.56866831
46.52888069,26.77478022,6.56898339
46.49988834,26.78949327,6.57992149
46.50705887,26.83491735,6.59751163
46.51433913,26.81688682,6.58895983
46.44507430,26.65928157,6.53624647
46.43923538,26.67387495,6.54297552
46.42490635,26.66387735,6.54129603
46.42488723,26.67981014,6.54752756
46.51424721,26.79832199,6.58127524
46.59767023,27.00524969,6.65680558
46.60526530,26.99072091,6.64929094
46.61696518,27.00540156,6.65401491
46.47714109,26.73527081,6.56143661
46.56992175,26.94658370,6.63531950
46.40249629,26.67549882,6.54913326
46.37519719,26.65472666,6.54501066
46.59093123,27.05434895,6.67931959
46.61175390,27.04244594,6.67122839
46.32636429,26.60004526,6.53113406
46.35951202,26.58901553,6.52247173
46.35651731,26.62416838,6.53605326
46.53791226,26.84112521,6.59534652
46.52585156,26.83066035,6.59288441
46.24902588,26.60853609,6.54349505
46.54884673,26.85166891,6.59804094
45.96422322,25.98486133,6.37479635
45.95774035,26.01730021,6.38528602
45.99700544,25.99899104,6.37473632
45.91686825,25.94139109,6.36788732
46.63091030,27.42109740,6.84528511
46.66546019,27.40468366,6.83387739
46.66510543,27.44756813,6.85528822
46.59513305,27.41022096,6.84320482
46.62212120,27.38560147,6.82867725
46.57956378,27.16648441,6.73049109
46.58178543,27.20328560,6.74688801
46.59824998,27.51516090,6.89555351
46.54169170,27.53090290,6.90834921
46.54171728,27.48052630,6.88274517
46.49722174,27.58273749,6.93876820
45.61178168,25.73409423,6.34353996
45.65241884,25.78544979,6.35316578
45.70695081,25.75996782,6.34075753
45.70540755,25.82207530,6.35771291
45.64711861,26.76481163,6.64534116
45.56637144,26.80708680,6.66254314
46.57688996,27.37070412,6.82563791
45.58852187,25.80483752,6.36454939
46.47235783,27.68210527,6.99370020
46.50235076,27.79350485,7.05401874
45.49538553,26.48217235,6.56239139
45.56787102,26.58277069,6.58982327
46.48112571,27.88776534,7.11058112
46.57277877,27.88004839,7.10017769
46.41469712,27.94016079,7.14568833
45.38896373,26.40475943,6.54425295
46.18549864,27.91585758,7.13947331
44.96292528,25.45871241,6.32797703
44.93040551,25.31957553,6.29899446
45.08963333,25.34445429,6.29353597
44.83952847,25.40761299,6.32299982
45.92261893,27.67739500,7.01392835
45.83795953,27.57206687,6.96287416
45.38636800,26.87281891,6.68739620
45.80809354,27.74420240,7.04793628
45.05938627,26.03047525,6.45639108
45.04778658,25.93283854,6.43328049
44.94741006,26.11123730,6.47754272
44.89910964,25.97691682,6.44667181
44.81429515,25.53560014,6.35134925
44.66613008,25.57555179,6.36291467
44.67274004,25.41465279,6.33018793
44.97512181,25.64764976,6.36987711
44.74642846,25.70791271,6.38935720
45.78139796,27.44744118,6.90580451
44.67218794,25.19079357,6.28492139
44.54528974,25.31467657,6.31297602
44.47502160,25.20046872,6.29233034
45.02612060,25.83059761,6.40990350
46.57538548,27.07971336,6.69241484
46.56467041,26.92876013,6.62842747
46.56076104,26.91228550,6.62196417
46.57490380,26.96581896,6.64289192
46.45818216,26.72843082,6.56166006
46.44010450,26.71228751,6.55798973
45.88068786,25.91716846,6.36520732
45.84681422,25.88873463,6.36101718
45.95802773,26.06049412,6.39814285
45.96667540,26.09926835,6.40877729
45.95598918,25.95520533,6.36702444
45.99417611,26.41908614,6.50534003
46.59220700,27.24242001,6.76373571
46.56651602,27.31949347,6.80218068
45.76263759,25.84357521,6.35764968
46.19782412,26.59174096,6.54307187
45.81880916,25.84889144,6.35297669
46.58519115,27.13326434,6.71498119
46.14827826,26.56498143,6.53886140
45.46326310,25.74804620,6.36112152
45.41853234,25.65635553,6.34158840
45.95738309,26.14509757,6.42362427
45.20204564,26.09100989,6.46682290
45.27516946,26.18453386,6.48820632
45.54493341,25.74450624,6.35272097
45.27029610,26.64517022,6.61681495
45.62256830,27.11751314,6.77182174
45.12917669,25.61191630,6.35320745
45.09793683,25.49851902,6.32864966
45.21189838,25.53505799,6.32894062
45.32933303,25.57614729,6.32931287
45.66136846,27.55279681,6.95329130
45.62167487,27.37614796,6.87516807
46.09828717,26.52536590,6.53032779
46.41750246,26.69656234,6.55514179
46.51223714,26.75476440,6.56356013
46.04509903,26.47554978,6.51887871
46.51882968,26.74269398,6.55734922
46.52511684,26.74909789,6.55888004
46.51895938,26.73011374,6.55204459
46.53014438,26.73861383,6.55349768
46.56505648,26.84782557,6.59366676
46.56906478,26.83517558,6.58750748
46.58047772,26.84419859,6.58931003
46.55454168,26.83766637,6.59113356
46.54520835,26.80287204,6.57794682
46.54098491,26.81308689,6.58301951
46.52999457,26.80656835,6.58213289
46.54372638,26.82561681,6.58784477
46.53090105,26.81891044,6.58716100
46.52818060,26.76035385,6.56305012
46.57468882,26.90396648,6.61622364
46.57876009,26.89212670,6.61043066
46.59436910,26.90297771,6.61251180
46.63946979,27.03441353,6.66353538
46.65085733,27.02531446,6.65759351
46.65455063,27.04158151,6.66439792
46.62521601,27.03367068,6.66537230
46.63173519,27.01945296,6.65800457
46.58566507,26.93206084,6.62663282
46.49201344,26.72384805,6.55431093
46.39215050,26.62969719,6.53306271
46.38376327,26.60538535,6.52505156
46.40901879,26.61148029,6.52343435
46.30476652,26.57830904,6.52598805
45.92379965,25.89905950,6.35463802
45.95487437,25.91919885,6.35644974
45.98728058,25.93267635,6.35595137
45.99715733,26.03716541,6.38631850
46.23729809,26.56326653,6.52874523
46.61111388,27.29054425,6.78422521
46.61257144,27.34146101,6.80824734
45.75530795,25.78708046,6.34293529
45.99696347,25.96370549,6.36399780
45.57806777,25.68548393,6.33410544
45.51361006,25.67122514,6.33663312
45.57919792,25.62044058,6.31711198
46.05668202,26.31311951,6.46496398
46.02308502,26.35975038,6.48339044
46.55920336,27.71826756,7.00737423
46.62313699,27.78395936,7.03991434
45.37034069,27.00010670,6.73020797
46.50523430,28.09698316,7.23998987
46.59214974,28.17902865,7.29042693
46.45602568,28.21971889,7.32366476
46.69353181,28.27038895,7.34884548
46.54649568,28.30986356,7.38341942
45.16919200,26.23902166,6.50594078
45.20648998,26.48813290,6.57219669
46.23191595,27.99092171,7.18301126
46.33393366,28.01200973,7.19298272
46.37740951,28.11781407,7.25848640
46.24188027,28.10040971,7.25054134
46.43376290,28.02806353,7.19909899
45.22120161,26.91520279,6.70000404
45.50502933,27.06760554,6.75433384
45.36293464,26.53005168,6.58138566
44.88026036,25.80889533,6.40909223
44.88111539,26.54074546,6.58317195
44.95923197,26.45879015,6.56355936
45.01585254,26.54700484,6.58778202
45.01746078,26.33525152,6.53234247
45.07047448,26.44185528,6.56011906
44.80053396,25.30768878,6.30350855
44.86479769,25.20285933,6.27757716
46.08188820,28.03211070,7.20980012
45.69730885,27.67808887,7.01327243
44.53155187,25.01950584,6.25633066
44.58961902,24.81205837,6.21279322
44.47337455,25.43770944,6.33705460
46.47625969,26.71852475,6.55480777
46.58044705,26.91645307,6.62069624
46.56764950,26.87968542,6.60691382
46.53355923,26.79051015,6.57478510
46.60884274,27.07810726,6.68749292
46.59680276,26.97209302,6.64238676
46.46201553,26.71121995,6.55418623
46.61388683,27.18136531,6.73339498
45.89478734,25.87312500,6.35080993
45.87007788,25.84342424,6.34536911
46.59747496,27.10376008,6.70037700
46.40755772,26.64965987,6.53842852
45.99956799,26.07658282,6.39799977
46.00248514,26.12077007,6.41111894
46.06280977,26.41629386,6.49762620
46.19622229,26.54102151,6.52554637
46.27545346,26.57335101,6.52785279
46.62245183,27.21563095,6.74814548
46.00658531,26.17822184,6.42826051
46.15377508,26.50758701,6.51861995
45.84893777,25.80733809,6.33773192
45.80288394,25.80460129,6.34244665
46.10806576,26.46597261,6.50937857
45.20810866,25.41016081,6.29937771
46.04291681,26.26419556,6.45095735
46.58505644,27.57229203,6.92628987
46.56714537,27.64399770,6.96594135
44.93818062,25.08463944,6.24663752
46.52706474,27.97574628,7.16161267
45.53573683,27.21539891,6.80978940
45.05070573,26.17304961,6.49145966
45.02473849,25.19696953,6.26494741
45.19639143,26.76914640,6.65386652
45.96047125,27.93123640,7.15040786
45.87403915,28.06106599,7.22465235
45.81503404,27.90481681,7.13365278
45.15342465,26.35982380,6.53793100
45.43239901,25.55867813,6.31566455
45.50412337,25.58714785,6.31600816
45.30861023,25.45754582,6.30203770
45.40430596,25.48290334,6.29943049
46.59380556,26.95089086,6.63355798
46.50534863,26.72798609,6.55366381
46.54774864,26.75278641,6.55605670
46.54073187,26.75830095,6.55982029
46.53663838,26.74919541,6.55673397
46.54176499,26.76831425,6.56388244
46.51459585,26.71898156,6.54820190
46.50453691,26.71459689,6.54826824
46.51784682,26.70698854,6.54253378
46.55151043,26.79339291,6.57276107
46.55939143,26.80162089,6.57481432
46.63334630,27.00376739,6.65070580
46.64791623,27.00923429,6.65078033
46.54048263,26.77917243,6.56875124
46.57822479,26.86685879,6.59957254
46.55539415,26.81314586,6.58050902
46.59959220,26.91987057,6.61903438
46.62566189,26.99111336,6.64628001
46.47793577,26.70085851,6.54736123
46.63503116,27.04990025,6.67120081
46.61724711,27.05991543,6.67824115
46.63941089,27.07524575,6.68200378
46.64138745,27.16258905,6.72151052
46.63647992,27.14056483,6.71206787
46.66004824,27.14452693,6.71076355
46.61887692,27.12453054,6.70702016
46.65097677,27.12107008,6.70122238
46.01333962,25.93922238,6.35405448
46.01433016,25.91712756,6.34704478
46.03864772,25.92741383,6.34625771
46.61170285,27.15111835,6.71990905
46.30209845,26.55032588,6.51619009
46.33307411,26.56640612,6.51784361
46.35995450,26.56619886,6.51385170
46.03634717,26.01563521,6.37431311
45.91533389,25.83339100,6.33654430
46.23753947,26.51920670,6.51323032
46.64886799,27.32443536,6.79646818
46.66414210,27.29242100,6.77953030
46.69796987,27.33619016,6.79687373
45.75706999,25.73102547,6.32745045
45.79996773,25.75625477,6.32938592
45.83438796,25.77381130,6.33009085
46.49162979,26.70919321,6.54837626
46.65849567,27.36166541,6.81347600
46.08413640,26.36440487,6.47848714
46.08200708,26.27821741,6.45096014
45.80561627,25.70414595,6.31424953
46.77551680,27.59510088,6.92169886
46.65451670,27.55115284,6.90933171
46.04856061,26.13973985,6.41129785
44.96671841,24.87964779,6.19895998
45.07378585,24.88632744,6.19055421
45.10117343,24.96849716,6.20651663
45.00426507,24.98059091,6.21807046
45.17807950,25.01329165,6.20938690
45.06521589,25.06148989,6.23089218
46.63939874,27.95803831,7.14348381
46.67173172,27.87527609,7.09027213
46.48233559,28.47596743,7.50684341
46.40890517,28.34626940,7.41287771
46.28444898,28.25634636,7.35204723
46.13384827,28.19295060,7.31043171
45.64202984,27.84216763,7.09487996
44.96564486,27.18465627,6.77947539
44.89269095,26.24279131,6.50889498
44.82096623,26.13606657,6.48318817
44.69179514,26.27436139,6.51244669
45.54067373,27.68792775,7.01373559
45.08310471,26.67719712,6.62512902
45.06091695,26.84253226,6.67340408
44.93362870,26.78779925,6.65281445
44.73071753,25.88993901,6.42809180
44.58154476,25.82555866,6.41350989
45.42579912,27.84947302,7.08790792
45.32623753,27.68675560,7.00268551
45.47319358,27.52660196,6.93719462
46.54720978,26.78549010,6.57018540
46.60540473,26.93462565,6.62454352
46.61189103,26.94582270,6.62840151
46.57442153,26.85532403,6.59524819
46.61775440,26.97560448,6.64064482
46.61280859,26.95943077,6.63426599
46.56050833,26.82528653,6.58478841
46.59258602,26.88896515,6.60668117
46.58495307,26.87927172,6.60378728
46.02937498,25.98163977,6.36476954
46.43154991,26.64604271,6.53324848
46.41896969,26.62946723,6.52881277
46.40329207,26.59005495,6.51607483
46.37469521,26.57294697,6.51413289
45.99124942,25.89971125,6.34530074
46.62880944,27.09996111,6.69464947
46.60479975,27.45614812,6.86508980
46.66042643,27.49671718,6.88064896
46.20320100,26.49192530,6.50779451
45.89513225,25.80178889,6.33012637
45.96088950,25.88326200,6.34486128
46.03874747,26.09403675,6.39834482
46.03412632,26.05422293,6.38662037
46.33025357,26.53171615,6.50547298
46.63800891,27.25384931,6.76418523
45.87409763,25.76745084,6.32310025
46.16839825,26.45155248,6.49800651
46.12223253,26.41313796,6.49030694
45.30639334,25.34981534,6.27618346
46.63336569,27.69155500,6.98675526
45.69301351,28.03384387,7.20224557
45.94113432,28.23535834,7.33438904
45.74739914,28.19842095,7.30291799
45.14467688,25.12536509,6.23832785
45.14475557,25.22609838,6.26160338
45.21620343,25.28982753,6.27016757
44.94352047,24.79240374,6.18182255
44.54426031,25.54400183,6.35740087
44.55287581,25.67627858,6.38335225
45.41120747,27.35492705,6.86300286
46.03137603,25.95360466,6.35570220
45.93772136,25.86000396,6.34124124
46.27089307,26.53736213,6.51555688
46.65475629,27.19230229,6.73354697
45.50561369,25.49102902,6.29156299
44.67387212,26.07583093,6.46761026
45.39147570,25.39152528,6.27819055
46.61797661,28.05816858,7.20867143
46.55594305,26.73021918,6.54443706
46.57214831,26.78841611,6.56655359
46.56313167,26.79372249,6.57068907
46.55887110,26.78631105,6.56831700
46.56753472,26.80787675,6.57597643
46.57328140,26.79914153,6.57102809
46.57989687,26.80918363,6.57409714
46.61118664,26.89973827,6.60806405
46.61232729,26.91020057,6.61250930
46.62444458,26.90193034,6.60651004
46.55281241,26.77678250,6.56539387
46.55337397,26.76789452,6.56143744
46.49385710,26.69731484,6.54308511
46.48933269,26.68828064,6.54020001
46.50611444,26.68709258,6.53650240
46.49458247,26.66981234,6.53157166
46.48659676,26.67932396,6.53702930
46.47423036,26.66313396,6.53268921
46.46449140,26.65340015,6.53051814
46.48118127,26.65205161,6.52684063
46.46450420,26.63986526,6.52504103
46.47632285,26.64174156,6.52354992
46.45865214,26.62951226,6.52194230
46.47208207,26.63059008,6.51980936
46.61870560,26.92250230,6.61683056
46.60514879,26.89085241,6.60523571
46.62778599,26.94913795,6.62713207
46.70077466,27.10881423,6.68802706
46.41976613,26.58298579,6.51049537
46.42578379,26.57026094,6.50437746
46.43528196,26.58292225,6.50762861
46.41092016,26.57469389,6.50881017
47.75166281,29.19731953,8.11574364
47.73377494,29.20788330,8.12705447
47.73991856,29.18806408,8.10653258
47.75755492,29.21533200,8.13416011
46.44148570,26.62925241,6.52493354
46.43191904,26.61291575,6.52013484
46.42369652,26.59629396,6.51502639
46.37681737,26.55494233,6.50696533
46.39411307,26.56913528,6.50953619
46.56252059,26.77083155,6.56085545
46.01331149,25.87839187,6.33511696
46.02310815,25.89451514,6.33851003
46.02046391,25.85741992,6.32723348
46.03615794,25.87342789,6.32945552
46.69550807,27.16641698,6.71598022
46.68528681,27.14815707,6.70889530
46.71019069,27.15290798,6.70737359
46.67137903,27.16699735,6.71963945
47.69617611,29.14551855,8.06424707
47.67079784,29.13898852,8.05835474
47.69380746,29.11908704,8.03746705
47.70700880,29.16955940,8.08845516
47.67245122,29.17401364,8.09390491
46.38303242,26.58551901,6.51760094
46.70264296,27.20866192,6.73496788
46.69507151,27.22835776,6.74534634
46.68110587,27.20781529,6.73744664
46.72010153,27.19734863,6.72706135
46.72552140,27.22042459,6.73736372
45.99311350,25.86833956,6.33535956
46.06174534,26.03938343,6.37798687
46.06880397,26.06962589,6.38649823
46.07499699,26.01765307,6.36897500
46.09638636,26.04542482,6.37441604
46.39820814,26.54355647,6.49895226
47.64309620,29.15821672,8.07861597
47.63701404,29.18817975,8.10919800
47.60579482,29.17285415,8.09441499
46.76030696,27.37023692,6.80638609
46.78093319,27.35216307,6.79460481
46.79345020,27.38495922,6.80958976
46.73173859,27.36746672,6.80842168
46.74555400,27.34411852,6.79516674
46.27275740,26.49992284,6.50199786
46.30140774,26.51692368,6.50420152
46.24548609,26.47796791,6.49780823
46.28283146,26.46351015,6.48763141
45.95398592,25.82649885,6.32882491
46.10511814,26.17123073,6.41373292
46.08023480,26.19620855,6.42504110
46.07510265,26.16504514,6.41582204
46.13760669,26.17503846,6.41024524
46.12212433,26.21099158,6.42423772
46.09099990,26.13930329,6.40547187
46.05054636,26.17883898,6.42327478
47.59220140,29.13527802,8.05683097
47.62462617,29.14284216,8.06355569
47.60444805,29.09343947,8.01446998
47.63111973,29.11537920,8.03567149
46.04244773,26.21611467,6.43590531
46.66240050,27.22592852,6.74830362
47.43227389,28.96873754,7.89810137
47.48443563,28.97544407,7.90252501
47.47626858,29.03515619,7.96099769
47.51446954,28.95088093,7.87758985
47.53351568,28.99298186,7.91765816
46.70333741,27.38377794,6.81967193
45.76469389,25.67667196,6.31175883
46.71588924,27.47605389,6.86484988
46.08152742,26.23958189,6.43867887
45.64333333,25.58620394,6.30152770
45.59228946,25.53484974,6.29372990
45.45539374,25.34876318,6.26133366
45.46886393,25.41447779,6.27617271
45.48956089,25.29765749,6.24513104
45.52090949,25.34907554,6.25446034
46.97398911,28.35057775,7.39072448
46.90486011,28.33060978,7.38027478
46.98463805,28.25951990,7.32253865
46.93427173,28.40114262,7.43173292
45.27507438,25.00636988,6.19807364
45.23178985,25.07982413,6.21952971
45.24847718,25.17026536,6.23903377
45.41028827,25.29430455,6.25264850
46.98792929,28.74070046,7.70750291
46.96797835,28.84442482,7.80013180
46.86719954,28.76023781,7.72879475
47.06313815,28.67252959,7.64506989
47.08186315,28.78401136,7.74173657
46.82579271,28.52160139,7.53173423
46.95011190,28.50995079,7.51615946
46.84607786,28.62354707,7.61361234
46.84211236,28.41540325,7.44802891
46.63453536,28.40501279,7.44968542
46.61456376,28.51813639,7.53651664
44.43774322,25.93663904,6.43250442
44.58207216,25.95563772,6.44020445
44.48691072,26.07242389,6.46168146
44.40367948,25.78583135,6.40212251
44.34365711,25.61145114,6.36796619
46.72617297,28.13132462,7.25037075
45.04533264,26.96227349,6.71003995
44.88212455,26.94063766,6.69576088
44.95463432,27.05436942,6.73535202
44.38682290,26.18004194,6.47961542
44.36932433,26.31173600,6.50631213
44.23433121,26.24309565,6.48366601
44.51737908,26.21276071,6.49250422
44.82124721,26.42024130,6.55088904
45.32229934,25.24237648,6.24893370
45.02001023,27.33258689,6.83584798
46.80856030,28.21390083,7.30199609
46.81204748,28.31007166,7.37086289
46.59476575,26.86734247,6.59678764
46.59966699,26.87964675,6.60129622
46.58716258,26.85582002,6.59314408
46.62945916,26.96337516,6.63321532
46.63814616,26.97739778,6.63802279
46.65807565,27.06092637,6.67268347
46.57260469,26.82533153,6.58257809
46.56946514,26.81675311,6.57945238
46.62214848,26.93618711,6.62233589
46.53282386,26.72648122,6.54779395
46.50524018,26.70163523,6.54273741
46.64568099,26.99262120,6.64360732
46.05772929,25.94239946,6.34772901
46.05674935,25.96506383,6.35517126
46.45077397,26.64340133,6.52894560
45.97259234,25.84979905,6.33296323
45.93778705,25.79722280,6.32254870
46.03557075,25.90782380,6.34056115
46.06116994,25.99116399,6.36276250
46.35578732,26.54462866,6.50641246
46.07766219,26.10452118,6.39628758
46.20152401,26.42279205,6.48429710
46.17210481,26.40240039,6.48100025
46.68404896,27.25896619,6.76129370
46.70447261,27.29268996,6.77499416
46.21858400,26.45111801,6.49188357
46.71634423,27.52523266,6.89021637
45.84967998,25.73215206,6.31633725
46.14053354,26.36540832,6.47243623
46.72312771,27.80495883,7.04437647
46.76341047,27.87999214,7.08609964
46.70428756,27.73187580,7.00366216
46.72321979,28.01913375,7.17645249
45.77825792,28.35277299,7.40356201
45.62555337,28.33620685,7.38215412
45.90590286,28.43383244,7.46588506
45.68971852,28.52800378,7.51732286
45.03793933,24.79470726,6.17347882
45.57297282,28.17250887,7.27639400
44.89176249,26.66641208,6.61711290
46.09741863,28.35351178,7.41726841
45.50648960,28.00977618,7.17826586
45.27471170,27.50397570,6.91894255
46.55021200,26.76084234,6.55902892
46.52639363,26.71641449,6.54480422
46.58233515,26.83108082,6.58323005
45.92297766,25.76092436,6.31402062
46.71274183,27.42850478,6.84102431
46.72348494,27.94025637,7.12635775
46.55434127,26.74213245,6.55004543
46.55545103,26.74796616,6.55235067
46.55892147,26.73692086,6.54672125
46.56172846,26.74306771,6.54880496
46.53882018,26.70359245,6.53664428
46.53502859,26.71060643,6.54051390
46.52963238,26.70554393,6.53949409
46.53799041,26.71714495,6.54270161
46.55762741,26.75510153,6.55500111
46.56051452,26.76268989,6.55770713
46.56438057,26.74945561,6.55103722
46.60437944,26.86371917,6.59332800
46.60213243,26.85594203,6.59031447
46.61885971,26.86553541,6.59118214
46.60920163,26.87014240,6.59524413
46.59064949,26.82278226,6.57789374
46.59498143,26.83045650,6.58040846
46.60028941,26.82351656,6.57617689
46.52553844,26.69883982,6.53749123
46.51740197,26.69470371,6.53742333
46.52864720,26.68886463,6.53252718
46.59054761,26.83789446,6.58460703
46.59474919,26.84586716,6.58730134
46.60065923,26.83759042,6.58240730
46.58080616,26.81976208,6.57855367
46.65499031,26.94613561,6.62060560
46.64975026,26.95448719,6.62548153
46.64270252,26.94645468,6.62317305
46.64448375,26.96373225,6.63069836
46.63857460,26.95536373,6.62798093
46.65338295,26.97078473,6.63227568
46.65215737,26.98102674,6.63717602
46.65754150,26.96105729,6.62699657
46.66687795,26.96718296,6.62795955
46.69410070,27.01366835,6.64429424
46.68725693,27.02088045,6.64907099
46.68191784,27.01264734,6.64623299
46.68596604,27.03247186,6.65476743
46.67765732,27.02221511,6.65151299
46.45303108,26.58372780,6.50447775
46.46385276,26.59073252,6.50510543
46.45619480,26.59752569,6.50945617
46.47458521,26.59071575,6.50277004
46.46796690,26.60277583,6.50920627
47.83427725,29.25097479,8.16932494
47.82890948,29.26433251,8.18338992
47.81881998,29.25687575,8.17583292
47.83197814,29.27548887,8.19496902
47.81883341,29.27443338,8.19412243
46.62460536,26.91186601,6.61096579
46.55289783,26.72237605,6.54167142
46.49635978,26.67998624,6.53544314
47.78812570,29.24963220,8.16895539
47.77989924,29.26996515,8.19019700
47.76680149,29.25389783,8.17380311
47.80726100,29.24469570,8.16341371
47.80105980,29.26715752,8.18689082
46.66625748,27.01460539,6.65005085
46.44213746,26.59763029,6.51221356
46.45262503,26.61250844,6.51621628
46.39558210,26.52223789,6.49115354
46.38445592,26.50784544,6.48763072
46.40437501,26.50576748,6.48301379
46.37867998,26.53096602,6.49752265
46.08933278,25.92024829,6.33441281
46.07870978,25.93488074,6.34142022
46.06686471,25.92311981,6.33981407
46.08039496,25.95190640,6.34669884
46.68570973,27.08054743,6.67727509
46.70306443,27.08914817,6.67835351
46.67501773,27.13114883,6.70246379
46.69988511,27.13007315,6.69818576
46.04789641,25.89080513,6.33286803
46.05651105,25.90813399,6.33687272
47.69926394,29.09158669,8.00942321
47.66716729,29.10765079,8.02676012
47.71149795,29.12712006,8.04505043
46.08267766,25.97341778,6.35333572
47.64788821,29.13245413,8.05240235
47.72148622,29.14438606,8.06232908
47.73871481,29.16552581,8.08343483
45.98718303,25.82145490,6.32183388
46.69121228,27.18812725,6.72682346
46.71638533,27.17530025,6.71707691
47.56479215,29.06646075,7.98886000
47.62123415,29.05373768,7.97427318
46.10564473,26.07985094,6.38410027
46.25853404,26.44062675,6.48295673
46.23623228,26.41649111,6.47759569
46.27374060,26.40690725,6.46879133
46.21222570,26.39253990,6.47257458
46.25410783,26.37963368,6.46213848
46.75122055,27.40149690,6.82321663
45.82896457,25.54386800,6.26550775
45.85667856,25.57762377,6.27066084
46.12012339,26.26059528,6.44062055
46.15930451,26.28172829,6.44236295
46.11416931,26.31339303,6.45851041
46.76678346,27.45061716,6.84647792
46.07158972,25.88942511,6.32775474
45.65842600,25.53479081,6.28641781
45.65542486,25.48300575,6.27323596
45.71328924,25.50786934,6.27257885
46.71606182,27.26892982,6.76206052
46.90815752,27.87126931,7.06874077
46.87950941,27.82336962,7.04218698
46.94959589,27.83025259,7.03977665
46.84648831,27.88189214,7.08054492
46.75509135,27.69818697,6.98035593
45.53935866,25.41207731,6.26822636
47.25661970,28.73267675,7.68753879
47.28518059,28.79088962,7.73831645
47.19866449,28.79207330,7.74359558
47.33312849,28.84222142,7.78299330
47.24661968,28.88000811,7.82192031
47.05046308,28.44587957,7.45923176
46.99292829,28.41109749,7.43573305
47.05319538,28.35066808,7.38543338
47.05453690,28.52399256,7.52147186
46.81669577,27.96547501,7.13512403
47.32394317,28.90551741,7.84241465
47.38130485,28.88406367,7.81975174
47.37158559,28.94475758,7.87757073
45.35966295,25.15449972,6.22422798
45.40900086,25.20945432,6.23224620
45.32470179,25.07514793,6.20904703
45.40592819,25.09203296,6.20425746
46.83726760,28.13636412,7.24621657
46.90274979,28.18587963,7.27581786
46.82347649,28.06103987,7.19655616
46.88139852,28.25652615,7.32753464
45.14066420,24.80026240,6.16454830
45.18229316,24.89722675,6.18236943
45.25013511,24.94410868,6.18618794
46.72002746,28.70406931,7.68456123
46.95778938,28.64880912,7.62997259
45.50580186,28.44704144,7.44467384
45.52276583,28.55437233,7.52029247
45.40001709,28.53910220,7.49612870
46.92944800,28.09590900,7.21186367
46.67504682,28.58866689,7.59073698
46.76082816,28.58179753,7.58260605
46.72838804,28.48263418,7.50523076
45.15525566,27.75921003,7.02404742
45.06655983,27.86907501,7.06816741
45.00904443,27.74783430,7.00550780
45.23267646,27.86242085,7.08031125
44.71758812,26.61180791,6.59537393
47.02971489,28.58655160,7.57426105
44.74305910,26.81149731,6.65034808
46.74169038,28.37400762,7.42195424
44.24608824,25.92050996,6.42179816
44.32375621,26.07430716,6.45510846
47.75601230,29.18125740,8.09909345
47.72086668,29.18951132,8.10850986
46.61357297,26.88084077,6.59916539
46.61890140,26.89138409,6.60284873
46.66091285,26.98690481,6.63827169
46.67889052,27.06679111,6.67201084
46.66817859,27.03087844,6.65721683
46.67563414,27.04814838,6.66390806
46.63684166,26.93744829,6.62019754
46.63363870,26.92743138,6.61625833
46.48715257,26.66127049,6.52948198
46.35809329,26.51246774,6.49397651
46.41329886,26.55882782,6.50218323
45.81374080,25.65642039,6.29986871
45.85042040,25.68171094,6.30186349
45.88083043,25.70033813,6.30271134
46.17046093,26.32529267,6.45537077
46.73589029,27.28423277,6.76688683
47.57474357,29.16552371,8.08780406
47.53965928,29.14917868,8.07228248
47.64534934,29.08269519,8.00237040
47.53665985,29.03520766,7.95892262
47.58329384,29.02106681,7.94330103
47.56501029,29.10777701,8.03002767
47.51616310,29.09250438,8.01630150
46.33000833,26.50050383,6.49401723
45.97312224,25.79739708,6.31681636
46.10775491,26.01652848,6.36295963
46.09250260,25.99506533,6.35865240
46.12656687,26.14418061,6.40179647
45.96142085,25.76873702,6.31000880
45.89677836,25.72979906,6.30888985
46.30681775,26.48393359,6.49147822
46.16056165,26.23910785,6.42802245
46.77768899,27.65060900,6.95183318
46.77089023,27.54638246,6.89605429
46.76764643,27.49939666,6.87165659
46.73587561,27.31262105,6.78080834
47.38247541,29.01195831,7.94178013
47.47110028,28.92529147,7.85486178
46.18810897,26.36441883,6.46619239
45.59971634,25.44171665,6.26906174
46.80848770,27.81681506,7.04440454
47.12293302,28.57768598,7.56160492
47.18734704,28.67956416,7.64460340
45.63063452,28.67381930,7.61827468
45.56314536,28.62475086,7.57504276
45.62765889,28.79890160,7.71429447
45.52031870,28.73022323,7.64904614
45.88416101,28.61079084,7.59241540
45.74520248,28.70381180,7.65191574
45.29605997,28.02199225,7.16857628
45.50151345,25.21898436,6.22430306
45.08552532,27.48391379,6.89898806
44.61449385,26.47075318,6.55540852
45.46091412,28.30571843,7.34870708
45.45265762,28.63756120,7.57219246
46.26566567,28.46974913,7.50273604
46.05609764,28.54309153,7.55148065
45.39915712,28.15945375,7.25479156
44.49738083,26.37394044,6.52706903
46.00277175,25.84085301,6.32515930
46.11486846,26.11146767,6.39292915
46.71773810,27.24636229,6.75094403
45.69648097,25.56162919,6.28901969
46.78375526,27.74544335,7.00475955
45.24430386,24.79890930,6.15315606
45.13410033,27.63269348,6.96513373
44.23508917,25.76479493,6.39263290
46.63314528,26.91744918,6.61182638
46.59709917,26.81749916,6.57416484
46.60021581,26.80961178,6.56988983
46.60496780,26.81721645,6.57226267
46.63066289,26.85171383,6.58210930
46.64275164,26.89445614,6.59925265
46.63568096,26.90040784,6.60353706
46.63119406,26.89242168,6.60082140
46.63421622,26.90830063,6.60745565
46.66595713,26.92978952,6.61059262
46.65575539,26.93201178,6.61390399
46.65609633,26.92368440,6.60992275
46.64973773,26.93816136,6.61799643
46.64624214,26.92962190,6.61476925
46.56600611,26.77954676,6.56394389
46.57057567,26.76483903,6.55648328
46.66750422,26.94670119,6.61822841
46.66005164,26.95331731,6.62289741
46.64533396,26.90488650,6.60352532
46.64203372,26.91333797,6.60814405
46.64412906,26.92094481,6.61120398
46.62131876,26.87289890,6.59400170
46.58304881,26.79313568,6.56632440
46.67528614,26.97403398,6.62944681
46.67115729,26.98188899,6.63397336
46.66333471,26.97664906,6.63306355
46.67314937,26.99084995,6.63775601
46.58988041,26.81433600,6.57429098
47.84323194,29.23149120,8.14871079
47.83554346,29.23847912,8.15623923
47.83222772,29.22738990,8.14474861
47.82379848,29.24105555,8.15923208
47.85208294,29.27209216,8.19099743
47.85965959,29.27771195,8.19671833
47.85225292,29.28204729,8.20141970
47.86834674,29.27752798,8.19632379
47.86226888,29.28850223,8.20797979
46.49450259,26.65082987,6.52366606
46.49866676,26.65921012,6.52631576
46.50802267,26.65071282,6.52071436
46.51956312,26.68519979,6.53292432
46.47997973,26.62184964,6.51460170
46.48210082,26.60969283,6.50906509
46.49192038,26.61977159,6.51114487
46.46921899,26.61822059,6.51531004
46.48954878,26.64120596,6.52067025
46.48452816,26.63103967,6.51747561
46.66155808,26.99901062,6.64371029
47.81888171,29.20405456,8.12081895
47.81161663,29.21738959,8.13491141
47.80137353,29.20908393,8.12656948
47.81626292,29.22918048,8.14705392
47.79694148,29.22856198,8.14689868
47.78547217,29.18501056,8.10209751
47.77416797,29.17650448,8.09366022
47.79135833,29.17183470,8.08828037
47.79141552,29.19655993,8.11387103
47.77072291,29.19502377,8.11286946
46.67633248,27.00191665,6.64229192
47.84204720,29.27990810,8.19938655
47.84173924,29.26485051,8.18365092
47.76210158,29.16648981,8.08371704
46.68999947,27.05812392,6.66604181
46.11992953,25.96280828,6.34245450
46.11978258,25.94721887,6.33708438
46.13785564,25.95526270,6.33573748
46.10238442,25.95796818,6.34445191
46.43128738,26.55409835,6.49687782
46.05684458,25.81022867,6.30423536
46.05023108,25.82670630,6.31131838
46.06512809,25.79976368,6.29856635
46.07051662,25.80846564,6.30026255
47.78052864,29.21478034,8.13302693
47.76869171,29.22510730,8.14399135
47.75794971,29.23675900,8.15626702
47.73042301,29.12157674,8.03876076
46.34835325,26.45932596,6.47565167
46.33196005,26.47498676,6.48428513
46.32179822,26.44799566,6.47599276
46.36981186,26.46418925,6.47355379
46.35279619,26.48366892,6.48403587
47.76003255,29.27464985,8.19539709
47.73565929,29.26174346,8.18249253
46.10790045,25.97705628,6.34976094
46.74606811,27.23891964,6.74330492
46.75827877,27.27356904,6.75853115
46.76913456,27.25207459,6.74623913
46.78573212,27.27443702,6.75477207
46.74054249,27.26065659,6.75472612
47.66232255,29.05406660,7.97306665
47.65170356,29.03513377,7.95458036
47.67858185,29.03070611,7.94902343
46.12749488,26.03444325,6.36528075
46.12930927,26.06014489,6.37356137
46.13337121,26.01268371,6.35675403
46.15074924,26.02473998,6.35731207
46.51744416,26.67676218,6.52977104
46.50685953,26.67385280,6.53078180
47.77666780,29.23477253,8.15380685
47.78035032,29.15889158,8.07528749
47.76125910,29.15028991,8.06708771
47.73954995,29.23047886,8.15018060
47.71319352,29.23045816,8.15071495
47.71535429,29.20704621,8.12662687
47.69397254,29.20244935,8.12241271
46.13919190,26.08789120,6.38107865
47.61123458,28.95780586,7.88004781
47.60092946,28.92335527,7.84704206
47.63481009,28.92968419,7.85137697
47.58079621,28.98235492,7.90539319
47.56203676,28.94580713,7.87064307
47.65347243,29.21234829,8.13344769
47.63587342,29.24877078,8.17104954
47.60637437,29.22026976,8.14257559
47.67514354,29.24044781,8.16174115
45.85664253,25.64100322,6.28920327
45.86564796,25.60982756,6.27862006
45.89184754,25.62391323,6.27824602
45.89066381,25.59137447,6.26860063
45.93472773,25.72093326,6.30003683
45.91431365,25.69494368,6.29569600
46.37598455,26.48707932,6.48119442
46.80930532,27.47853911,6.85608665
46.81293099,27.44311987,6.83710278
46.84426751,27.46135548,6.84258479
46.21391453,26.33304103,6.45194995
47.55732215,29.20212122,8.12528447
45.83044984,25.61481781,6.28570196
46.84144201,27.66310260,6.95273690
46.89410901,27.67759506,6.95548248
46.84643930,27.71080583,6.97927285
46.83267287,27.61377003,6.92620257
46.89044952,27.62795992,6.92777458
46.85456069,27.76542505,7.01009792
46.90373081,27.72542621,6.98202747
47.46581782,29.14058125,8.06578487
47.52347116,29.05733101,7.98119695
45.65545041,25.38351624,6.24713247
45.66316204,25.43110387,6.25866369
45.66359530,25.33711630,6.23367309
45.70144243,25.35023354,6.23153159
47.41886772,28.91946968,7.85153818
47.44053515,28.87480334,7.80839039
46.80104484,27.69382813,6.97383732
45.60221010,25.34866887,6.24490505
46.29417755,26.42803269,6.47318211
46.90414852,28.01594345,7.16071620
46.95673032,28.03902245,7.17163873
47.00980957,28.05308290,7.17657711
45.32245707,24.93287401,6.17569965
45.35909109,24.98987191,6.18506700
45.40966732,25.03218084,6.18933666
47.22774433,29.07255661,8.00596896
47.28488008,29.12709833,8.05775394
47.23100061,29.16796406,8.09951941
47.34570640,29.13728543,8.06607773
47.29698782,29.19003698,8.11987231
47.13426939,28.88560308,7.83177075
47.12321939,28.48584622,7.48640891
47.12702551,28.40754312,7.42412658
47.14209546,29.06248155,7.99861581
47.07383113,28.99876325,7.93954961
47.18305529,28.97780435,7.91631291
47.15577267,29.14510478,8.07866374
47.07635443,29.12133761,8.05701694
47.04327093,28.89380703,7.84259870
46.96536751,28.96698162,7.91236856
47.29316829,28.97956349,7.91394405
45.07656229,28.18737782,7.23610809
45.15064707,28.09732222,7.19488433
45.22418723,28.19262689,7.25656405
45.12691373,27.98896756,7.13464585
44.78090887,27.13799908,6.75124290
44.35226531,26.44476142,6.53415417
44.43935584,26.53005210,6.55941572
44.24559013,26.58855169,6.55819663
44.95445175,27.61537823,6.94244812
44.57149183,26.88956285,6.66054622
44.48023203,27.00976629,6.68665271
44.39121941,26.87366797,6.64093895
44.67031743,26.98760569,6.69625195
46.55133953,28.65720188,7.64825362
44.07010658,25.98874130,6.42461962
44.15309894,26.10058457,6.45056826
43.98083150,26.12786532,6.44338352
44.06597613,25.83713976,6.39749183
44.55962478,26.74826051,6.62155377
46.54731374,26.71622961,6.54024252
46.54316674,26.70979707,6.53836686
46.57365585,26.77277174,6.55932554
46.60848193,26.84503266,6.58411034
46.59046740,26.80708034,6.57093721
46.58244339,26.78619581,6.56335080
46.57767728,26.78033451,6.56180031
46.42014417,26.54113851,6.49390478
46.60536296,26.82993539,6.57795223
46.53411847,26.69688638,6.53478398
46.62700309,26.88192255,6.59691427
46.69857306,27.07072453,6.67043372
46.02905368,25.83380390,6.31802380
46.04821292,25.84993448,6.31946356
45.99206221,25.77378224,6.30596365
46.08011727,25.90584111,6.33148400
46.41305515,26.52325635,6.48820528
46.06360565,25.86964372,6.32280807
46.44472095,26.56720946,6.49945792
46.14994124,26.11906045,6.38963889
46.16479052,26.15379136,6.39878112
46.00201821,25.79669683,6.31134387
46.10024857,25.93723603,6.33787640
46.12160099,25.99415286,6.35281651
46.20654990,26.29410110,6.43970568
47.71611156,29.10669095,8.02412020
45.89280730,25.66332710,6.28987955
47.63048266,29.01909472,7.93950696
47.68090348,29.07401016,7.99237375
46.77011178,27.32288608,6.78135999
46.76232978,27.29534985,6.76872672
46.19632369,26.25860316,6.42916979
46.79016059,27.41843370,6.82717239
46.22408492,26.36233209,6.46054997
45.95894866,25.73943946,6.30139863
45.98688375,25.74887693,6.29903061
45.56329870,25.27959874,6.23207130
47.52447895,28.91167941,7.83950537
46.16947722,26.19556204,6.41208717
47.40746187,28.82008896,7.75901380
47.32294283,29.06774778,7.99824943
47.40997138,29.08841361,8.01567309
46.82761925,27.56178014,6.89836467
46.81458633,27.51840968,6.87655511
45.50649385,29.05681114,7.91210073
45.49022425,28.97208419,7.83833887
45.57282165,28.99343828,7.86688804
45.46916373,28.88662861,7.76547948
45.55908176,28.89632875,7.78463356
47.46897271,29.08911517,8.01444356
47.32658131,28.72929585,7.68082781
47.28885691,28.67586691,7.63578631
45.45888703,25.14031296,6.20989578
45.52699171,28.82237857,7.72137452
45.70853726,25.44862640,6.25727513
47.36117904,28.77609254,7.72108819
47.26529063,28.62116351,7.58989926
47.21791844,28.57546047,7.55407515
45.28771013,24.86960336,6.16474180
47.18433770,28.51506314,7.50620280
45.45472336,28.80994384,7.70265896
45.65389953,28.92396854,7.81840792
46.91298084,27.93572966,7.10849080
46.98502161,28.16869915,7.25770064
46.36466401,28.65510060,7.64613335
44.80805613,27.33091710,6.81905925
46.95215112,27.88525490,7.07338880
45.38404036,28.74879867,7.64637781
45.75278561,28.85168978,7.76949528
45.87648468,28.77895461,7.72194509
46.01199408,28.71964637,7.68441380
45.33528365,28.41459991,7.40510393
44.54218476,26.61176572,6.58568361
45.32468065,28.28227772,7.32064313
46.17949420,28.67610238,7.65822103
46.58610283,26.80074165,6.56905045
46.50718351,26.66275462,6.52602200
46.46873689,26.57960944,6.49942657
44.89360930,27.47837436,6.88148549
46.56907202,26.75640847,6.55306074
46.54750968,26.67569973,6.52200954
46.54128280,26.67588784,6.52377857
46.54399433,26.67038105,6.52053339
46.53586565,26.68087312,6.52736250
46.53569061,26.67192101,6.52341542
46.65004533,26.88539145,6.59327606
46.65611908,26.88657636,6.59227232
46.65088155,26.89084888,6.59565795
46.65314320,26.88097115,6.59033898
47.91393911,29.33502996,8.25595546
47.91724092,29.34040568,8.26157635
47.91150464,29.34048993,8.26177057
47.91791211,29.32927574,8.24977101
47.92087814,29.33457397,8.25531927
46.56999295,26.74397530,6.54728885
47.89235127,29.30453633,8.22420295
47.89852286,29.30788914,8.22759917
47.89307656,29.31316342,8.23328645
47.90144738,29.30167513,8.22094727
47.90520162,29.30703478,8.22652118
46.53653773,26.65803453,6.51693224
46.53334292,26.66468315,6.52078213
46.52717018,26.65956694,6.52006010
46.52647602,26.66965434,6.52466373
46.61799099,26.84083511,6.58008364
46.62097104,26.83468008,6.57650312
46.62474116,26.83899809,6.57760365
46.55148880,26.70878501,6.53597663
46.59070858,26.78830673,6.56242172
46.53252523,26.65166837,6.51513203
46.52515254,26.65176943,6.51710525
46.52853657,26.64513795,6.51325740
46.51763836,26.65620433,6.52087414
46.51967217,26.64668661,6.51623768
46.59619631,26.80158902,6.56717074
46.57711037,26.76000760,6.55282200
46.62916304,26.86550917,6.58890114
46.58387998,26.77373508,6.55742373
46.53871039,26.68856803,6.53007762
46.60950171,26.82307854,6.57389457
47.85875292,29.22600727,8.14242528
47.85068015,29.22631472,8.14304326
47.85470057,29.21875552,8.13495037
47.84434581,29.22149964,8.13820960
46.61161223,26.83614705,6.57937637
46.51755229,26.66636109,6.52529627
47.87607771,29.30313079,8.22306342
47.88356312,29.30593774,8.22586785
47.87655487,29.31437997,8.23487190
47.86696520,29.29964632,8.21957803
47.87592515,29.29225631,8.21163412
46.67041343,26.95691096,6.62242089
46.68040142,26.96402757,6.62360162
46.56523149,26.73097091,6.54256781
46.56156500,26.72439230,6.54050301
47.86496822,29.31005914,8.23053283
47.87593979,29.32661183,8.24772031
47.86354877,29.32443881,8.24561957
46.45991612,26.53823141,6.48406306
46.45165603,26.54161166,6.48744817
46.45109298,26.53064033,6.48298820
46.46969377,26.53911772,6.48193714
46.46179671,26.54777855,6.48764976
47.84843431,29.25133428,8.16934330
47.84451049,29.24116853,8.15880495
47.85562896,29.24200688,8.15935611
46.63783318,26.88598193,6.59641586
46.45884760,26.52139188,6.47710805
46.44847973,26.52022731,6.47923993
46.45331466,26.51177398,6.47441165
46.43912815,26.52450805,6.48321106
46.44155603,26.51297102,6.47786407
46.54406425,26.69541217,6.53182136
46.68585540,26.99282030,6.63611355
46.69131195,27.00326918,6.63993541
46.43439871,26.50368950,6.47570084
46.42924240,26.51627248,6.48203869
46.42083009,26.50518312,6.47936945
46.43981969,26.49189631,6.46941454
46.44655442,26.50196349,6.47196584
46.57351251,26.74935681,6.54886267
46.57970987,26.75350472,6.54922066
47.84697002,29.29200392,8.21194052
46.69442612,27.04589893,6.65949487
46.70417769,27.05667411,6.66274554
46.62426483,26.84385494,6.57997948
46.76965206,27.14018189,6.69043084
46.75556615,27.13757619,6.69202032
46.76300756,27.12624938,6.68484602
46.74335023,27.14329749,6.69716106
46.74367615,27.12661202,6.68894657
46.76688461,27.16473415,6.70330433
46.75356930,27.16843623,6.70760850
46.75698403,27.15314089,6.69944780
46.78120299,27.16826422,6.70219508
46.76626000,27.17811408,6.71006086
46.09552968,25.88905390,6.32241513
46.43799892,26.53848098,6.48918642
46.39677547,26.48803080,6.47754571
46.71999336,27.10182747,6.68136742
46.61625525,26.82838271,6.57471562
46.37716628,26.43141873,6.45933266
46.38399787,26.44573772,6.46351990
46.36486268,26.44403386,6.46675614
46.39392743,26.42881200,6.45451729
46.52757973,26.67873022,6.52836083
46.01016050,25.73066876,6.28812743
46.02561849,25.74250172,6.28848201
46.01048941,25.75436380,6.29592152
46.03328094,25.72760077,6.28138349
46.04304404,25.74255396,6.28408340
47.78929885,29.28604986,8.20672057
47.80578522,29.29077445,8.21136022
47.78801327,29.31014648,8.23175327
47.82836003,29.29393240,8.21427760
47.81210226,29.31545896,8.23694671
46.68288926,26.98210664,6.63166080
46.76734710,27.23244553,6.73679507
46.78781262,27.23459692,6.73439441
46.75495403,27.21924099,6.73230070
46.77869715,27.21750564,6.72743546
46.50237329,26.64062573,6.51766879
46.12974780,25.97410129,6.34422617
46.73559280,27.16004353,6.70665004
46.74292576,27.18327506,6.71668215
46.74195607,27.20428839,6.72705699
46.45949474,26.57072764,6.49777617
46.44760612,26.55141616,6.49240603
46.45921475,26.55976214,6.49328449
46.00473848,25.71184654,6.28307641
45.98578431,25.72368856,6.29116554
46.01335964,25.69501245,6.27517666
46.02338326,25.71156055,6.27834246
47.73832593,29.09980197,8.01626550
47.74451021,29.13814049,8.05519631
47.77173520,29.29222228,8.21340137
46.22080604,26.14519059,6.38504662
46.19779066,26.14837800,6.39089962
46.20902206,26.12707280,6.38105898
46.24215189,26.15048482,6.38215379
46.22179375,26.16775161,6.39296122
46.35889457,26.37543722,6.44130712
46.33576974,26.37657398,6.44674076
46.34627011,26.35668773,6.43681115
46.31105638,26.39466205,6.45819689
46.31606124,26.36183586,6.44509952
45.33604652,29.31257521,8.10707490
45.33963072,29.28188178,8.08111249
45.36315656,29.30022203,8.10171523
45.33974236,29.24652290,8.05034812
45.37345118,29.26279892,8.07081627
47.85541844,29.26071394,8.17899250
47.82485064,29.21588378,8.13296017
45.92106968,25.60118542,6.26558074
45.94128733,25.61728915,6.26638118
45.92136163,25.63466558,6.27600357
45.95191534,25.59615700,6.25696866
45.96541679,25.61726911,6.26073314
46.34769427,26.44024193,6.46857181
46.15939957,26.06773650,6.37043354
45.93896551,25.57461746,6.25295182
45.91404042,25.57546099,6.25892654
45.92439892,25.55218716,6.24905914
45.89445509,25.56057109,6.25837028
45.94755901,25.68953826,6.28800180
46.72634716,27.13879866,6.69798744
46.79260961,27.30156018,6.76734196
47.61501567,28.99249844,7.91389373
47.64838646,28.99451760,7.91439621
46.20016708,26.22482916,6.41698114
45.39602166,29.23128206,8.04710864
45.41733536,29.26380323,8.07940238
45.36674877,29.22049646,8.03258250
46.82632634,27.41215299,6.81915901
46.25470445,26.33989805,6.44803660
46.41611427,26.48851083,6.47365386
46.22491750,26.26708126,6.42742372
47.69597945,29.26800651,8.18965116
47.65842634,29.28211212,8.20480691
47.58915833,29.28501776,8.20906254
47.60243775,29.25876300,8.18194424
47.61945249,29.28442321,8.20787876
47.56481970,29.30837459,8.23343338
47.56423108,29.25978518,8.18378731
47.63756606,28.97458273,7.89523711
47.58235169,28.80066754,7.73096137
47.54689606,28.80316598,7.73570610
47.56089308,28.77210739,7.70576515
47.51920103,28.83229672,7.76461489
47.51288597,28.78448004,7.72045682
45.81660413,25.38175542,6.21940969
45.78140501,25.38371031,6.22720863
45.79580151,25.35015315,6.21420157
45.75102819,25.41124137,6.24053900
45.74910582,25.36018258,6.22633894
46.39272563,26.46550720,6.46948930
46.28853743,26.37912918,6.45643437
46.19196583,26.17250356,6.40038496
47.09241234,27.91352883,7.07639294
47.04138928,27.90391832,7.07616467
47.07202090,27.86786138,7.04951658
46.98983603,27.92291825,7.09351293
47.00820730,27.86389181,7.05448353
47.49394776,28.87348000,7.80464672
47.54030653,28.87067319,7.79967406
46.76646365,27.19880660,6.72028539
47.36792190,28.67205596,7.62788014
47.49516979,29.19795707,8.12264726
47.42853650,29.21137645,8.13792551
47.41877201,28.76434045,7.70739646
45.47654512,25.05836138,6.18738933
45.62459597,25.28455770,6.22527940
47.20027718,28.43865469,7.44358614
47.33900981,28.61439304,7.57960023
46.98347672,27.99125364,7.13803064
47.07659872,28.18458037,7.26175491
45.33997199,24.78935930,6.13913461
46.24394463,26.30854365,6.43875206
45.00757760,28.34683989,7.31974098
44.98904903,28.26908048,7.27102751
45.09710004,28.29000008,7.29822348
44.92293644,28.34935756,7.30814901
45.53228953,25.15040836,6.20321703
45.70307517,25.39636238,6.24389766
47.14576945,28.32927546,7.36261462
44.97517805,27.98599075,7.11597049
45.20407656,28.33829947,7.34116582
44.84386001,27.74287851,6.98572573
44.39272063,26.69212026,6.59484098
44.10431342,26.37737568,6.50104173
44.22387588,26.41890994,6.51925123
44.05739490,26.54107377,6.53044976
44.05159940,26.26091400,6.47379002
47.29326849,28.56069875,7.53697740
46.43718073,28.82580981,7.78839354
46.59434452,28.84413360,7.80569582
46.50502878,28.99240922,7.93624678
46.73980569,28.87880680,7.83565228
46.64077055,29.00726115,7.95187016
47.46069648,28.77958301,7.71899730
44.61971366,27.27772706,6.78310375
45.02790294,28.08878697,7.17586304
44.73730946,27.48357098,6.86834659
44.63198621,27.41757047,6.83274660
46.42765800,26.52869955,6.48740772
46.55546590,26.71407436,6.53736572
46.54760474,26.70268920,6.53420163
46.56725010,26.73799945,6.54525589
46.56047032,26.71786982,6.53783226
47.79992842,29.18291986,8.09947382
46.59292901,26.79479351,6.56484392
46.58137880,26.76611221,6.55456105
47.85558213,29.30243418,8.22270304
47.88638250,29.29713169,8.21653115
46.58859981,26.78083042,6.55952154
46.65269015,26.91370945,6.60601405
47.87318833,29.28388296,8.20288970
46.10135880,25.90469548,6.32649757
46.63690626,26.87746853,6.59268459
47.86395746,29.26830154,8.18673824
46.48008147,26.59853454,6.50482774
46.66097729,26.93829798,6.61571265
46.49701799,26.63093731,6.51474124
47.75378212,29.11573802,8.03192645
47.72517837,29.08444740,8.00118381
46.70182217,27.03452354,6.65265770
46.69729313,27.02360725,6.64836773
46.72219780,27.08740863,6.67401956
46.12148473,25.93086608,6.33097497
46.11015997,25.91905096,6.32947598
46.71308679,27.07793523,6.67119534
46.71500917,27.06596431,6.66510502
46.70936884,27.04488702,6.65609363
46.06605068,25.83537865,6.31071601
46.08569060,25.87331969,6.31923751
46.08161179,25.85765712,6.31476749
46.15264212,26.00764294,6.35090049
47.80949785,29.19264963,8.10925785
46.72175221,27.11873251,6.68914467
46.17317345,26.09324022,6.37652101
47.71265968,29.06382548,7.98082650
46.85382298,27.49623771,6.85994152
46.85073600,27.52915431,6.87805295
47.66418977,29.01366378,7.93266947
47.56880112,28.90172538,7.82783298
47.77946246,29.14153795,8.05742535
47.76577398,29.13160454,8.04772925
46.34273692,26.42349201,6.46316488
46.80571980,27.32866060,6.77908411
46.22714407,26.24353722,6.41879865
47.40223690,29.15560634,8.08267030
46.20977252,26.19478134,6.40487117
46.81467896,27.35785670,6.79270536
46.28539918,26.35421475,6.44795671
46.83151416,27.38115210,6.80223275
45.93115463,25.66374218,6.28312474
46.18241279,26.12430901,6.38548838
47.47050540,28.82651695,7.76180871
47.40413601,28.71988551,7.66813386
46.87471097,27.58196037,6.90399542
46.87015340,27.54879843,6.88633479
45.62128513,25.23949096,6.21383622
46.91904392,27.77522205,7.00972601
45.43355244,29.03963283,7.88721001
45.45384655,29.11166869,7.95184375
45.57818892,29.09163304,7.95167246
45.39741655,24.92154666,6.16385879
45.43228716,24.96931526,6.17104963
45.31319919,28.64630526,7.56113899
45.53059922,25.09834511,6.19011554
45.46755615,25.00264333,6.17459269
47.03453847,28.11414650,7.21594077
45.98459008,28.88517498,7.81729548
45.51394442,29.13625500,7.98188879
45.65591409,29.03948366,7.91622089
45.37083753,28.86721604,7.73659037
45.40537249,28.96145273,7.81780840
44.76557866,27.61219560,6.92173967
47.25920413,28.49448666,7.48447281
45.74960313,28.98735393,7.88211670
47.18905544,28.37545969,7.39479632
44.89324002,27.87547948,7.05197192
45.18971693,28.45751095,7.41497342
45.26714132,28.53764040,7.47874422
45.86097531,28.93032556,7.84484628
46.86212636,28.92136573,7.87236472
46.11783324,28.84915928,7.79607992
46.27212132,28.82720769,7.78504167
44.56507490,27.13778930,6.73277620
43.88922843,25.97721473,6.40991936
47.69360441,29.04803370,7.96573731
46.15219369,26.04515422,6.36408669
46.84312577,27.43569496,6.82915941
46.14108768,25.99813500,6.35011856
46.14254670,25.98373307,6.34475191
46.56540055,26.71501590,6.53525081
46.56632716,26.71948809,6.53707517
46.57030125,26.71510087,6.53395765
46.55530786,26.70228423,6.53209441
46.55858481,26.70735213,6.53355171
46.56198855,26.71189683,6.53473682
46.57739217,26.74373794,6.54534085
46.57484015,26.73871224,6.54368931
46.58159839,26.73895779,6.54198679
46.62878901,26.83478613,6.57455993
46.62923716,26.84648486,6.58000922
46.63537806,26.84639574,6.57837199
46.56862681,26.72470918,6.53887134
46.57186923,26.72856942,6.53978536
46.58849480,26.76332293,6.55151284
46.59167541,26.75879519,6.54853722
46.59442256,26.76375527,6.55012301
46.58455117,26.75924432,6.55064066
46.59594136,26.77860619,6.55668546
46.59954242,26.77425258,6.55367719
46.60193881,26.77933790,6.55542692
46.59226683,26.77406984,6.55551963
46.58020657,26.74785109,6.54650739
46.58584186,26.74863725,6.54535667
46.59925006,26.78966195,6.56096637
46.60195518,26.79574034,6.56310224
46.59681035,26.78357434,6.55876524
46.60436186,26.78477977,6.55734074
47.90823173,29.32394701,8.24435336
47.90407882,29.31970901,8.23996380
47.91172637,29.31815203,8.23813090
47.91035419,29.32952781,8.25021000
47.90133228,29.32913451,8.24996814
46.61031840,26.81173979,6.56844743
46.61346751,26.81746979,6.57033400
46.60886915,26.80641596,6.56633739
46.61550310,26.80696972,6.56485564
46.63706356,26.86262958,6.58568077
46.63821480,26.86921018,6.58849069
46.64383179,26.86341578,6.58431479
46.64336399,26.87417001,6.58958965
46.64525959,26.88091548,6.59231210
46.65017252,26.87500399,6.58823525
46.54681582,26.68762716,6.52764420
46.55058577,26.69171583,6.52852210
46.54339917,26.68169816,6.52584762
46.55053635,26.68151590,6.52385154
46.60508702,26.80181042,6.56513552
46.61660534,26.82203027,6.57168498
46.62315113,26.82341307,6.57063196
46.66514367,26.90526223,6.59898646
46.66101650,26.91049518,6.60255737
46.65660090,26.90513207,6.60105797
46.66244057,26.91657163,6.60510835
46.58963478,26.76837701,6.55355907
46.65263075,26.89793158,6.59858965
46.65870156,26.89274628,6.59458607
46.68039666,26.93749767,6.61079092
46.67636214,26.94324812,6.61456714
46.67142088,26.93777753,6.61311664
46.67783702,26.94958897,6.61726982
46.64529146,26.88749971,6.59541428
47.88584194,29.28911069,8.20808505
47.89376281,29.28913566,8.20789203
47.87805275,29.27681877,8.19532903
47.88192719,29.28348711,8.20225536
46.63052775,26.87339311,6.59222401
46.63335872,26.85779445,6.58430487
46.66573973,26.92245514,6.60713005
46.67327125,26.92396392,6.60600440
46.69241623,26.97809222,6.62761068
46.69705639,26.97186169,6.62346334
46.70041543,26.97893366,6.62611228
46.68699158,26.97243927,6.62614703
47.87604849,29.25570873,8.17311668
47.87209127,29.26278809,8.18071368
47.86643505,29.25776675,8.17559477
47.87404946,29.26970195,8.18794073
46.54034102,26.66452293,6.51885327
46.68112982,26.95573794,6.61945312
46.68916363,26.95747302,6.61837150
47.90065283,29.31351085,8.23349020
47.89521922,29.32164459,8.24218413
46.70213413,26.99989186,6.63595585
46.70304541,27.00719091,6.63928637
46.71087960,27.00118775,6.63452472
46.51377950,26.63942866,6.51450227
46.50876726,26.63091183,6.51200321
46.51911596,26.63069846,6.50928679
47.82908142,29.19600019,8.11207215
47.83239090,29.20411476,8.12043008
47.83898154,29.19437579,8.10998557
46.50631263,26.60694614,6.50208292
46.50185300,26.61422192,6.50642699
46.49550737,26.60811059,6.50532120
46.50432930,26.62201466,6.50921064
46.70609669,27.01607240,6.64290254
46.70980360,27.02529958,6.64655609
46.71367114,27.00916160,6.63778681
47.88552919,29.32014803,8.24078073
47.88676045,29.33468508,8.25604024
47.88621519,29.31163132,8.23180826
47.82757186,29.17624615,8.09149648
47.82139170,29.18502204,8.10090479
47.81471495,29.17866890,8.09453963
47.82219986,29.19247166,8.10863998
46.48373900,26.56533386,6.48968093
46.47885790,26.57321560,6.49435447
46.47108147,26.56580589,6.49306662
46.48146937,26.58162277,6.49732066
46.49023155,26.59919728,6.50274989
46.48604911,26.59033078,6.49994900
46.49715354,26.59050945,6.49722095
46.46939592,26.55580192,6.48922012
46.47902601,26.55679884,6.48718719
47.83792847,29.21374124,8.13030386
46.71992372,27.04237792,6.65266036
46.71479271,27.03463159,6.65000060
46.72628530,27.03524895,6.64769541
46.71975066,27.05311704,6.65793781
47.85257688,29.23347322,8.15049385
46.69744140,26.99347354,6.63391356
46.69393366,26.98540967,6.63081386
47.84277558,29.30496467,8.22555959
47.85107935,29.31633872,8.23732184
46.46439187,26.53039664,6.47954739
46.72707742,27.06251900,6.66095255
46.72775157,27.07428701,6.66656799
46.73802083,27.06445318,6.65948182
46.57247914,26.71991435,6.53559982
47.89483174,29.34867578,8.27063237
47.89869624,29.33862738,8.26001269
45.27325317,29.34814421,8.12217836
45.26315866,29.35473910,8.12440254
45.26233308,29.34215652,8.11409525
45.28240384,29.35743494,8.13239782
45.27102637,29.36155474,8.13232758
47.79988495,29.15817571,8.07382816
47.80763840,29.16925425,8.08502121
46.74253657,27.07588563,6.66416367
46.73480514,27.08403119,6.66987515
46.73532758,27.09488146,6.67506169
46.55227822,26.69673193,6.53035738
46.07882224,25.82696837,6.30470171
46.08294225,25.84019097,6.30834776
46.09241716,25.82608269,6.30075029
46.13546320,25.92646421,6.32593768
46.14246074,25.91707017,6.32054533
46.14746441,25.92849153,6.32343184
46.12792822,25.91712062,6.32447808
47.79771702,29.12404930,8.03856730
47.79176641,29.13528101,8.05046573
47.78307891,29.12703902,8.04233217
47.79453946,29.14615450,8.06159441
46.11393932,25.89294755,6.31932389
46.12020895,25.90531915,6.32218472
46.11115592,25.88182638,6.31602691
46.12438545,25.88286226,6.31281915
46.07805379,25.79902004,6.29484165
46.06805587,25.82045663,6.30508339
46.09368585,25.84888326,6.30869486
46.09745717,25.86042637,6.31186139
46.09974113,25.83786108,6.30303828
46.10674748,25.84866153,6.30506718
46.42827829,26.49399226,6.47312518
46.73819793,27.10901708,6.68140930
46.75096901,27.09900170,6.67382563
46.15689774,25.97697297,6.33890400
46.15763601,25.99111837,6.34385337
46.17099614,25.97824359,6.33565419
47.86791571,29.33949016,8.26132251
47.84590308,29.33766796,8.25967410
46.13577482,25.93825149,6.33014660
46.15174524,25.94147630,6.32711946
46.06850731,25.85053249,6.31531507
46.56214022,26.70180807,6.53003190
47.88730902,29.27611205,8.19430965
47.74742501,29.08033293,7.99603351
47.75844057,29.09464764,8.01014911
47.76891245,29.10349422,8.01873956
46.16733412,26.00227567,6.34554567
46.16825835,26.01567289,6.35016773
46.18204195,26.00507153,6.34278684
47.73224185,29.05018940,7.96612634
47.73795015,29.06504136,7.98091613
47.74079052,29.03530310,7.95057824
47.75007340,29.04924408,7.96422672
46.03951054,25.77601045,6.29661154
46.01733992,25.77616096,6.30161036
46.17122977,26.03259760,6.35557331
46.17718939,26.05026100,6.36053901
46.18707870,26.02040497,6.34722386
46.36989972,26.39443685,6.44631187
46.35946713,26.41070451,6.45497389
46.34298104,26.39890891,6.45379319
46.36207091,26.42716351,6.46080764
46.40373797,26.44445920,6.45856422
46.77587217,27.15433107,6.69625228
46.81976398,27.25136675,6.73697628
46.80830975,27.26606406,6.74670984
46.79731582,27.25209292,6.74155200
46.81165448,27.28368143,6.75512732
46.78595574,27.18465044,6.70953783
47.71948980,29.04054873,7.95700831
46.19654811,26.08570424,6.36891331
46.18631375,26.06981172,6.36548650
46.20925344,26.07127574,6.36055671
46.20052994,26.10484885,6.37491063
46.83464446,27.33842806,6.77948114
46.83149951,27.32009297,6.77047223
46.85239854,27.32189241,6.76760033
46.81997546,27.30457195,6.76441951
46.84430908,27.30393159,6.75965766
47.70539532,29.02561042,7.94266468
47.69219264,29.00875666,7.92643802
47.71840172,29.00498089,7.92123666
46.03138295,25.75814016,6.29244080
46.30829370,26.33876871,6.43800700
46.33344305,26.33621861,6.43173525
47.67906018,28.99067297,7.90908333
47.66535321,28.97193650,7.89122383
47.69409881,28.96886497,7.88654804
46.85548596,27.37611563,6.79577192
46.85632889,27.39509689,6.80568869
46.87767296,27.37993663,6.79392078
45.97649978,25.68268438,6.27984152
45.96200325,25.66232212,6.27639588
45.98886877,25.65983878,6.26932087
45.96562161,25.70937269,6.29069264
45.99124443,25.70010649,6.28226471
46.27078467,26.21855386,6.40100861
46.25336505,26.23570819,6.41105010
46.23702211,26.21448902,6.40665261
46.25043416,26.25642367,6.41909060
46.30700373,26.28950447,6.41970086
46.29290211,26.30682278,6.42919338
46.27585577,26.29029007,6.42647919
46.28924571,26.32748317,6.43751619
46.27195379,26.31412447,6.43586219
46.26928659,26.26774665,6.41953334
46.24544935,26.28059595,6.42862272
46.29545586,26.26719179,6.41379833
47.76624408,29.31388386,8.23592390
47.79794452,29.33714186,8.25966228
47.64929133,28.95281452,7.87323335
47.66698780,28.92849904,7.84830367
46.86220576,27.41890480,6.81741944
46.86981408,27.44309098,6.82917537
46.88408153,27.40080547,6.80403323
46.14814133,25.96813250,6.33787755
46.23654719,26.18925429,6.39766082
46.26100835,26.19526746,6.39450297
47.81554887,29.15703193,8.07198365
46.23310948,26.12970265,6.37654592
46.84409234,27.35987788,6.78912263
46.32216556,26.41840977,6.46500334
46.87947179,27.46876087,6.84154705
46.90304262,27.44781482,6.82635105
45.94972694,25.63890900,6.27150297
47.74591006,29.29961283,8.22143961
47.68465835,29.29862489,8.22134849
47.69534086,29.32579167,8.24917609
47.66508409,29.32210175,8.24581101
47.71330777,29.29716552,8.21940042
46.89201082,27.49184856,6.85223260
46.89073494,27.52135985,6.86858224
46.92195214,27.49862611,6.85127283
46.40846419,26.47415712,6.46954667
45.87178505,25.53606755,6.25537462
45.84899877,25.50610987,6.25072571
45.88823292,25.50299902,6.24155014
46.96090885,27.59004440,6.89682740
46.93624749,27.61514428,6.91479417
46.91944961,27.58758022,6.90144430
46.93774106,27.64916265,6.93408173
47.49559840,28.74795332,7.68795611
47.53717791,28.74075537,7.67848061
47.45753197,28.73587837,7.67936290
47.50690510,28.70583218,7.64883278
45.73477033,25.32362852,6.21842935
45.77391256,25.31685784,6.20874558
47.59828902,29.31458077,8.23917784
47.58266993,28.86481880,7.79176065
45.72531857,25.24369613,6.19696538
45.70153039,25.27723289,6.21117952
45.67196674,25.25071667,6.20886702
45.70126061,25.31194801,6.22096443
45.66088882,25.30010891,6.22412961
47.48796428,28.66340198,7.61209749
47.45902356,28.69786837,7.64502848
47.43230357,28.66678326,7.61915522
45.65875081,25.21137755,6.20021133
45.70328910,25.20598406,6.19033681
45.65496129,25.11934712,6.17483735
45.62406731,25.15550659,6.19073783
45.59191388,25.12097762,6.18671355
45.62311661,25.19468033,6.20155367
45.57620773,25.17657406,6.20385696
47.56113114,28.83404300,7.76383373
46.94754069,27.69076891,6.95694937
46.98289292,27.65809073,6.93311802
45.79420724,25.41559761,6.23417956
45.41566502,29.16152461,7.98928652
45.38912327,29.10467194,7.93593902
45.57713437,25.22178130,6.21546776
47.00318256,27.81486505,7.02465782
47.03360563,27.77971382,6.99924614
47.05224781,27.82286820,7.02359823
46.97914902,27.77733999,7.00456217
47.42098847,28.54147591,7.51125193
47.39499836,28.58309496,7.54892359
47.36244037,28.54995780,7.52315674
47.40819651,28.62377677,7.58309800
46.96052426,27.73311065,6.98027977
45.58418592,25.07436903,6.17537781
45.63259104,25.07715206,6.16714468
45.55049135,25.04346922,6.17269591
45.61049265,25.03534860,6.15956583
45.52230897,24.99846007,6.16531429
45.49670651,24.95533905,6.15806808
45.55718652,24.94987615,6.14585116
47.31684310,28.45605225,7.44891425
47.34355069,28.41089125,7.41003459
47.36892752,28.45503336,7.44359624
47.28005908,28.42296273,7.42520365
46.90575527,27.55345785,6.88422499
45.40449126,24.75490721,6.12074545
45.41765712,24.80319257,6.13113021
45.46781459,24.91045150,6.15093966
45.44154585,24.85831722,6.14157481
45.50596447,24.85589781,6.12955243
47.24966335,28.37172778,7.38719692
47.22022391,28.32214212,7.35134342
47.28828251,28.31617929,7.34057627
47.36159501,29.20379001,8.13201433
47.46971009,29.24659959,8.17252246
47.43321740,29.28106723,8.20831988
47.06241515,28.00515319,7.13986436
47.08785369,28.06179933,7.17544518
47.04678158,27.95012536,7.10533533
47.11052139,27.96220005,7.10617020
47.15076840,28.15711624,7.23580364
47.11750606,28.11617283,7.21008177
47.18458621,28.11363978,7.20146621
47.15945406,28.20741722,7.27116621
45.85253943,25.44321326,6.23063460
47.18782941,28.26651721,7.31213876
47.23058601,28.21519847,7.27004943
47.33075693,28.50266446,7.48603631
47.10182635,28.26548075,7.31828311
45.21810152,28.69942977,7.58632312
45.19722919,28.62919871,7.53272514
45.13712173,28.70910003,7.58073401
45.37023666,24.86141557,6.15269588
45.08182333,28.40605421,7.36705219
45.09792623,28.49707289,7.42789433
45.00978041,28.49721090,7.41424547
45.15009624,28.55519785,7.47448262
45.05332181,28.56963626,7.46929448
44.94712831,28.18230051,7.21594744
44.89955289,28.09391905,7.16168692
44.88029586,28.26885691,7.25441394
45.26808144,28.75076789,7.63176980
44.77522933,27.94004791,7.06724598
44.72389106,28.02678431,7.10155740
44.67296246,27.94288568,7.05345599
44.84363635,28.00835506,7.11012532
46.98275124,29.09013922,8.02841725
46.88088278,29.06064235,8.00149500
46.91246617,29.18445390,8.11993331
44.60924120,27.55769638,6.88182411
44.63172473,27.67222045,6.92970771
44.51590361,27.67412678,6.91426125
44.69892306,27.75020546,6.97104579
44.56953675,27.76716273,6.95998662
44.49558164,27.38136981,6.80430788
44.51845410,27.48009115,6.84166425
44.40776637,27.48190982,6.82739850
44.46029326,27.57771755,6.86932573
44.45256443,27.26402293,6.76054566
44.35447889,27.37503402,6.78392883
44.22674547,26.93686101,6.64064884
44.20752548,26.79064118,6.60196695
44.08926464,26.93647571,6.62406433
44.09530233,26.68689398,6.56601330
44.02056649,26.81747686,6.58707281
43.94598335,26.69717664,6.55123958
44.38480994,27.14466852,6.71608697
44.31093890,27.02930807,6.67478854
43.88103545,26.29413740,6.46479031
43.95653037,26.42311253,6.49654977
43.80274321,26.16394942,6.43424249
45.29029160,29.32468471,8.10718754
45.29625241,29.30773205,8.09421732
45.31169282,29.32307905,8.11086032
45.27368039,29.30681874,8.08803939
47.90676707,29.33621936,8.25734529
47.91400029,29.34644868,8.26801944
47.90557534,29.34435095,8.26593778
46.57259226,26.73327889,6.54177503
45.25685488,29.32534871,8.09887152
45.25157734,29.34085842,8.10968036
45.25453202,29.35160606,8.11907966
47.83354552,29.31793058,8.23923126
45.27397543,29.33169577,8.10886279
47.86062943,29.25024033,8.16785298
46.10369467,25.87298203,6.31476517
47.77363653,29.11544398,8.03080342
45.29034093,29.28549008,8.07389606
45.26791081,29.28069782,8.06464702
45.27790278,29.25178997,8.04238187
45.31425243,29.29646246,8.08854360
45.39071775,29.29115572,8.09889049
45.39340922,29.19985051,8.01911773
45.42579089,29.21225487,8.03532479
45.46540888,29.24085022,8.06691071
45.33750434,29.21122140,8.01925215
45.46483876,29.17908114,8.01226502
45.36047972,29.17131570,7.98871064
45.51364487,29.21347470,8.04991647
45.35421643,29.03634031,7.87244297
47.51527367,29.24933619,8.17423372
45.64731268,29.14378404,8.00617430
45.57285497,29.18009628,8.02863781
45.83824332,29.07186824,7.96441084
46.07660836,29.01337553,7.93411352
46.35446918,28.98610717,7.92591892
45.31452607,28.96346446,7.80581552
46.76611132,29.03020523,7.97352276
46.20491923,28.99369304,7.92530052
45.73610540,29.10694948,7.98425163
44.74986411,27.84704173,7.02047985
45.26688491,28.89464276,7.74281346
47.60642008,28.88980073,7.81432039
47.76675524,29.07801048,7.99270977
46.05994566,25.77456491,6.29097418
46.60955620,26.79617389,6.56132913
45.30162799,28.81691484,7.68715294
45.95195948,29.04022908,7.94750419
47.84405257,29.20315831,8.11898789
47.62695291,28.90670045,7.82945706
45.22719251,29.37469613,8.11808383
45.22723084,29.37119335,8.11794972
45.23022731,29.37531137,8.12210518
45.22599342,29.37497162,8.11503545
45.22358903,29.37058272,8.11292010
47.93703532,29.36612166,8.28843645
47.93992034,29.37270301,8.29536093
47.92737144,29.36929740,8.29194412
47.94387087,29.36608825,8.28826161
47.92176219,29.35265227,8.27444498
47.92064403,29.34505309,8.26642771
47.92669746,29.34555426,8.26683372
47.93362938,29.36128439,8.28337198
47.92656129,29.36025971,8.28240885
47.93103039,29.35501752,8.27677886
47.91882313,29.36148697,8.28381533
46.63130545,26.84094941,6.57683935
45.24959920,29.36029165,8.12390285
45.24307176,29.35089780,8.11438294
47.90807396,29.35558583,8.27773564
47.83206489,29.18626652,8.10178239
47.87836703,29.35306507,8.27542201
47.89283502,29.36548750,8.28830068
45.24209051,29.31546137,8.08650400
45.25309930,29.30701612,8.08282403
45.22380410,29.31519397,8.08029171
45.23710115,29.29622858,8.06951767
45.23908567,29.33303621,8.09936905
46.08374955,25.81321677,6.29845152
45.25522341,29.29103225,8.07016880
46.38035884,26.41328361,6.45142670
45.28603208,29.34210598,8.12072189
45.29903611,29.33804367,8.12061736
47.75810074,29.06386928,7.97870279
45.31181865,29.26549888,8.06131409
47.65456165,28.90623238,7.82728537
47.63885970,28.88340692,7.80611382
46.31714327,26.31433589,6.42694136
45.24481011,29.21973197,8.00786763
45.27917448,29.21110940,8.00790077
45.30901668,29.18454394,7.99093682
45.30915918,29.22844642,8.02879098
46.27906270,26.24447304,6.40888614
45.45485423,29.29720217,8.11534741
45.31177246,29.11536753,7.93223471
45.74498954,25.28388014,6.20486445
45.67378191,25.16647030,6.18472719
47.31710541,29.25951022,8.18900030
47.25155746,29.24782469,8.17854760
45.17735022,28.77174496,7.63352500
45.21885886,28.83282367,7.68671180
46.80487391,29.16486767,8.10095625
46.28647862,29.13578405,8.05795034
46.55948367,29.13543697,8.06932538
45.23060342,29.37164708,8.12122856
45.23350373,29.37426861,8.12468831
45.23321974,29.36935687,8.12201819
45.23724601,29.37264491,8.12641734
45.23714733,29.36654601,8.12266701
46.56789763,26.71074485,6.53259418
45.24197579,29.37073474,8.12789196
46.56500255,26.70650878,6.53142430
46.55925385,26.69678745,6.52850147
46.55649305,26.69178124,6.52694706
46.57713456,26.72912729,6.53861716
45.24245872,29.36276745,8.12272472
45.24780113,29.36889806,8.12940588
46.59661067,26.76902227,6.55200605
46.57913487,26.73401112,6.54034885
46.61255457,26.80162091,6.56310669
46.62068212,26.81777157,6.56860487
46.58826128,26.75386895,6.54714924
46.63830409,26.85193408,6.58025510
46.64113896,26.85765550,6.58225453
46.64693851,26.86918858,6.58627854
46.66165892,26.89905170,6.59687479
46.67081297,26.91763407,6.60354390
47.92382703,29.33997793,8.26098289
46.68369390,26.94387011,6.61307090
45.25435416,29.36730730,8.13096879
46.60692673,26.79039907,6.55930457
47.88337278,29.26947234,8.18741489
47.91479730,29.32369980,8.24393492
47.90830663,29.31279646,8.23254368
47.87145774,29.24894599,8.16613789
46.66793091,26.91130738,6.60120545
47.89715261,29.29583782,8.21488771
46.52391540,26.63821570,6.51138173
46.68648229,26.95042027,6.61558188
46.70369386,26.98633611,6.62895271
46.72184008,27.02636186,6.64434114
46.70743318,26.99370027,6.63166738
46.71733204,27.01763091,6.64109252
46.51491461,26.62241996,6.50669788
45.25636467,29.35967083,8.12594943
45.26176689,29.36498579,8.13194993
47.86265353,29.23387012,8.15055987
47.86696305,29.24149901,8.15844298
46.47471968,26.54807483,6.48451266
46.48870341,26.57349730,6.49195372
46.49275758,26.58199891,6.49462610
46.51088944,26.61427647,6.50413109
46.73370006,27.05416690,6.65535515
47.82213302,29.16695735,8.08203551
45.33176719,29.33941837,8.12938925
45.31139090,29.34716053,8.13134257
47.80986592,29.14592905,8.06069085
46.13658321,25.90576389,6.31795423
46.43208785,26.48199605,6.46719529
47.79058225,29.11349047,8.02799804
46.11251656,25.86073464,6.30792013
46.15782106,25.95444158,6.33031450
47.78314784,29.10212480,8.01664379
46.42339960,26.47111128,6.46480006
46.13004313,25.89429233,6.31549598
46.11894609,25.87189482,6.31026282
47.77413820,29.33615631,8.25890662
47.82143644,29.33845515,8.26076871
46.74679892,27.08666266,6.66859066
47.77516054,29.09023253,8.00481396
46.16516934,25.96603609,6.33265025
46.06961091,25.78765489,6.29305370
46.17628123,25.99152932,6.33923129
46.05142077,25.75840050,6.28748300
45.29588439,29.35317697,8.13254238
46.19284321,26.03615306,6.35161166
46.81059387,27.23523704,6.73045349
46.83486094,27.28626648,6.75220106
46.80165251,27.21861341,6.72368861
46.79281853,27.20180189,6.71686510
46.20018798,26.05355332,6.35622756
47.73008159,29.02071640,7.93642145
46.22494995,26.10948718,6.37096220
46.00120277,25.67835788,6.27254540
47.70657565,28.98746646,7.90436229
46.25219396,26.17260964,6.38806166
47.68029314,28.94948349,7.86816398
46.85988358,27.34126583,6.77648942
47.75057314,29.33269615,8.25559750
47.72381524,29.32837815,8.25146568
45.35582050,29.33149465,8.12760696
45.97721109,25.63862850,6.26502193
46.86972916,27.36073872,6.78505859
46.91368910,27.47253314,6.83816288
47.63252814,29.31731184,8.24139719
47.62027179,28.85891972,7.78373599
45.38413095,29.32255427,8.12533466
45.90706469,25.52972215,6.24582683
45.83562426,25.41362468,6.22512433
47.60155025,28.83099047,7.75831249
46.94657359,27.55810389,6.88079927
46.93198409,27.52748665,6.86580855
45.41529454,29.31110494,8.12093292
46.97197866,27.62198443,6.91361216
47.48098767,29.29194926,8.21835763
47.52566448,29.29918652,8.22480988
45.58340203,24.99391314,6.15314402
47.01563466,27.73820805,6.97632323
46.99743628,27.69736882,6.95429919
47.46648446,28.62399691,7.57887691
47.39350532,28.49962597,7.47834531
47.20947792,28.16211150,7.23344504
45.48272524,24.80552307,6.12009005
45.50297351,29.28140604,8.10891073
47.37897917,29.26903219,8.19730514
47.17767854,29.23543722,8.16745245
47.25817903,28.26687634,7.30587718
47.15916532,28.06434935,7.16977632
47.13136630,28.01295212,7.13774117
45.56029448,29.26306590,8.10096818
45.62957043,29.24112458,8.09076470
45.91225448,29.17602823,8.06465171
45.71138720,29.21834303,8.08062379
45.09972885,28.63817356,7.52401656
45.27049526,29.03910295,7.86088272
47.09931753,29.21928401,8.15255383
47.01177748,29.20131273,8.13580319
44.96510153,28.42299771,7.35982603
46.68668365,29.14787724,8.08365809
46.02855014,29.15840272,8.05960903
44.78021297,28.10742451,7.15100804
46.15395362,29.14438534,8.05701214
44.62799976,27.85462404,7.00643107
45.22449980,28.97309966,7.79867015
44.22489382,27.16020369,6.70098057
46.42264350,29.13509310,8.06423656
43.86908765,26.57575156,6.51695107
43.78816919,26.45245942,6.48376164
44.15725773,27.05032466,6.66194156
47.89060793,29.28268367,8.20115928
46.89225449,27.42360210,6.81497355
46.62571772,26.82913313,6.57267584
46.55353676,26.68692938,6.52552041
47.44577346,28.58291014,7.54471871
47.31460202,28.36639536,7.37727176
46.75617683,27.11265147,6.67950432
47.84940059,29.21146469,8.12749501
46.69252727,26.96492640,6.62118788
45.46035406,24.75623480,6.11081662
45.43498949,24.70841109,6.10261391
46.57490197,26.72454059,6.53709006
47.80443246,29.13504914,8.04964548
46.58382881,26.74373153,6.54361036
47.87996378,29.26247493,8.18013126
45.80610501,29.19622422,8.07169383
44.29652898,27.26811213,6.74231789
43.70800374,26.32698004,6.45208965
46.41386127,26.45844556,6.46187773
46.82781849,27.26840974,6.74424807
46.72999115,27.04420792,6.65127040
46.61792967,26.81238398,6.56677719
45.22927140,29.37962291,8.11697635
45.23072234,29.38152874,8.11897375
47.95156813,29.37778979,8.30053968
47.95196485,29.38152874,8.30450769
47.94405968,29.38152874,8.30464371
47.95556916,29.37633229,8.29889116
47.95825308,29.38152874,8.30436777
45.23053968,29.34782345,8.10693386
45.26763896,29.37254138,8.13984244
46.47550183,26.53098006,6.47668225
46.48049218,26.53986779,6.47922268
47.82353090,29.14570967,8.05975543
47.79171639,29.08913177,8.00272726
46.21683281,26.08959017,6.36551462
46.21285526,26.03870298,6.34698606
46.33609054,26.29097623,6.41314093
45.24221597,29.26509851,8.04527826
45.86926471,25.47372006,6.23652008
45.85561522,25.38180169,6.20993764
47.54027033,28.66320114,7.60736513
47.49682000,29.33881394,8.26582736
47.08555209,27.78358222,6.99392402
47.34178450,29.32360892,8.25317586
45.13786695,28.84619825,7.68324070
45.18045701,28.90949582,7.74004239
47.20862353,29.31463368,8.24604756
45.23662748,29.37756176,8.12859706
45.22924309,29.37746202,8.12088324
45.23113506,29.37906462,8.12361897
46.58067043,26.72484200,6.53553872
46.57823866,26.72020740,6.53404581
46.58529273,26.73440138,6.53874415
46.58304843,26.72954920,6.53708537
46.57345284,26.71092412,6.53103946
46.57100091,26.70625536,6.52954554
46.58755235,26.73928460,6.54041663
46.59004255,26.74409030,6.54198700
46.56296080,26.69184289,6.52509464
46.56555119,26.69692505,6.52673390
46.59510524,26.75411555,6.54531285
46.56028243,26.68675147,6.52348102
46.60569983,26.77475790,6.55215690
47.92991702,29.34985963,8.27133081
47.93583784,29.35036222,8.27172346
47.93337959,29.34518282,8.26627496
46.61375897,26.79101427,6.55767501
47.92762814,29.33462403,8.25519406
47.92479120,29.32920336,8.24950594
46.62219173,26.80744781,6.56320940
46.63038683,26.82406581,6.56894598
46.63325766,26.82969637,6.57087150
46.64234195,26.84666677,6.57657753
46.63913807,26.84112253,6.57477796
47.91877710,29.31812114,8.23789242
46.64836248,26.85802552,6.58044026
46.64534445,26.85233092,6.57850103
46.55114322,26.67027497,6.51842730
46.55437365,26.67600015,6.52016215
46.65120497,26.86386723,6.58250893
46.65427243,26.86966397,6.58449497
47.91574511,29.31245591,8.23195931
47.91267088,29.30662539,8.22585531
46.65715650,26.87558408,6.58660148
46.66027454,26.88143475,6.58861057
47.90586216,29.29500025,8.21372110
46.66616649,26.89351764,6.59293750
46.66938633,26.89964750,6.59507406
46.67849088,26.91844299,6.60189079
46.67565696,26.91207068,6.59949798
45.24599946,29.37582221,8.13327104
45.25207687,29.37496450,8.13557047
46.67634407,26.93085906,6.60858821
46.68508943,26.93139693,6.60652712
46.54778771,26.66440970,6.51666932
46.54433850,26.65807935,6.51472499
47.89574270,29.27588746,8.19377261
47.89231363,29.26924840,8.18685163
46.69499575,26.95140004,6.61382368
46.69198741,26.94455552,6.61120757
46.69843288,26.95831469,6.61635727
46.70207646,26.96530590,6.61887885
47.88082453,29.24863741,8.16544360
45.24085115,29.37671786,8.13097474
46.71299693,26.98703828,6.62688646
46.70943216,26.97962925,6.62410257
46.52876669,26.63048118,6.50647792
46.57577586,26.71559066,6.53257376
46.55724189,26.68164495,6.52197329
46.59231619,26.74912378,6.54373448
46.60057577,26.76425209,6.54858689
47.86854213,29.22602676,8.14202827
47.86447060,29.21817501,8.13390949
46.56832909,26.70162217,6.52813733
46.60316079,26.76949982,6.55036059
46.61111063,26.78544404,6.55574645
46.60836999,26.78003489,6.55392788
46.50156764,26.59903806,6.49982847
46.50734728,26.59096242,6.49456962
46.72416221,27.01038602,6.63573361
46.72831209,27.01864201,6.63882884
46.49862313,26.57423983,6.48949051
46.50310883,26.58256377,6.49197152
46.61955480,26.80192656,6.56128769
46.61669627,26.79650234,6.55948301
46.62505294,26.81291758,6.56504459
47.93812675,29.35567966,8.27732439
46.66311056,26.88742432,6.59077723
47.85526186,29.20185905,8.11711329
47.93041617,29.34003361,8.26087432
46.67245094,26.90588804,6.59731826
46.62782884,26.81848405,6.56695690
46.63608798,26.83542726,6.57286364
46.48977196,26.55732121,6.48439579
46.48531013,26.54862061,6.48176296
47.90222798,29.28895859,8.20742592
46.73236127,27.02736940,6.64220307
46.73683945,27.03622393,6.64554206
47.92172560,29.32374344,8.24378583
47.89906045,29.28239080,8.20055952
47.85034400,29.19343364,8.10846984
47.84492173,29.18487515,8.09972803
47.83488997,29.16581085,8.08020651
46.68182957,26.92484864,6.60415737
46.47053806,26.52173016,6.47398021
46.46492234,26.51216053,6.47133872
46.74092866,27.04558150,6.64925206
46.74572652,27.05554901,6.65310562
47.88854388,29.26250236,8.17983743
46.70586960,26.97238485,6.62141085
47.88490354,29.25552148,8.17257577
45.29047117,29.36870162,8.14392798
45.27796949,29.37055809,8.14169851
46.71679322,26.99452691,6.62965511
46.72022819,27.00236211,6.63270992
46.75035892,27.06618869,6.65736110
47.87685546,29.24129402,8.15782810
46.54054875,26.65154913,6.51279704
47.94101794,29.36103100,8.28294800
46.53687031,26.64481773,6.51074567
47.81788684,29.13491500,8.04878640
47.81196327,29.12399619,8.03773252
47.87251330,29.23379996,8.15007932
46.14454402,25.89534549,6.31145641
46.13900438,25.88386721,6.30869925
46.15064329,25.90669577,6.31398253
46.52443062,26.62287896,6.50423617
46.13296883,25.87263127,6.30621881
46.12721749,25.86114961,6.30355295
45.23336877,29.37834204,8.12613113
46.16198721,25.92990442,6.31956228
46.16720329,25.94227289,6.32282707
46.12077404,25.84958736,6.30110047
46.11459742,25.83770165,6.29843831
45.25917640,29.37402860,8.13784458
46.52036354,26.61497010,6.50177858
46.51625002,26.60701580,6.49932210
46.17372496,25.95434031,6.32555074
46.18030933,25.96663354,6.32835754
46.44662649,26.48039317,6.46254722
46.43932922,26.46875688,6.45953177
46.76606677,27.10123622,6.67141032
46.10779904,25.82593331,6.29604333
46.10082605,25.81336303,6.29339795
46.51168933,26.59915648,6.49705166
47.91086857,29.36940785,8.29224629
45.22496649,29.33485297,8.09533957
46.49442921,26.56574093,6.48685108
46.08620979,25.78701261,6.28788573
46.18633913,25.97963376,6.33164618
46.19305919,25.99314967,6.33493203
46.19908490,26.00763992,6.33883986
46.77915775,27.12781256,6.68192573
46.78601537,27.14183382,6.68754205
47.76910103,29.04846252,7.96225356
47.85986258,29.21030781,8.12581228
46.45938847,26.50209695,6.46846285
47.83987092,29.17538809,8.09000681
47.82952499,29.15594001,8.07013985
46.45308644,26.49171464,6.46568389
46.43141124,26.45646529,6.45642276
46.42276784,26.44306461,6.45305121
46.06171824,25.74337244,6.27893726
46.79950072,27.17154619,6.69982440
46.80605553,27.18722252,6.70649228
46.83153328,27.23601905,6.72637555
46.82315407,27.21961315,6.71959245
47.80565271,29.11266056,8.02629834
46.75544930,27.07710901,6.66166476
46.40419587,26.41099691,6.44447134
46.85672837,27.28746167,6.74825620
46.84847035,27.26984851,6.74061876
47.79886334,29.10101730,8.01460833
46.03432627,25.69440034,6.26901331
46.04402422,25.71112443,6.27227661
47.75155395,29.01879954,7.93311182
47.74139226,29.00310632,7.91786718
46.15644291,25.91815256,6.31666413
46.76076161,27.08862120,6.66623883
46.87442330,27.32401246,6.76419171
46.86579868,27.30531291,6.75590753
47.85697368,29.36049430,8.28339457
47.83156382,29.36075150,8.28388363
46.02406789,25.67744083,6.26585514
46.01368648,25.65856731,6.26204002
47.73179944,28.98584423,7.90107495
47.72018521,28.96781488,7.88375753
46.07839422,25.77330572,6.28510335
46.23863845,26.09217092,6.36058964
46.24794142,26.11184156,6.36571613
46.36057679,26.33532920,6.42470214
47.69702937,28.92711845,7.84483596
46.90216616,27.38299042,6.79071164
46.91105924,27.40439234,6.80078267
45.34614336,29.35889210,8.14936306
47.78461660,29.07628604,7.98989012
46.26766898,26.15385824,6.37682503
46.27844410,26.17568432,6.38250691
46.29992107,26.22174184,6.39499747
47.76092710,29.03384475,7.94782564
46.81448061,27.20342011,6.71304524
46.09333903,25.80034037,6.29075456
46.22146322,26.05575544,6.35117877
46.79258504,27.15642650,6.69357053
46.05309777,25.72760727,6.27566261
46.83987571,27.25280016,6.73342432
46.92177668,27.42694830,6.81121044
46.93352339,27.45079142,6.82227496
45.96631209,25.57471974,6.24571795
45.95340353,25.55123184,6.24110250
47.87387718,29.36864224,8.29176563
46.39355393,26.39406930,6.44023138
47.73534577,29.35637157,8.28024894
47.70726936,29.35542108,8.27958014
46.94437146,27.47634442,6.83463321
46.38291791,26.37544215,6.43530887
47.65525763,28.85586668,7.77815479
45.30553581,29.36590114,8.14569889
45.93849939,25.52748422,6.23699232
45.92341723,25.50100569,6.23200570
47.80824197,29.36083685,8.28417522
46.00215451,25.63900468,6.25834530
47.78521812,29.35980680,8.28331285
46.23000024,26.07359576,6.35573670
45.37255598,29.35428716,8.15092138
45.40371215,29.34972820,8.15300102
47.76099727,29.35868803,8.28238303
47.64648508,29.35121496,8.27603101
47.61242739,29.34919691,8.27446311
46.89327031,27.36241624,6.78119684
46.25730995,26.13272934,6.37134822
46.88378348,27.34298038,6.77253789
47.63848495,28.82934790,7.75390612
47.62161054,28.79927927,7.72653801
47.58332674,28.73552119,7.66983714
47.68452771,28.90494503,7.82385481
46.28885747,26.19844581,6.38871240
46.32417176,26.26792814,6.40700749
46.37248919,26.35523008,6.42971007
47.57658342,29.34694754,8.27273346
47.53806339,29.34373359,8.27010709
45.99098381,25.61818530,6.25409907
47.01283079,27.62691367,6.90976123
47.02948828,27.66294548,6.92853914
45.97928405,25.59675555,6.24981600
45.81805020,25.31432019,6.19748467
45.79593298,25.28022261,6.19208906
47.04610750,27.70204498,6.94956639
45.75379510,25.20383433,6.17820297
47.49783749,28.58320269,7.54007013
47.52008117,28.62336121,7.57345311
46.96990212,27.53103523,6.86114714
46.95666797,27.50285668,6.84740974
46.34855034,26.31363547,6.41903217
47.67790906,29.35307384,8.27751971
45.70947594,25.12192027,6.16331778
46.98345511,27.56175827,6.87652102
45.53731375,29.32835701,8.15636609
45.48407624,29.33568499,8.15456056
47.45031513,28.49826122,7.47154698
45.61568480,24.94778810,6.13225725
45.32383455,29.36268180,8.14752437
47.12718362,27.87266463,7.04481652
47.14968394,27.91908823,7.07214861
47.42649487,28.45355011,7.43645502
47.40220329,28.40791635,7.40141629
45.53232344,24.90326820,6.13762842
45.51759272,24.75938341,6.09879513
47.35006350,28.31481477,7.33267680
47.32459317,28.26556381,7.29735109
47.22224237,28.06684005,7.16352327
47.24804460,28.11590034,7.19521083
45.90683956,25.47325031,6.22703327
46.99888211,27.59337536,6.89229893
45.89086166,25.44370759,6.22131063
45.44034157,29.34411710,8.15468556
45.87435208,25.41341859,6.21552262
45.83713296,25.34821837,6.20366002
47.60262791,28.76831989,7.69885009
47.44917467,29.33499565,8.26281610
45.77390911,25.24322757,6.18575503
47.37572976,28.36239910,7.36752192
45.09418200,28.78400341,7.62844349
47.39778280,29.33063495,8.25932151
47.47504835,28.54118723,7.50575224
45.68817492,25.07854299,6.15496775
45.66495509,25.03545659,6.14726087
47.10514407,27.82760937,7.01894520
47.06553173,27.74203762,6.97107549
45.67678170,29.30704265,8.15664011
47.19583301,28.01738673,7.13246346
45.05230036,28.71731610,7.57211495
45.00885377,28.64869107,7.51578538
45.64135431,24.99146424,6.13941872
45.59173947,24.90175466,6.12397971
47.27086208,28.16632718,7.22915047
45.56549683,24.85620936,6.11649878
44.96421979,28.57827474,7.45978746
45.49348819,24.71107045,6.09010368
47.17204819,27.96755646,7.10156586
47.29725660,28.21632495,7.26315861
44.83501105,28.18836715,7.20249340
44.77661797,28.27887197,7.24252857
44.61965974,28.03731233,7.08930547
44.56633432,27.95337153,7.04072257
45.60101577,29.31797032,8.15630355
47.27792959,29.31951488,8.25004283
44.45621646,27.77720579,6.94599890
44.51122106,27.86736030,6.99308124
46.84977440,29.28339541,8.21609488
44.39872650,27.68429837,6.89977729
46.09478880,29.26882361,8.16659604
44.91843738,28.50608763,7.40428954
46.61526200,29.26774334,8.19653510
44.15146572,27.28212437,6.72548957
44.87148892,28.43213377,7.34943081
45.76483072,29.29612115,8.15766970
44.82470338,28.35636158,7.29554260
43.93803601,26.95209918,6.60695464
47.04678283,29.30014157,8.23290835
47.13202176,29.30621340,8.23840564
45.86459564,29.28581038,8.15964877
44.67304096,28.11915499,7.13907022
44.72701571,28.19901752,7.19010123
46.95297555,29.29278662,8.22578727
43.71007088,26.59702900,6.50023599
46.48665543,29.26277157,8.18697124
44.27943482,27.48924036,6.81046800
44.33914244,27.58834373,6.85447217
44.21753055,27.38713935,6.76754684
44.01047386,27.06484988,6.64507240
44.08207559,27.17470479,6.68461143
45.97502774,29.27655017,8.16261844
46.22205763,29.26336500,8.17176683
43.86360543,26.83681577,6.57015165
46.35410130,29.25995392,8.17739531
43.78809841,26.71812167,6.53458690
47.67011671,28.88144621,7.80189908
46.68864912,26.93794555,6.60881503
47.56059939,28.70198648,7.64088130
45.73108495,25.16431050,6.17133170
45.54148997,24.80781520,6.10763587
47.77676739,29.06277358,7.97646206
46.20595430,26.02260643,6.34268223
46.41384165,26.42731226,6.44876386
47.90937698,29.30082697,8.21979707
47.95028749,29.36610620,8.28811728
47.94659004,29.37006560,8.29243126
47.94701070,29.37465337,8.29729997
45.23161363,29.38152874,8.12372167
45.23083664,29.38152874,8.12119211
45.22730420,29.37703898,8.11426851
45.22466694,29.37357491,8.11063879
46.58127166,26.71604824,6.53108651
46.58367283,26.72069536,6.53259381
46.58607716,26.72534861,6.53410617
46.57400184,26.70197855,6.52654156
46.57643383,26.70668532,6.52805889
46.58851846,26.73007339,6.53564494
46.59100437,26.73488453,6.53721512
46.59859264,26.74957057,6.54202871
46.59598947,26.74453249,6.54037388
46.57157250,26.69727694,6.52502898
46.56899068,26.69228020,6.52342482
46.56370012,26.68204112,6.52014849
46.56634426,26.68715845,6.52178414
47.94494714,29.35576654,8.27722945
47.94229570,29.35063299,8.27182623
46.60381086,26.75966973,6.54535704
46.60648538,26.76484592,6.54706871
47.93137281,29.32948480,8.24958784
46.61466740,26.78068114,6.55232967
46.61747263,26.78611031,6.55414199
46.62593870,26.80249532,6.55963828
46.62309765,26.79699682,6.55778932
47.93410273,29.33477028,8.25514237
47.92849545,29.32391386,8.24373604
46.64029627,26.83028269,6.56905272
46.64611781,26.84154961,6.57290391
46.65496338,26.85866921,6.57879363
46.65199087,26.85291625,6.57680927
45.24945082,29.38152874,8.13875911
46.66098841,26.87033001,6.58283187
46.55181840,26.65904587,6.51284282
47.91660870,29.30089960,8.21959463
47.91350728,29.29489488,8.21330550
46.67649654,26.90034440,6.59332653
46.67332324,26.89420280,6.59116721
46.67971209,26.90656779,6.59552088
46.68293517,26.91280573,6.59772676
47.90040517,29.26952766,8.18678740
46.68618755,26.91910041,6.59995921
46.68954044,26.92558962,6.60226754
46.55485974,26.66493191,6.51470598
46.54833025,26.65229511,6.51071171
46.69975172,26.94535262,6.60934098
45.23327520,29.38152874,8.12657047
46.71413930,26.97319856,6.61941986
46.71040654,26.96597411,6.61679219
47.89327631,29.25572539,8.17239674
47.88964464,29.24869409,8.16507687
46.57886861,26.71139749,6.52958108
45.23591624,29.38152874,8.12958065
46.52547674,26.60806588,6.49689927
46.59349383,26.73970253,6.53879086
47.87803565,29.22621787,8.14173253
46.72565007,26.99547677,6.62757990
47.86984356,29.21035718,8.12531254
47.87407439,29.21854848,8.13378695
46.51277063,26.58347538,6.48933020
47.94762653,29.36095422,8.28269137
47.86104742,29.19332703,8.10773472
47.86543386,29.20181958,8.11649334
46.50410085,26.56669653,6.48420981
46.49973866,26.55825429,6.48164688
47.95291404,29.37119158,8.29347443
46.62028267,26.79154879,6.55596183
46.49074453,26.54084779,6.47639051
46.49534295,26.54974720,6.47907325
46.62879211,26.80801775,6.56149990
46.63165084,26.81355048,6.56336964
46.73807888,27.01953182,6.63648881
46.74265797,27.02839433,6.63979711
47.92557764,29.31826461,8.23780500
46.60119972,26.75461623,6.54368972
46.48154689,26.52304745,6.47105368
47.91973605,29.30695454,8.22594059
47.92268636,29.31266672,8.23193106
45.23951802,29.38152874,8.13264226
47.93685978,29.34010830,8.26075453
46.60920409,26.77010761,6.54881270
46.61192721,26.77537787,6.55056362
47.93964416,29.34549925,8.26642463
46.55790286,26.67082140,6.51657494
46.56094789,26.67671459,6.51844980
47.84188687,29.15623057,8.06965089
46.64905123,26.84722691,6.57485199
47.91043159,29.28893997,8.20707288
46.65797259,26.86449322,6.58080784
46.66401373,26.87618519,6.58486776
46.63451998,26.81910335,6.56525090
46.63740527,26.82468750,6.56714752
46.59790325,26.75915814,6.54691704
46.47123480,26.50309035,6.46511580
45.24403562,29.38152874,8.13570223
45.25584162,29.38152874,8.14185530
47.82549396,29.12449266,8.03731206
47.83099619,29.13514538,8.04814008
46.69627011,26.93861427,6.60692186
46.70680487,26.95900339,6.61426532
46.70327408,26.95216983,6.61179624
46.75737328,27.05687490,6.65052500
46.66710986,26.88217743,6.58695699
46.67021299,26.88818322,6.58905676
46.53298654,26.63778325,6.50862035
46.54476209,26.64538950,6.50853806
47.90709296,29.28247599,8.20031253
46.15203426,25.88531945,6.30457308
46.14618858,25.87400548,6.30199206
46.69290125,26.93209415,6.60458836
46.16971273,25.91953501,6.31244301
46.53745014,26.63123840,6.50410364
46.54119533,26.63848662,6.50637164
47.88602979,29.24169536,8.15779875
47.89693255,29.26280428,8.17977386
46.12814238,25.83907806,6.29408914
46.12197726,25.82714579,6.29141130
47.93329086,29.38152874,8.30478086
46.71788090,26.98044014,6.62206282
47.81345035,29.10117543,8.01370844
47.80717229,29.08902071,8.00145920
46.18828868,25.95548746,6.32081979
46.19473887,25.96797131,6.32375493
46.53345802,26.62351231,6.50169377
46.20130812,25.98068559,6.32675857
46.52946693,26.61578822,6.49929236
46.45382140,26.46939010,6.45519614
46.44727988,26.45673029,6.45150393
46.72163149,26.98769911,6.62472126
46.09500951,25.77495101,6.27982508
46.73376555,27.01118367,6.63338539
47.79372866,29.06299310,7.97536077
47.80091550,29.07690720,7.98929007
46.77251023,27.11436845,6.67659556
46.78780288,27.11576982,6.67318666
45.31395986,29.38152874,8.16097436
46.20879458,25.99517505,6.33019942
47.77917664,29.03481969,7.94732112
46.52124174,26.59986974,6.49436783
46.50846319,26.57513907,6.48678177
46.74724684,27.03727580,6.64312669
46.43253446,26.42819351,6.44325125
46.44073711,26.44406808,6.44782939
46.80226376,27.14375828,6.68418824
46.75189697,27.04627582,6.64651532
45.26345488,29.38152874,8.14508309
45.27267049,29.38152874,8.14854654
47.78644228,29.04888629,7.96129297
46.48614589,26.53194796,6.47371737
46.06986785,25.75885363,6.28226722
46.06327757,25.71353511,6.26644566
46.23231040,26.04068792,6.34113415
46.22375418,26.02412810,6.33713300
47.85658756,29.18469234,8.09884434
46.82567336,27.18906685,6.70232537
47.75388681,28.98585765,7.89914117
47.76256011,29.00264943,7.91558383
47.83652041,29.14584069,8.05903845
45.28385774,29.38152874,8.15230906
47.81974987,29.11337171,8.02603759
46.85072230,27.23754865,6.72219443
46.85953833,27.25461200,6.72930401
46.76835663,27.07813255,6.65862939
46.41560060,26.39542129,6.43390880
46.05419127,25.69594892,6.26266265
46.04509754,25.67834831,6.25889721
46.24134366,26.05817095,6.34538696
46.25037278,26.07564595,6.34966765
47.84676451,29.16567408,8.07931773
47.91906474,29.38152874,8.30491614
46.18183371,25.94299432,6.31789622
47.85166468,29.17516122,8.08904885
46.88676288,27.30730518,6.75165306
46.47648322,26.51324767,6.46813195
47.79700873,29.38152874,8.30574048
47.81943533,29.38152874,8.30558463
46.02558372,25.64057992,6.25088506
46.03599624,25.66073304,6.25514895
46.77455941,27.09013771,6.66324358
46.17562543,25.93097862,6.31509721
46.15787444,25.89662275,6.30716216
46.16379491,25.90808144,6.30979766
46.46036179,26.48204775,6.45890629
46.46598565,26.49293163,6.46211151
46.78117578,27.10294336,6.66819544
46.40624062,26.37730677,6.42880660
46.39573583,26.35697661,6.42313161
46.37470197,26.31626912,6.41192770
46.28126653,26.13543756,6.36454697
46.91632342,27.36452012,6.77661421
46.92728756,27.38574152,6.78606183
47.74812874,29.38152874,8.30612319
47.77332486,29.38152874,8.30591717
47.70895470,28.94781196,7.86454658
47.71304408,28.90678543,7.82290811
46.13430147,25.85099864,6.29677547
46.29196998,26.15615286,6.36978872
46.30361998,26.17870002,6.37554637
46.31098590,26.24535302,6.40146422
46.31544688,26.20158951,6.38144845
46.35097788,26.27035483,6.39953766
46.80989640,27.15853099,6.69005686
46.10879673,25.80163553,6.28572297
46.11568060,25.81495893,6.28868766
46.14033726,25.86268059,6.29941894
47.90159319,29.38152874,8.30504920
45.95522325,25.50439898,6.22271006
47.72129010,29.38152874,8.30636736
47.69266269,29.38152874,8.30665871
46.96251274,27.45392135,6.81713167
46.07947022,25.74487537,6.27323987
46.81754034,27.17332560,6.69597758
47.77125364,29.01948043,7.93215024
46.21627656,26.00965581,6.33365747
46.10190641,25.78829964,6.28276884
46.86836649,27.27169889,6.73648543
46.87720694,27.28880959,6.74373981
46.98874640,27.50469816,6.84100337
47.00382421,27.53388236,6.85501591
46.84224203,27.22113520,6.71541335
47.88223231,29.38152874,8.30517914
46.08736570,25.76015674,6.27657769
45.29739805,29.38152874,8.15641561
45.33423167,29.38152874,8.16606555
47.74515932,28.96896101,7.88268350
46.25984794,26.09398417,6.35419244
46.90602009,27.34457778,6.76783020
46.83395184,27.20508967,6.70883834
47.59435364,29.38152874,8.30791283
47.86194665,29.38152874,8.30530891
46.01501752,25.62012935,6.24658425
46.00444331,25.59966325,6.24230579
45.35855407,29.38152874,8.17166544
47.84100111,29.38152874,8.30544266
45.85862385,25.31743267,6.18559939
46.89638513,27.32592915,6.75969748
47.07285326,27.66749478,6.92201718
47.05307467,27.62921111,6.90232927
46.36284156,26.29331518,6.40570145
46.27055922,26.11471473,6.35934851
46.32727010,26.22447179,6.38740732
46.38522829,26.33664108,6.41750844
45.78099247,25.16717880,6.15683884
47.72372955,28.92747259,7.84265691
46.93826484,27.40698844,6.79562579
47.73443457,28.94819768,7.86258262
45.99294431,25.57740724,6.23768151
47.54723832,28.58579268,7.53593533
46.94941636,27.42857268,6.80545069
47.47125054,29.38152874,8.30983090
47.68683453,28.85604382,7.77507836
47.70052377,28.88254609,7.79995032
47.13492303,27.78763934,6.98649056
47.11245467,27.74414848,6.96267095
45.98041720,25.55316133,6.23267650
46.33911083,26.24738787,6.39343502
45.69276877,24.99642468,6.12503558
47.45740217,28.41188058,7.39657326
45.96788162,25.52889898,6.22770130
45.92528395,25.44645208,6.21102987
45.94025807,25.47543420,6.21685025
45.62189632,24.85925444,6.10006501
47.67316434,28.82957852,7.75048438
47.65887509,28.80191485,7.72504107
45.56627622,29.38152874,8.20883897
45.54813544,24.71649428,6.07465582
47.23044022,27.97253079,7.09419226
47.20518591,27.92364577,7.06466979
47.38328229,28.26839694,7.29018209
47.01995674,27.56510817,6.87025053
47.66213089,29.38152874,8.30700737
45.42077046,29.38152874,8.18433962
45.38716265,29.38152874,8.17773584
47.30665783,28.12006830,7.18811113
47.62938913,29.38152874,8.30742399
45.91030078,25.41745243,6.20524736
47.64176472,28.76878971,7.69493571
46.97562270,27.47929641,6.82898148
47.03610346,27.59636161,6.88575376
45.89372710,25.38537438,6.19889734
47.30983693,29.38152874,8.31210213
47.62467289,28.73570064,7.66526176
47.60759944,28.70264733,7.63602277
47.51577454,29.38152874,8.30912234
47.55678557,29.38152874,8.30847698
47.58800360,28.66471100,7.60296593
45.87618020,25.35141267,6.19222522
47.56761202,28.62523440,7.56914125
47.42283572,29.38152874,8.31058254
45.82074811,25.24412493,6.17146367
45.84061126,25.28256966,6.17885073
47.50314016,28.50042329,7.46608867
47.43280120,28.36425686,7.36040914
47.09264654,27.70580713,6.94212766
45.73741180,25.08282964,6.14102699
45.80087520,25.20566134,6.16412743
45.46064971,29.38152874,8.19161637
45.50850445,29.38152874,8.19973572
45.71535963,25.04014842,6.13310379
47.36906186,29.38152874,8.31135635
47.15807280,27.83244954,7.01162120
47.52603519,28.54474551,7.50200548
45.57276069,24.76415511,6.08307661
45.64553186,24.90499981,6.10832949
45.59737396,24.81179272,6.09155479
47.24474120,29.38152874,8.31276378
47.09089041,29.38152874,8.31357962
47.18123799,27.87728991,7.03738080
47.28099618,28.07039361,7.15566364
47.35807028,28.21959147,7.25572508
47.33235589,28.16981388,7.22146749
47.25571026,28.02144664,7.12451713
45.81197164,29.38152874,8.24170267
45.75945399,25.12549163,6.14899745
45.66915591,24.95072303,6.11665300
46.28675379,29.38152874,8.28747832
46.55161431,29.38152874,8.30341947
47.17178481,29.38152874,8.31328805
45.71786891,29.38152874,8.23004370
45.63568267,29.38152874,8.21897124
43.63016872,26.47378772,6.46718233
46.90335841,29.38152874,8.31285441
46.73689275,29.27494445,8.20640220
46.79514384,29.38152874,8.31126619
45.91717105,29.38152874,8.25364392
46.15656865,29.38152874,8.27700401
46.03264642,29.38152874,8.26556025
46.67736707,29.38152874,8.30827216
46.42027802,29.38152874,8.29645895
46.42406859,26.41180947,6.43856244
46.79464227,27.12900717,6.67837097
46.76285979,27.06749372,6.65456290
47.90373649,29.27597748,8.19352165
47.88202072,29.23393337,8.14973639
47.00188506,29.38152874,8.31350814
47.40803335,28.31631047,7.32485782
46.64319310,26.83588916,6.57096662
46.72970312,27.00332113,6.63047383
47.48026254,28.45613508,7.43094598
46.07156774,25.72958044,6.26991559
46.51700592,26.59167205,6.49184456
47.97461615,29.42331803,8.34164611
47.97459230,29.42316083,8.34215630
47.97604845,29.42325875,8.34226627
47.97606978,29.42339718,8.34178300
47.97720258,29.42337100,8.34237032
47.97279648,29.42327199,8.34152897
47.97277036,29.42310015,8.34206327
47.97458531,29.42250727,8.34225271
47.97722145,29.42348826,8.34192050
47.97810627,29.42347852,8.34245213
47.97605412,29.42267485,8.34239959
47.97052549,29.42323769,8.34140521
47.97049682,29.42305459,8.34196393
47.97275219,29.42239118,8.34213364
47.97460260,29.42133267,8.34180459
47.97812328,29.42357330,8.34204215
47.97880665,29.42357252,8.34250845
47.97721271,29.42286813,8.34254208
47.96769176,29.42321647,8.34127038
47.97047249,29.42230088,8.34202152
47.97882281,29.42364581,8.34214313
47.97933948,29.42364925,8.34254197
47.96766083,29.42302247,8.34185538
47.96763084,29.42222551,8.34190566
47.96414900,29.42320647,8.34111458
47.97274794,29.42113432,8.34161931
47.97975046,29.42374864,8.34228372
47.97935601,29.42370413,8.34222316
47.96411545,29.42300029,8.34173028
47.96408109,29.42215608,8.34177716
47.96760385,29.42082806,8.34130674
47.97045413,29.42097398,8.34146245
47.95965613,29.42320208,8.34091913
47.97044350,29.41899017,8.34020665
47.95961935,29.42298238,8.34157323
47.96757762,29.41874218,8.33997493
47.95398473,29.42319664,8.34066265
47.95958137,29.42208369,8.34162100
47.95954295,29.42051211,8.34093774
47.96404744,29.42067906,8.34113782
47.95394377,29.42296207,8.34136483
47.95390155,29.42200017,8.34141888
47.96401178,29.41847633,8.33972372
47.94722935,29.42319064,8.34034485
47.94718334,29.42293689,8.34110239
47.95950042,29.41816904,8.33942860
47.96397088,29.41532438,8.33730690
47.93952274,29.42318428,8.33996809
47.93947082,29.42290920,8.34079081
47.95385899,29.42031592,8.34068775
47.95381092,29.41780390,8.33906807
47.94713613,29.42190264,8.34116900
47.94708844,29.42008602,8.34038525
47.95944937,29.41481711,8.33684868
47.93143496,29.42317743,8.33955780
47.93137642,29.42287935,8.34045587
47.95375200,29.41421020,8.33629469
47.93941682,29.42179258,8.34087480
47.93131550,29.42166780,8.34055680
47.92343332,29.42316921,8.33913690
47.92336743,29.42284298,8.34011640
47.94703462,29.41737368,8.33863556
47.94696795,29.41349267,8.33563151
47.93936266,29.41982355,8.34003327
47.93930169,29.41687912,8.33813418
47.95367513,29.40913858,8.33191847
47.93125367,29.41952460,8.33964625
47.91542706,29.42315981,8.33870252
47.91535297,29.42280355,8.33977330
47.94688010,29.40801633,8.33088527
47.93118413,29.41631556,8.33757327
47.92329844,29.42152355,8.34023280
47.91527519,29.42136066,8.33989891
47.90714448,29.42315044,8.33824168
47.90706133,29.42275957,8.33941104
47.93922622,29.41266433,8.33486127
47.93912619,29.40671646,8.32967912
47.93109793,29.41171983,8.33398701
47.92322832,29.41918304,8.33923695
47.92314890,29.41567604,8.33695890
47.91519591,29.41880022,8.33880347
47.89855643,29.42314089,8.33775203
47.92304999,29.41065260,8.33300950
47.91510531,29.41496234,8.33629113
47.90697403,29.42118208,8.33954895
47.90688408,29.41837913,8.33834169
47.89846328,29.42271171,8.33902896
47.88989566,29.42313187,8.33724713
47.93098344,29.40523186,8.32829508
47.91499161,29.40946536,8.33192931
47.89836506,29.42098811,8.33918293
47.88979148,29.42266041,8.33864117
47.88968062,29.42077457,8.33880783
47.88103062,29.42313018,8.33672664
47.88091402,29.42261000,8.33824549
47.90678080,29.41417670,8.33556669
47.90664928,29.40815900,8.33074300
47.89826325,29.41791881,8.33785126
47.89814431,29.41331580,8.33478307
47.88956404,29.41741237,8.33733459
47.87195460,29.42314944,8.33620377
47.89799047,29.40672581,8.32944207
47.88942444,29.41236964,8.33393620
47.88078769,29.42054756,8.33842659
47.88064983,29.41686431,8.33679368
47.87182229,29.42257457,8.33785646
47.87167314,29.42031783,8.33804910
47.86239847,29.42321894,8.33569131
47.87150387,29.41628360,8.33623652
47.86224931,29.42258827,8.33749370
47.86206761,29.42011856,8.33769500
47.85218492,29.42337572,8.33521347
47.88048044,29.41134062,8.33302588
47.88923995,29.40515230,8.32801451
47.87129036,29.41023572,8.33205727
47.85201575,29.42268652,8.33718115
47.85179641,29.41999047,8.33740165
47.84200718,29.42358348,8.33477633
47.84181771,29.42283259,8.33692653
47.86185367,29.41570322,8.33568671
47.85152964,29.41516002,8.33517782
47.84156453,29.41988515,8.33715927
47.83194487,29.42381387,8.33435685
47.83173436,29.42299145,8.33670181
47.86158097,29.40908646,8.33105415
47.82203406,29.42405245,8.33394345
47.84124748,29.41459769,8.33468693
47.84083304,29.40667919,8.32898473
47.85118720,29.40792326,8.33004534
47.83145014,29.41976268,8.33693563
47.83108682,29.41396953,8.33417213
47.82180005,29.42314597,8.33649539
47.82148274,29.41960083,8.33671502
47.81148336,29.42431201,8.33349677
47.81122304,29.42331555,8.33627914
47.82107325,29.41324578,8.33360539
47.81086917,29.41942455,8.33648681
47.79987525,29.42460429,8.33299771
47.79958488,29.42351393,8.33603996
47.78817519,29.42490689,8.33248762
47.78785191,29.42370821,8.33581095
47.79919012,29.41924945,8.33624913
47.79867498,29.41159579,8.33233040
47.81041030,29.41245109,8.33299042
47.78741070,29.41902335,8.33600503
47.77636629,29.42521804,8.33196383
47.78683194,29.41060999,8.33158708
47.77600563,29.42389713,8.33559395
47.76328914,29.42557013,8.33137418
47.77551223,29.41873788,8.33574983
47.77486124,29.40947926,8.33074551
47.76288581,29.42412322,8.33535290
47.76233353,29.41845193,8.33548866
47.74979013,29.42594256,8.33075607
47.74934007,29.42435547,8.33511835
47.76159960,29.40826235,8.32983664
47.73650896,29.42631856,8.33014022
47.73600617,29.42456578,8.33491383
47.74872113,29.41811326,8.33522046
47.72224395,29.42673020,8.32946759
47.72168147,29.42480214,8.33470588
47.72090167,29.41718159,8.33462834
47.73531274,29.41766894,8.33493061
47.70620016,29.42720501,8.32869982
47.70556887,29.42509669,8.33447004
47.70469424,29.41669326,8.33432835
47.69030839,29.42768869,8.32792889
47.68960105,29.42536458,8.33427309
47.67441298,29.42818462,8.32714654
47.67361859,29.42560961,8.33411830
47.67250892,29.41525393,8.33359475
47.68861495,29.41605607,8.33398931
47.65760520,29.42871965,8.32630569
47.65671189,29.42586434,8.33397730
47.63784056,29.42936479,8.32530176
47.63683523,29.42623295,8.33379606
47.63542353,29.41340474,8.33272035
47.65546106,29.41432621,8.33315145
47.61717003,29.43005747,8.32423435
47.61603741,29.42661530,8.33364132
47.59634333,29.43076853,8.32313757
47.59506685,29.42696736,8.33354004
47.57529014,29.43150388,8.32201029
47.54989969,29.43240631,8.32062273
47.54827966,29.42780539,8.33338201
47.57385145,29.42728820,8.33349333
47.52195569,29.43341819,8.31906228
47.49380599,29.43445161,8.31745295
47.49175877,29.42899301,8.33320418
47.52013363,29.42842155,8.33326081
47.46541918,29.43550595,8.31579512
47.46312286,29.42951128,8.33321850
47.43186550,29.43675903,8.31378800
47.42929738,29.43026444,8.33314255
47.39171707,29.43826119,8.31132443
47.38885641,29.43133404,8.33291321
47.35090070,29.43978379,8.30875875
47.30932016,29.44131795,8.30608801
47.30581796,29.43328564,8.33257108
47.34772742,29.43234331,8.33272137
47.25895410,29.44314210,8.30278924
47.25511432,29.43461691,8.33213933
47.20219570,29.44514251,8.29901044
47.19801635,29.43615085,8.33148731
47.14512877,29.44707933,8.29516490
47.14061338,29.43750667,8.33086275
47.08258225,29.44909997,8.29091219
47.00931670,29.45130633,8.28589024
47.00417954,29.44064233,8.32865842
47.07774316,29.43893951,8.33002306
46.93509124,29.45334499,8.28076098
46.92969589,29.44208415,8.32714958
46.85384980,29.45530847,8.27507611
46.84825698,29.44349191,8.32505382
46.76247704,29.45715292,8.26857950
46.75677502,29.44487427,8.32197508
46.66825410,29.45860955,8.26175486
46.56721462,29.45964501,8.25432842
46.56165960,29.44664615,8.31299665
46.66255708,29.44591150,8.31810359
46.46396897,29.46012221,8.24669320
46.45871025,29.44694909,8.30683467
46.35770337,29.45997904,8.23886193
46.25110487,29.45892838,8.23086001
46.24681615,29.44594536,8.29107785
46.14315214,29.44431687,8.28168728
46.04475603,29.44207572,8.27175256
46.14685955,29.45687949,8.22278820
45.95022918,29.43928769,8.26135426
46.04789708,29.45403596,8.21492534
45.95285599,29.45052818,8.20719326
45.86503450,29.44663083,8.19985654
45.86284912,29.43618862,8.25094897
45.78258797,29.44240619,8.19274895
45.78076660,29.43278998,8.24050272
45.70793422,29.43810163,8.18606734
45.70640747,29.42934252,8.23032223
45.63826986,29.42586998,8.22029698
45.57356463,29.42224085,8.21012533
45.63955476,29.43374588,8.17967879
45.51217183,29.41845139,8.19975856
45.57463989,29.42921765,8.17330707
45.45817046,29.41486719,8.18972738
45.51305064,29.42452051,8.16691272
45.45885817,29.41999364,8.16094087
45.41340738,29.41580992,8.15562656
45.41290415,29.41163311,8.18037192
45.37646578,29.41204097,8.15106616
45.37613110,29.40875289,8.17190759
45.34850405,29.40885938,8.14743530
45.34830504,29.40636893,8.16467778
45.32676629,29.40609909,8.14447301
45.32666299,29.40425190,8.15852364
45.30982349,29.40234424,8.15342101
45.29671309,29.40062252,8.14932900
45.30987118,29.40372679,8.14206892
45.29674667,29.40168365,8.14009521
45.28655381,29.39994354,8.13846549
47.98028198,29.42379130,8.34256092
47.98055936,29.42384260,8.34241054
47.98030348,29.42381256,8.34237012
47.98004663,29.42378268,8.34232980
46.35287944,29.44679010,8.29951353
45.24470710,29.38857610,8.13074507
45.24588811,29.38934666,8.12953942
45.24344852,29.38828049,8.12829364
45.24510648,29.38815422,8.13296555
45.24703429,29.38940879,8.13253091
45.24241972,29.38649319,8.13239528
45.23902227,29.38437172,8.13088840
45.24283171,29.38463481,8.13453999
45.23995562,29.38612510,8.12906844
45.24577597,29.38711966,8.13545900
45.24747060,29.38526706,8.13788919
45.24946986,29.38791260,8.13812168
45.25347010,29.38692770,8.14142099
45.24836775,29.38904529,8.13559367
45.27938083,29.39728087,8.14618718
45.27587778,29.39746637,8.14145021
45.27294304,29.39562165,8.14541480
45.28367328,29.39887222,8.14383814
45.27312708,29.39301625,8.14952739
45.26891809,29.38830230,8.14918849
45.27911691,29.39041334,8.15338400
45.26612680,29.39255258,8.14585038
47.98021126,29.42330641,8.34295340
47.97987590,29.42349275,8.34285418
47.98014143,29.42363159,8.34282069
47.98028608,29.42375050,8.34269530
47.98004523,29.42374917,8.34258618
47.97795700,29.42216157,8.34243124
47.97857154,29.42170109,8.34227627
47.97886364,29.42233743,8.34258556
47.97699970,29.42203059,8.34229401
47.97766065,29.42113434,8.34190171
45.24268394,29.38754762,8.13020854
45.24091795,29.38707355,8.12713359
45.23715695,29.38466706,8.12737520
45.23839847,29.38579284,8.12577902
45.23600284,29.38450756,8.12432881
47.95511229,29.38565849,8.30876482
47.95544116,29.38979763,8.31302761
47.94895568,29.38872594,8.31201701
47.91234475,29.40092647,8.32425668
47.91870446,29.40350741,8.32667126
47.92511045,29.40058093,8.32393889
47.93202021,29.39757081,8.32102375
47.93816477,29.39987047,8.32324307
47.92760529,29.39128629,8.31480570
47.93823562,29.39093724,8.31438048
47.87508220,29.40336752,8.32637050
47.88118243,29.40185711,8.32504282
47.86697122,29.39937993,8.32275059
47.87549244,29.39403770,8.31769772
47.91898586,29.39486478,8.31840728
47.91108268,29.39145870,8.31505925
47.81725032,29.40134682,8.32445639
47.82670846,29.40643630,8.32872024
47.83248692,29.40616133,8.32852578
47.73948243,29.40794119,8.32955144
47.72832879,29.40431129,8.32687999
47.74903509,29.40140176,8.32453358
45.31637444,29.39876713,8.16375747
45.32069848,29.39144390,8.16715303
45.33402433,29.39864440,8.17005381
47.36989154,29.41508639,8.33480965
47.40453747,29.40990512,8.33241559
47.34050907,29.41159716,8.33366542
45.25033949,29.39051823,8.13463800
45.24870108,29.39044558,8.13114519
45.25288595,29.39023550,8.13852039
45.25194423,29.39158354,8.13276321
45.23588648,29.38320273,8.12815700
45.25358028,29.39163164,8.13597030
45.25561883,29.39272171,8.13447461
45.25719189,29.39238681,8.13852082
45.25868766,29.39096359,8.14249610
45.26234156,29.39359880,8.14091387
45.26511994,29.39519939,8.13810663
45.26027073,29.39400169,8.13639133
45.26712694,29.39484336,8.14223073
45.27006361,29.39629478,8.13969704
45.27947902,29.39552324,8.15019496
47.95365992,29.39554942,8.31888696
47.95001726,29.40238033,8.32562525
47.94548724,29.39668042,8.32008496
47.95879034,29.39245077,8.31570089
47.94388692,29.40267707,8.32592322
45.26102227,29.38741484,8.14551641
45.28886946,29.39636640,8.15421811
45.28545179,29.39800425,8.14903173
45.29249609,29.39086415,8.15835383
45.30153100,29.39789271,8.15845154
47.97958174,29.42351862,8.34277844
47.97968696,29.42328399,8.34287464
47.97922576,29.42341704,8.34276223
47.97613627,29.42119163,8.34182558
47.97514962,29.41821818,8.33980820
47.97465131,29.42004185,8.34105298
47.97268362,29.41844335,8.33987215
47.97040221,29.41645587,8.33829851
47.97330806,29.41583885,8.33788358
47.96376948,29.41085661,8.33348358
47.95959560,29.40843903,8.33129242
47.96384417,29.40454146,8.32763979
45.27864019,29.39847187,8.13709838
47.95690812,29.40287674,8.32607152
47.96063526,29.39765164,8.32092560
47.96094510,29.38672880,8.30981487
47.88569629,29.39449095,8.31811761
47.89109942,29.38868230,8.31237495
47.89492905,29.39579725,8.31936743
47.77264359,29.39810851,8.32166867
47.76073841,29.39445336,8.31842611
47.78248258,29.40207844,8.32506649
47.71614250,29.40352206,8.32629220
47.70548177,29.39714442,8.32109889
47.58330952,29.41077600,8.33154845
47.60080473,29.41126318,8.33172837
47.61518124,29.40377542,8.32694523
47.69401944,29.40235410,8.32545105
47.67861568,29.39968828,8.32339376
47.66331607,29.40164440,8.32504498
47.64903076,29.39790380,8.32212790
47.51152299,29.41217933,8.33267632
47.53628986,29.40731237,8.32988875
47.44404713,29.40902058,8.33163774
47.47260677,29.41244229,8.33307146
47.49269869,29.40391788,8.32812542
45.48385325,29.40419871,8.20480681
47.21719882,29.41287830,8.33477494
47.26657181,29.41179189,8.33415791
47.16370697,29.41359271,8.33513968
47.98046548,29.42372454,8.34280511
47.98052667,29.42381099,8.34263635
47.98036436,29.42356395,8.34291827
47.97978120,29.42366010,8.34268287
47.97923242,29.42295693,8.34279777
47.97873880,29.42330265,8.34271732
47.97999964,29.42293859,8.34288925
47.97972219,29.42244608,8.34271197
47.97834767,29.42287719,8.34267745
47.97936635,29.42180429,8.34239502
47.97891676,29.42098306,8.34190576
47.97834433,29.41992710,8.34119425
47.97660212,29.41986528,8.34104605
47.97760941,29.41856069,8.34018610
45.24212739,29.38776798,8.12527961
45.24470448,29.38895505,8.12654090
45.23234848,29.38242440,8.12211893
45.23405079,29.38344536,8.12272411
45.23279937,29.38275944,8.12019235
45.24737860,29.39009180,8.12777356
45.25025429,29.39120047,8.12900057
45.23496645,29.38400777,8.12143642
45.23432558,29.38320103,8.12523883
47.97636469,29.41622921,8.33832074
45.23723880,29.38526948,8.12270562
45.23963093,29.38653380,8.12399507
45.26773014,29.39622010,8.13489332
47.97101769,29.41284126,8.33530271
47.96738970,29.41384731,8.33611174
45.26300840,29.39506893,8.13349593
45.27249633,29.39724405,8.13593380
47.96800699,29.40900123,8.33182952
47.97004267,29.40422362,8.32740450
47.97464186,29.41297865,8.33553030
45.25366097,29.39237683,8.13033080
47.96719319,29.39876390,8.32206146
47.96404614,29.39270892,8.31596767
45.25802216,29.39371315,8.13188107
47.90398612,29.39779751,8.32128435
47.97251868,29.40894717,8.33187389
47.85648042,29.39775758,8.32124433
47.83165345,29.39731775,8.32085226
47.84530718,29.39677904,8.32033958
47.85120636,29.38951894,8.31336882
47.80666271,29.39359200,8.31744807
47.79423606,29.39956153,8.32290734
47.78384008,29.39256447,8.31657333
47.80537663,29.40412022,8.32677805
47.73725633,29.39532688,8.31932861
45.30696788,29.39168063,8.16313663
47.57415344,29.39614954,8.32140193
47.56209822,29.41049480,8.33151541
45.36092436,29.39710190,8.17817287
45.39697794,29.40022383,8.18663832
45.42817183,29.40223009,8.19343401
47.97975615,29.42228374,8.34073000
47.97961857,29.42208323,8.34103641
47.97943675,29.42164997,8.33992939
47.97992196,29.42264828,8.34146670
47.97966636,29.42200478,8.33959809
47.97981083,29.42232619,8.34027304
47.97975746,29.42211886,8.33922685
47.97993078,29.42248860,8.33989381
47.98037084,29.42341196,8.34145021
47.98041940,29.42355063,8.34195137
47.98019188,29.42311904,8.34156244
47.98048190,29.42359699,8.34140615
47.98053423,29.42373110,8.34180438
47.98020737,29.42309172,8.34107809
47.97999276,29.42271097,8.34094440
47.98030407,29.42336507,8.34205497
47.98016126,29.42312118,8.34205216
47.98021370,29.42326283,8.34252313
47.98000107,29.42287066,8.34225518
47.97979605,29.42252032,8.34224702
47.97952351,29.42199382,8.34168985
47.98009433,29.42284126,8.34055822
47.98024668,29.42306883,8.34026791
47.98038951,29.42338266,8.34089914
47.98042997,29.42360744,8.34229962
47.98034859,29.42348654,8.34246415
47.97932822,29.42155008,8.34069503
47.97977222,29.42242327,8.34173904
47.97940821,29.42146153,8.33867430
47.97839261,29.41966570,8.33811572
47.97900117,29.42077525,8.33874999
47.97897103,29.42083768,8.33977104
47.97885971,29.42038091,8.33738002
47.97910432,29.42120984,8.34106952
47.97859969,29.42024419,8.34013152
47.97788890,29.41889477,8.33890917
47.97741891,29.41782488,8.33651216
47.97814724,29.41900162,8.33592105
47.97708957,29.41696421,8.33384092
47.97705640,29.41734340,8.33773575
47.97599994,29.41520756,8.33475064
47.96082371,29.38566415,8.30213875
47.95868519,29.38152874,8.29777036
47.95911668,29.38152874,8.29118249
47.96356045,29.39118662,8.30977024
47.98055795,29.42380779,8.34212487
47.97977026,29.42206382,8.33853557
47.98004507,29.42263874,8.33949099
47.97940171,29.42130378,8.33735784
47.97890436,29.42028925,8.33587607
47.97824411,29.41895466,8.33402195
47.97403042,29.41145401,8.33123377
47.97354556,29.41009960,8.32653379
47.97554957,29.41399959,8.33082395
47.97172615,29.40702561,8.32679346
47.97118923,29.40553618,8.32167501
47.97708493,29.41663326,8.33095437
47.96918186,29.40211368,8.32167558
47.96637061,29.39669503,8.31612555
47.97542944,29.41334567,8.32681743
47.97334744,29.40923713,8.32185976
47.97088697,29.40441115,8.31623433
47.96857168,29.40043649,8.31599318
47.96580024,29.39504709,8.31010171
47.96803121,29.39883458,8.30992179
47.96337439,29.39027705,8.30447524
47.96489984,29.39273731,8.30319422
47.96179889,29.38671920,8.29669245
47.97055780,29.42307460,8.34053924
47.96772437,29.42304437,8.34036014
47.97282947,29.42311783,8.34070588
47.97059970,29.42246739,8.33916646
47.96776390,29.42240091,8.33891700
47.96418332,29.42302373,8.34015322
47.97287616,29.42254810,8.33940154
47.97465138,29.42317527,8.34087102
47.96780899,29.42122345,8.33691452
47.95969360,29.42300755,8.33989680
47.97470724,29.42265110,8.33964270
47.97293849,29.42149481,8.33758480
47.97065072,29.42135195,8.33725876
47.97610768,29.42326936,8.34106566
47.97071473,29.41960718,8.33468138
47.96786089,29.41938441,8.33421187
47.96426613,29.42109432,8.33651734
47.96422312,29.42234088,8.33862956
47.95973629,29.42227920,8.33827637
47.97478623,29.42167091,8.33792376
47.97617277,29.42280185,8.33992839
47.97725889,29.42337786,8.34127143
47.96431247,29.41914814,8.33366926
47.95978076,29.42095087,8.33603135
47.95402640,29.42298963,8.33956778
47.97732648,29.42297535,8.34024223
47.97815782,29.42348182,8.34146986
47.96436209,29.41626255,8.32984067
47.95982624,29.41887677,8.33300678
47.95412219,29.42078144,8.33542482
47.94727615,29.42296830,8.33916358
47.95407363,29.42220769,8.33783061
47.93957548,29.42294325,8.33868608
47.97885268,29.42357286,8.34165083
47.95987097,29.41580176,8.32894525
47.95417019,29.41855402,8.33218586
47.94738341,29.42058343,8.33469120
47.94732922,29.42212462,8.33728816
47.97937975,29.42364752,8.34180769
47.95421459,29.41525098,8.32784115
47.94743593,29.41817442,8.33119758
47.93969637,29.42035696,8.33383147
47.93963536,29.42202972,8.33665065
47.93156209,29.42192115,8.33594382
47.93149449,29.42291446,8.33816096
47.95424932,29.41045633,8.32200229
47.94748227,29.41460044,8.32651692
47.93975451,29.41773788,8.33004202
47.93163046,29.42009795,8.33287263
47.92350041,29.42288164,8.33761167
47.94751423,29.40941115,8.32023623
47.93980383,29.41384849,8.32497241
47.92365284,29.41980302,8.33183950
47.91550250,29.42284623,8.33703607
47.92357647,29.42179760,8.33519122
47.93983367,29.40819817,8.31818028
47.93174709,29.41298830,8.32323811
47.93169473,29.41723878,8.32874807
47.92372322,29.41667117,8.32734389
47.91567275,29.41947120,8.33072915
47.91558772,29.42165793,8.33439020
47.90732463,29.42150501,8.33352546
47.90722907,29.42280672,8.33641898
47.93177383,29.40680681,8.31586800
47.91574931,29.41603565,8.32582533
47.90741866,29.41910636,8.32952461
47.89865118,29.42276357,8.33575774
47.92377789,29.41201234,8.32134695
47.91580496,29.41092200,8.31929606
47.90750110,29.41533523,8.32417396
47.89886139,29.41870763,8.32821998
47.89875781,29.42133888,8.33259302
47.89000119,29.42271759,8.33506513
47.88114733,29.42267256,8.33433789
47.90755573,29.40971910,8.31706515
47.89023122,29.41826832,8.32682433
47.89011910,29.42115587,8.33160358
47.89899788,29.40839487,8.31464267
47.89894837,29.41456602,8.32238188
47.89031898,29.41371813,8.32045645
47.88139238,29.41779213,8.32533068
47.88127586,29.42096123,8.33055244
47.87221660,29.42076823,8.32945090
47.87208194,29.42264414,8.33358952
47.89035578,29.40693450,8.31203572
47.88147383,29.41279328,8.31838806
47.87233001,29.41728995,8.32374836
47.86253490,29.42266450,8.33283344
47.85233094,29.42276932,8.33209154
47.87239338,29.41179980,8.31618459
47.86266911,29.42060784,8.32831020
47.84216638,29.42292009,8.33136662
47.86280373,29.41076738,8.31385143
47.86277056,29.41679284,8.32208543
47.85246339,29.42051972,8.32715042
47.83212023,29.42308603,8.33063132
47.85254247,29.40972584,8.31139783
47.85254826,29.41633689,8.32035825
47.84237447,29.41586860,8.31856207
47.84230333,29.42045831,8.32597028
47.83226697,29.42038687,8.32473715
47.82222810,29.42324970,8.32986911
47.84232838,29.40860868,8.30881692
47.83233048,29.41534451,8.31665956
47.82238742,29.42028153,8.32342832
47.82244615,29.41473366,8.31462275
47.81187336,29.42016566,8.32199852
47.81169890,29.42342870,8.32904006
47.81192792,29.41405984,8.31239610
47.80030682,29.42005431,8.32041926
47.80011487,29.42363596,8.32812207
47.78844183,29.42384123,8.32714777
47.80035686,29.41333335,8.30993895
47.77666323,29.42404209,8.32611012
47.78869489,29.41248758,8.30727283
47.78865266,29.41989988,8.31871493
47.77689439,29.41969534,8.31687156
47.77692379,29.41150773,8.30438071
47.76387416,29.41949394,8.31483089
47.76362014,29.42427872,8.32495749
47.75015921,29.42452333,8.32371770
47.76388745,29.41045063,8.30118621
47.75043779,29.41924810,8.31261014
47.73692061,29.42475096,8.32241042
47.73722437,29.41891204,8.31021775
47.72270391,29.42500251,8.32097498
47.72303559,29.41854022,8.30758197
47.70707905,29.41817254,8.30464326
47.70671458,29.42531024,8.31936742
47.69088403,29.42559642,8.31765513
47.69128086,29.41767617,8.30144885
47.67548691,29.41703470,8.29795951
47.67505791,29.42586236,8.31581741
47.65832887,29.42614211,8.31379978
47.65879114,29.41628552,8.29410178
47.63865470,29.42652940,8.31149985
47.63915863,29.41556337,8.28975045
47.61808689,29.42693138,8.30898760
47.59737663,29.42730775,8.30628021
47.57645300,29.42765888,8.30336279
47.55121282,29.42819315,8.30003466
47.52343803,29.42882351,8.29635120
47.49547658,29.42941423,8.29239150
47.46729811,29.42995705,8.28813645
47.43397872,29.43072158,8.28333055
47.39409159,29.43178472,8.27787483
47.35355452,29.43279759,8.27204117
47.31226958,29.43375142,8.26582298
47.26221944,29.43507860,8.25879698
47.20578902,29.43660521,8.25107702
47.14904858,29.43797248,8.24300733
47.08682948,29.43942363,8.23433300
47.01388557,29.44114542,8.22479646
46.93995443,29.44262521,8.21503940
46.85897095,29.44408423,8.20484169
46.76779812,29.44552768,8.19417697
46.67368101,29.44664257,8.18373547
46.57263590,29.44747346,8.17354680
46.46925364,29.44788616,8.16422559
46.36274111,29.44785038,8.15595683
46.25583274,29.44712182,8.14884353
46.15120993,29.44558345,8.14289759
46.05183658,29.44339875,8.13820365
45.95639153,29.44063623,8.13441480
45.86819591,29.43753633,8.13154060
45.78542068,29.43411763,8.12919954
45.71048007,29.43063018,8.12748509
45.64184062,29.42710414,8.12623784
45.57667984,29.42341357,8.12519285
45.51484118,29.41956420,8.12431374
45.46038368,29.41591495,8.12400210
45.41465304,29.41261244,8.12434012
45.37743388,29.40967012,8.12519345
45.34921819,29.40721768,8.12650818
45.32727442,29.40503271,8.12781489
45.31023450,29.40306635,8.12888037
45.29703106,29.40129656,8.12955347
47.98030709,29.42378778,8.34213853
47.10527866,29.38152874,8.14208954
47.17569920,29.41495970,8.19842149
47.05551193,29.41744683,8.17890698
47.42768334,29.41448180,8.24885826
47.38340622,29.41746958,8.24487610
47.39161964,29.38152874,8.20102484
47.44510633,29.38152874,8.21197106
47.34660513,29.41242705,8.22924837
47.33182998,29.38152874,8.18862502
47.84643324,29.40437305,8.30417183
47.83602943,29.40699556,8.30607393
47.84289579,29.39568683,8.29396777
47.82946260,29.40241242,8.29982023
47.82924700,29.39264350,8.28900301
47.83937900,29.38152874,8.27881452
47.81759055,29.40105260,8.29675443
47.81684503,29.38152874,8.27594773
47.80620365,29.39436787,8.28785543
47.80660052,29.40503550,8.30001402
47.88360298,29.39812417,8.30133481
47.89423366,29.40164334,8.30636081
47.89980440,29.39159871,8.29610594
47.88228098,29.38152874,8.28385387
47.90225596,29.38152874,8.28599051
47.87856542,29.40633175,8.31009125
47.87105680,29.40360340,8.30609060
47.87096124,29.39334100,8.29477627
47.85823653,29.39984321,8.30036895
45.25113964,29.38823873,8.11032029
45.25102022,29.39016057,8.11744218
45.25554594,29.39119153,8.11618553
45.25678499,29.38947163,8.10922120
45.26179708,29.39241230,8.11479671
45.24825913,29.38472930,8.10336953
45.24455563,29.38541621,8.10836808
45.25396569,29.38597797,8.10226810
45.26207380,29.38796710,8.10193649
45.23772944,29.38508407,8.11786222
45.23522705,29.38373191,8.11690577
45.23628851,29.38460253,8.11980741
45.23386026,29.38266795,8.11454103
45.23301311,29.38257366,8.11663921
45.24768902,29.38989993,8.12249938
45.24757832,29.38931179,8.11890065
45.24519829,29.38875240,8.12092200
45.24754438,29.38824715,8.11422396
45.24380659,29.38724967,8.11563340
45.26890682,29.39244147,8.10961036
45.27406649,29.39531543,8.11624989
45.27598912,29.39307242,8.10738032
47.95148171,29.39592521,8.30559071
47.94449014,29.39562867,8.30467499
47.94552404,29.40211428,8.31179028
47.93829142,29.39090021,8.29913330
47.93819967,29.40040864,8.30927463
47.88825504,29.40291379,8.30716288
47.88446591,29.40546224,8.30969444
45.27195919,29.38853973,8.09827884
45.28150769,29.39594532,8.11357941
45.28372370,29.39107262,8.09884175
45.25027526,29.39076333,8.12216098
45.25400273,29.39193396,8.12219262
45.26364175,29.39459681,8.12351104
45.26801642,29.39478874,8.11919205
45.25861915,29.39322420,8.12239567
45.23101882,29.38152874,8.11677801
45.23233762,29.38238464,8.11831530
45.23408742,29.38337485,8.11889371
47.95555671,29.38559628,8.29508113
47.95284552,29.38152874,8.29067876
47.94893069,29.38874374,8.29780837
45.26551585,29.39563011,8.12957628
45.26784315,29.39579404,8.12566099
45.27225959,29.39650504,8.12427983
47.95635115,29.39933452,8.30965833
47.95208381,29.40352095,8.31390185
47.95812547,29.40446199,8.31544046
47.95850564,29.39383728,8.30394287
47.91986184,29.40547754,8.31325020
47.91331993,29.40338800,8.31025039
47.92515629,29.40399462,8.31206272
47.92118075,29.39687097,8.30385775
47.91158473,29.39533221,8.30126487
47.92875621,29.38987981,8.29719074
47.92002559,29.38152874,8.28776394
47.90430745,29.40170951,8.30747267
47.75441397,29.40894539,8.29787270
47.74552076,29.40608693,8.29294273
47.68728094,29.40491123,8.28263295
47.67377565,29.40448156,8.27992621
47.66332835,29.39789342,8.27033559
47.60230876,29.41829175,8.28803648
47.58335647,29.41849858,8.28508412
47.61727972,29.40881110,8.27612735
47.59417802,29.40283297,8.26425750
47.64944202,29.40243001,8.27336823
47.63466791,29.39865821,8.26636435
47.56436758,29.41973938,8.28390216
47.56681658,29.40430272,8.26114288
47.54291440,29.41437007,8.27094743
47.51419617,29.41053234,8.25976823
45.28632363,29.39862827,8.12217110
45.29202269,29.39760652,8.11359576
45.30327334,29.39993450,8.11657518
45.30128007,29.39357117,8.09812244
47.97969234,29.42352652,8.34133145
47.98006604,29.42354180,8.34131831
47.97988432,29.42332055,8.34080685
47.97984330,29.42366600,8.34174455
47.97868235,29.42333496,8.34095719
47.97890309,29.42303023,8.34026908
47.97828128,29.42312330,8.34050139
47.97960049,29.42300094,8.34017283
47.97923876,29.42256521,8.33938966
47.97754097,29.42220758,8.33881448
47.97833798,29.42266205,8.33959342
47.97871922,29.42202433,8.33849023
45.24622235,29.38951877,8.12447888
45.24897963,29.39064443,8.12550503
45.23990723,29.38631298,8.11941127
45.24108142,29.38714392,8.12224602
45.24225332,29.38738355,8.11970133
45.23862767,29.38587830,8.12101874
45.24357086,29.38833067,8.12327913
45.23989373,29.38578921,8.11627268
45.23637691,29.38366386,8.11361677
45.25617173,29.39307971,8.12708194
45.23963128,29.38438720,8.11099601
45.25217590,29.39179740,8.12621640
45.26078169,29.39439720,8.12813399
47.96476683,29.40533697,8.31692486
47.96173699,29.39907125,8.30979475
45.27594416,29.39785029,8.13046299
45.27024699,29.39671352,8.13044901
45.27890577,29.39754795,8.12310137
45.28369454,29.39926360,8.13064307
47.98014720,29.42366326,8.34166186
47.97928356,29.42337950,8.34100190
47.97646031,29.42144390,8.33757970
47.97802758,29.42125545,8.33729012
47.97312076,29.41896074,8.33390454
47.97499798,29.42043152,8.33603567
47.97565749,29.41864988,8.33356201
47.97062227,29.41713169,8.33134999
47.96782799,29.41553994,8.32915178
47.97377969,29.41628160,8.33040693
47.97076295,29.41321247,8.32646315
47.96533871,29.41206565,8.32473794
47.96897958,29.40878474,8.32112725
47.95523272,29.39010338,8.29975081
47.93028343,29.39813959,8.30608718
47.48813482,29.41348245,8.25918346
47.46500503,29.40590681,8.24377097
47.30481819,29.41267722,8.22108478
47.19018409,29.38152874,8.15925904
47.22211230,29.41467124,8.20733618
45.77425148,29.38152874,8.02455030
45.73782902,29.41425933,8.07829578
47.98006423,29.42374295,8.34200435
47.98030017,29.42371535,8.34180750
47.97710681,29.42020202,8.33573778
45.23167889,29.38152874,8.11423751
45.23297488,29.38152874,8.11123190
45.23850550,29.38152874,8.10400641
45.23517892,29.38152874,8.10778028
45.25652908,29.38152874,8.09196431
45.24909124,29.38152874,8.09601276
47.96024263,29.40963779,8.32150371
47.94497387,29.38152874,8.29002430
45.24310745,29.38152874,8.10005185
45.29040976,29.38152874,8.07947695
45.27673897,29.38152874,8.08375086
47.79663984,29.40163267,8.29468212
47.78455897,29.39973247,8.29086597
47.77947505,29.39081761,8.28042279
47.77180625,29.39937046,8.28868509
47.79327151,29.38152874,8.27280055
47.76825983,29.38152874,8.26930492
47.73132189,29.40438328,8.28874789
47.72521541,29.39349182,8.27532725
47.71433996,29.40358376,8.28520835
47.93426571,29.38152874,8.28908855
47.69989086,29.40899605,8.28990286
47.69956068,29.39628933,8.27440824
47.68264471,29.38152874,8.25616625
47.71306407,29.38152874,8.26103402
47.75768567,29.39817258,8.28532073
47.74158547,29.38152874,8.26540118
47.86120075,29.38152874,8.28144914
45.31606733,29.40061138,8.11285823
45.33573660,29.40160214,8.10863396
45.26561888,29.38152874,8.08789460
45.33863372,29.39308834,8.08701934
45.32071144,29.39345524,8.09209817
45.30714124,29.38152874,8.07506625
45.32735170,29.38152874,8.07054475
45.35107758,29.38152874,8.06599625
45.36085212,29.39983270,8.09662872
47.65019075,29.38152874,8.25073750
47.61536773,29.38152874,8.24466151
45.37854719,29.38152874,8.06142409
45.39562999,29.40130347,8.09274076
45.43453448,29.40235814,8.08819130
47.57798655,29.38152874,8.23787240
47.53739877,29.38152874,8.23021885
47.49317760,29.38152874,8.22160290
45.44773433,29.38152874,8.05190103
45.41044559,29.38152874,8.05675351
45.48197548,29.40151337,8.07937609
45.49166112,29.38152874,8.04679466
45.54388597,29.38152874,8.04138998
45.58743651,29.41256462,8.08986370
45.60665235,29.38152874,8.03570927
47.26533608,29.38152874,8.17478359
47.00993903,29.38152874,8.12352134
45.64545407,29.41228205,8.08253669
45.68305126,29.38152874,8.02990811
45.87850905,29.38152874,8.02052599
45.99376656,29.38152874,8.01873859
46.11863476,29.38152874,8.02005778
46.25146080,29.38152874,8.02528547
46.38903488,29.38152874,8.03485833
46.52682058,29.38152874,8.04851604
46.65977869,29.38152874,8.06528619
46.78629845,29.38152874,8.08419573
46.90336552,29.38152874,8.10394347
47.95600101,29.37633232,8.29229396
47.95334562,29.37119164,8.28687745
47.95071881,29.36610629,8.28152050
47.94805759,29.36095434,8.27609480
47.94537794,29.35576669,8.27063309
47.94272624,29.35063317,8.26523007
47.94007444,29.34549945,8.25982868
47.93728978,29.34010854,8.25415880
47.93453246,29.33477055,8.24854686
47.93180227,29.32948510,8.24299253
47.92892463,29.32391419,8.23714096
47.92600653,29.31826497,8.23121016
47.92311497,29.31266712,8.22533643
47.92016436,29.30695497,8.21934620
47.91703670,29.30090007,8.21300048
47.91393498,29.29489537,8.20671159
47.91085899,29.28894050,8.20047921
47.90752003,29.28247655,8.19371911
47.90416324,29.27597808,8.18692849
47.90083159,29.26952830,8.18019450
47.89735863,29.26280495,8.17318122
47.89370203,29.25572611,8.16580439
47.89007001,29.24869485,8.15848479
47.88645481,29.24169615,8.15120694
47.88244534,29.23393421,8.14314489
47.87845988,29.22621875,8.13514133
47.87449824,29.21854940,8.12719605
47.87026699,29.21035815,8.11872196
47.86585687,29.20182060,8.10990309
47.86147000,29.19332810,8.10114480
47.85700970,29.18469345,8.09225475
47.85208635,29.17516239,8.08245963
47.84718571,29.16567530,8.07272887
47.84230759,29.15623184,8.06306239
47.83694061,29.14584202,8.05245035
47.83141586,29.13514677,8.04155238
47.82591309,29.12449410,8.03072477
47.82016845,29.11337322,8.01945072
47.81386833,29.10117701,8.00712202
47.80758966,29.08902235,7.99487324
47.80133226,29.07690891,7.98270456
47.79414474,29.06299488,7.96877577
47.78685766,29.04888815,7.95470848
47.77959133,29.03482163,7.94073715
47.77166757,29.01948245,7.92556682
47.76297321,29.00265155,7.90900102
47.75429908,28.98585986,7.89255895
47.74557076,28.96896330,7.87610188
47.73484500,28.94820009,7.85600173
47.72413896,28.92747512,7.83607674
47.71345248,28.90678806,7.81632865
47.70093099,28.88254886,7.79337168
47.68724047,28.85604672,7.76850060
47.67356900,28.82958157,7.74390749
47.65927841,28.80191805,7.71846507
47.64216645,28.76879309,7.68836077
47.62507304,28.73570420,7.65868785
47.60799801,28.70265106,7.62944986
47.58840036,28.66471494,7.59639414
47.56800691,28.62523856,7.56257060
47.54763135,28.58579705,7.52936579
47.52642629,28.54475010,7.49543705
47.50352920,28.50042812,7.45952139
47.48064952,28.45614016,7.42437981
47.45778711,28.41188591,7.39000816
47.43318395,28.36426246,7.35384513
47.40841391,28.31631634,7.31829484
47.38366068,28.26840308,7.28362009
47.35844646,28.21959789,7.24916403
47.33272984,28.16982059,7.21490733
47.30702956,28.12007530,7.18155178
47.28136571,28.07040090,7.14910505
47.25607764,28.02145423,7.11795922
47.23080547,27.97253868,7.08763495
47.20554903,27.92365397,7.05811301
47.18159911,27.87729840,7.03082445
47.15843200,27.83245833,7.00506516
47.13528032,27.78764844,6.97993474
47.11281013,27.74415788,6.95611527
47.09300038,27.70581681,6.93557204
47.07320550,27.66750474,6.91546157
47.05342532,27.62922135,6.89577362
47.03645275,27.59637210,6.87919804
47.02030474,27.56511889,6.86369472
47.00417093,27.53389332,6.84846000
46.98909193,27.50470934,6.83444734
46.97596719,27.47930778,6.82242533
46.96285620,27.45393291,6.81057540
46.94975880,27.42858443,6.79889429
46.93860640,27.40700035,6.78906926
46.92762826,27.38575360,6.77950519
46.91666327,27.36453235,6.77005745
46.90635914,27.34459016,6.76127332
46.89672344,27.32594167,6.75314049
46.88710045,27.30731783,6.74509596
46.87754377,27.28882237,6.73718260
46.86870264,27.27171180,6.72992813
46.85987380,27.25462503,6.72274661
46.85105709,27.23756180,6.71563693
46.84257618,27.22114846,6.70885576
46.83428535,27.20510305,6.70228067
46.82600624,27.18908034,6.69576762
46.81787260,27.17333919,6.68941975
46.81022809,27.15854468,6.68349896
46.80259487,27.14377206,6.67763028
46.79497280,27.12902105,6.67181294
46.78813289,27.11578379,6.66662858
46.78150529,27.10295742,6.66163731
46.77488842,27.09015184,6.65668541
46.76868517,27.07814676,6.65207118
46.76318792,27.06750799,6.64800465
46.75770100,27.05688924,6.64396673
46.75222427,27.04629022,6.63995702
46.74757380,27.03729025,6.63656837
46.74298458,27.02840884,6.63323877
46.73840515,27.01954638,6.62993046
46.73409149,27.01119828,6.62682702
46.73002876,27.00333579,6.62391546
46.72597541,26.99549146,6.62102152
46.72195653,26.98771384,6.61816288
46.71820566,26.98045492,6.61550443
46.71446378,26.97321338,6.61286147
46.71073074,26.96598896,6.61023380
46.70712881,26.95901828,6.60770693
46.70359775,26.95218476,6.60523786
46.70007513,26.94536759,6.60278260
46.69659326,26.93862927,6.60036348
46.69322415,26.93210919,6.59802999
46.68986309,26.92560469,6.59570918
46.68650995,26.91911551,6.59340086
46.68325733,26.91282086,6.59116843
46.68003401,26.90658295,6.58896256
46.67681822,26.90035959,6.58676822
46.67364469,26.89421802,6.58460892
46.67053420,26.88819847,6.58249849
46.66743084,26.88219271,6.58039874
46.66433448,26.87620050,6.57830952
46.66130894,26.87034534,6.57627366
46.65829290,26.86450858,6.57424965
46.65528346,26.85868460,6.57223547
46.65231073,26.85293166,6.57025113
46.64937088,26.84724235,6.56829387
46.64643725,26.84156507,6.56634582
46.64351232,26.83590464,6.56440856
46.64061528,26.83029819,6.56249469
46.63772407,26.82470303,6.56058953
46.63483856,26.81911891,6.55869294
46.63196920,26.81356605,6.55681172
46.62911026,26.80803335,6.55494201
46.62625664,26.80251094,6.55308043
46.62341538,26.79701246,6.55123151
46.62060020,26.79156445,6.54940405
46.61778995,26.78612599,6.54758425
46.61498451,26.78069684,6.54577198
46.61224413,26.77539359,6.54400597
46.60952080,26.77012335,6.54225509
46.60680190,26.76486168,6.54051116
46.60412718,26.75968550,6.53879953
46.60151585,26.75463202,6.53713226
46.59890857,26.74958637,6.53547129
46.59630522,26.74454831,6.53381652
46.59380939,26.73971836,6.53223354
46.59131976,26.73490038,6.53065785
46.58883366,26.73008926,6.52908772
46.58639218,26.72536449,6.52754900
46.58398768,26.72071126,6.52603669
46.58158633,26.71606415,6.52452944
46.57918311,26.71141341,6.52302407
46.57674815,26.70670126,6.52150194
46.57431597,26.70199450,6.51998466
46.57188646,26.69729290,6.51847214
46.56930445,26.69229617,6.51686805
46.56665784,26.68717443,6.51522743
46.56401351,26.68205712,6.51359185
46.56126107,26.67673060,6.51189324
46.55821582,26.67083743,6.51001845
46.55517248,26.66494795,6.50814958
46.55213091,26.65906192,6.50628651
46.54864251,26.65231118,6.50415550
46.54507409,26.64540559,6.50198196
46.54150708,26.63850272,6.49981564
46.53776161,26.63125451,6.49754777
46.53376920,26.62352843,6.49513803
46.52977782,26.61580435,6.49273675
46.52578734,26.60808202,6.49034381
46.52155203,26.59988590,6.48781251
46.51731591,26.59168822,6.48528940
46.51308031,26.58349156,6.48277520
46.50877256,26.57515527,6.48022695
46.50440990,26.56671273,6.47765516
46.50004739,26.55827049,6.47509241
46.49565137,26.54976341,6.47251897
46.49105262,26.54086401,6.46983643
46.48645364,26.53196418,6.46716349
46.48185431,26.52306368,6.46450002
46.47679027,26.51326390,6.46157853
46.47154147,26.50310658,6.45856264
46.46629194,26.49294786,6.45555862
46.46066768,26.48206398,6.45235370
46.45412681,26.46940632,6.44864390
46.44758482,26.45674651,6.44495205
46.44104158,26.44408429,6.44127789
46.43283835,26.42820971,6.43670023
46.42437188,26.41182566,6.43201190
46.41590330,26.39543747,6.42735871
46.40654268,26.37732294,6.42225699
46.39603717,26.35699276,6.41658251
46.38552894,26.33665721,6.41095983
46.37500192,26.31628524,6.40537955
46.36314075,26.29333128,6.39915378
46.35127632,26.27037091,6.39299045
46.33940853,26.24740393,6.38688822
46.32756708,26.22448783,6.38086091
46.31574315,26.20160553,6.37490239
46.30391554,26.17871602,6.36900064
46.29226487,26.15616884,6.36324327
46.28156081,26.13545351,6.35800176
46.27085289,26.11473067,6.35280352
46.26014102,26.09400008,6.34764764
46.25066534,26.07566185,6.34312301
46.24163573,26.05818683,6.33884244
46.23260200,26.04070378,6.33458975
46.22404532,26.02414394,6.33058870
46.21656731,26.00967164,6.32711324
46.20908494,25.99519086,6.32365526
46.20159809,25.98070138,6.32021446
46.19502851,25.96798709,6.31721086
46.18857800,25.95550322,6.31427575
46.18212271,25.94301007,6.31135221
46.17591411,25.93099435,6.30855321
46.17000113,25.91955073,6.30589903
46.16408302,25.90809715,6.30325369
46.15816226,25.89663844,6.30061818
46.15232180,25.88533513,6.29802910
46.14647584,25.87402114,6.29544807
46.14062425,25.86269624,6.29287495
46.13458816,25.85101428,6.29023146
46.12842878,25.83909367,6.28754510
46.12226337,25.82716139,6.28486723
46.11596643,25.81497452,6.28214357
46.10908224,25.80165110,6.27917883
46.10219160,25.78831519,6.27622466
46.09529439,25.77496654,6.27328085
46.08765024,25.76017225,6.27003340
46.07975440,25.74489086,6.26669551
46.07185157,25.72959590,6.26337116
46.06356103,25.71355055,6.25990114
46.05447434,25.69596433,6.25611802
46.04538021,25.67836370,6.25235248
46.03627852,25.66074840,6.24860411
46.02586555,25.64059524,6.24434009
46.01529890,25.62014464,6.24003913
46.00472424,25.59967851,6.23576052
45.99322476,25.57742246,6.23113607
45.98069713,25.55317650,6.22613087
45.96816102,25.52891411,6.22115548
45.95550213,25.50441406,6.21616404
45.94053635,25.47544922,6.21030400
45.92556161,25.44646705,6.20448338
45.91057783,25.41746734,6.19870064
45.89400348,25.38538923,6.19235037
45.87645587,25.35142745,6.18567799
45.85889881,25.31744737,6.17905191
45.84088550,25.28258428,6.17230302
45.82102154,25.24413945,6.16491573
45.80114782,25.20567577,6.15757930
45.78126427,25.16719312,6.15029054
45.75972489,25.12550585,6.14244903
45.73768178,25.08284373,6.13447851
45.71562868,25.04016240,6.12655532
45.69303684,24.99643852,6.11848719
45.66942295,24.95073673,6.11010478
45.64579786,24.90501337,6.10178146
45.62216129,24.85926785,6.09351718
45.59763785,24.81180598,6.08500718
45.57302351,24.76416821,6.07652922
45.54839719,24.71650724,6.06810867
47.95643224,29.37633235,8.28570630
47.95377658,29.37119170,8.28028999
47.95114951,29.36610638,8.27493324
47.94848803,29.36095445,8.26950775
47.94580812,29.35576684,8.26404625
47.94315615,29.35063335,8.25864343
47.94050409,29.34549966,8.25324224
47.93771916,29.34010878,8.24757257
47.93496157,29.33477082,8.24196084
47.93223111,29.32948540,8.23640672
47.92935318,29.32391452,8.23055537
47.92643481,29.31826534,8.22462478
47.92354296,29.31266751,8.21875128
47.92059206,29.30695539,8.21276127
47.91746410,29.30090053,8.20641578
47.91436207,29.29489587,8.20012712
47.91128578,29.28894103,8.19389497
47.90794649,29.28247712,8.18713513
47.90458937,29.27597868,8.18034476
47.90125740,29.26952894,8.17361102
47.89778410,29.26280563,8.16659800
47.89412714,29.25572683,8.15922144
47.89049477,29.24869560,8.15190211
47.88687921,29.24169695,8.14462453
47.88286936,29.23393505,8.13656277
47.87888351,29.22621963,8.12855951
47.87492148,29.21855033,8.12061452
47.87068983,29.21035912,8.11214074
47.86627927,29.20182162,8.10332219
47.86189198,29.19332916,8.09456422
47.85743125,29.18469457,8.08567450
47.85250742,29.17516356,8.07587973
47.84760630,29.16567652,8.06614933
47.84272771,29.15623311,8.05648320
47.83736022,29.14584334,8.04587154
47.83183493,29.13514815,8.03497397
47.82633164,29.12449555,8.02414675
47.82058644,29.11337473,8.01287310
47.81428571,29.10117858,8.00054485
47.80800644,29.08902399,7.98829650
47.80174845,29.07691061,7.97612825
47.79456024,29.06299667,7.96219996
47.78727246,29.04889001,7.94813318
47.78000543,29.03482356,7.93416235
47.77208092,29.01948447,7.91899255
47.76338573,29.00265366,7.90242734
47.75471078,28.98586206,7.88598585
47.74598164,28.96896560,7.86952936
47.73525486,28.94820249,7.84942992
47.72454781,28.92747763,7.82950562
47.71386032,28.90679069,7.80975822
47.70133766,28.88255162,7.78680204
47.68764585,28.85604963,7.76193182
47.67397310,28.82958461,7.73733955
47.65968119,28.80192125,7.71189800
47.64256764,28.76879647,7.68179471
47.62547264,28.73570776,7.65212279
47.60839604,28.70265480,7.62288577
47.58879659,28.66471888,7.58983113
47.56840127,28.62524271,7.55600869
47.54802387,28.58580142,7.52280494
47.52681689,28.54475469,7.48887726
47.50391772,28.50043296,7.45296272
47.48103600,28.45614524,7.41782220
47.45817155,28.41189124,7.38345156
47.43356620,28.36426805,7.34728957
47.40879399,28.31632220,7.31174028
47.38403858,28.26840922,7.27706645
47.35882217,28.21960431,7.24261127
47.33310332,28.16982731,7.20835541
47.30740083,28.12008232,7.17500064
47.28173479,28.07040821,7.14255461
47.25644457,28.02146184,7.11140940
47.23117027,27.97254659,7.08108569
47.20591172,27.92366219,7.05156423
47.18195980,27.87730692,7.02427606
47.15879078,27.83246715,6.99851703
47.13563719,27.78765756,6.97338679
47.11316517,27.74416732,6.94956741
47.09335381,27.70582652,6.92902420
47.07355734,27.66751474,6.90891369
47.05377557,27.62923163,6.88922567
47.03680164,27.59638263,6.87265000
47.02065235,27.56512965,6.85714656
47.00451727,27.53390432,6.84191169
46.98943707,27.50472057,6.82789888
46.97631130,27.47931920,6.81587674
46.96319928,27.45394452,6.80402665
46.95010086,27.42859624,6.79234539
46.93894759,27.40701232,6.78252022
46.92796860,27.38576572,6.77295600
46.91700276,27.36454464,6.76350812
46.90669784,27.34460260,6.75472386
46.89706139,27.32595424,6.74659090
46.88743766,27.30733054,6.73854624
46.87788025,27.28883522,6.73063276
46.86903844,27.27172477,6.72337817
46.86020892,27.25463812,6.71619654
46.85139154,27.23757501,6.70908674
46.84290998,27.22116179,6.70230547
46.83461852,27.20511649,6.69573027
46.82633878,27.18909389,6.68921712
46.81820453,27.17335285,6.68286916
46.81055943,27.15855845,6.67694829
46.80292564,27.14378593,6.67107952
46.79530299,27.12903501,6.66526211
46.78846257,27.11579784,6.66007769
46.78183447,27.10297154,6.65508635
46.77521710,27.09016605,6.65013439
46.76901339,27.07816104,6.64552011
46.76351572,27.06752235,6.64145354
46.75802839,27.05690366,6.63741558
46.75255125,27.04630471,6.63340584
46.74790043,27.03730479,6.63001716
46.74331087,27.02842343,6.62668754
46.73873110,27.01956102,6.62337920
46.73441712,27.01121297,6.62027574
46.73035409,27.00335052,6.61736416
46.72630043,26.99550624,6.61447021
46.72228125,26.98772867,6.61161155
46.71853011,26.98046979,6.60895309
46.71478794,26.97322829,6.60631012
46.71105463,26.96600391,6.60368245
46.70745243,26.95903327,6.60115558
46.70392110,26.95219978,6.59868649
46.70039823,26.94538264,6.59623124
46.69691609,26.93864436,6.59381212
46.69354674,26.93212431,6.59147863
46.69018543,26.92561985,6.58915782
46.68683204,26.91913070,6.58684951
46.68357918,26.91283609,6.58461707
46.68035563,26.90659820,6.58241122
46.67713960,26.90037488,6.58021688
46.67396583,26.89423334,6.57805760
46.67085511,26.88821381,6.57594717
46.66775153,26.88220808,6.57384744
46.66465494,26.87621590,6.57175824
46.66162917,26.87036077,6.56972239
46.65861291,26.86452403,6.56769839
46.65560325,26.85870008,6.56568423
46.65263030,26.85294716,6.56369991
46.64969023,26.84725788,6.56174268
46.64675638,26.84158063,6.55979465
46.64383124,26.83592023,6.55785741
46.64093398,26.83031380,6.55594357
46.63804256,26.82471866,6.55403843
46.63515684,26.81913456,6.55214187
46.63228728,26.81358173,6.55026067
46.62942813,26.80804905,6.54839100
46.62657430,26.80252666,6.54652945
46.62373283,26.79702820,6.54468056
46.62091744,26.79158021,6.54285314
46.61810699,26.78614178,6.54103338
46.61530134,26.78071264,6.53922114
46.61256076,26.77540941,6.53745517
46.60983723,26.77013919,6.53570433
46.60711813,26.76487754,6.53396043
46.60444321,26.75970138,6.53224884
46.60183169,26.75464792,6.53058162
46.59922423,26.74960229,6.52892069
46.59662068,26.74456424,6.52726596
46.59412467,26.73973431,6.52568304
46.59163485,26.73491634,6.52410738
46.58914857,26.73010523,6.52253730
46.58670692,26.72538048,6.52099863
46.58430224,26.72072726,6.51948637
46.58190072,26.71608017,6.51797917
46.57949732,26.71142944,6.51647385
46.57706218,26.70671731,6.51495176
46.57462983,26.70201056,6.51343454
46.57220014,26.69730897,6.51192207
46.56961794,26.69231226,6.51031804
46.56697114,26.68719054,6.50867748
46.56432662,26.68207324,6.50704197
46.56157398,26.67674673,6.50534342
46.55852851,26.67085357,6.50346871
46.55548494,26.66496411,6.50159992
46.55244316,26.65907809,6.49973693
46.54895450,26.65232736,6.49760602
46.54538582,26.64542179,6.49543257
46.54181855,26.63851893,6.49326636
46.53807281,26.63127074,6.49099860
46.53408011,26.62354468,6.48858899
46.53008844,26.61582061,6.48618783
46.52609767,26.60809829,6.48379502
46.52186206,26.59990218,6.48126387
46.51762563,26.59170451,6.47874090
46.51338973,26.58350787,6.47622686
46.50908166,26.57517158,6.47367876
46.50471868,26.56672905,6.47110715
46.50035586,26.55828682,6.46854457
46.49595952,26.54977975,6.46597130
46.49136044,26.54088035,6.46328896
46.48676113,26.53198053,6.46061622
46.48216147,26.52308004,6.45795296
46.47709707,26.51328026,6.45503170
46.47184789,26.50312294,6.45201606
46.46659798,26.49296422,6.44901230
46.46097331,26.48208033,6.44580766
46.45443197,26.46942268,6.44209821
46.44788951,26.45676286,6.43840671
46.44134580,26.44410063,6.43473292
46.43314198,26.42822604,6.43015572
46.42467491,26.41184197,6.42546784
46.41620575,26.39545376,6.42081508
46.40684448,26.37733921,6.41571382
46.39633826,26.35700901,6.41003983
46.38582933,26.33667345,6.40441760
46.37530162,26.31630145,6.39883776
46.36343968,26.29334747,6.39261245
46.35157450,26.27038708,6.38644954
46.33970597,26.24742007,6.38034771
46.32786380,26.22450394,6.37432075
46.31603915,26.20162161,6.36836256
46.30421085,26.17873208,6.36246110
46.29255950,26.15618487,6.35670400
46.28185482,26.13546952,6.35146271
46.27114630,26.11474665,6.34626466
46.26043383,26.09401604,6.34110895
46.25095764,26.07567778,6.33658445
46.24192754,26.05820275,6.33230400
46.23289332,26.04071967,6.32805140
46.22433619,26.02415981,6.32405042
46.21685779,26.00968749,6.32057502
46.20937504,25.99520669,6.31711709
46.20188780,25.98071719,6.31367632
46.19531789,25.96800288,6.31067275
46.18886705,25.95551900,6.30773766
46.18241144,25.94302583,6.30481413
46.17620253,25.93101010,6.30201514
46.17028926,25.91956645,6.29936096
46.16437086,25.90811286,6.29671561
46.15844981,25.89665413,6.29408009
46.15260907,25.88535080,6.29149100
46.14676283,25.87403680,6.28890995
46.14091095,25.86271189,6.28633680
46.13487459,25.85102991,6.28369328
46.12871492,25.83910928,6.28100689
46.12254922,25.82717698,6.27832898
46.11625198,25.81499009,6.27560527
46.10936747,25.80166665,6.27264048
46.10247652,25.78833072,6.26968625
46.09557900,25.77498205,6.26674237
46.08793450,25.76018774,6.26349484
46.08003831,25.74490632,6.26015687
46.07213513,25.72961134,6.25683242
46.06384422,25.71356597,6.25336230
46.05475713,25.69597972,6.24957907
46.04566261,25.67837905,6.24581340
46.03656052,25.66076372,6.24206490
46.02614711,25.64061053,6.23780072
46.01558001,25.62015989,6.23349960
46.00500490,25.59969372,6.22922082
45.99350494,25.57743763,6.22459618
45.98097679,25.55319163,6.21959077
45.96844016,25.52892920,6.21461516
45.95578075,25.50442911,6.20962349
45.94081435,25.47546421,6.20376318
45.92583901,25.44648197,6.19794230
45.91085463,25.41748221,6.19215930
45.89427961,25.38540403,6.18580874
45.87673129,25.35144217,6.17913607
45.85917352,25.31746202,6.17250972
45.84115948,25.28259885,6.16576055
45.82129471,25.24415393,6.15837299
45.80142018,25.20569016,6.15103633
45.78153583,25.16720741,6.14374738
45.75999556,25.12552003,6.13590570
45.73795153,25.08285780,6.12793507
45.71589750,25.04017634,6.12001185
45.69330469,24.99645233,6.11194377
45.66968977,24.95075041,6.10356147
45.64606364,24.90502690,6.09523830
45.62242604,24.85928124,6.08697417
45.59790153,24.81181922,6.07846434
45.57328612,24.76418130,6.06998656
45.54865872,24.71652017,6.06156619
45.18213391,29.30737157,8.02636304
45.16271530,29.28161546,7.99936424
45.15804747,29.28364532,8.00978740
43.96187011,27.21384279,6.46353078
43.88869743,27.10460429,6.41950713
43.80279272,27.16661539,6.45317288
45.14589971,29.24239388,7.94940836
45.16018164,29.23342732,7.93086574
45.12656822,29.18773118,7.88349820
44.93384819,28.87469343,7.56414213
44.96951668,28.84989534,7.53195846
44.92414508,28.78425259,7.47147395
43.99764639,27.64763751,6.69161088
44.03657131,27.62052366,6.66806348
43.96593939,27.52198374,6.61928871
45.06283308,28.87921012,7.55058442
45.01993510,28.81419663,7.49009661
44.26314208,28.00995554,6.89723211
44.29805302,27.98575152,6.87289320
44.23586864,27.89886067,6.82048886
44.82993983,28.64788732,7.35088809
44.79112269,28.67504577,7.38312729
44.83988804,28.74327256,7.44334033
45.09780551,29.20436489,7.92760368
45.13215328,29.24956315,7.97432337
45.13694427,29.24746093,7.96372427
45.04349443,29.07491454,7.76857249
45.06636090,29.05961474,7.74401557
45.02326269,28.99957385,7.68444815
45.20336899,29.34331270,8.07225158
45.07109536,29.14234531,7.84621432
45.08612027,29.13284600,7.82721209
44.86179939,28.82718195,7.52896238
44.88745569,28.80981584,7.50373013
45.05652336,29.15004662,7.87199633
45.10274120,29.20217739,7.91680459
45.19228050,29.32871342,8.05693256
45.17756731,29.30934217,8.03663831
44.82699299,28.84794696,7.57719014
44.77748730,28.78277838,7.51748768
44.83314015,28.84503353,7.56493034
44.92233681,28.97344880,7.69628991
44.87526681,28.91149167,7.63683670
44.72673285,28.71596412,7.45787796
44.27631039,28.12297592,7.00257299
44.21385773,28.04074799,6.94961173
44.96823538,29.03386002,7.75541688
43.94201401,27.68281734,6.74467226
45.21172228,29.35430989,8.08380087
45.21800981,29.36258597,8.09249544
43.55465426,27.17288321,6.51343502
43.63615099,27.28014529,6.55701670
43.71567549,27.38482683,6.60197735
43.79319410,27.48687879,6.64828560
43.86863538,27.58620368,6.69586569
44.01326152,27.77662729,6.79458484
44.08232852,27.86756699,6.84546953
44.14919465,27.95560850,6.89719081
44.33682452,28.20265001,7.05614957
44.39593222,28.28046993,7.11068665
44.45403652,28.35696598,7.16647048
44.51104067,28.43201198,7.22333019
44.56685824,28.50549501,7.28107843
44.62142505,28.57733093,7.33952667
44.67471571,28.64748626,7.39850898
45.01297642,29.09274245,7.81406056
45.11193833,29.19694695,7.90227048
43.64818177,27.27353221,6.54079785
43.72734000,27.37844843,6.58593525
43.87955157,27.58030602,6.68018674
43.95255978,27.67715704,6.72918022
44.09216184,27.86236027,6.83036070
44.02344538,27.77119792,6.77928300
44.15869007,27.95061549,6.88227722
44.34537578,28.19825138,7.04183338
44.40418906,28.27625564,7.09657539
44.46200728,28.35293014,7.15256843
44.57427698,28.50180168,7.26761322
44.62857662,28.57380254,7.32629046
44.58748880,28.49381788,7.25080026
44.68160604,28.64411864,7.38550867
44.73336831,28.71275281,7.44511970
44.74533558,28.70562899,7.42878426
44.69397965,28.63671461,7.36899683
44.88118210,28.90871878,7.62483072
44.92802987,28.97080993,7.68453842
45.01825979,29.09034881,7.80280739
44.97371712,29.03134793,7.74391764
45.19676693,29.32678963,8.04677631
45.21609834,29.35244134,8.07379719
45.20779328,29.34142309,8.06218556
43.56703752,27.16604565,6.49704184
43.80448502,27.48074040,6.63242331
44.28516573,28.11838624,6.98805532
44.22302750,28.03596035,6.93489506
44.49766750,28.33009729,7.11503446
44.47608989,28.34434119,7.13552463
44.53237540,28.41986646,7.19270638
44.78387484,28.77971859,7.50497662
45.06162384,29.14776165,7.86097812
45.20521087,29.32206554,8.03296775
43.66840040,27.26068156,6.52307321
43.82361349,27.46864047,6.61479378
43.85220297,27.44937451,6.59489335
43.77637675,27.34615980,6.54841873
43.74701762,27.36596984,6.56825883
43.89812822,27.56858777,6.66260162
43.97058740,27.66581968,6.71163724
44.10512193,27.71622753,6.71794197
44.06724235,27.74258634,6.74168844
44.13469748,27.83463926,6.79273914
44.04093173,27.76023694,6.76178170
44.10911863,27.85176814,6.81290282
44.23896908,28.02607625,6.91753803
44.17513145,27.94038279,6.86486650
44.30062330,28.10883960,6.97076132
44.41871944,28.26735493,7.07943795
44.36036377,28.18903193,7.02461277
44.51873235,28.42814959,7.20964315
44.64136526,28.56611177,7.30961920
44.79544521,28.77286797,7.48883354
44.89199053,28.90239124,7.60911501
44.84432388,28.83844857,7.54899434
44.93847656,28.96472983,7.66905435
45.02803416,29.08472683,7.78780491
45.17146460,29.27668746,7.98524698
45.19071343,29.30255786,8.01241636
45.21613168,29.33676468,8.04848157
43.58778338,27.15283295,6.47926966
44.98381801,29.02550374,7.72867300
43.61865135,27.13195612,6.45955187
43.53674311,27.02104342,6.41719088
43.58203380,26.98934553,6.39479635
43.49910541,26.87528342,6.35401276
43.69852183,27.24033276,6.50329331
43.89327193,27.42071596,6.57173591
43.81852656,27.31672349,6.52545297
43.92594865,27.54986599,6.64263944
44.19999740,27.92376424,6.84463061
44.32412309,28.09320406,6.95039281
44.44092373,28.25265677,7.05897487
44.38320815,28.17387010,7.00419148
44.66112227,28.55318955,7.28917084
44.60784405,28.48046092,7.23031518
44.55333739,28.40606899,7.17220825
44.71314770,28.62422057,7.34861082
44.76392587,28.69355465,7.40848825
44.81347089,28.76120305,7.46865594
44.90893171,28.89151084,7.58925404
44.95490098,28.95422262,7.64938632
44.99974695,29.01535396,7.70921618
45.10838274,29.11799287,7.80288068
45.18544989,29.26793283,7.96692221
43.74174383,27.21012468,6.48051921
45.14828225,29.17328343,7.85940098
45.20626936,29.25414307,7.94331879
45.18141283,29.21933566,7.90701640
45.20445373,29.29397682,7.99428241
43.66292427,27.10099139,6.43696816
44.35810191,28.06968182,6.92586279
44.41628056,28.15101318,6.97948132
44.51883182,28.19813813,7.00306152
44.46322655,28.11779266,6.94875105
44.52898881,28.30853159,7.09000200
44.63747574,28.46014576,7.20504986
44.58380736,28.38513294,7.14704506
44.68992814,28.53348683,7.26383612
44.74114121,28.60512070,7.32324306
44.97910229,28.93793511,7.62443063
45.09919831,29.03693889,7.71232364
45.05699682,28.97622597,7.65255263
44.17155821,27.80901771,6.76879450
44.47311153,28.23045133,7.03409612
44.73096859,28.50466325,7.23182421
44.67965751,28.43046905,7.17322404
45.01378334,28.91387742,7.59236831
43.56442708,26.82866170,6.32769214
43.48085855,26.71137034,6.28864419
43.65632474,26.76223305,6.29574686
43.57458880,26.64358353,6.25726769
43.64598485,26.94372428,6.36813315
43.72544674,27.05641045,6.40996296
43.95130357,27.37939855,6.54370827
44.10208400,27.42436871,6.55552488
44.03297952,27.32049463,6.50890369
44.09166248,27.58134651,6.63932265
44.02252091,27.48172340,6.59089208
44.23418419,27.62378827,6.65238224
44.16914000,27.52552226,6.60339873
44.15875335,27.67811204,6.68885894
44.22376835,27.77193738,6.73937156
44.41720205,27.90056958,6.80474623
44.35821698,27.81133380,6.75317883
44.28670039,27.86278601,6.79073043
44.34755048,27.95065239,6.84280765
44.40630545,28.03553322,6.89545137
44.57350937,28.27710955,7.05867731
44.62714914,28.35458967,7.11545203
44.68822767,28.31087079,7.07502070
44.78105971,28.57713661,7.29109400
45.18576720,29.06403963,7.73015730
45.14573618,29.00416371,7.67083261
45.17952874,29.15180020,7.82818435
45.14038606,29.09594224,7.77141723
45.21199367,29.19834985,7.87607718
43.87807291,27.27430593,6.49776602
44.29721158,27.71907169,6.70234854
44.47415396,27.98677774,6.85689880
44.83737764,28.53699302,7.24964442
44.78884505,28.46334755,7.19065460
44.87762787,28.71692191,7.41106490
43.81341780,26.99287934,6.37687000
43.73595966,26.87871641,6.33561467
44.52932037,28.07033503,6.90971194
44.58321707,28.15195032,6.96353882
44.63622518,28.23216655,7.01868535
44.88473017,28.60889387,7.30922549
44.93092139,28.67905599,7.36926463
44.97597976,28.74748608,7.42960759
45.10477862,28.94251281,7.61086889
44.73912053,28.38796158,7.13239672
45.49639097,26.20142143,6.30728179
45.55987964,26.10599453,6.30310306
45.47476567,26.10142326,6.28821872
46.13419226,26.93291245,6.56284066
46.06782053,26.95360638,6.55799123
46.10692547,27.00574394,6.57834959
46.16829244,26.97892263,6.58047152
46.17575322,27.02957607,6.59577892
45.69050014,25.90267614,6.29085780
45.64895966,25.96653905,6.29536176
45.72797906,25.94222512,6.30179999
45.71145618,26.01227342,6.31114681
46.52701178,27.52307133,6.81382770
46.61121685,27.51350930,6.82100792
46.57578398,27.47643045,6.80184189
46.59821162,27.56087385,6.83877605
46.55168888,27.60234964,6.84950463
47.50513705,28.89181419,7.78277515
47.43131866,28.90469940,7.78477927
47.48726048,28.93435034,7.81770848
47.45279602,28.97431885,7.84793718
47.38342598,28.97074610,7.83431946
47.57202319,29.25851878,8.12296199
47.55416687,29.21529809,8.08012070
47.53313693,29.25807705,8.11591890
47.49982198,29.22659329,8.08124514
45.90219819,25.68345786,6.26337397
45.86859853,25.70492819,6.26844744
45.90735417,25.71355576,6.27001384
45.87992152,25.74220231,6.27633987
46.76321393,27.41437179,6.79241686
46.80030862,27.40337076,6.78847355
46.78518284,27.38103274,6.77851319
46.74803618,27.37735224,6.77610921
46.11287761,26.11837384,6.36240547
46.14205036,26.10134038,6.35731839
46.12214190,26.08623657,6.35406649
46.08981688,26.09299163,6.35628615
46.10374927,26.07008751,6.35042116
46.41260867,26.82835125,6.56364735
46.37512332,26.83918084,6.56474532
46.41244952,26.85519729,6.57191646
46.38685797,26.87198177,6.57540950
46.73972321,27.17089300,6.68939472
46.75585912,27.15426001,6.68136840
46.73898375,27.15123126,6.68113446
46.71899347,27.15250601,6.68255368
46.70596755,27.17045434,6.69022265
46.71735856,27.19150713,6.69862262
46.79139030,27.29398455,6.74042284
46.79816546,27.27163026,6.73030407
46.77022333,27.28501614,6.73701001
46.77176486,27.25805823,6.72536649
46.79729766,27.25142064,6.72135811
45.27985117,29.32155359,8.00829213
45.30340476,29.32900733,8.01256506
45.30592914,29.30488983,7.98384616
45.28767957,29.29090725,7.97059482
45.26713632,29.30018918,7.98532774
46.38264508,26.69284581,6.52130455
46.41187744,26.68354798,6.51878490
46.39783702,26.66714129,6.51365643
46.37621539,26.66183291,6.51183027
47.71984928,29.14076043,8.03254954
47.71948174,29.16563868,8.05623379
47.73970757,29.15244337,8.04564943
47.73800894,29.13341941,8.02724944
46.72861906,27.08720307,6.65468024
46.71297393,27.07994181,6.65281005
46.71322985,27.09203505,6.65782137
46.72334585,27.10131874,6.66105438
46.73732612,27.09733103,6.65826538
46.62403641,26.94716567,6.60504414
46.60514379,26.94116067,6.60360656
46.61211886,26.95813532,6.60972578
46.59744716,26.95611022,6.60940751
46.58785713,26.95046684,6.60754897
46.59985138,26.85674460,6.57196857
46.59845286,26.84724975,6.56844301
46.58657778,26.85231853,6.57126157
46.58940371,26.86553568,6.57604922
46.57751832,26.86043793,6.57483007
46.57531495,26.86854043,6.57793497
46.50026436,26.63591655,6.49864231
46.51243624,26.64029730,6.49883331
46.51098273,26.63110321,6.49555138
46.50405365,26.64704373,6.50230944
46.49607284,26.64808075,6.50348828
46.48918996,26.64354156,6.50248119
47.91269980,29.36524185,8.27081455
47.92589394,29.36035126,8.26709582
47.91957314,29.35444237,8.26062116
47.92663634,29.35377220,8.26054154
47.91018318,29.35176069,8.25711110
46.67731660,26.95043223,6.60198612
46.66530822,26.94780154,6.60222270
46.66981945,26.95733820,6.60569041
46.65961591,26.95703697,6.60651700
46.65377226,26.95210617,6.60502033
46.65442514,26.94452444,6.60191541
45.23111328,29.37440232,8.09862901
45.22691928,29.36863600,8.09236280
45.22695756,29.37328347,8.10210937
45.22368534,29.36897798,8.09758809
46.43875002,26.83903327,6.56809231
46.38236697,26.93662335,6.59462439
46.39073504,26.96881496,6.60520617
46.42151690,26.94948286,6.60178395
46.38036651,27.00340773,6.61483574
46.42655785,26.98840050,6.61442123
46.35305842,26.87615428,6.57398741
46.38196070,26.90130332,6.58389115
46.34106589,26.91677111,6.58482793
46.28484426,26.93135244,6.58291302
46.25142599,26.97663932,6.59161520
46.29262946,26.98767412,6.60011836
46.21217846,26.99314614,6.59086548
46.25403870,27.04478334,6.61166626
46.28964844,26.84226878,6.55827630
46.30736845,26.88026452,6.57084189
46.32912989,26.84376145,6.56246315
46.34692318,26.80963073,6.55402924
46.37448636,26.80624598,6.55488753
46.36353766,26.78205486,6.54707002
46.39425681,26.81319436,6.55808878
46.39381831,26.78596065,6.54981816
46.34295575,26.96628309,6.59967533
46.32812452,27.02118692,6.61439626
46.07550183,26.90857195,6.54739317
46.21148186,26.93587780,6.57478254
46.25866585,26.80547189,6.54489567
46.20162683,26.82194019,6.54273875
46.24662702,26.87146792,6.56157913
46.14715810,26.82747644,6.53704501
46.17705731,26.87799573,6.55438026
46.11451554,26.87385925,6.54435170
46.05652152,26.86342545,6.53284625
46.33566488,27.31892369,6.71040273
46.30941023,27.35581140,6.71894633
46.37400098,27.37386603,6.73537244
46.33162521,27.25530307,6.68842793
46.27408331,27.30139199,6.69480496
46.41443222,26.88604297,6.58155924
46.41630171,26.91732369,6.59138270
46.37515082,27.05411257,6.62994615
46.32292609,27.07779636,6.63088370
46.36278293,27.09977983,6.64273277
46.28524909,27.11326830,6.63657018
46.21719286,26.76672173,6.53002583
46.30789050,26.80877187,6.55060603
46.44035187,26.81591313,6.56082697
46.41880808,26.80251766,6.55592166
46.46379207,26.80814243,6.55881524
46.44779471,26.79147300,6.55321138
46.41653636,27.02866213,6.62627032
46.44698300,26.86675186,6.57719809
46.44651176,26.89779884,6.58705953
46.45152881,26.92943038,6.59742601
46.44955991,27.01947431,6.62621567
46.47030241,26.99560123,6.61996813
46.45062302,27.05178562,6.63677299
46.48767671,27.03347724,6.63360928
46.38519117,27.14081650,6.65852121
46.40242160,27.09571582,6.64611082
46.41814970,27.06404502,6.63767198
46.18659682,26.73354866,6.51795312
46.18562249,26.68678227,6.50594370
46.13728283,26.72004213,6.50861268
46.22865434,26.71349403,6.51726128
46.33240006,27.13380124,6.64946686
46.00716632,26.91531222,6.53811286
46.09711427,26.83016747,6.53060072
46.21191732,27.32008775,6.69082841
46.25441575,27.36949857,6.71468497
46.27604265,27.24546799,6.67673588
46.21648931,27.23727566,6.66460092
46.28235746,27.18501435,6.65839438
46.14242694,27.30229773,6.67317077
45.80406177,26.23790248,6.36226784
45.74537408,26.20951265,6.34885915
45.72745486,26.27691906,6.35784795
45.72131206,26.15507222,6.33607063
45.66796675,26.21642006,6.33818300
46.24986549,27.43117840,6.73559355
46.17805082,27.38953159,6.70866016
45.59242281,26.18181765,6.32032404
45.64769520,26.13593996,6.32182591
45.58991336,26.24430111,6.33004749
46.45773819,26.96134431,6.60804759
46.16805515,26.77628350,6.52665695
46.29545771,26.76913827,6.53842667
46.33144240,26.77790145,6.54373963
46.23606217,27.12762861,6.63368531
46.22971239,27.17801342,6.64811962
46.35926791,27.19148671,6.67149660
46.18320959,27.09237513,6.61503075
46.25971573,26.74975286,6.52990535
46.11170177,26.78281126,6.52080452
46.04850737,26.80031653,6.51590155
46.18401372,27.16217727,6.63597917
46.47289270,26.79141706,6.55340053
46.45771065,26.82524422,6.56424701
46.47843819,26.82096865,6.56314878
46.47676141,26.90991573,6.59230882
46.47362755,26.88394787,6.58370890
46.47606667,26.86253468,6.57677809
46.38334482,26.75742810,6.54074983
46.35491781,26.75063768,6.53736135
46.48251424,26.93749786,6.60158378
46.46806489,26.84191906,6.56986665
46.26711770,26.71279513,6.52058544
46.26197808,26.67878807,6.51100870
46.29294143,26.72909864,6.52712326
46.29407778,26.69153510,6.51683305
45.91103202,26.11360123,6.35188206
45.86609557,26.08865780,6.34276119
45.85290036,26.12798764,6.34858197
45.84553413,26.05157533,6.33382464
45.81793084,26.09923279,6.33933172
46.40437628,27.24012064,6.69362627
46.01859514,26.75511401,6.50043104
46.07172706,26.73967045,6.50458242
45.99262748,26.84117906,6.51712298
45.99423086,26.78808803,6.50450186
46.02134083,26.70221506,6.48839725
45.96233198,26.73961969,6.48801534
45.96977505,26.66975854,6.47322288
45.96009940,26.59440000,6.45509026
45.88347367,26.67958903,6.46171719
45.50345642,26.02890002,6.28229990
45.52897719,25.97988730,6.27930223
45.47635073,25.94177325,6.26539236
45.57447122,26.01154018,6.29113621
45.56770013,25.92908214,6.27791552
46.11808059,27.21388243,6.64087638
46.03337975,27.28642006,6.64915970
45.64015750,26.05596563,6.30798919
46.32501829,26.74138778,6.53288156
46.49615609,26.96756665,6.61214048
46.42335315,26.77650001,6.54796617
46.40619054,26.76195074,6.54296598
46.12747166,27.06721166,6.59887580
46.44609151,27.09003920,6.64882952
45.70975131,26.08819811,6.32330608
45.76467025,26.11194825,6.33483475
46.43446046,27.13202961,6.66138634
46.42154430,27.18262696,6.67660113
46.38985508,27.30489145,6.71364633
46.11475489,27.12903444,6.61470272
46.50667026,27.00159182,6.62404219
46.49992909,26.89429818,6.58780205
46.48324454,26.77537858,6.54801037
46.49229350,26.78913005,6.55249365
46.50079577,26.77641213,6.54800428
46.46480794,26.77605060,6.54836154
46.50888500,26.83524224,6.56792937
46.49037929,26.83237686,6.56700273
46.49258011,26.84883270,6.57249981
46.50712785,26.94035681,6.60344672
46.50333819,26.91821583,6.59590376
46.52583409,26.95255058,6.60808951
46.53099286,26.92640734,6.59918903
46.40518939,26.73946214,6.53603156
46.52216097,27.02629326,6.63318010
46.48638894,27.07624523,6.64778255
45.87402744,26.01537468,6.32982045
45.87397920,25.97390198,6.32196930
45.82909115,26.00368587,6.32348529
45.91843449,25.99683585,6.32956053
46.48557141,26.80394707,6.55751920
46.47084200,27.21924512,6.69468708
45.69367236,25.83801660,6.28093791
45.74405543,25.87754173,6.29290054
45.77873268,26.04946501,6.32592267
45.79663609,26.16095665,6.34757843
46.44645647,27.34662499,6.73620599
46.05433953,27.07359780,6.58859424
45.94916407,26.80425046,6.50108326
45.90254092,26.87083732,6.50938157
45.90269161,26.77654026,6.48685249
46.01832176,26.99903935,6.56196835
45.88487005,26.57961428,6.44045025
45.92897490,26.51777952,6.43420511
45.84333259,26.50293583,6.41820222
46.31151160,27.41576607,6.74036334
46.30717973,27.50392520,6.77195322
46.38802536,27.45070158,6.76534384
46.30494501,27.60288751,6.80988156
46.38055948,27.57417574,6.81130185
46.08302974,26.67469417,6.49060111
46.22949154,27.63737961,6.81066077
46.21764187,27.56360582,6.77931577
46.12442403,27.63843795,6.79281640
46.19825662,27.47721320,6.74339148
46.10999877,27.45771291,6.72095502
45.64164296,26.30072415,6.34813961
45.54354017,26.31092369,6.33326715
45.60709019,26.39175116,6.35819996
45.43236113,26.31200134,6.31423427
45.49350885,26.41029769,6.34190423
45.40644270,26.03285039,6.26654980
45.70370776,26.36374170,6.36941543
46.08315080,27.37616726,6.68761940
45.99919870,27.65277400,6.77746810
45.89304203,27.59793510,6.73771572
45.89193040,27.77265970,6.81263128
46.02886289,27.53768167,6.73661077
46.02809738,26.63456630,6.47379355
46.50035447,26.87120798,6.58006546
46.53249040,27.06008269,6.64531445
46.47882217,27.11799076,6.66113555
46.42618105,26.75161615,6.54022665
46.44716456,26.76545509,6.54486023
46.35323950,26.71636004,6.52726374
46.53113789,26.97881188,6.61725125
46.32387642,26.70494679,6.52245815
46.53682700,27.00635353,6.62692891
46.19093984,26.63282979,6.49286049
46.14244827,26.64970023,6.49193614
46.22750522,26.66241358,6.50380448
45.93993295,26.96827370,6.54049108
46.47118712,27.16349975,6.67572779
45.76163803,26.44042052,6.39298787
45.67089859,26.44361030,6.37850391
45.82475676,26.78540022,6.47568966
45.77030839,26.69696288,6.44646540
45.68928070,26.51781762,6.39571007
45.84267311,26.41061593,6.39997291
45.80226467,26.33336888,6.37937085
45.71000572,26.80619399,6.46067614
46.13714782,27.53231622,6.75329884
46.45087127,27.40928153,6.75953135
46.01761642,27.16618568,6.60916403
46.45394486,27.28397320,6.71507835
46.38066808,26.72755741,6.53168911
46.50942089,26.78830842,6.55184535
46.51672397,26.77706072,6.54769795
46.52386312,26.76735296,6.54396933
46.51012922,26.76536984,6.54389149
46.48511652,26.73884571,6.53568425
46.46889936,26.73150452,6.53365208
46.47185153,26.75529757,6.54148677
46.48551140,26.72228060,6.53005472
46.50182896,26.79939650,6.55581615
46.50370516,26.81583170,6.56137895
46.52451374,26.90251282,6.59091167
46.51961586,26.88484456,6.58483494
46.52738035,26.86970682,6.57961337
46.55568037,26.97198924,6.61536719
46.55632617,26.99046064,6.62189594
46.57685841,26.97608724,6.61694675
46.54549830,26.96004076,6.61104983
46.40642123,26.71113907,6.52731990
46.42095783,26.65701893,6.51034889
46.39952650,26.64143465,6.50569543
46.56014185,27.00962173,6.62873104
46.57914073,26.99895640,6.62519980
46.59085880,27.04654364,6.64255773
46.56515985,27.04529262,6.64150937
46.57161295,27.06670478,6.64934274
46.54916817,27.02869148,6.63512820
46.58409755,27.10975530,6.66529823
46.58616603,27.14137574,6.67685707
46.61235110,27.12087766,6.67034165
46.55213041,27.12589122,6.66944163
46.55835910,27.09120027,6.65750876
46.52109522,27.10265620,6.65930903
46.26504474,26.63652884,6.49989156
46.50628168,27.18097617,6.68513029
46.51384311,27.14366310,6.67288938
46.52634520,27.21172788,6.69775043
46.54931078,27.16690765,6.68378111
45.77779358,25.97827990,6.31359954
45.82974605,25.94929086,6.31372412
45.63705630,25.83166773,6.27313897
45.66367209,25.76801611,6.26651978
45.59493121,25.79498833,6.26221249
46.50854768,27.37400763,6.75431047
45.46299895,25.77391745,6.24036168
45.41662674,25.70931202,6.22476884
45.35589671,25.79734890,6.22624807
45.54166352,25.75884205,6.24981176
45.51490751,25.66994113,6.23382936
45.90321546,26.05103743,6.33908470
45.80866618,26.60347480,6.43307032
45.76412771,26.53300783,6.41133369
45.70951984,26.60736069,6.41705296
46.09489462,26.60461901,6.47557887
45.94224092,27.06755342,6.56770058
45.83207026,26.98485551,6.52618956
45.71514996,26.93000974,6.49178392
45.71017544,27.04841809,6.52242882
45.58191921,26.51389999,6.37644774
46.42216294,27.51907841,6.79654512
46.28897512,27.69499442,6.84490118
46.20438394,27.70180291,6.83302788
45.79690341,26.87545875,6.49230868
45.62556994,26.87659452,6.46310715
45.67373765,26.70264263,6.43101115
45.56281887,26.76935676,6.42689785
45.92669023,27.23744595,6.61510177
45.92344739,27.33784176,6.64700989
46.02831075,27.44263434,6.70134743
45.99792329,27.38069777,6.67436374
45.91647849,27.46154722,6.68912585
45.83093554,27.38172439,6.64643998
45.60910033,26.97510178,6.48564180
45.52022590,26.98410927,6.47372487
45.53524637,27.09705574,6.50808186
45.64769873,26.56866014,6.39855511
45.61131055,26.63268425,6.40529641
46.13419954,27.75422496,6.84357236
46.03965454,27.72903393,6.81662536
46.04821975,27.82692387,6.86217849
45.82244282,27.54112349,6.70395690
45.41084042,26.13101947,6.28170134
45.31155312,25.98844252,6.24396849
45.30675031,26.10297608,6.25949953
45.25141125,26.22032473,6.26811225
45.36987349,26.21643505,6.28780192
45.32151305,26.30478203,6.29396225
45.19205108,26.36987050,6.28399288
46.09483434,27.91539205,6.91214879
46.14362843,27.84141202,6.88472536
46.11238712,28.02940535,6.97306352
46.19820149,27.92137363,6.93222376
46.51514317,26.85341654,6.57408542
46.42835160,26.72721882,6.53255824
46.35229087,26.68259190,6.51735945
46.54905521,26.94193887,6.60474874
46.44900457,26.74192467,6.53729353
46.49399629,26.76028174,6.54269118
46.32576499,26.66889227,6.51230349
46.29766271,26.65325623,6.50646935
46.23174887,26.61622596,6.49212404
46.20235787,26.59085724,6.48326332
46.15687951,26.58321917,6.47725508
46.50531412,27.31633543,6.73284797
45.87358657,26.27008675,6.37752320
45.88944395,26.34744036,6.39442658
46.51105664,27.26001074,6.71333491
46.03971597,26.56189961,6.45893517
46.46248023,27.46934608,6.78366850
45.91207206,27.15461310,6.58742274
45.84412549,27.19498303,6.58779850
45.59205184,25.85990548,6.27133244
45.52312955,25.84576268,6.25930248
46.39796915,27.66308109,6.85029813
46.23784011,27.79417704,6.87922067
45.91829312,26.43085787,6.41486569
45.87370095,26.18337907,6.36122961
45.63803634,25.88921839,6.28201010
45.37151282,25.91852456,6.24475080
45.43561418,25.85455670,6.24681990
46.54501953,26.88600771,6.58510612
46.52600097,27.44133794,6.78186390
45.99352115,26.52603636,6.44498818
46.50773591,26.75433261,6.54015667
46.49949637,26.74470801,6.53717242
46.51931762,26.75660851,6.54040508
46.51572970,26.74474406,6.53640945
46.52427800,26.82378428,6.56373697
46.52926290,26.83928996,6.56902571
46.54244410,26.82794376,6.56463464
46.59773486,26.96863355,6.61403749
46.58546353,26.96142598,6.61157955
46.48720100,26.74998809,6.53939230
46.49847400,26.72978825,6.53207248
46.55795527,26.92320736,6.59812595
46.52342719,26.81069889,6.55919911
46.56858692,26.95463450,6.60926391
46.35326774,26.65538400,6.50942024
46.58445592,27.08611917,6.65675438
46.51681950,26.80042292,6.55581941
46.30222800,26.61350200,6.49563770
45.83711461,25.89884141,6.30509486
45.84916104,25.85758266,6.29818531
45.80442324,25.85437127,6.29446464
45.84530838,25.82120490,6.29103260
46.57925817,27.02372777,6.63412101
45.78626356,25.91649049,6.30382847
46.55605704,27.28695541,6.72763830
45.98407734,26.46808925,6.43134918
46.11161559,26.53274143,6.46062574
46.66072927,27.54939528,6.84156546
46.03696469,26.42335185,6.42801338
45.98296556,26.41004504,6.41899643
45.95699754,26.35938351,6.40541636
46.56732920,27.38927330,6.76703868
46.19940725,26.55188695,6.47316376
46.23565053,26.57344712,6.48123919
46.46742713,27.59232739,6.83263090
45.82966482,27.10688703,6.55929301
45.25807600,25.88525253,6.22087288
45.94465477,26.16726154,6.36551085
45.23810486,25.75060349,6.20049218
45.16729015,25.81978726,6.19677213
45.48538863,26.62897008,6.38292943
45.39813519,26.73590690,6.39210823
46.35729519,27.77430427,6.89117173
45.42475364,26.51036836,6.34874014
45.53061687,26.90223361,6.45379878
45.96734390,27.96116216,6.91535100
46.47439398,27.75497184,6.90265098
46.32143877,27.89566376,6.94097927
45.35972787,26.40002323,6.31709590
45.82505684,27.28438801,6.61269904
45.21499450,26.00261346,6.22921402
45.71792298,27.19264492,6.56589951
45.77791735,27.47424399,6.67138106
46.45097127,26.71953004,6.53002505
46.53708318,26.85428941,6.57410564
46.54872631,26.86722182,6.57839558
46.56744618,26.93621619,6.60267875
45.94803300,26.02560511,6.33716361
45.96610661,25.99177416,6.33095596
46.43326481,26.70090579,6.52419400
45.87651556,25.92584137,6.31295950
46.05496888,26.48818402,6.44429647
46.33849973,26.62921393,6.50138216
46.26925812,26.59521617,6.48901953
46.56651309,27.20167840,6.69750058
46.55997636,27.23798818,6.71012762
45.94799608,25.96526092,6.32465447
46.59197303,27.43218521,6.78636134
45.93975322,26.29247805,6.38991894
45.93266927,26.22623918,6.37601858
45.96328043,26.06462783,6.34609546
45.19278525,26.11182096,6.24125974
45.15354610,25.91142842,6.20620239
45.07055945,26.01201771,6.20603076
45.70046016,27.48080038,6.66206665
45.69873400,27.62149772,6.71821710
46.50675547,27.66049797,6.86702970
45.32501255,25.67681875,6.20613235
45.06968835,25.83862661,6.18230258
45.21563108,25.62322163,6.18158698
45.12267207,25.71372258,6.17611043
44.98546327,25.71439770,6.15248955
44.89378196,25.56598114,6.11965581
44.81433233,25.73551114,6.12677123
45.07968782,25.55899386,6.15104990
45.97501263,26.11841234,6.35799317
45.91624949,25.94983782,6.32002049
46.16465687,26.53099244,6.46520019
46.52751983,26.78819732,6.55115771
46.55704082,27.33802720,6.74661687
46.50902366,26.73490123,6.53331635
46.51231180,26.72366273,6.52917313
46.52109670,26.73242180,6.53170599
46.53396219,26.80161183,6.55562301
46.52944095,26.77661092,6.54696420
46.54913728,26.90625938,6.59220261
46.57202389,26.90659637,6.59192375
46.58363275,26.93898500,6.60343603
46.58001282,26.92278147,6.59760100
46.61644489,27.04725232,6.64301228
46.62749823,27.06294288,6.64888452
46.64124121,27.04830332,6.64318414
46.62979091,27.08190442,6.65603167
46.64622909,27.06846872,6.65084075
46.54482383,26.79208901,6.55167158
46.60690216,27.02806319,6.63589314
46.59940290,26.98553153,6.62023690
46.37143468,26.63594106,6.50398202
45.99268336,26.02165582,6.33833928
46.00854054,26.05147384,6.34540129
46.03350673,26.02992887,6.34109651
46.00497514,25.98452320,6.33039153
45.98637449,25.95570975,6.32367834
46.15728065,26.48713673,6.45390779
46.20154399,26.50691957,6.46193549
46.20782709,26.44894931,6.44747977
46.11325120,26.47351767,6.44694657
46.59883888,27.26166395,6.72195211
46.60873186,27.35176964,6.75691501
46.60219869,27.30661564,6.73912138
46.62067846,27.39233630,6.77375464
46.65670906,27.35978093,6.76399215
46.60378458,27.06887901,6.65093199
45.88410969,25.83460521,6.29539105
45.87952813,25.88025745,6.30427038
45.97719007,26.20199631,6.37542584
45.98502564,26.24966392,6.38595921
46.02861247,26.21256202,6.38160207
46.58085325,27.65431667,6.87563716
46.56695542,27.71512558,6.89996190
46.64104306,27.68221036,6.89624130
46.56389700,27.94331953,7.00629691
46.60708944,27.98897942,7.03662532
46.65011337,27.94470770,7.02123560
46.65579423,28.03785027,7.07017359
46.60014185,28.11159985,7.10025813
46.59420680,28.20817587,7.15331213
46.68088501,28.14415585,7.13215096
46.56141115,28.03342116,7.05180313
46.50859854,28.13447072,7.09672998
45.09430572,25.31010205,6.12742625
45.01047296,25.23743753,6.10618007
44.98336443,25.39754576,6.11734657
45.14603909,25.19760859,6.12415523
45.44438058,26.84213911,6.42486832
45.69749345,27.36466072,6.61918351
45.33100593,26.84127431,6.40731307
45.28758144,26.91498439,6.42042830
45.39897096,26.96172621,6.44910261
45.22336115,26.73677190,6.36587644
46.26597355,28.06486451,7.01699475
44.80194907,25.42084471,6.08833512
45.13785611,25.40848405,6.14485875
45.29387263,26.49267955,6.32357783
45.69852735,27.83278092,6.81417353
45.76827449,27.95942870,6.88717931
45.53749381,27.81805105,6.78821921
45.58822450,27.97393542,6.87452406
46.41965046,27.85372806,6.93825952
46.56361889,26.87494124,6.58073405
46.56509936,26.86330111,6.57645668
46.45476186,26.70261999,6.52443042
46.54773143,26.84117377,6.56915950
46.55542025,26.85366215,6.57335108
46.56218294,26.89501827,6.58799597
46.56585879,26.88525558,6.58438514
46.53849594,26.81411069,6.55986758
46.60774664,27.09582831,6.66094500
46.47092819,26.71126682,6.52685048
46.45221736,26.68641068,6.51916713
46.59314074,27.17615579,6.68992268
46.33306064,26.59327202,6.49084373
46.30435849,26.57670694,6.48541331
45.95975232,25.92809224,6.31712610
45.92298720,25.90059978,6.31025253
46.35499396,26.60091900,6.49337291
46.62688799,27.46453292,6.80300916
46.27185567,26.55626326,6.47858702
45.76209948,25.80702967,6.28265146
46.60387667,27.21576691,6.70518354
46.00009961,26.16405039,6.36926873
46.23865355,26.53218970,6.47059358
45.61264143,25.70978502,6.25181936
45.99808668,26.30639092,6.39901510
46.02632599,26.36351813,6.41395397
45.41761327,25.61751957,6.21319073
46.01146615,26.08406919,6.35267357
46.51257706,27.86227296,6.95824895
46.62168269,27.85075299,6.97064805
46.44108580,27.99394801,7.01048614
46.63803394,27.42604256,6.78872550
46.09411173,26.43042283,6.43525027
46.56072200,27.78532211,6.93044354
45.33184505,26.61102538,6.35385324
45.15592924,26.56063208,6.31617992
44.96807821,26.15529365,6.21192250
45.12210625,26.19553689,6.24265477
44.93219165,25.87337594,6.16391281
45.03061163,26.29212756,6.24495956
44.98379803,26.44813579,6.26838945
45.57302847,27.25749278,6.56390368
45.38841712,27.26120327,6.53963621
44.90769814,26.01593839,6.18059592
44.75389351,25.93540062,6.14561840
45.22310698,25.49602574,6.16842620
44.71188647,25.58013668,6.09125521
45.83097866,28.11596376,6.98081560
45.32334012,25.56659194,6.19260403
44.92055605,25.13104100,6.08085151
44.86794135,25.27641489,6.08535049
46.60477684,27.00633489,6.62786659
46.43544381,26.67568459,6.51606710
46.53233508,26.75818681,6.54021291
46.52691940,26.74955542,6.53746336
46.52941794,26.74070868,6.53410602
46.57098341,26.85245149,6.57222756
46.58092127,26.87854270,6.58135598
46.57753991,26.89184389,6.58637783
46.59384245,26.88673672,6.58374416
46.59818642,26.91698314,6.59485278
46.58844601,26.90962014,6.59250403
46.60252416,26.90507165,6.59016717
46.59001874,26.89861043,6.58836997
46.48022855,26.67026981,6.51250528
46.49297225,26.67148099,6.51206889
46.48684379,26.65673807,6.50734481
46.48096534,26.68269849,6.51673765
46.55400176,26.81681163,6.56010666
46.56420367,26.84177221,6.56866365
46.45033161,26.64002104,6.50387566
46.43546908,26.64250423,6.50530702
46.44227967,26.65610223,6.50952072
46.42425286,26.63290757,6.50255622
46.61998622,26.98877863,6.62103477
46.45427157,26.66869815,6.51325048
46.41244249,26.58285488,6.48684805
46.39917911,26.59146964,6.49006681
46.41253994,26.59913999,6.49208109
46.42154748,26.56692085,6.48118031
46.39913909,26.57069341,6.48348499
46.67880722,27.08059452,6.65480098
46.66385171,27.07194796,6.65184404
46.65666458,27.08938575,6.65877732
46.48787584,26.70801345,6.52507533
46.63025217,27.03112016,6.63683005
46.62267548,27.01658330,6.63146516
46.62875198,27.00258310,6.62602152
46.39211303,26.61291505,6.49691877
46.36740747,26.61401713,6.49735693
46.03836886,25.93354130,6.31819433
46.01355841,25.93644557,6.31936687
46.02096873,25.95720711,6.32416924
45.99577266,25.92380164,6.31653990
46.66173432,27.14440494,6.68010224
46.63975616,27.12735075,6.67333472
46.62489451,27.15049785,6.68176958
46.63473634,27.10545386,6.66497197
46.35701078,26.57734336,6.48634875
45.87443951,25.80055010,6.28820805
45.90671735,25.80065599,6.28894871
45.89180492,25.77209862,6.28274043
46.67040984,27.39874263,6.78058261
46.41475371,26.61765715,6.49794127
45.71609789,25.72506557,6.26479008
45.76574924,25.73683174,6.27064679
45.75162203,25.69257617,6.26188122
45.72067465,25.77452918,6.27343443
46.07474927,26.38761303,6.42381675
46.08624706,26.34274808,6.41459258
46.63830210,27.24353881,6.71759063
46.63796913,27.28074982,6.73186397
46.37899648,26.59087997,6.49028746
45.67748690,25.70487733,6.25797727
45.81407174,25.80444660,6.28606503
45.80878434,25.76315411,6.27810079
46.63805166,27.61155107,6.86517578
45.61234818,25.63190550,6.24008636
45.52302316,27.38409835,6.60082774
46.38459276,28.17779358,7.09917665
46.36407791,28.29160531,7.16218694
46.48527540,28.30309917,7.18999725
46.24111182,28.27514264,7.13211778
45.06740002,26.69154439,6.33380492
44.99170030,26.60431274,6.30354106
44.91533853,26.72787133,6.32487039
44.83539929,26.59284985,6.28254058
45.65692063,28.11933043,6.96355956
45.99182507,28.14040360,7.01585872
45.41331650,27.96857637,6.85592948
45.48905094,28.12213606,6.95067184
45.73115478,28.26597492,7.06039411
46.53761907,26.76930169,6.54388142
46.50158028,26.71340910,6.52621132
46.54937962,26.80432214,6.55583453
46.54120876,26.78044402,6.54768238
46.33457860,26.56158452,6.48163942
46.30695304,26.54203902,6.47568496
46.46804655,26.69305642,6.52085509
46.46749733,26.67761686,6.51567920
45.98410805,25.90730604,6.31279618
45.96599325,25.89237110,6.30939883
46.64268548,27.01490825,6.63029464
46.04316880,26.05900892,6.34793746
46.03729627,25.97685162,6.32865982
46.02610150,26.12392304,6.36206972
45.91636472,25.85743814,6.30107626
45.95037540,25.86671979,6.30363030
46.67167631,27.49675123,6.82074111
46.68423757,27.44294061,6.79966479
46.27632366,26.51821092,6.46834536
46.24156260,26.49063495,6.45974967
46.62987074,27.18378608,6.69447752
46.64653322,27.21127058,6.70557778
46.14739430,26.43457346,6.44046675
46.04837579,26.31471291,6.40537205
46.03881069,26.26899046,6.39460965
46.13024991,26.37823875,6.42585379
46.05037598,26.16371980,6.37201678
45.26227392,25.38377248,6.16202751
45.20339459,25.29826290,6.14362039
46.63585819,27.75539318,6.92832140
45.42218635,25.51708466,6.20106485
45.50133657,25.56289190,6.21743796
45.67142493,25.65587079,6.24953660
44.80257920,26.12579981,6.18321406
45.62443499,27.47637562,6.64939054
45.50211107,27.53057368,6.65470172
45.21887805,26.86566134,6.39782757
45.33564538,25.45987233,6.18177010
44.61026464,25.77638881,6.10201279
45.34267198,27.10847661,6.48394727
45.05704036,25.10910302,6.10133834
44.99061374,25.01121465,6.08135787
44.87414734,26.28990572,6.22245405
46.12702698,28.17441529,7.05509925
44.60127336,25.41791455,6.05502991
44.51533084,25.60657797,6.06544103
45.05926069,26.85063612,6.37372252
45.87648267,28.25604426,7.06970608
46.02896547,28.32831921,7.13402507
45.48253863,27.67429921,6.71417802
46.48286800,26.69663893,6.52142166
46.55874758,26.82967938,6.56453290
46.64687138,27.32028709,6.74776460
46.03008375,26.00225484,6.33466354
45.56704233,25.58865798,6.22879892
46.59541286,26.92854031,6.59925766
46.61553942,26.97292420,6.61518965
46.61794851,26.90005006,6.58728769
46.61798798,26.88899762,6.58298360
46.60536914,26.89355830,6.58563795
46.62619561,26.89268264,6.58374679
46.62927794,26.88444171,6.58018601
46.50421726,26.68057472,6.51443090
46.49179054,26.68570788,6.51714229
46.49847353,26.69654853,6.52050447
46.53342165,26.73114990,6.53031977
46.52753646,26.72114334,6.52715524
46.62965812,26.92737922,6.59706761
46.61784152,26.92972534,6.59870369
46.62237453,26.93644241,6.60102708
46.60868907,26.92470639,6.59726253
46.57419198,26.83054891,6.56394383
46.56942207,26.81867586,6.55985336
46.57891524,26.84187872,6.56785583
46.58940231,26.83166688,6.56322889
46.56466547,26.80647374,6.55566051
46.55070365,26.77183628,6.54389222
46.53980599,26.74820206,6.53605388
46.62956472,26.96099994,6.61007492
46.65112773,27.03209254,6.63666305
46.65948453,27.04367674,6.64089519
46.66986671,27.03376246,6.63654327
46.66030720,27.05741342,6.64625443
46.67450378,27.04825096,6.64208687
46.47070201,26.66169474,6.51011970
46.42614821,26.60258318,6.49264559
46.44040699,26.59767081,6.49026199
46.42764969,26.58595937,6.48711614
46.63888337,26.98937117,6.62058975
46.43333327,26.61444996,6.49620650
46.67801439,27.06349980,6.64802502
46.37725299,26.56625392,6.48273630
46.36116882,26.55059364,6.47824995
46.38993438,26.54189290,6.47470666
46.00561349,25.90310401,6.31164632
46.02629712,25.91213626,6.31333241
46.02514754,25.88371671,6.30642455
46.06202820,25.96875187,6.32615902
46.05009725,25.95358720,6.32276925
46.08550493,25.97255219,6.32613786
46.07527800,25.95044029,6.32093936
45.99602815,25.88623169,6.30784733
46.07088585,26.03395345,6.34202379
46.05569631,26.01147805,6.33675371
46.05948461,25.98910585,6.33125872
46.67307218,27.20651605,6.70450508
46.69815457,27.21018195,6.70628096
46.68902751,27.18964599,6.69802317
46.67552774,27.23148326,6.71437749
45.99755683,25.84073072,6.29700832
45.97119527,25.84424442,6.29850276
45.98271848,25.86553736,6.30324118
45.94708455,25.83517461,6.29665219
46.66055483,27.18767750,6.69688855
46.59843782,26.87567025,6.57928975
46.05294459,26.09118702,6.35555323
46.66714515,27.26053129,6.72551417
46.67883556,27.29008773,6.73767802
46.70709800,27.25793226,6.72564457
46.14476464,26.28186944,6.40322330
46.14881540,26.25258444,6.39604392
46.11915151,26.25965851,6.39702305
46.16681053,26.23194019,6.39090263
46.12820688,26.22405493,6.38863550
45.84526723,25.74067671,6.27534150
45.81923156,25.71664353,6.26976371
46.73271905,27.43930329,6.80157439
46.71720517,27.40691459,6.78709061
46.69767647,27.32704513,6.75333171
46.70473444,27.36907715,6.77078830
46.18549896,26.39394375,6.43253627
46.22447130,26.40111604,6.43555025
46.21994091,26.36354562,6.42551902
46.08626752,26.00298350,6.33392818
46.09253841,26.29211453,6.40341328
46.72577145,27.47778550,6.81741834
46.71093127,27.64603105,6.88897338
46.08180666,26.24377648,6.39170048
46.72135012,27.88112750,7.00041273
45.85135850,25.77771320,6.28285882
45.36503327,25.35222067,6.17280809
45.16679528,25.07478438,6.11422013
45.19301005,27.00506888,6.43360624
45.35266140,27.44034185,6.60112632
44.39025420,25.48638044,6.03275012
45.19581593,27.19294410,6.49351362
44.57913666,25.95141324,6.12501291
44.62798499,26.09448032,6.15553340
44.44870237,25.88887505,6.09936632
44.45415128,26.06135531,6.13042826
44.64993425,26.59831212,6.26583500
44.76523008,26.44365562,6.24060005
45.33644462,27.79217790,6.75635326
45.33705916,27.60831340,6.66959502
46.54713003,26.76002714,6.53981250
46.55571015,26.78337015,6.54776872
46.51795855,26.71137895,6.52439283
46.51191929,26.70046013,6.52093837
46.56030533,26.79492482,6.55169963
46.63398801,26.97519938,6.61533319
46.45949089,26.65205776,6.50745886
46.44255512,26.62731614,6.50002307
46.33768347,26.53137302,6.47275800
46.31107681,26.50833414,6.46609457
46.66327772,27.11741219,6.66960636
46.07126863,26.12424839,6.36361743
46.08513051,26.19748937,6.38112493
46.65070116,27.16633142,6.68843758
45.91961846,25.82540949,6.29437593
46.07765937,26.06568397,6.34969000
46.71293732,27.79162248,6.95596151
45.67679984,25.59808373,6.24053026
46.28132940,26.48224325,6.45849041
46.25338249,26.45798580,6.45136073
45.57572790,25.51507323,6.21886166
45.51102888,25.46944471,6.20564341
46.72009948,27.52616071,6.83759838
45.71757628,25.67382620,6.25627090
46.75798927,28.07295913,7.10555233
46.13697586,26.32238516,6.41282715
46.71251555,27.58246569,6.86120074
46.70965504,27.71501091,6.91991545
45.79282377,25.68265468,6.26225136
46.70479789,28.38516890,7.27988503
46.69940070,28.25716157,7.20043188
46.61621176,28.31089034,7.21794005
46.79787060,28.18601435,7.17542260
45.62869562,25.56173246,6.23081800
45.43428259,25.41686481,6.18970321
45.26645231,25.20214598,6.14197091
45.30664248,25.28432318,6.15692273
45.24465258,25.11778963,6.12941000
46.73625279,27.97263994,7.04891545
45.56419516,28.26853664,7.04798982
45.63823114,28.40890653,7.14809743
44.66612090,26.28560789,6.19634670
44.44209208,25.74396972,6.07553545
44.32840523,25.65666316,6.04903043
45.19322813,27.35498055,6.55151358
46.53951299,26.73824415,6.53241201
45.81947573,28.42637480,7.17506501
46.64442668,27.00026787,6.62456943
46.64189203,26.94866146,6.60455456
46.53882034,26.72411030,6.52725448
46.54460930,26.73125009,6.52934970
46.54865982,26.72256703,6.52566346
46.55763052,26.76460183,6.54062559
46.56489458,26.77335478,6.54325105
46.56690307,26.76133427,6.53847646
46.61998769,26.87969815,6.57918743
46.61192863,26.87368537,6.57753061
46.60807495,26.88313409,6.58148366
46.60529456,26.86584727,6.57503412
46.59088975,26.84202891,6.56705558
46.60617824,26.85095363,6.56919263
46.60766667,26.84434590,6.56646668
46.67076769,26.98178094,6.61560434
46.66658585,26.97461534,6.61304105
46.66212607,26.98290345,6.61672104
46.67871457,26.98535532,6.61636111
46.67913360,26.97466572,6.61191769
46.55322761,26.75048754,6.53573450
46.62644133,26.90864724,6.58998143
46.63076685,26.89881663,6.58575824
46.62195675,26.91979993,6.59463548
46.63609597,26.91607066,6.59213393
46.61266653,26.85695431,6.57092304
46.53922756,26.71595694,6.52416515
46.50997107,26.69007621,6.51736568
46.51957148,26.69108849,6.51689545
46.51724087,26.68046636,6.51322212
46.61299132,26.91234872,6.59234140
46.55791891,26.75752850,6.53793027
46.52443922,26.70010592,6.51974549
46.44504298,26.58148639,6.48447589
46.44805680,26.56724490,6.47933442
46.43606437,26.57169709,6.48182212
46.45187296,26.55645258,6.47520382
46.43881203,26.55658009,6.47647084
46.65373330,26.99054890,6.62029817
46.47584944,26.64489770,6.50401618
46.66348814,27.01945639,6.63118890
46.46023337,26.62389409,6.49786885
46.45023767,26.61032203,6.49390732
47.76807684,29.18930640,8.08387164
47.77294660,29.20359445,8.09818085
47.78492811,29.18809637,8.08423555
47.75899279,29.17772377,8.07181100
47.74840684,29.20009550,8.09230954
46.38418926,26.49824794,6.46106299
46.36858252,26.48749425,6.45851309
46.37005848,26.50528167,6.46403004
46.39196886,26.48109040,6.45493826
47.75054777,29.13804760,8.03279576
47.73974190,29.17534999,8.06763186
47.69700271,29.18410962,8.07127305
47.72163437,29.19361603,8.08317207
46.67704020,27.16809397,6.68943792
46.06477947,25.93164844,6.31665004
47.69921597,29.12428211,8.01481874
47.67297666,29.13936684,8.02619864
47.69719855,29.15379762,8.04255842
47.65064756,29.12590120,8.01096207
47.64568670,29.15517074,8.03771128
46.10201385,26.04791201,6.34484469
46.12731967,26.05983184,6.34697198
46.73287012,27.31444680,6.74932966
46.71775443,27.29322946,6.74024832
46.74712977,27.29654562,6.74203257
46.81896982,27.38170828,6.77880456
46.80160464,27.43115266,6.80079258
46.83258329,27.40880131,6.79089611
45.93643522,25.68248206,6.26169518
45.91792991,25.65093302,6.25516842
45.94383110,25.79936708,6.28866860
47.61750236,29.13268224,8.01313789
47.67133088,29.17151263,8.05626133
46.09553580,26.15562618,6.37148280
45.91774800,25.74464972,6.27676626
45.92786750,25.77160984,6.28264293
46.73766115,27.34263239,6.76119052
46.34521305,26.50028684,6.46334883
46.69181270,27.15071168,6.68247964
46.68214964,27.13330299,6.67567279
46.69198334,27.11823059,6.66945241
45.83949412,25.67354514,6.26172347
45.81542179,25.63290407,6.25320598
45.76236502,25.64929641,6.25469916
45.77462271,25.59181761,6.24436898
47.51173743,28.97541569,7.85688787
45.72537813,25.57679122,6.23982033
45.69354297,25.54170311,6.23204086
45.75811145,25.53251280,6.23259837
47.61899982,29.17195659,8.04981687
47.58370353,29.17093774,8.04382051
47.60384067,29.21267821,8.08549665
47.57206383,29.12351943,7.99851024
47.53586657,29.16960954,8.03525610
46.77264374,27.55168319,6.85285283
45.72225200,25.62237065,6.24772157
47.47672814,28.85817282,7.75059039
47.38221750,28.85706691,7.73772500
47.33735168,28.90826908,7.77390152
47.27380165,28.93974130,7.78963861
47.31855117,28.97055313,7.82339532
47.33609319,29.03046440,7.87779841
46.80367536,27.82405365,6.98300173
47.24284314,28.74157124,7.62363245
47.31198884,28.72178517,7.61793417
47.27620312,28.67603975,7.57730150
47.29783844,28.79440249,7.67402386
46.17847307,26.34692919,6.42041515
45.25526746,25.02920256,6.12027266
45.30858691,25.06232209,6.13012635
45.33463124,24.99448506,6.12359413
45.33116401,25.12406484,6.14032385
45.38862524,25.04630683,6.13493910
46.76858072,27.45540620,6.81036066
45.59942695,25.42566634,6.20697073
45.64700912,25.49537283,6.22145580
47.25933953,28.87515005,7.73359382
47.21144157,28.81314378,7.67527258
47.17425408,28.88038914,7.72292445
47.16996041,28.75612394,7.62326963
47.12014103,28.82247645,7.66664627
46.18545193,26.26160930,6.39853850
45.51848707,25.37899079,6.19344707
45.38973493,25.26701265,6.16502996
45.36073147,25.19809155,6.15295204
45.46642059,25.30029971,6.17740097
45.44766133,25.19401631,6.16062892
46.92348091,28.33750643,7.28731719
46.87953574,28.25002440,7.22626280
46.80404541,28.30328076,7.24631172
46.90507314,28.17525002,7.18552682
45.19605089,24.98959676,6.10865250
45.28655319,24.92269615,6.10996118
46.81561991,28.39789134,7.30769451
46.88185991,28.46485513,7.36312902
46.99963038,28.58556547,7.46690079
46.94449424,28.53549862,7.42211664
46.92189488,28.64988617,7.49931158
47.03838391,28.50190590,7.41454767
46.88097324,28.77076111,7.58182827
46.86507660,28.90541011,7.68459814
46.99758794,28.83342125,7.65245556
46.80860593,28.69676940,7.51268537
46.73864836,28.83362850,7.60407230
46.83374731,28.58725604,7.43834617
46.75812038,28.50019816,7.36464059
46.68624950,28.65800408,7.46183404
46.58446315,28.39989757,7.26765530
46.96134098,28.23736583,7.23068312
46.62140155,28.51442340,7.34947498
46.48057504,28.48652241,7.30600053
46.50407300,28.65035320,7.42443660
46.34519802,28.41033586,7.23329109
46.32085020,28.61847562,7.37223369
45.05583837,27.14090584,6.46154395
44.96930223,27.02433814,6.41529992
44.90193846,27.17454296,6.46005060
44.29521706,25.81845708,6.07134081
45.16508790,27.68193989,6.68935256
45.17669606,27.51908244,6.61634661
44.98529085,27.60082100,6.64013436
45.39621831,28.27485862,7.04223104
44.50169785,26.36200711,6.19662010
44.58104706,26.45859379,6.22571512
44.35614128,26.37330047,6.18803360
44.43376409,26.46989854,6.21677945
44.89618674,27.45404983,6.56949173
45.05118617,27.44400674,6.57488721
45.01399938,27.29575165,6.51318624
44.19964872,25.55305480,6.01936446
45.16259275,27.82816738,6.76294067
44.48121429,26.23068900,6.16640959
45.10833003,25.00279208,6.09839260
47.69962984,29.21562022,8.10150699
46.57345294,26.79758024,6.55164090
46.63494685,26.93699587,6.60045740
46.64747864,26.96242255,6.60959329
46.53102178,26.70893418,6.52237386
46.57044763,26.78618242,6.54759585
46.57942336,26.80807274,6.55509997
46.58442897,26.81972423,6.55909843
46.01100816,25.86212591,6.30169076
46.65211191,26.97732776,6.61516967
46.10484758,26.02345649,6.33844236
46.68153365,27.09966564,6.66231870
46.05505708,25.91187768,6.31209643
46.04905548,25.89143766,6.30719161
46.40922223,26.55250047,6.47716688
45.98122083,25.81423403,6.29123905
46.12752556,26.18167610,6.37815473
47.64051283,29.09816479,7.98392352
47.60472438,29.08703232,7.96934198
47.66048147,29.07882686,7.96810352
47.63709144,29.05850530,7.94676110
46.36527494,26.52433779,6.47012668
46.31648746,26.47524279,6.45646817
47.56123666,29.07641415,7.95400159
47.59705690,29.04192525,7.92706459
47.54763049,29.02200139,7.90300743
46.28662139,26.44796309,6.44887669
46.25395683,26.42408384,6.44214491
46.77298372,27.61039255,6.87916894
46.18240536,26.30212092,6.40906293
46.77522744,27.67529705,6.90899940
46.78223832,27.74421222,6.94197196
46.80524784,27.91057528,7.02666991
46.99205723,28.42373361,7.35413764
45.24180375,27.95782542,6.83849062
46.85889523,28.09961200,7.13544449
46.83539546,28.00043430,7.07771435
45.69126142,28.56160524,7.26304046
45.59323427,28.66510559,7.34012842
45.70877977,28.72100743,7.39050848
45.97870324,28.54344785,7.27385029
45.55091379,28.53990827,7.23939435
45.47375116,28.40807214,7.13825066
46.16690171,28.47323039,7.24796724
44.82463256,26.90970911,6.36699002
44.72354353,26.74472047,6.31085678
45.31804300,28.11665824,6.93657042
44.12686990,25.73061230,6.04076036
44.28591586,25.99812465,6.10277899
46.46359062,26.63859279,6.50266487
46.70691503,27.22941303,6.71409292
46.77042239,27.49926833,6.82958588
46.26108881,26.38064808,6.43012608
45.82957648,28.63036796,7.32516505
46.59886854,26.80152123,6.55051651
46.59719398,26.80817949,6.55334362
46.60475698,26.80530485,6.55126460
46.59214359,26.79562000,6.54897557
46.59027402,26.80400298,6.55248499
46.56328961,26.75185992,6.53523496
46.55924084,26.74493026,6.53302373
46.56089485,26.73789633,6.53012172
46.55071167,26.74036839,6.53216695
46.62944466,26.87515539,6.57644908
46.62189409,26.87216293,6.57602959
46.61785572,26.86567407,6.57385575
46.63434906,26.89097466,6.58229530
46.63785339,26.88483573,6.57942808
46.64094124,26.89621371,6.58370727
46.64311200,26.88885871,6.58047483
47.89159723,29.32690856,8.23062452
47.89693070,29.31936967,8.22354477
47.88786144,29.31788250,8.22128804
47.89662847,29.33419232,8.23834267
47.90230163,29.32721790,8.23185443
46.66167505,26.96558311,6.60979358
46.49964463,26.65713501,6.50641414
46.50622804,26.66629698,6.50911630
46.51322102,26.67178857,6.51043552
46.51697956,26.66226572,6.50652550
46.58938416,26.81127060,6.55538826
46.60143837,26.83753695,6.56440679
46.66734552,26.99039726,6.61934806
46.64219074,26.92656682,6.59578689
46.47410083,26.62963464,6.49884214
47.84572531,29.26620030,8.16624274
47.83865804,29.25500956,8.15456177
47.83083377,29.26926751,8.16791011
47.85779497,29.26214832,8.16323348
47.85145950,29.25385091,8.15448030
47.82219622,29.22981876,8.12830190
47.83414150,29.22803260,8.12751779
47.82640454,29.21791817,8.11691622
47.82522505,29.23883285,8.13743781
46.46611480,26.60696312,6.49158102
46.45874042,26.59177819,6.48691736
46.47320472,26.61668487,6.49437582
46.48151451,26.60469844,6.48930361
46.72710218,27.07343678,6.64892895
46.69787394,27.08777767,6.65691035
46.70403621,27.10333692,6.66296502
46.66075519,27.00333377,6.62494877
46.68862651,27.03537946,6.63609461
47.76837057,29.16233686,8.05778324
47.77668527,29.17543330,8.07120390
47.78584086,29.16054341,8.05746743
47.75270976,29.16386408,8.05785288
46.69713929,27.07042140,6.64986829
47.75923492,29.14940880,8.04449535
47.76585922,29.13386298,8.03000551
46.72921757,27.13777733,6.67599832
46.74967553,27.13951834,6.67545167
46.76347325,27.16689484,6.68631155
46.38622381,26.51520678,6.46638394
46.11791990,26.00203494,6.33203745
46.12827162,26.01755781,6.33555108
46.14226806,26.00344895,6.33050434
46.12645669,26.03607279,6.34067907
46.15045259,26.02242931,6.33515905
46.09909591,25.94804571,6.31876753
46.08941683,25.93073160,6.31482574
46.11128678,25.96250082,6.32174246
46.12002742,25.94458363,6.31589558
46.60250505,26.82759297,6.56042381
46.63827859,26.90511710,6.58756483
46.04816245,25.87241649,6.30233999
46.06600470,25.87433243,6.30149635
46.06106948,25.85348804,6.29629123
46.70497916,27.13568130,6.67611738
46.71899712,27.11871403,6.66857923
47.72741606,29.11535705,8.00902612
47.75254934,29.12052327,8.01608453
46.42572322,26.54674602,6.47418012
47.75719799,29.24452068,8.13606840
47.76028177,29.21915291,8.11193702
47.74374216,29.22729080,8.11794504
46.02420166,25.83916583,6.29532309
46.01145593,25.82236711,6.29182892
46.01405078,25.80248717,6.28661923
47.67386347,29.10561176,7.99457774
46.08081653,25.91187170,6.31040932
46.07253703,25.89299339,6.30598648
46.81283977,27.28913004,6.73739165
46.76886764,27.31574892,6.75021648
45.97314251,25.76004151,6.27851338
45.95273446,25.74614717,6.27613051
45.95438743,25.77228921,6.28222597
46.00006270,25.76176395,6.27718811
45.98408582,25.73939770,6.27267041
46.72593442,27.21240054,6.70709204
46.16787701,26.10343173,6.35658496
46.15698923,26.07510209,6.34943035
47.68597541,29.07480470,7.96684509
45.97465806,25.78327803,6.28407195
46.12828523,26.14789197,6.36968054
46.14852562,26.12623066,6.36366614
47.63155795,29.01810063,7.90892223
46.45905445,26.57483456,6.48096089
45.86029312,25.63883880,6.25440981
45.84982081,25.61091832,6.24854934
45.88062413,25.66569463,6.25992197
45.89153745,25.63593826,6.25292413
47.66853080,29.21012948,8.09229729
47.64143065,29.19043978,8.07015001
47.63624570,29.22466326,8.10146569
47.70772297,29.09374951,7.98671611
45.72143199,25.48281161,6.22243894
45.67734043,25.43997717,6.21336661
45.66305945,25.39548332,6.20493099
47.48015728,29.10109368,7.96431265
47.43583694,29.08365883,7.94152536
47.43246707,29.14520508,7.99579664
47.41137693,29.03274774,7.89261963
47.36901508,29.11027127,7.95338496
47.33452890,28.67274249,7.58203016
47.37050098,28.69719986,7.60548185
47.39111630,28.63850870,7.56080434
47.48132266,29.03502792,7.90552979
47.32989591,28.84691567,7.72168775
47.37565429,28.79733617,7.68730464
46.87761339,27.81207565,6.98461071
46.87330966,27.86649157,7.01194853
46.94222612,27.83496312,7.00142767
46.85364872,27.76286594,6.95796527
47.51920450,29.07014174,7.94245863
47.52586408,29.11627703,7.98513428
45.47646011,25.11415130,6.15035971
45.52085228,25.14083730,6.15644040
45.53481244,25.06583600,6.14346034
45.41162823,25.12144009,6.14740225
45.57832274,25.27947873,6.18182853
45.53483058,25.31307832,6.18485172
45.58141482,25.34168811,6.19229864
47.53263546,28.92901372,7.81837767
46.91859807,28.04130003,7.11062089
46.97831217,28.05839032,7.12695343
46.97974886,28.00515088,7.09687343
47.01713593,28.09617614,7.15281137
47.03295231,28.03703263,7.11964551
47.01496590,28.28125487,7.26522329
47.05519550,28.21222757,7.22694092
47.14593291,28.36108970,7.33326053
47.06685752,28.36504178,7.32620007
47.07619032,28.42323973,7.36637522
47.02147771,28.33700723,7.30168805
47.16750127,29.01189044,7.83057442
47.19661269,29.07008477,7.88574652
47.25174950,29.00852947,7.84369530
47.19020704,29.14678306,7.95086892
47.27262367,29.10318350,7.92908525
47.20190412,28.94333109,7.77968553
47.08831197,28.94955000,7.76334339
45.94109184,25.71707217,6.26973675
47.08881044,28.58025161,7.47797349
47.16358892,28.62252867,7.52057851
47.19724950,28.53598761,7.46179057
45.40314233,28.68218078,7.35158634
45.49182194,28.63981449,7.31689446
45.40490669,28.56015600,7.25118542
45.37974128,28.77597555,7.43397207
45.49184579,28.74801579,7.40829977
45.59985413,28.79005520,7.44598335
45.59335337,28.88468355,7.53070935
45.69492206,28.87063123,7.51907364
45.51690627,28.85012438,7.49931785
45.52527608,28.93800466,7.58121146
46.96475619,28.95934377,7.74753580
46.98036196,28.72175571,7.56324633
47.09031469,28.70832637,7.57289776
47.01642595,28.65002575,7.51646657
47.19803883,28.68424790,7.57234122
44.27830752,26.20555292,6.14448737
44.73984905,27.19004420,6.45532304
44.57280481,27.18866998,6.44759854
44.62764469,27.34311649,6.51156546
44.82355433,27.07053376,6.41822341
44.68168762,27.05334684,6.40317828
44.50880334,27.05061836,6.39419211
44.61766281,26.90482850,6.35047412
45.53251210,25.26579516,6.17732888
45.51719222,25.21437962,6.16832527
44.12764752,25.91674938,6.07455760
46.58338743,26.79932854,6.55137247
46.58162591,26.79140790,6.54850190
46.55473145,26.73118910,6.52826322
46.54263083,26.70610133,6.52007598
46.48689155,26.63214602,6.49863044
46.64949883,26.93585705,6.59886549
46.61278627,26.84902086,6.56779669
46.59564977,26.81550277,6.55640605
46.56805794,26.74408838,6.53166995
46.53629647,26.69820912,6.51782069
46.52983139,26.69065396,6.51569755
46.52556887,26.68397173,6.51366213
46.57495951,26.76807302,6.54017705
46.57643436,26.77675703,6.54339167
46.58108462,26.78356909,6.54552212
46.67677671,27.00910242,6.62622572
46.67720338,26.99645135,6.62105142
46.41350883,26.53449687,6.47098570
47.81319793,29.23982272,8.13732989
47.82187651,29.25406162,8.15211372
47.79819674,29.23533001,8.13150932
47.80048440,29.25828281,8.15413406
47.80181531,29.21536090,8.11233649
47.81334084,29.22403879,8.12185734
47.78005432,29.25045842,8.14435854
47.79241443,29.20280232,8.09922924
46.74297683,27.27409213,6.73261154
46.74309476,27.25176841,6.72326068
47.78032942,29.22406778,8.11877533
46.68062010,27.02141230,6.63095675
46.73224967,27.23374355,6.71584698
46.03664463,25.85781097,6.29931866
47.72441810,29.22244933,8.11104595
46.16149748,26.15868384,6.37183906
46.77488561,27.35081128,6.76530893
46.69344968,27.05249756,6.64276804
46.10988665,25.98240922,6.32727581
46.81408579,27.46869001,6.81782568
46.82190121,27.51824328,6.84047709
46.16829138,26.19856961,6.38219665
45.99747626,25.78867555,6.28420815
46.34728882,26.47023462,6.45412922
46.83927591,27.70127205,6.92685786
46.32441973,26.44207061,6.44644740
47.66928191,29.05409151,7.94588254
46.29511372,26.41064748,6.43804647
47.59752418,28.99486874,7.88426239
46.21978692,26.32237121,6.41449727
47.56358221,28.96494237,7.85368239
47.24665514,28.60871024,7.52196161
46.87053021,27.92814332,7.04371481
45.82770878,25.58550832,6.24345136
47.43715230,28.82828580,7.72066962
46.82999388,27.57294227,6.86590047
46.83960845,27.63652065,6.89609682
45.63785581,25.35586876,6.19712101
47.35038486,28.74899954,7.64468985
46.92008699,27.96961076,7.07132168
46.99151613,28.16040948,7.18809680
46.94480109,28.10579968,7.15038595
45.31062758,28.42393656,7.14491859
45.06059741,27.94947370,6.82589081
45.95795351,28.72922246,7.41337083
47.13820216,28.46472418,7.40334474
44.53312209,26.75280430,6.29924018
44.46682345,26.60026787,6.25251040
45.82065928,28.79967839,7.46188855
46.11575285,28.66882725,7.38223802
45.22382050,28.26983136,7.03294787
45.14366506,28.10567767,6.92287741
44.81571915,27.32350074,6.51094715
43.98493205,25.85202528,6.05230162
46.54857540,26.71283531,6.52194577
46.40474548,26.51894008,6.46645875
46.04018680,25.81542985,6.28791437
46.59516191,26.82260546,6.55921198
46.25473457,26.33889474,6.41851922
45.72910952,25.43410748,6.21314332
44.99979690,27.78459355,6.73231114
46.58448994,26.75306416,6.53299333
46.58002645,26.75461124,6.53424478
46.58497319,26.75847158,6.53511124
46.58736510,26.74886800,6.53082114
46.58069308,26.74883519,6.53184880
46.57050909,26.72414015,6.52340499
46.56684268,26.72025739,6.52241194
46.56634776,26.72568202,6.52464117
46.57312342,26.72012754,6.52135907
46.57067500,26.71545559,6.51985358
46.56587892,26.71510836,6.52047807
46.56175527,26.71168588,6.51974457
46.56188621,26.71735241,6.52196932
46.57970746,26.74336907,6.52978225
46.57537130,26.73948839,6.52886503
46.57524904,26.74563335,6.53132341
46.58492913,26.74386314,6.52915809
46.58256377,26.73902012,6.52755342
46.54938349,26.70127241,6.51737719
46.55038446,26.70646329,6.51927148
46.55593817,26.70273576,6.51704160
46.54420370,26.69893946,6.51715399
46.54423483,26.69334791,6.51499082
46.53903222,26.68886880,6.51393791
46.54691169,26.68724119,6.51223383
46.64976707,26.88661595,6.57870045
46.65063604,26.89305519,6.58126233
46.65348213,26.88140285,6.57596278
46.64509162,26.88152714,6.57718868
46.65051282,26.87543273,6.57386932
46.64387732,26.87498986,6.57464132
46.63871389,26.87017896,6.57331779
46.63744931,26.87829867,6.57682444
46.60421131,26.81151495,6.55384964
46.61117359,26.81271557,6.55341759
46.60975022,26.80791828,6.55166243
46.65567436,26.89849461,6.58288448
46.65942614,26.89343880,6.58020719
46.65620828,26.90600585,6.58595024
46.66245473,26.89954884,6.58236930
46.61122178,26.83841544,6.56374681
46.61620052,26.84312541,6.56506552
46.61966942,26.83530258,6.56148354
47.88728949,29.30349473,8.20686182
47.88402562,29.29693473,8.20003555
47.87677089,29.30390832,8.20638991
47.89556195,29.30229397,8.20631054
47.89156090,29.29614423,8.19983194
46.58686326,26.77728454,6.54237750
46.66162946,26.93825677,6.59867659
46.67180108,26.93830492,6.59754617
46.60519872,26.81873596,6.55660828
46.57697293,26.76014532,6.53685182
46.61111131,26.83181371,6.56113073
46.61381205,26.82377975,6.55755886
46.65464913,26.91445364,6.58964490
46.64673870,26.91824865,6.59203168
46.65396896,26.92405980,6.59366398
46.64676949,26.91013923,6.58874804
46.62436360,26.85812836,6.57015777
46.52754205,26.67576220,6.51034989
46.55593189,26.71640751,6.52241524
46.55974759,26.72356415,6.52471005
47.85446602,29.27407201,8.17480011
47.84093519,29.28241141,8.18181913
47.85487418,29.28636043,8.18701637
47.86498792,29.26829674,8.16992566
46.56355639,26.73064850,6.52698476
46.68952781,27.00066465,6.62170406
46.74157304,27.07650066,6.64878545
46.74622493,27.08804666,6.65335130
47.84727934,29.24405628,8.14442463
47.83538486,29.24205119,8.14147816
46.62930842,26.86622835,6.57286261
47.86466466,29.27920446,8.18076333
47.86608623,29.29332420,8.19492553
47.84874352,29.30326469,8.20314442
47.86244190,29.32041511,8.22143664
47.86475935,29.30669434,8.20807531
47.87121019,29.31347942,8.21540702
47.81879761,29.20767058,8.10621558
46.59039709,26.78609744,6.54543026
46.49805574,26.62038400,6.49316326
46.41664074,26.50715819,6.46156029
46.42227313,26.51834377,6.46485389
46.43066811,26.50478757,6.45930592
46.40302416,26.49991682,6.46029214
47.81429146,29.27287809,8.16981664
47.79966115,29.28066825,8.17586363
47.81161362,29.29138098,8.18761906
46.64825026,26.90114995,6.58491133
47.80643760,29.18609572,8.08404533
47.79467353,29.17342473,8.07072693
47.82863928,29.29790443,8.19582353
47.83173876,29.31544807,8.21335347
47.81370510,29.31281583,8.20876887
47.79082384,29.30350035,8.19704157
46.38818893,26.44174175,6.44215975
46.39481550,26.42720157,6.43641925
46.37300647,26.43034981,6.43982067
46.40505224,26.44207687,6.44033076
46.19521779,26.03686141,6.33426756
46.18495187,26.04948024,6.33951490
46.20195956,26.05292232,6.33836364
46.16997156,26.05430233,6.34252332
46.18516885,26.06523401,6.34421611
46.81729854,27.25358455,6.72094453
46.82625597,27.27060263,6.72805454
46.43067022,26.53019519,6.46813742
45.32605930,29.31743987,7.99520172
45.32885856,29.29108769,7.96446454
47.77824389,29.14594087,8.04266917
47.82513433,29.28214387,8.18000190
46.13642734,25.98359994,6.32539180
46.75250303,27.21641657,6.70815546
46.34632780,26.39793500,6.43157111
46.36455434,26.41142860,6.43436945
46.37183246,26.39403446,6.42779790
46.34811462,26.42391092,6.43968167
45.96630852,25.66711015,6.25556080
45.98190772,25.67864138,6.25700310
45.99074257,25.66040244,6.25089958
45.96387724,25.69333536,6.26252544
45.98760402,25.69661665,6.26121678
47.78234468,29.27681828,8.17017603
47.76174614,29.29779629,8.18796104
47.76482563,29.26819587,8.15979483
46.01983479,25.78049028,6.28042370
46.23260795,26.13111219,6.35888702
46.21868031,26.14768024,6.36542478
46.24099466,26.15232681,6.36450179
46.19507859,26.15275896,6.36868793
46.21814224,26.17091315,6.37230480
46.33768649,26.37589323,6.42524186
46.32003045,26.38916198,6.43062148
46.34713852,26.35581955,6.41779117
46.31863828,26.35981984,6.42166749
47.73200698,29.09329301,7.98833441
46.76137491,27.23522315,6.71587920
46.22954505,26.19839343,6.37948170
46.20186952,26.19421022,6.37993052
46.20328133,26.22311847,6.38786112
46.26032617,26.19896010,6.37688398
46.24939116,26.17528932,6.37070443
46.47484273,26.59275675,6.48571358
46.47399656,26.57894451,6.48082101
47.84699318,29.23150317,8.13193237
46.04920349,25.83723991,6.29296314
47.72992873,29.24996779,8.13804242
47.74351272,29.27472470,8.16347484
47.73634915,29.30205571,8.18874157
46.80808490,27.35835384,6.76850493
47.68082494,29.02979004,7.92417744
47.65624925,29.03340316,7.92540961
47.70324939,29.24817625,8.13292032
47.67517122,29.27622192,8.15562006
47.71235457,29.28510933,8.16930272
46.28248196,26.28966904,6.40277984
46.30825092,26.29054000,6.40072466
46.29641633,26.26758058,6.39464014
46.28940376,26.31635165,6.41037940
45.97072709,25.71836824,6.26832810
47.68001909,29.23932304,8.12141457
46.35640673,26.44763144,6.44663371
46.37214729,26.46601786,6.45147849
46.22253043,26.28515315,6.40433485
47.65234788,29.24786898,8.12557764
47.64231609,29.28196546,8.15610607
46.32600442,26.41285082,6.43753768
47.55603474,28.89395995,7.78981022
47.57880716,28.92347755,7.81811932
47.59860157,28.88884118,7.78876892
45.33855888,29.22308911,7.88671003
45.32814519,29.25887263,7.92798017
45.36875208,29.25034639,7.91360646
45.29697119,29.22762724,7.89680039
47.63903560,28.97747580,7.87227261
46.91611033,27.58635057,6.87451388
46.93675274,27.61478868,6.88864056
46.96000004,27.59027041,6.87580566
46.93789926,27.64697306,6.90482744
46.97222095,27.62294777,6.89227766
45.80991095,25.54650968,6.23545829
46.15071397,26.04627237,6.34186604
47.54475184,29.29857164,8.15524231
47.50317649,29.28924715,8.13912123
47.54314525,28.86686199,7.76481544
45.70948307,25.28095103,6.18211248
45.72896410,25.24372749,6.17254045
45.67469815,25.25326018,6.17762308
45.75151807,25.27940028,6.17900138
45.66256851,25.20740579,6.16855861
45.62208699,25.23802095,6.17537954
45.68338194,25.16702284,6.15854451
45.62664089,25.17771124,6.16365523
45.61479889,25.13172748,6.15475382
45.57120575,25.16293104,6.16128796
45.63566379,25.08646678,6.14403507
45.58051001,25.10531528,6.15042395
47.47393347,28.78811073,7.69075036
47.43955070,28.76804980,7.67056614
47.49120484,28.74844549,7.65883231
46.87277686,27.59735999,6.87910293
47.48481978,29.16147953,8.01948450
47.08467180,28.01259627,7.10861443
47.11565341,27.96767438,7.08291291
47.04720543,27.97226890,7.08320696
47.13798484,28.01666121,7.11281676
46.17894071,26.12972571,6.36321687
47.71153441,29.06532580,7.96009806
47.69513538,29.04930332,7.94365193
47.40488566,28.73418589,7.63906957
47.46151324,28.71754908,7.63072825
47.29199201,28.31746553,7.31441381
47.26449648,28.36390840,7.34574047
47.31697742,28.36254606,7.34745324
47.21156885,28.39933213,7.36624826
47.27618375,28.41731041,7.38449607
47.49229512,28.81876045,7.71850826
47.21249331,28.17150894,7.21255187
47.16121115,28.17816876,7.21459277
47.17138804,28.22311005,7.24425025
47.11931499,28.16210308,7.20164153
47.12252744,28.21074827,7.23258133
46.29633426,26.37810040,6.42846309
46.90130612,27.72245574,6.94137489
45.62651563,25.29708527,6.18631933
45.69091732,25.35713639,6.19811337
46.93094622,27.90249222,7.03625631
45.57270516,25.22165355,6.17174121
47.06604198,28.13606765,7.18124726
45.39954423,24.98039930,6.12580209
45.37274729,24.93861729,6.11810141
45.39818966,24.86854431,6.10783808
47.38149409,29.19624633,8.03208254
47.44072226,29.21355330,8.05874348
47.51793075,28.84748502,7.74563556
46.18902524,26.17531541,6.37530018
47.21710814,28.45980658,7.40940319
45.02285406,28.38037474,7.11293622
45.10915957,28.33364211,7.07704361
45.00201676,28.28688049,7.04404337
44.97734482,28.45133703,7.16975974
45.08794041,28.44275063,7.15964561
47.10142641,28.28216664,7.27630237
45.32742025,28.64388316,7.31955854
47.32360329,28.62501558,7.54359403
46.88070735,27.56359476,6.86316993
45.67551185,25.31106904,6.18919789
44.79146556,27.59138541,6.62806379
44.27887681,26.55922588,6.23098473
44.11064403,26.09658289,6.10991618
43.95024146,26.00206027,6.08090736
44.06046553,26.27659458,6.14853014
45.18747749,28.39178272,7.11983519
47.87917479,29.31533635,8.21798151
47.88474892,29.31042996,8.21358077
47.87324340,29.32076084,8.22282439
47.88154093,29.32453639,8.22735089
46.67366836,26.96552053,6.60867947
46.55536978,26.70941798,6.51974341
47.89318376,29.31072565,8.21457943
46.56861096,26.73593592,6.52838154
46.62162838,26.84979273,6.56712229
47.87835837,29.29146537,8.19411166
46.57323375,26.75230326,6.53423988
46.58283709,26.76513465,6.53806015
46.51165934,26.65326467,6.50378010
46.65942436,26.93067764,6.59578532
47.87445924,29.28241073,8.18475562
46.52194312,26.66926057,6.50856872
46.53455521,26.68151159,6.51168393
46.48460261,26.61857435,6.49398840
46.68837827,27.01165717,6.62637014
46.45095531,26.54636043,6.47172829
46.44052863,26.53992514,6.47055925
46.70335925,27.02927811,6.63237744
46.69654289,27.01924624,6.62879366
47.72941584,29.07577405,7.97140240
46.70906782,27.04779093,6.63964814
46.70690440,27.05854599,6.64432424
46.71509705,27.06678110,6.64714369
46.13061509,25.95567910,6.31796098
46.10539586,25.91241376,6.30827115
46.11104049,25.93022613,6.31273824
47.80807340,29.20065616,8.09846415
46.09823182,25.89258146,6.30340284
46.08020617,25.85945535,6.29600331
46.08594950,25.87613215,6.30007820
47.60578347,28.95191606,7.84612615
47.66558164,29.00520054,7.90002891
46.03712993,25.79325154,6.28220831
46.80369238,27.30851649,6.74646254
47.74779766,29.10062520,7.99657041
46.83130019,27.43786629,6.80412301
46.74532039,27.19571281,6.69964601
46.25557690,26.30272820,6.40820206
46.85195724,27.45536941,6.81211477
45.86528666,25.58367853,6.24206563
45.88092378,25.61073867,6.24758199
46.28805157,26.35039703,6.42063530
46.86635762,27.50736852,6.83637106
46.84679992,27.48461590,6.82562851
46.22924426,26.25113018,6.39463976
45.77165866,25.44760767,6.21537433
45.77314661,25.48717124,6.22358189
45.80619284,25.50495412,6.22669101
45.85214247,25.55215111,6.23547139
45.71142642,25.39724312,6.20591011
46.89217358,27.66988564,6.91493423
47.31936197,28.56777729,7.49929948
47.27122576,28.54141545,7.47456842
45.45225888,24.99499866,6.13009766
47.11111094,29.09164727,7.88741855
45.53041265,29.02850658,7.66905489
45.61049912,28.96595268,7.60660223
45.46423133,29.07747337,7.72130757
45.53181834,29.12254586,7.76407177
45.44322905,28.99959771,7.64378478
46.98571684,27.94059548,7.06139211
45.43759981,28.82977726,7.48172046
46.56394161,28.81538077,7.55930244
45.70196978,29.01086433,7.64907739
45.61193817,29.06961845,7.70747784
45.43936508,28.90537063,7.55227767
46.22557392,28.81596785,7.51081454
45.81058191,28.94765266,7.59176908
45.26248547,28.57556660,7.26333906
45.18449418,28.49067910,7.19579071
44.93058478,27.90629046,6.79771937
44.84329568,27.84086245,6.75916649
46.07296700,28.84868742,7.52151207
45.93508078,28.89414937,7.54978584
46.39915478,28.80752723,7.52729107
44.71995598,27.46649847,6.56790033
45.02130451,28.16958498,6.96248146
45.01379421,28.06773502,6.89636780
44.92782007,28.00992144,6.85954724
44.43077358,26.91214477,6.34370177
44.17438530,26.40555071,6.18562477
44.32357072,26.76141201,6.29156112
43.79403491,25.88488767,6.04906695
43.92936297,26.17184178,6.11829735
46.85920536,27.53782624,6.85057409
46.67600105,26.94365331,6.59927067
46.68816913,26.99002108,6.61739878
46.45984043,26.56204604,6.47633751
46.55989416,26.69713426,6.51417041
46.55421780,26.69763095,6.51527213
46.54967849,26.69565845,6.51513897
46.55021577,26.69101668,6.51324392
46.55389636,26.68670138,6.51093263
46.57459425,26.73366095,6.52663175
46.57093468,26.72929844,6.52542877
46.58018858,26.73419318,6.52596012
46.57784293,26.72942674,6.52439000
46.60550752,26.80014686,6.54908393
46.60229348,26.79560604,6.54767946
46.60968891,26.79607082,6.54677994
46.56025858,26.70624876,6.51779359
46.56286497,26.70180235,6.51557811
46.61582754,26.80762536,6.55063329
46.58871604,26.76334845,6.53654131
46.59224753,26.75899617,6.53420463
47.93247572,29.35553530,8.26279087
47.93083545,29.34987659,8.25695090
46.59374762,26.77416290,6.54019606
46.58942592,26.76929876,6.53883802
46.59989658,26.77464444,6.53944421
46.59730616,26.76933219,6.53766058
47.92472939,29.34847098,8.25504852
47.91781718,29.34640266,8.25240020
47.91435128,29.33532671,8.24098334
47.91099062,29.32931580,8.23466966
47.90557183,29.33579100,8.24072077
47.91847849,29.32947402,8.23541032
46.62504870,26.84162479,6.56336258
46.62938806,26.84608598,6.56462342
46.63284357,26.84101783,6.56199552
46.63073389,26.85186937,6.56681874
46.63604664,26.84648685,6.56381059
47.90929232,29.32373853,8.22892634
47.91568134,29.32393274,8.22960973
47.91260886,29.31838925,8.22378939
46.59910735,26.78967983,6.54571705
46.59830187,26.78402230,6.54354574
46.60697799,26.79055053,6.54491229
46.63773519,26.86321676,6.57057611
46.63395093,26.85833247,6.56905540
46.64468048,26.86371803,6.56977905
46.64179679,26.85792879,6.56776600
46.54107416,26.67660059,6.50890058
46.53653011,26.67280323,6.50805732
46.54425120,26.67089231,6.50614660
47.89970816,29.30691987,8.21127422
47.90280439,29.30108569,8.20562926
46.61873879,26.82875293,6.55893602
46.61381850,26.81725841,6.55491102
46.66131692,26.91128303,6.58750498
46.66547510,26.90570849,6.58456016
46.66237035,26.91764866,6.59003875
46.66855300,26.91198407,6.58679868
47.88721370,29.28983146,8.19316939
47.89587281,29.28898751,8.19294985
47.89940891,29.29533590,8.19959360
46.66839531,26.93127247,6.59500828
46.66523147,26.92455390,6.59257892
46.58195383,26.77150928,6.54070467
46.59516779,26.77943350,6.54212597
46.69785642,26.99249659,6.61739329
46.70051566,26.99947558,6.62006267
46.70724853,26.99376355,6.61676761
46.69856377,27.00753588,6.62368620
46.70934917,27.00298740,6.62049604
47.88098887,29.27638661,8.17922530
47.87474939,29.27164532,8.17401644
47.88473592,29.26955949,8.17263238
46.53152957,26.66673603,6.50640329
46.52681798,26.66042192,6.50461730
46.54018998,26.66538663,6.50460498
47.91102497,29.34246784,8.24787761
47.89919339,29.34440185,8.24876467
46.71495805,27.01091069,6.62323564
46.70570355,27.01193917,6.62479564
46.70906987,27.01909113,6.62748072
46.68062403,26.95799181,6.60477996
46.68909773,26.97136487,6.60942195
46.68474311,26.96545794,6.60744498
46.69726640,26.97228253,6.60877023
46.69394473,26.96522202,6.60616249
47.86789999,29.25854658,8.16041251
47.87303272,29.26331982,8.16555810
47.87701488,29.25639502,8.15888746
47.88078513,29.26321494,8.16598922
46.69619409,26.98566177,6.61466582
46.68983873,26.97985242,6.61294055
46.70445481,26.98628346,6.61388168
46.70068270,26.97940255,6.61139849
46.54328783,26.68200742,6.51069756
46.52239244,26.65296696,6.50235459
46.53195629,26.65232755,6.50073620
45.25513486,29.35738825,8.05960069
45.24860583,29.35892011,8.06413431
45.25325814,29.36589933,8.07171164
45.24032905,29.35646962,8.06434339
45.24410618,29.36732657,8.07789364
47.86228213,29.25154203,8.15300731
47.87229793,29.24959789,8.15175466
46.51971564,26.64599864,6.50004855
46.52373242,26.63818277,6.49645312
47.90160432,29.31286936,8.21739936
47.88361516,29.28312173,8.18617138
47.83917648,29.19542535,8.09552018
47.82864009,29.19760519,8.09700269
47.83291557,29.20594678,8.10556091
47.81925841,29.19361248,8.09239554
46.49225476,26.59869666,6.48582777
46.50153296,26.59946024,6.48480857
46.49772472,26.59112745,6.48218448
46.49378957,26.60803045,6.48910209
46.71333952,27.02584967,6.62991064
46.72263202,27.02688561,6.62924292
46.71893829,27.01832300,6.62596514
47.82136045,29.18339297,8.08245307
47.81828609,29.17617347,8.07511857
47.82874012,29.17557126,8.07516557
46.46951507,26.55685805,6.47329162
46.46231269,26.54989510,6.47166449
46.47896098,26.55763690,6.47224560
46.47485578,26.54871943,6.46949053
46.50700951,26.62532563,6.49389177
46.51034842,26.61642092,6.49001939
47.83880427,29.21438887,8.11434556
47.84452982,29.22137361,8.12168487
47.84981645,29.21184042,8.11253414
47.85481181,29.23663440,8.13760050
47.85873812,29.22806615,8.12930791
46.71987427,27.04391019,6.63695906
46.71371526,27.03570202,6.63408459
46.72992335,27.04534257,6.63642973
46.72651929,27.03586402,6.63269053
47.85788393,29.24376363,8.14492824
46.45986894,26.54052210,6.46855906
46.45294788,26.53463319,6.46729982
46.46471681,26.53194196,6.46469729
46.47092235,26.56649586,6.47664549
46.48340264,26.58452486,6.48170320
46.48778591,26.57567637,6.47777012
46.13509244,25.90649748,6.30246887
46.12176813,25.90600021,6.30436425
46.12433285,25.91713819,6.30736915
46.11396633,25.89955590,6.30350927
47.87308987,29.32917009,8.23114872
46.11572622,25.89061379,6.30057211
46.11247690,25.88278179,6.29867349
46.12472880,25.88302568,6.29680810
46.72686490,27.06327559,6.64458744
46.73820143,27.06515817,6.64416459
46.73377108,27.05503823,6.64022902
46.72000523,27.05469732,6.64158796
46.70165055,27.04011082,6.63706839
46.44521289,26.52602077,6.46514715
46.43764076,26.51598400,6.46246062
46.45842493,26.52361828,6.46251961
47.81050849,29.16946504,8.06798939
47.80244645,29.15907038,8.05722799
47.82384807,29.16647577,8.06586229
46.48710504,26.59220926,6.48407642
46.58974513,26.75382083,6.53247513
46.14537157,25.96529784,6.31903835
46.15441861,25.97616741,6.32115100
46.16456699,25.96555853,6.31634773
46.15729105,25.98976305,6.32487538
46.17019411,25.97821880,6.31947513
46.09124469,25.82721506,6.28499899
46.07673064,25.82873062,6.28759842
46.08118546,25.84202727,6.29087974
46.06313414,25.82368556,6.28783408
46.06652728,25.83681830,6.29114295
47.79555228,29.14746358,8.04538447
47.81079622,29.14658990,8.04545786
46.06319086,25.81036933,6.28402745
46.05643261,25.79869499,6.28153513
46.07520165,25.79961479,6.27915742
47.78297978,29.12885040,8.02636159
47.77386479,29.11743246,8.01464442
47.79214130,29.13668253,8.03460590
47.79857239,29.12528754,8.02380691
46.14547207,25.95138934,6.31481873
46.13803902,25.94201882,6.31300279
46.15905819,25.95308780,6.31327417
46.15351668,25.94130932,6.31043941
46.09299797,25.85010376,6.29165761
46.09935980,25.83868262,6.28719773
46.13030003,25.93010257,6.31045761
46.74225813,27.12478228,6.66966634
46.73782025,27.10943767,6.66343903
47.76127237,29.09038820,7.98761581
47.74860991,29.08083342,7.97759077
47.76892493,29.07709815,7.97516476
46.12622724,25.97012357,6.32255235
47.84517690,29.32736232,8.22649842
47.82318153,29.33646829,8.23293514
46.67432516,26.92475783,6.59145211
46.09694829,25.86178989,6.29458797
47.74424145,29.06538579,7.96246382
47.76013761,29.06432071,7.96233040
47.75149503,29.05069038,7.94872890
46.04146677,25.77567125,6.27685249
46.05304492,25.78555386,6.27821309
46.06086033,25.77344101,6.27352308
46.06845432,25.78625560,6.27618237
46.18873364,26.02168964,6.33042467
46.17126192,26.01840696,6.33177358
46.17259929,26.03612082,6.33693088
46.16313688,26.00556263,6.32889672
46.78036418,27.16995767,6.68627800
46.76444595,27.18169458,6.69269391
46.65642231,26.88735239,6.57805760
46.77038060,27.20046421,6.70048619
46.77867156,27.21879445,6.70800913
46.79339318,27.20287757,6.69989134
47.73242280,29.05613553,7.95285687
47.76595121,29.10330557,8.00041771
46.02871817,25.76133896,6.27435473
46.05062645,25.75931862,6.27088708
46.39365084,26.45812894,6.44714195
46.37647749,26.44886220,6.44560124
47.71948300,29.04209716,7.93863497
47.70711509,29.02620312,7.92275375
47.74101375,29.03702541,7.93505736
46.82421681,27.30126562,6.74227700
46.82541008,27.31814340,6.74990065
46.84328932,27.30389204,6.74218322
46.78726123,27.23684693,6.71546121
46.80983819,27.23727593,6.71409642
46.00943498,25.73369604,6.26889631
45.99748314,25.71612291,6.26541593
46.02179358,25.74601948,6.27090929
46.03151232,25.72978013,6.26503255
46.19672063,26.10825554,6.35578096
46.18915115,26.08584746,6.34990482
46.83951015,27.36089169,6.76882450
46.83119756,27.33956769,6.75940266
46.80202827,27.33180805,6.75683736
47.67183700,28.97460934,7.87207192
47.68807686,28.98847610,7.88604448
47.69815020,28.96937778,7.86869240
47.69498803,29.00717735,7.90402346
47.70952411,28.98708033,7.88592621
45.30979455,29.28234779,7.95720057
45.29848179,29.26574766,7.93983720
46.84990631,27.38182362,6.77808401
46.86225853,27.40041016,6.78627328
46.87706328,27.38255513,6.77701538
46.86289539,27.42520468,6.79787693
46.88593026,27.40392250,6.78671756
46.38341621,26.41109221,6.43224678
45.95031935,25.64744674,6.25195184
45.94076236,25.62612515,6.24734947
45.97777155,25.64259929,6.24764648
46.00172039,25.67741096,6.25419835
46.30936513,26.33516851,6.41470439
46.33442807,26.33456033,6.41218212
46.87929909,27.44566361,6.80703404
46.89571744,27.42621295,6.79691472
46.87971227,27.47365898,6.82033972
46.90526575,27.44954282,6.80775393
46.24247851,26.22240309,6.38559583
46.25801166,26.24192019,6.39023344
46.27293143,26.22145158,6.38256027
46.26145084,26.26930485,6.39814137
46.28463447,26.24462916,6.38861150
47.74482329,29.32791801,8.21465779
46.35953090,26.37552850,6.42297249
45.91749124,25.61236213,6.24583279
45.95082089,25.60208129,6.23993270
47.64082756,28.94086256,7.83885536
47.66135491,28.95517109,7.85338351
47.67032099,28.93200080,7.83246496
46.89739932,27.49697336,6.83112905
46.92604116,27.50164190,6.83240260
46.91553082,27.47434807,6.81939786
45.86965971,25.47742667,6.21634248
45.83625482,25.48199603,6.22018456
45.84763928,25.51293253,6.22669405
45.80831286,25.46835719,6.21859262
46.14697831,25.92999237,6.30792851
45.87574249,25.52954120,6.22872980
45.88828817,25.50353905,6.22106224
45.81172639,25.43972299,6.21191992
45.79981613,25.41718420,6.20747685
45.83445611,25.41494863,6.20418515
46.89710272,27.52726505,6.84577292
46.91617816,27.55369418,6.85844374
46.94810875,27.55918282,6.86038055
46.93734476,27.52994732,6.84605007
47.65416842,29.31517536,8.18915342
47.53652511,28.80988685,7.71469246
47.55970343,28.83691638,7.73994581
47.58083346,28.80247956,7.71103865
47.57937598,28.86298532,7.76434688
47.60004340,28.83146121,7.73764302
45.88645927,25.55518034,6.23415077
45.76637557,25.39881830,6.20509969
47.61518440,29.26225985,8.13343401
46.89825336,27.62611920,6.89374932
45.81473225,25.38523473,6.19874990
46.95972795,27.73463032,6.95000276
46.94569183,27.68867101,6.92606405
45.74174857,25.35851124,6.19738602
45.55467307,24.95155497,6.12020985
45.49891516,24.95603390,6.12337395
45.51579282,25.00274549,6.13189980
45.44585896,24.92995039,6.11891119
45.46076202,24.84355385,6.10283171
45.46746955,24.87986176,6.10961378
45.50694751,24.84906276,6.10152477
45.51894219,24.90328020,6.11220047
47.00240677,27.81936427,6.99609872
47.00340582,27.87277349,7.02519383
47.05087305,27.82691436,7.00107412
46.97836941,27.78142621,6.97505491
45.48621538,24.80632079,6.09387108
45.43682896,24.81463865,6.09802506
47.08970351,28.06978372,7.14299140
47.12410346,28.11225208,7.17094977
47.15897929,28.06837426,7.14515193
47.17794341,28.12572271,7.18186031
45.90103005,25.58305389,6.23986349
45.72271153,25.31741197,6.18935116
47.43067258,28.67947654,7.59702268
47.46058491,28.63030819,7.55915397
46.85760432,27.34214468,6.75911881
47.36807914,28.54133259,7.48319329
47.33086316,28.50684795,7.45431125
47.39565037,28.50025511,7.45317649
45.70633847,25.20482656,6.16537803
47.03914743,27.91566657,7.05061383
47.09385475,27.91974578,7.05437708
47.07254805,27.87305746,7.02725006
47.31699815,28.45502110,7.41480069
47.36993769,28.45490461,7.41757808
47.34430651,28.41074154,7.38363473
46.91877948,27.77465288,6.96872149
45.65986383,25.12678326,6.15124833
46.20777624,26.13000214,6.36117699
45.46495394,25.05533851,6.14042273
45.60562192,25.04740763,6.13753632
47.26820458,28.48598519,7.43347995
47.22721262,28.33237860,7.32125457
47.19004995,28.28149473,7.28405618
47.25961158,28.27166438,7.28136696
45.30857677,29.01487761,7.66712691
45.36966136,29.02020523,7.66842491
45.36077441,28.95858874,7.60716250
45.39929374,29.06425771,7.71160517
45.24027411,28.74708979,7.41203391
45.28453867,28.79839945,7.45728802
45.31327118,28.72191355,7.38719895
45.19470431,28.80620128,7.46895990
45.34484523,28.86926973,7.52130224
45.18553755,28.64553797,7.32400210
45.24903421,28.67865117,7.35084284
45.10406017,28.66358602,7.34322646
45.15991236,28.72984192,7.39999213
47.58439133,29.30303280,8.16630902
47.24924543,29.18209840,7.99362279
47.31380205,29.18056087,8.00503917
47.19884561,29.23359699,8.02896842
47.27089237,29.24639277,8.05494970
45.10492257,28.52700702,7.22666110
45.15356669,28.58218918,7.27099950
45.02132180,28.52549417,7.22844807
45.06414647,28.59786342,7.28772611
44.83806007,28.21843186,6.99865151
44.93201708,28.21899158,6.99685291
44.90803937,28.12296860,6.93176661
44.83611366,28.05729125,6.88960429
44.81636469,27.95985578,6.82875974
44.73928501,28.05560961,6.89034672
45.10456449,28.23113256,7.00460620
44.74356073,27.89289439,6.78901356
44.68887467,27.97188928,6.83800541
44.72605306,27.80283511,6.73725251
44.64323803,27.88849773,6.78790345
47.37611463,28.58378033,7.51658630
44.68317540,27.69904980,6.68080035
44.62932274,27.59503651,6.62726925
44.54791099,27.70172713,6.68319717
44.83851149,27.71858763,6.69292878
44.48833324,27.41136251,6.53936547
44.55916489,27.49053811,6.57627670
44.36658157,27.41098387,6.53986417
44.42078135,27.50893528,6.58586008
44.34192522,27.06299289,6.39448671
44.40767036,27.18040072,6.44059112
44.46673926,27.30305111,6.49164649
44.17095975,26.84584609,6.31516795
44.26131878,26.94047212,6.34894153
44.03108472,26.85473103,6.31795644
44.10168445,26.97052002,6.35931472
43.98116449,26.45099643,6.19132297
44.06762392,26.58131759,6.23020362
43.88256336,26.33289442,6.15746718
43.80577461,26.48564008,6.19979500
43.79371697,26.24168718,6.13218840
43.72475165,26.36925587,6.16631636
43.75693693,26.09128272,6.09419762
44.13558766,26.72502295,6.27519874
44.93217448,28.37540994,7.11180078
44.25153845,27.18974208,6.44405080
47.90535319,29.31904174,8.22389509
47.88448662,29.33665440,8.23967492
46.42280835,26.49453368,6.45659419
45.28880270,29.33947037,8.02797041
45.27512706,29.34398219,8.03664299
45.24994207,29.32345569,8.01771009
46.10396085,25.87459978,6.29743036
46.40752863,26.47007006,6.44978720
46.41364375,26.48298517,6.45358354
45.35043511,29.27970986,7.94866893
45.37626532,29.29182053,7.95914244
45.40613208,29.22367781,7.88038635
45.36904790,29.20640657,7.86510157
45.40753183,29.27363140,7.93528104
47.61944593,28.91614948,7.81485195
45.44614979,29.25477889,7.91067391
45.44914571,29.19918939,7.85009326
45.49217103,29.23507983,7.88533555
45.49548255,29.17890632,7.82504937
45.39798663,29.16697319,7.81971362
45.54282564,29.20612447,7.85079831
45.45961142,29.14213255,7.78867051
45.41722249,29.11326352,7.76129482
47.51456233,28.77847633,7.68605431
45.60696202,29.16809718,7.80758699
45.90691732,29.04730405,7.68721859
46.75497530,29.00690205,7.74785444
46.16904896,28.98919248,7.65118679
46.99352245,29.06549747,7.84196085
45.69171652,29.12567902,7.76169709
46.87934567,29.04285204,7.80090141
45.79215445,29.08468104,7.72055156
46.61994888,28.98208507,7.70394005
46.46478331,28.97104453,7.67074640
46.03288326,29.01495929,7.66356558
46.99639253,27.69797687,6.93112392
46.75547091,27.11303603,6.66338333
46.62325830,26.82384796,6.55625904
46.21508810,26.09037372,6.34835655
46.31472966,28.97356011,7.65308955
46.68674684,26.95124201,6.60111220
47.93999808,29.36706793,8.27503186
47.94044123,29.37420191,8.28226104
47.94650331,29.36991541,8.27842988
47.93485675,29.36167732,8.26917703
47.92945528,29.37037610,8.27747126
46.55600500,26.69242062,6.51289346
47.92437238,29.34144340,8.24793702
47.92914671,29.34489694,8.25179188
46.61190580,26.80227611,6.54901284
47.91796423,29.34009518,8.24607113
46.44539699,26.50347477,6.45695687
47.83225962,29.18628910,8.08601659
46.42371213,26.46939118,6.44758312
46.41459628,26.45662531,6.44423746
46.12780638,25.89505519,6.30007683
46.17595556,25.99207308,6.32297603
46.08088638,25.81462998,6.28281806
47.63689881,28.88445094,7.78716437
47.61943357,28.85795434,7.76232475
45.26925878,29.26945043,7.94871570
45.35023800,29.30624564,7.97881686
45.84740137,25.44819595,6.21118874
45.43985175,29.30554514,7.96736317
45.36045252,29.11252262,7.76481870
45.44753168,24.76301592,6.08735972
45.23695496,28.87211677,7.52952706
46.79286032,29.15261172,7.87968434
47.90033067,29.35628596,8.26071592
46.57549862,26.72473751,6.52285431
46.55078019,26.68163194,6.50939737
46.56572663,26.70622452,6.51690622
46.59478155,26.76413858,6.53591946
46.54782356,26.67612926,6.50766707
46.60225979,26.77975868,6.54118524
46.62910534,26.83546889,6.56023407
46.63856032,26.85231985,6.56588704
46.64759230,26.86956307,6.57181687
46.61827315,26.81282112,6.55242057
46.62611809,26.82953541,6.55820212
46.67121847,26.91825043,6.58910325
47.92159727,29.33510304,8.24132665
47.90938781,29.31267715,8.21779161
46.51945146,26.63119412,6.49437882
46.53605438,26.65907160,6.50275798
46.68067157,26.93791398,6.59621169
47.89215054,29.28254093,8.18620001
47.88852870,29.27611109,8.17948006
46.67749379,26.93139395,6.59385463
46.69049813,26.95823571,6.60361278
46.52823828,26.64525572,6.49853003
46.51558750,26.62372258,6.49206015
47.86367154,29.23529239,8.13685578
45.26186535,29.36329587,8.06499836
45.26305957,29.35145770,8.04931789
47.84479353,29.20371141,8.10411615
47.90613664,29.30693370,8.21176396
46.47006658,26.54037038,6.46706232
46.48279605,26.56707052,6.47524418
46.49323668,26.58312654,6.47979746
45.27255107,29.35901495,8.05611828
45.26345098,29.33752938,8.03164562
45.25057374,29.34707182,8.04766012
46.45182210,26.51390527,6.45987940
47.86447888,29.34239985,8.24335483
46.11942496,25.87255617,6.29441053
46.11258021,25.86163538,6.29213695
45.28607404,29.35425877,8.04661401
47.80537470,29.13590736,8.03462494
47.78364011,29.10219237,8.00037729
47.81733122,29.15698563,8.05609622
46.43121722,26.48124481,6.45083414
46.43835422,26.49281848,6.45405003
47.77667401,29.08914753,7.98728414
45.30236961,29.34954301,8.03724175
47.84193194,29.34598032,8.24440066
46.76196668,27.12707671,6.66893672
46.76810221,27.14133415,6.67466379
47.73054383,29.02199729,7.92014219
47.68480127,28.95101082,7.85084714
46.10658921,25.84951951,6.28935885
46.04109019,25.74480766,6.26802418
46.78654165,27.18604403,6.69292501
46.20780605,26.07091353,6.34321652
46.22314082,26.11076086,6.35370347
46.01121502,25.69590720,6.25815324
47.71964763,29.00519018,7.90358609
45.96526143,25.62162073,6.24345801
46.86785532,27.36209769,6.76786620
47.79780321,29.33312177,8.22661418
46.83581005,27.28680649,6.73479976
47.65377551,28.91027970,7.81160885
45.93486660,25.57967489,6.23581874
46.84960522,27.32246028,6.75042352
47.71763583,29.32454156,8.20760356
45.34633590,29.33532099,8.01278125
45.32273753,29.34216947,8.02461292
45.91980168,25.55417383,6.23078644
45.90560619,25.52815053,6.22555178
45.37220168,29.32694476,7.99947006
47.61974038,29.30959435,8.17836532
45.33000063,29.17191539,7.83136497
47.55967429,28.77223926,7.68355061
45.40309090,29.31742513,7.98477812
47.53927157,28.73867664,7.65359775
45.77155024,25.31639249,6.18603857
47.01514344,27.74013625,6.95348929
45.79138757,25.35399508,6.19329700
47.51489386,28.70567095,7.62434329
47.48812940,28.66986402,7.59305006
47.03301591,27.78250541,6.97646140
47.41844581,28.54200228,7.48659822
47.43660450,28.58633822,7.52252039
47.23443097,28.22200756,7.24675366
45.53397447,29.27436780,7.92456886
47.39880095,29.26857055,8.10041082
47.45526050,29.27711505,8.11906581
47.33782058,29.25678308,8.07771929
45.59594393,29.25368024,7.89803711
45.67326987,29.23094291,7.87007239
45.98752444,29.16067310,7.79804792
47.11893082,29.21056491,7.99249079
46.39039226,29.12470987,7.79524231
47.02291715,29.18719897,7.95290756
45.76458928,29.20531344,7.84084337
45.87028282,29.18142801,7.81610108
45.34110909,29.06201281,7.71335989
44.48468869,27.60550717,6.63339003
44.88575976,28.29774524,7.05471425
46.66615586,29.13768705,7.84527788
44.17692596,27.07909570,6.40014406
46.24953930,29.13061549,7.78597840
46.11451712,29.14338222,7.78757982
43.96568119,26.73292711,6.27673582
46.02127541,25.71374808,6.26185928
47.77192861,29.32949315,8.21980782
47.68810038,29.31867155,8.19768099
46.98241513,27.65826917,6.91042870
45.57730609,25.00190884,6.12953965
46.68388179,26.94433439,6.59852709
47.86791683,29.24258278,8.14443406
46.56822609,26.71080576,6.51836029
46.14111387,25.91801959,6.30510856
46.50546586,26.60844884,6.48767327
47.85408837,29.22034906,8.12129839
46.62060602,26.81829454,6.55434508
46.18257662,26.00641259,6.32650714
44.78908940,28.13762141,6.94378790
45.27518006,28.94353261,7.59732375
46.32194692,26.31430233,6.40692866
46.91566869,29.16739666,7.91497209
46.53038352,29.12764728,7.81594769
46.77444753,27.15531089,6.68028301
47.79084119,29.11468763,8.01298852
45.23004181,29.37971964,8.11317601
45.22987737,29.38015774,8.11582164
45.22991838,29.37671014,8.10509040
45.22865125,29.37717230,8.10888528
45.23084744,29.37932983,8.10984212
45.22648675,29.37520912,8.10888013
45.22853643,29.37822756,8.11309696
45.23160328,29.37072933,8.09144538
47.95243329,29.37781839,8.28689453
47.94745833,29.37480616,8.28344903
45.23362536,29.36586021,8.08186954
45.23498074,29.37319182,8.09272643
45.22902702,29.35415921,8.06688160
45.22445761,29.36128921,8.08151952
46.47592146,26.53164393,6.46272593
46.46496917,26.51297834,6.45740987
47.83061850,29.15593142,8.05572232
46.45900238,26.50307447,6.45463396
47.81898588,29.13509832,8.03448084
47.76151232,29.03472590,7.93369339
45.23678086,29.34293841,8.04727553
45.22685911,29.33000408,8.03378792
45.24933537,29.29495324,7.98281691
47.74217834,29.00351393,7.90290367
46.03404037,25.69517219,6.25415789
47.78184851,29.35727613,8.24789117
46.92301336,27.42797273,6.79563663
45.95142494,25.55313478,6.22604351
47.69953532,29.35198149,8.23095629
47.63415644,29.34725777,8.21596620
47.56408918,28.70081242,7.62185015
47.47140409,29.33389405,8.17386986
45.26442065,29.17707711,7.84442348
45.27829056,29.09389960,7.75232995
47.29956468,29.31717097,8.12409548
45.14673685,28.87533745,7.53903280
45.18653826,28.94155961,7.60203296
46.58118407,26.72502849,6.52194711
46.57878751,26.72037309,6.52043472
46.57632827,26.71574443,6.51894830
46.57395217,26.71105081,6.51742226
46.56892933,26.70169322,6.51444251
46.57153562,26.70636028,6.51590816
46.58594064,26.73453776,6.52507163
46.58845648,26.73932298,6.52662626
46.56339352,26.69201003,6.51143633
46.56615731,26.69703270,6.51301409
46.59843431,26.75933102,6.53326211
46.60107231,26.76445458,6.53495552
46.60618011,26.77497253,6.53850046
47.93682743,29.35043274,8.25797297
47.93453457,29.34516713,8.25247164
46.60454804,26.78519524,6.54307425
46.60882602,26.78024571,6.54026825
46.61158029,26.78561968,6.54206346
46.61676074,26.79672498,6.54588180
46.61964860,26.80228537,6.54774601
47.92844199,29.33494254,8.24167427
47.92566110,29.32931554,8.23577791
46.62823045,26.81870463,6.55326841
46.63366792,26.82996115,6.55716157
46.63693189,26.83554637,6.55899504
47.92259470,29.32386025,8.23003785
46.64291197,26.84684781,6.56283679
46.64588027,26.85252537,6.56478105
46.55782278,26.68163587,6.50816304
46.55489518,26.67614875,6.50643435
46.65169390,26.86409198,6.56880046
46.65476359,26.86988646,6.57079333
47.91661177,29.31257624,8.21820011
47.91353623,29.30674729,8.21209157
47.91028094,29.30087716,8.20593332
45.23239991,29.37870872,8.10569898
45.22334067,29.37066294,8.10306024
46.66680708,26.89380266,6.57919052
46.67911165,26.91871941,6.58808394
46.67615534,26.91233258,6.58575782
45.23900607,29.37722297,8.09617687
45.23916067,29.37215599,8.08796358
45.24421145,29.37594710,8.09054825
47.90374899,29.28876307,8.19325089
46.68912782,26.93819952,6.59503487
45.23508171,29.37787170,8.10081807
46.69563257,26.95171605,6.59997435
46.69247125,26.94484287,6.59743304
47.89322903,29.26934356,8.17295914
47.88577457,29.25573533,8.15876854
46.70639560,26.97261676,6.60754805
46.70989063,26.97982134,6.61021291
46.53320035,26.63802058,6.49480204
46.52485649,26.62325265,6.49033337
46.71332312,26.98709548,6.61292778
46.71654852,26.99497439,6.61595500
46.58361696,26.72972073,6.52347140
46.59082031,26.74424360,6.52826946
47.87345027,29.23420265,8.13634793
46.64012537,26.84112318,6.56084390
46.59338925,26.74916398,6.52987827
46.72069092,27.00293017,6.61888108
46.72497507,27.01080260,6.62175862
47.86923917,29.22652942,8.12838884
47.86467826,29.21907785,8.12064485
46.51637369,26.60762635,6.48557144
46.62270455,26.80764925,6.54949870
47.93946252,29.35589173,8.26369710
46.63080733,26.82428535,6.55521823
47.91964493,29.31823918,8.22414140
46.49884395,26.57487227,6.47564841
46.50362547,26.58289274,6.47797625
46.73292396,27.02767678,6.62815437
47.93152872,29.34022029,8.24724203
46.48991155,26.55787002,6.47052224
46.49409284,26.56671381,6.47326749
46.56041231,26.68699097,6.50990529
47.90698084,29.29498087,8.19975013
46.55161583,26.67049403,6.50470788
46.54816163,26.66473938,6.50297914
46.59581857,26.75425050,6.53158673
46.60365502,26.76970596,6.53671740
46.64885467,26.85824527,6.56674792
45.25105427,29.37453830,8.08471452
46.65764342,26.87582111,6.57288828
46.66075907,26.88171677,6.57492847
46.67294943,26.90613083,6.58356781
46.68248459,26.92512238,6.59034684
47.85084523,29.19402254,8.09476892
47.84561939,29.18501230,8.08548287
46.61427612,26.79114089,6.54393705
47.89672442,29.27593761,8.17983850
47.88941225,29.26265403,8.16597052
46.66368054,26.88777318,6.57708135
46.66995029,26.89988808,6.58132756
46.74142678,27.04598266,6.63516217
46.74613865,27.05590397,6.63896874
46.54467599,26.65851191,6.50106506
46.69922437,26.95856568,6.60243693
46.70278701,26.96551792,6.60495909
47.88170074,29.24894355,8.15167694
46.54077714,26.65201135,6.49912256
46.53704849,26.64511116,6.49698692
47.94247701,29.36099042,8.26908764
46.75552004,27.07760310,6.64748389
46.52904187,26.63072886,6.49259953
46.14424570,25.89574557,6.29725126
46.13827662,25.88429531,6.29464459
46.15044479,25.90711370,6.29979032
46.15629631,25.91861726,6.30246245
46.13318722,25.87297065,6.29189812
46.12742481,25.86157358,6.28928461
46.75051596,27.06656257,6.64317315
46.75130783,27.10006157,6.65809691
46.76106097,27.08916878,6.65198263
46.16243052,25.93015161,6.30509450
46.16847150,25.94191564,6.30783760
46.43947476,26.46885721,6.44494387
46.44671710,26.48080675,6.44823652
47.86040500,29.21064792,8.11194478
46.50790085,26.59108339,6.48047281
46.51198528,26.59950804,6.48310674
45.28208603,29.36923027,8.06630425
46.17400289,25.95423139,6.31089240
46.18031520,25.96671154,6.31384840
46.48568279,26.54894952,6.46776370
47.87775192,29.24156347,8.14400789
46.77266372,27.11477747,6.66213371
46.10793138,25.82632816,6.28163531
46.09994625,25.81410984,6.27925778
45.22485989,29.34384897,8.05403478
46.09297726,25.80071539,6.27629141
47.79254578,29.08911726,7.98795899
47.78567739,29.07615106,7.97496466
46.48089733,26.54030548,6.46522623
46.18617668,25.97980455,6.31712022
46.19304663,25.99356912,6.32042842
46.47077897,26.52240650,6.46003968
46.20675852,26.02312123,6.32778093
46.77918775,27.12835626,6.66751379
46.78612995,27.14247520,6.67312079
47.85572486,29.20249185,8.10351189
46.79983257,27.17230377,6.68521474
46.43183050,26.45624244,6.44148535
46.42369829,26.44212958,6.43756377
47.84073373,29.17539814,8.07562757
46.06996611,25.75913159,6.26743485
46.80135124,27.22003507,6.70696648
46.81479705,27.20418060,6.69827680
47.83596639,29.16573311,8.06574616
46.73727139,27.03654752,6.63151006
45.26970368,29.37165107,8.07324013
47.81271653,29.12452651,8.02372771
46.45318830,26.49229559,6.45150590
47.89265899,29.36684708,8.27044926
47.88566667,29.35224047,8.25526121
45.25959426,29.37332423,8.07920846
46.41443814,26.42696901,6.43346774
46.83122673,27.23700613,6.71181847
46.83986513,27.25360907,6.71871528
46.05246425,25.72867707,6.26115516
46.04369326,25.71226365,6.25766783
46.12096633,25.85002654,6.28678476
46.22961751,26.07387536,6.34072077
46.11478748,25.83814197,6.28411886
47.87256867,29.36470162,8.26620694
46.85668314,27.28787597,6.73325116
46.86560573,27.30573027,6.74090687
46.87390604,27.32459814,6.74920062
46.88343145,27.34363075,6.75751668
47.80646567,29.11306331,8.01212273
47.85145818,29.36288327,8.26204980
47.82923381,29.36120156,8.25776874
46.23844669,26.09275886,6.34553264
46.24795078,26.11254028,6.35056022
46.26745211,26.15489833,6.36159123
47.79954910,29.10136826,8.00029735
46.00252536,25.63976674,6.24294534
45.31579910,29.36402603,8.05187975
46.28910153,26.19988878,6.37332070
47.77773911,29.06291338,7.96171426
46.34928672,26.31389933,6.40318943
46.31292623,26.24552096,6.38513942
47.76984355,29.04908791,7.94794332
47.69814721,28.92825860,7.83003310
47.68511688,28.90612494,7.80895864
46.19961551,26.00819913,6.32410252
46.21422686,26.03882651,6.33168446
46.07874714,25.77338663,6.27028225
46.76645564,27.10168790,6.65696810
47.73278271,28.98589424,7.88570307
46.82305141,27.22060281,6.70501967
46.79265570,27.15717473,6.67909151
46.22147712,26.05580807,6.33608807
45.29738656,29.36691980,8.05945006
46.84826002,27.27072448,6.72594492
46.39496320,26.39370618,6.42444266
46.40492563,26.41084181,6.42908554
47.67012145,28.88232018,7.78645893
45.36308810,29.35666582,8.03494581
45.39248286,29.35227628,8.02568552
46.38393207,26.37528881,6.41954871
46.95802440,27.50396229,6.83142612
46.97095830,27.53196070,6.84496193
46.37257885,26.35573912,6.41434121
45.90698943,25.47428567,6.21063617
46.25725582,26.13351974,6.35606769
45.22835462,29.30738683,8.00365954
45.23365906,29.27604924,7.96347677
46.01397136,25.65867210,6.24661756
45.33769473,29.36027126,8.04329575
47.80635584,29.35919634,8.25296105
47.72250762,28.96749863,7.86783583
47.63878456,28.82912050,7.73695718
47.62223668,28.79962588,7.70996883
46.99869837,27.59373707,6.87557115
47.71056191,28.94859782,7.84955701
47.60306852,28.76861777,7.68190666
46.90296138,27.38416008,6.77558449
46.89335895,27.36327612,6.76617531
45.97928258,25.59841977,6.23463468
45.99119134,25.61975665,6.23892810
45.96572059,25.57643835,6.23046046
46.32454508,26.26856858,6.39126165
46.33659573,26.29169454,6.39740516
46.36084220,26.33536590,6.40894777
45.83649195,25.35032867,6.18708601
47.65524645,28.85608902,7.76193667
47.59788057,29.34519982,8.20780653
47.55901286,29.34271999,8.19854368
47.04602912,27.70295503,6.93215337
47.02929463,27.66396580,6.91159092
47.75552582,29.35638216,8.24341103
45.77612753,25.24187041,6.16679924
46.93446094,27.45164472,6.80658897
46.30094813,26.22264333,6.37919059
45.73376316,25.16331142,6.15218061
46.94564464,27.47735082,6.81874762
45.93800941,25.52748026,6.22081709
45.24696737,29.23260869,7.90973436
47.06557871,27.74316478,6.95365084
47.08570970,27.78479766,6.97639693
47.49598066,28.58497976,7.52328115
47.47402074,28.54228235,7.48827168
47.44998076,28.49913590,7.45358765
45.92355100,25.50114258,6.21560633
45.87302730,25.41495011,6.19931879
45.88972243,25.44565867,6.20530002
45.66296164,25.04095448,6.13048716
45.63796507,24.99614736,6.12251766
47.66770666,29.35056413,8.22459992
47.12788403,27.87515851,7.02756776
45.48291406,29.29148293,7.94757272
45.46796019,29.34140164,8.00439682
45.51629082,29.33476773,7.99219962
45.85510595,25.38347686,6.19335866
47.42682998,28.45476945,7.41866522
47.40250820,28.40916531,7.38354298
45.58949879,24.90254262,6.10555290
45.56566543,24.85487199,6.09689876
45.54223648,24.80756367,6.08834148
47.32528859,28.26738152,7.27933051
47.22173368,28.06966669,7.14608080
46.98387979,27.56220436,6.85988615
47.01241897,27.62759685,6.89285147
45.64372333,29.31472882,7.96040353
45.57386361,29.32460858,7.97607551
45.79750129,25.27916839,6.17363178
45.81699210,25.31571216,6.18059523
45.75521479,25.20305471,6.15954586
47.58391955,28.73568599,7.65251878
47.51862091,28.62546073,7.55713015
47.54130543,28.66441422,7.59030587
47.51812725,29.33790839,8.18651363
45.42705951,29.34713351,8.01545305
47.42000681,29.32926250,8.15950193
45.68801330,25.08130475,6.13735951
47.10557021,27.82949118,7.00145469
45.22284356,29.13690841,7.80517211
45.06285556,28.74025737,7.41554533
45.10445711,28.80899432,7.47764133
45.61448650,24.94927397,6.11388278
47.36291797,29.32442505,8.14359499
47.15095391,27.92145673,7.05466844
44.97373663,28.60314413,7.29736482
47.17385052,27.96967434,7.08364296
47.24576463,28.12082663,7.17930561
47.27312267,28.16922824,7.21147798
47.37621529,28.36283672,7.34867438
44.83482848,28.38169602,7.12112842
47.29838615,28.21886195,7.24537395
47.35109433,28.31525311,7.31368474
44.73714994,28.22489930,7.00730622
44.68538747,28.14499804,6.95275594
44.63372654,28.06311948,6.89904140
46.95894632,29.28240887,8.02490034
44.59749014,27.79572489,6.73456472
44.41763752,27.71050679,6.69157335
47.22870396,29.31238375,8.10523179
44.29524836,27.51746195,6.59332098
47.15000371,29.30310223,8.08086752
44.31215412,27.30115811,6.49091434
44.16945255,27.31066519,6.49824744
47.06073356,29.29231820,8.05338412
45.22666703,29.01035552,7.66914111
46.59451688,29.25982022,7.94415567
44.02983242,27.09306754,6.40861012
46.05591839,29.26942015,7.90662695
45.72740935,29.30173762,7.94208345
44.92860705,28.53117735,7.23805828
45.82513390,29.28963804,7.92621531
43.88714784,26.60918600,6.23719079
43.72830788,26.62725739,6.24550651
44.88231644,28.45731836,7.17923393
44.58201088,27.97976421,6.84657303
44.78612645,28.30437121,7.06390968
44.52876126,27.89375629,6.79470853
45.01778311,28.67255196,7.35638493
45.93526420,29.27874246,7.91399782
44.47524747,27.80342157,6.74257512
46.84611624,29.27375927,7.99659575
44.23390176,27.41598290,6.54539264
46.45883621,29.25679177,7.92409993
43.95651819,26.98144080,6.36626007
43.88342045,26.86607756,6.32471617
46.32087855,29.25632699,7.90964600
43.64796748,26.50599227,6.20841403
46.27822882,26.17691075,6.36727637
46.91330428,27.40549902,6.78523848
46.68567184,26.93168703,6.59272350
47.90017100,29.28244491,8.18663323
45.71069687,25.12317825,6.14499787
46.72898033,27.01895059,6.62481556
47.19729849,28.01930968,7.11424078
46.18526629,29.26206684,7.90517230
46.72434114,29.26576518,7.96896465
43.80792857,26.74760965,6.28431768
46.08624477,25.78714024,6.27323152
46.80655236,27.18790495,6.69165605
46.02412725,25.67748531,6.25053041
47.94575513,29.36494641,8.27334469
46.62545824,26.81316956,6.55137972
46.52065955,26.61552847,6.48797622
47.82469682,29.14574315,8.04531110
46.06120559,25.74407582,6.26434299
47.75203343,29.01966685,7.91879549
47.72814994,29.35509859,8.23823402
45.51654143,24.76095644,6.08033401
44.35697233,27.61496101,6.64171021
44.10116654,27.20273477,6.45254330
