X,Y,Z
31.01095168,10.69819601,4.62206314
31.02741481,10.68459053,4.65623612
31.05996269,10.73304703,4.65353654
31.13582038,10.87116444,4.59919781
31.12880074,10.86194571,4.59890019
31.12965933,10.86173313,4.60934126
30.96621417,10.63844168,4.62181472
30.96184808,10.64269202,4.59195453
30.90395625,10.56666615,4.58960441
30.90866158,10.56213389,4.62061633
30.92792035,10.54634084,4.65733758
30.98430809,10.62355500,4.65747342
31.10716861,10.83353672,4.59798589
31.10872376,10.83213601,4.61518997
31.12074982,10.84909603,4.61235082
31.11958571,10.84984382,4.59851018
31.09086458,10.81212501,4.59729964
31.09293252,10.81003613,4.61776285
31.04228017,10.74832039,4.59526913
31.04560340,10.74496963,4.62138966
31.07234820,10.78153303,4.61989760
31.06966607,10.78428555,4.59641103
31.00704900,10.70205245,4.59381011
30.83479201,10.46461982,4.61847898
30.82984660,10.46934462,4.58663858
30.73481525,10.34455339,4.58290406
30.61283684,10.18438747,4.57822055
30.61811728,10.17941524,4.61132139
30.73994030,10.33969203,4.61539825
30.85485680,10.44820652,4.65598718
31.08425880,10.77163898,4.64942302
30.96656110,10.51572285,4.69514892
30.63926923,10.16218622,4.65013481
30.76059444,10.32283267,4.65356349
31.06143191,10.65755039,4.69233276
31.02102331,10.59441743,4.69455086
30.89484434,10.41656052,4.69439176
30.80159074,10.29042214,4.69252042
30.95883314,10.36658249,4.73177987
31.02864472,10.46720081,4.73208483
35.38216826,8.64387286,4.69145819
35.33716194,8.81672097,4.71577427
35.23794713,8.75329143,4.71942300
35.23699068,8.59742213,4.70234381
35.11012436,8.67780995,4.72460384
37.00969208,9.68919278,4.60818545
37.14280039,9.84528103,4.60863725
36.98815962,9.90625372,4.63607035
36.84767380,9.80024749,4.64261220
31.22448051,10.64878347,4.75305103
31.15596650,10.65554792,4.73163547
31.20157735,10.57850571,4.75907562
31.10884113,10.60172341,4.72820700
31.11947176,10.51678437,4.74863402
38.24715627,10.70597529,4.53281681
38.24510935,10.75219194,4.53890027
38.20823762,10.73439873,4.54551388
38.18704347,10.69358068,4.54550978
38.32032613,10.80574379,4.52546344
38.32110005,10.82916966,4.52819955
38.30036347,10.82275779,4.53321997
38.28742598,10.79975353,4.53387428
35.42924287,8.32592331,4.64846779
35.32323288,8.46085639,4.67707279
35.25899911,8.26082890,4.66101272
35.50201711,8.47339374,4.65744112
35.43692055,8.17612492,4.62914600
35.60523897,8.09405948,4.59720708
35.61611748,8.28898737,4.62055679
35.12967803,8.46400190,4.69909918
35.38023449,8.92319585,4.72275451
35.46141367,8.80027536,4.70028438
36.01633896,8.42033044,4.58445138
35.86550234,8.53977624,4.61983904
35.82901991,8.34621335,4.60004163
35.88733641,8.70298242,4.63735775
35.73880916,8.67784253,4.65306136
35.69145363,8.48813687,4.63578113
35.56791787,8.64546757,4.67003423
36.16472674,8.72975051,4.60418902
36.02356170,8.62179445,4.60936221
36.21175774,8.51683254,4.57029975
36.14515167,8.88106125,4.62583930
36.00082200,8.82915553,4.63829317
35.12593854,8.84352909,4.74049867
34.99027900,8.81361341,4.75066966
35.24342882,8.94626859,4.73941002
35.05310564,9.02110922,4.76542340
34.21547641,8.75598377,4.81124348
34.35213006,8.82178034,4.80643445
34.24328880,8.95069447,4.82523686
34.50734592,8.79877089,4.79205523
34.41527953,9.00789022,4.81739257
35.61814323,8.82039552,4.68457543
34.96972199,8.61529212,4.73220061
34.83236067,8.75831366,4.75996814
35.79895982,8.15556884,4.57937756
35.99010487,8.22519079,4.56245208
35.79305663,8.87700140,4.67023573
35.96020956,8.03629145,4.54141277
33.38770203,9.30483072,4.89383572
33.49587273,9.35580666,4.89256667
33.40807858,9.46562780,4.90058150
33.60984605,9.28926508,4.88461951
33.57884605,9.49171374,4.89636433
36.06857128,8.98178085,4.64819192
35.63089936,8.98469448,4.70186201
35.49957879,8.95813923,4.71363994
35.73370370,9.12016163,4.70525381
35.53723317,9.14007850,4.72927362
34.85252916,8.98538674,4.78005811
36.18295351,8.29099340,4.54443135
36.11396820,7.91135302,4.50273343
36.14980152,8.10332547,4.52383833
36.30156215,8.85798197,4.60201254
36.20298144,9.02569168,4.63605306
36.30527768,8.67189244,4.57763579
34.06634864,8.88907959,4.83266438
34.56601018,8.98744552,4.80407408
34.68424324,8.88293286,4.78499500
34.12025735,9.09716330,4.84486091
34.68293639,9.07751994,4.80264871
35.37284714,9.07281798,4.73942736
36.07955942,9.16575744,4.66874685
34.83418883,9.30858154,4.81071496
34.79093368,9.16460817,4.80160585
34.92612265,9.16888533,4.79072941
34.28080039,9.15121970,4.83839287
34.41150374,9.20506480,4.83362822
34.32204562,9.37242939,4.85225236
34.54086133,9.15136981,4.81995552
34.50660695,9.33670459,4.83734462
33.40436135,9.13404664,4.88466535
33.49660268,9.23366779,4.88625998
33.58913184,9.09711718,4.87455132
35.05450894,9.20344378,4.78277494
35.10900432,9.32100131,4.78892405
34.97769800,9.33065788,4.80100278
35.20647545,9.17571205,4.76622900
36.37665240,8.35432275,4.52574651
36.30320172,7.97692804,4.48472199
36.34116467,8.16719314,4.50542289
36.36648560,9.06031699,4.61860133
36.54902771,9.12244836,4.60167158
36.42795159,9.24907970,4.63347723
36.46157654,9.42308969,4.64981558
36.31475488,9.39080645,4.66514951
36.60847875,9.33099467,4.61923870
35.92800213,9.02834572,4.67150163
36.25631311,9.20748002,4.65105839
33.75920809,9.19329329,4.87208044
36.48939348,8.92254106,4.58463604
36.45381019,8.73042235,4.56477035
36.41753824,8.54728306,4.54576271
33.93785062,9.07780777,4.85471022
34.03240388,9.22700205,4.85949315
33.89764086,9.29015228,4.87108589
35.74994318,9.32692184,4.72607002
35.89832552,9.22886716,4.69820559
36.26456047,7.78401650,4.46347578
34.16068747,9.28736594,4.85610317
34.02175254,9.58547752,4.88317647
33.88766016,9.64766274,4.89275164
33.89056928,9.48865617,4.88357318
33.79217109,9.77897629,4.90317286
33.75458698,9.59023370,4.89496407
35.38201786,9.26299421,4.75796679
34.03391675,9.39573137,4.87068128
34.88846023,9.47771928,4.82087209
34.75663380,9.43008707,4.82688598
34.62382001,9.47750179,4.84020705
34.67554404,9.27902939,4.82047157
32.84163076,9.57171759,4.91301949
32.71795637,9.67096295,4.91448567
32.66593405,9.52867056,4.91206948
32.98548819,9.60851822,4.91323709
32.88342160,9.76523216,4.91682911
35.89247485,9.41313646,4.71929276
35.62765226,9.26557692,4.73290483
32.49581172,9.48885910,4.91038090
32.40551800,9.56961608,4.90979472
32.30949863,9.46272513,4.90767963
32.51330842,9.67763096,4.91217855
33.26768720,9.41476923,4.90222652
33.28551357,9.62344136,4.90983394
33.11905405,9.34113026,4.90284113
33.25353434,9.22517319,4.89447043
33.74739051,9.39229139,4.88445665
36.77879926,9.34504518,4.59798170
36.89952245,9.25080271,4.57005896
36.92315539,9.46638990,4.59326482
36.72413053,9.18237417,4.58533766
36.15236867,9.35567152,4.68168939
35.60722318,9.41670186,4.75079194
35.74869001,9.50678811,4.74517158
35.74398378,9.69260672,4.76450434
35.58726153,9.59021385,4.77016090
36.45456158,7.84912421,4.44518925
36.49417705,8.04009261,4.46614427
36.53309166,8.22984841,4.48675477
36.56907595,8.41851986,4.50732444
36.60239288,8.60699671,4.52790048
36.63453138,8.79639227,4.54838344
32.63114500,9.36122280,4.90907117
32.79576717,9.40169297,4.90933261
35.51353958,9.31655681,4.75019128
36.00821804,9.32897579,4.69634687
36.67754408,8.98955055,4.56739529
36.41633420,7.65731265,4.42366751
35.42648232,9.46934472,4.77397880
36.03948934,9.49590420,4.71120002
37.17885661,9.68979817,4.58578051
37.32288672,9.79826405,4.57937760
35.24074711,9.38854772,4.78350426
35.07321334,9.49508819,4.80765265
35.10943940,9.67573663,4.82032300
35.24762392,9.58783715,4.80122509
35.22568372,9.80055080,4.82164699
34.31094724,9.60306091,4.86913013
34.46569257,9.53502908,4.85503512
34.45079148,9.72256429,4.86922469
34.17059373,9.48964261,4.86940669
36.84767923,9.62667787,4.62246540
36.74235649,9.50153489,4.62175163
31.91869795,9.14197149,4.89966082
31.93356372,9.29755453,4.89931823
31.72781985,9.23807325,4.89326726
33.98252098,9.79143414,4.89674731
36.57615595,9.54722734,4.64929416
36.38036252,9.59750090,4.68055751
32.97029223,9.43353207,4.90853259
34.75817685,9.59023761,4.83963219
32.45421185,9.31956425,4.90802104
32.27285248,9.25198279,4.90585417
33.12593560,9.52823696,4.90930214
36.60679044,7.72195106,4.40524863
36.64586302,7.91236269,4.42657387
36.68547706,8.10293858,4.44759537
36.79282277,8.67503994,4.51047119
36.82461938,8.86561373,4.53121381
32.11570657,9.38115347,4.90366431
36.86342709,9.05894483,4.55082800
32.30347278,9.64925480,4.90778238
35.90090598,9.60117740,4.73841636
36.19754469,9.54402933,4.69744801
36.72395371,8.29388720,4.46854572
36.75970418,8.48461289,4.48952617
32.09554160,9.19597749,4.90313820
36.56849590,7.53073193,4.38347916
33.45205659,9.61965792,4.90600144
33.59133752,9.73713281,4.90734049
35.40989944,9.69804578,4.79700862
36.07374196,9.70089442,4.72935822
36.19539309,9.85420200,4.73143837
36.24466334,9.70557961,4.70955991
36.36689008,9.82941255,4.70808650
36.04020712,9.90977284,4.75484644
34.15509708,9.69433606,4.88333280
37.39878408,10.00602910,4.59315027
37.25929459,10.07420410,4.61918024
37.24534506,9.95222789,4.60731124
37.18744273,10.17811173,4.64008496
37.11176202,10.03603665,4.63434044
33.25060903,9.81001008,4.91650746
33.10614302,9.74393839,4.91592984
33.16405750,9.90788662,4.91978928
31.98184483,10.11761890,4.88691458
31.86092967,10.20376299,4.87561362
31.83559020,10.01403894,4.88063664
32.01361297,10.24419923,4.88511371
34.60078507,9.65881014,4.85548151
34.74351545,9.79712199,4.85643987
34.93830471,9.67394089,4.83329257
35.05406162,9.80586309,4.83537918
33.39644469,9.78047600,4.91344251
36.71102082,9.68628609,4.64761910
32.12454721,9.56878650,4.90315310
37.01306830,8.93673125,4.51470016
36.87578211,8.16743639,4.42957936
36.83709694,7.97583292,4.40814779
31.94447783,9.47255811,4.89810084
32.67552682,9.82445157,4.91575026
32.50679975,9.87310720,4.91270415
35.89755044,9.79599987,4.75879753
35.73320207,9.88824584,4.78458878
32.34402921,9.82810534,4.90835956
32.41886195,10.03150307,4.90960023
37.12394048,9.52628726,4.57362348
36.54975714,9.74587385,4.67560227
32.12940595,9.78458136,4.90129544
32.22916636,9.98326171,4.90277495
37.07600771,9.32675786,4.55569659
36.72214272,7.40509110,4.34289691
36.75962064,7.59529190,4.36495243
36.98189024,8.74439156,4.49360394
37.04157638,9.12869130,4.53551807
36.79824326,7.78538011,4.38664798
36.91340303,8.35992250,4.45098620
36.94883462,8.55237018,4.47235140
31.80127627,9.38813790,4.89387879
34.30042696,9.79933331,4.88256220
31.94146502,9.65286591,4.89545035
35.57608222,9.79438719,4.79074386
35.39941930,9.89689744,4.81565183
32.29685218,10.12887743,4.90365573
32.39859424,10.18878460,4.90730204
32.29749552,10.26474392,4.90139046
32.54762995,10.20675150,4.91294083
32.43397133,10.30661822,4.90731508
34.57443509,9.81327177,4.86820507
37.54200851,10.21754340,4.59767123
37.70624219,10.20864917,4.57397073
37.62718981,10.35927681,4.60162517
37.47288948,10.12055680,4.59616447
37.59398697,10.04795615,4.57158533
36.69233889,9.87368487,4.67143633
34.63561840,9.95618256,4.87448332
34.77896350,9.97792209,4.86734993
34.69816214,10.16596713,4.88505946
34.29925360,9.96601186,4.89288620
34.45233241,9.92603323,4.88271236
34.37667609,10.12177579,4.89854762
34.16113531,9.89273667,4.89487123
31.63480485,9.40793913,4.88613074
35.07856129,9.99187177,4.84837929
36.27603007,9.96738105,4.73385251
34.91818992,9.88735546,4.85152478
33.67347497,9.94637810,4.91411935
32.80813326,9.97224465,4.91899985
36.91392419,7.46982363,4.32418130
37.20029279,9.00913515,4.49860914
37.13667314,8.62162966,4.45564649
37.16939363,8.81542020,4.47728027
37.06483207,8.23394080,4.41207767
37.02726012,8.04106310,4.39016900
36.53279446,9.95452496,4.70095388
35.88285366,9.98785388,4.77922504
35.74211805,10.06715417,4.80042252
33.49491250,9.93964955,4.91742015
33.30528356,9.97401457,4.92075069
34.03149596,10.01526583,4.90670997
32.04111639,9.97739688,4.89393475
31.91125527,9.83348407,4.89033192
32.14372039,10.15554456,4.89548028
32.60910592,10.01160440,4.91532877
36.83372977,9.97910790,4.66467111
36.95843082,10.05923089,4.65714526
37.22929635,9.20182915,4.51942655
37.10162490,8.42772403,4.43391125
36.98940107,7.84953926,4.36822850
36.95139140,7.65923751,4.34626708
37.30375727,9.58865075,4.55714671
33.01567182,9.93755828,4.92040001
37.26411939,9.39571132,4.53897682
33.85824444,9.96889313,4.91014808
35.25574961,9.98797153,4.83492946
31.77575940,9.53294584,4.89018531
35.56561297,10.02883843,4.81296213
36.15883384,10.01286623,4.75210172
31.39618248,10.52885825,4.80347547
31.37256733,10.60202963,4.79159016
31.30675011,10.53929537,4.78683759
31.41718752,10.66205111,4.79278767
31.34000627,10.67940121,4.77551014
37.87940851,10.57102503,4.58810485
37.97038438,10.55802487,4.57197872
37.97791295,10.65638356,4.58148318
37.80900711,10.48889039,4.58989800
37.92721831,10.46294298,4.56863520
35.36461807,10.09591365,4.83533668
37.69721841,10.46426602,4.60324970
37.73684064,10.59467792,4.61146013
37.52644909,10.52598852,4.63271163
36.39362939,10.03062052,4.72641302
36.68222505,10.06851861,4.69427391
32.55713192,10.41722528,4.91140423
32.63476297,10.57151026,4.91302987
32.46060802,10.61633820,4.90318922
31.62703156,9.96246471,4.86736938
31.74163421,9.85899446,4.87955524
31.47070646,9.90772553,4.85684637
31.56455863,9.77754790,4.87027016
36.38497720,10.21209528,4.74630495
36.26524221,10.10994736,4.74985547
36.36354163,10.36152401,4.76382082
36.22853742,10.28439859,4.77143200
33.14257312,10.07395889,4.92342494
34.53471369,10.07792004,4.88812762
36.14405411,10.15971445,4.76845781
36.02171466,10.09225716,4.77497482
37.17748555,10.32855496,4.65765723
37.35667280,10.21078692,4.62145813
34.20309083,10.23764296,4.91200097
34.07240310,10.19580088,4.91431617
34.19790247,10.09018873,4.90438335
33.91167292,10.15865384,4.91725438
36.52758626,10.14410138,4.72195143
36.83839596,10.15728882,4.68365326
37.02002622,10.21753501,4.66638046
35.19517817,10.14882643,4.85227115
31.66840300,10.15722678,4.86191122
34.89921291,10.08311943,4.86733981
33.56493934,10.11473247,4.92240395
37.44962784,9.46914565,4.52281080
36.87757611,7.28069609,4.30182381
36.84214425,7.09213621,4.27912544
37.03477765,7.15767534,4.26001397
37.10599441,7.53447736,4.30519859
37.25273072,8.30225975,4.39473973
37.21618999,8.10827912,4.37240754
37.28869862,8.49718554,4.41695862
37.32322983,8.69245497,4.43905031
35.86203634,10.17397163,4.79883301
35.66880262,10.24614565,4.82296017
31.90976841,10.38596410,4.87206479
31.58685501,9.57786735,4.87884680
31.41328842,9.43906563,4.87259262
33.73915529,10.13904161,4.92041280
37.41804986,9.27303353,4.50260785
37.38749963,9.08115580,4.48214040
37.35597574,8.88729708,4.46089110
37.48885544,9.66030153,4.54070125
31.75778470,9.71054109,4.88500347
37.47935181,10.34580233,4.61994683
37.33482633,10.42242226,4.64701007
37.53550876,9.84833714,4.55659243
32.95792465,10.15365455,4.92298757
33.28761286,10.17249024,4.92577070
33.41995006,10.08991607,4.92317142
32.74274266,10.16164103,4.91887392
37.06991076,7.34579650,4.28274737
37.17947208,7.91557901,4.35000619
37.14263526,7.72428509,4.32759821
35.47545715,10.23224214,4.83782003
36.68552436,7.21554782,4.32060712
37.00060715,6.97015363,4.23696003
38.33694216,10.81981436,4.52227674
38.34692020,10.80595455,4.51730506
38.35571303,10.82569065,4.51702945
38.32880286,10.76070800,4.51711722
38.30275904,10.75628228,4.52426566
38.31655891,10.73526515,4.51755428
38.27940984,10.76897482,4.53222320
38.28176057,10.73637550,4.52757477
38.25089305,10.79354477,4.54242658
38.29773741,10.70555837,4.51926633
38.14084899,10.70500587,4.55672403
38.15613895,10.74944743,4.55862551
38.08505161,10.71393944,4.56874000
31.23312730,10.69423461,4.74713323
31.23686490,10.74186517,4.73873163
31.18474090,10.71281987,4.72811032
31.27323814,10.67038520,4.76172534
31.28412289,10.71833234,4.75652784
38.07603620,10.64129329,4.56231620
38.13727175,10.66301163,4.55264642
38.04622189,10.58045973,4.56104936
38.13962926,10.59016757,4.54368984
31.41865559,10.34368199,4.82332959
31.35035007,10.44368026,4.80465097
31.27185673,10.32278993,4.80423051
31.52548098,10.35720546,4.83563210
31.47920198,10.46123761,4.82188545
36.68706389,10.25524108,4.71365255
34.58291583,10.37978175,4.90434532
34.74837543,10.35810827,4.89484640
34.71754490,10.50670175,4.90562114
34.51069121,10.21974932,4.89814595
34.28097307,10.19862210,4.90698905
34.34619623,10.34491749,4.91235445
33.43917901,10.25542845,4.92759318
34.87571412,10.27471577,4.88225793
34.99934863,10.38566048,4.88255257
34.86278396,10.44742889,4.89450187
35.15010815,10.32675404,4.86882592
35.11103753,10.50192712,4.88384646
35.40422639,10.39750509,4.85647835
35.54433379,10.37480672,4.84402918
35.49847478,10.52095318,4.85912049
35.30210943,10.27469447,4.85436192
33.10951259,10.48900165,4.92875916
32.99086120,10.35023793,4.92530227
33.13109120,10.26433321,4.92655462
32.84175458,10.32341427,4.92173447
35.03220649,10.20314009,4.86750272
37.01874641,10.39592175,4.68558820
36.86093680,10.33721148,4.69997167
37.14329135,10.52117621,4.68232279
36.90586875,10.53751738,4.71491706
36.02565357,10.28226805,4.79272236
32.68628625,10.31422599,4.91715212
32.35830274,10.42831732,4.90138595
34.12712870,10.35529322,4.92024209
38.09866628,10.50865259,4.54262457
38.01579962,10.51124058,4.55878119
38.04154003,10.43143224,4.54481868
31.47573863,10.59414559,4.80963244
37.96501696,10.33567395,4.54768745
37.80619920,10.36068026,4.57628879
31.59007588,10.42614446,4.83845132
37.88297044,10.21088770,4.54715038
33.96323110,10.33787501,4.92369727
31.59009887,10.53902063,4.83034358
31.62734016,10.32065357,4.84923433
31.71134779,10.45424237,4.85007991
33.61763229,10.32631557,4.92859771
37.68523719,9.71504607,4.51913553
37.57535331,9.15181898,4.46412956
36.51878346,10.35220116,4.74458747
37.19350078,7.03600720,4.21718616
37.40395107,8.17734214,4.35426976
37.36832225,7.98363304,4.33151979
37.33272389,7.79129615,4.30871522
37.29731329,7.60052193,4.28590945
35.84013280,10.36395645,4.81800796
31.50869667,10.24223935,4.84143603
33.80346194,10.31109084,4.92578205
34.18457106,10.48927355,4.92480841
34.00513980,10.51575851,4.93003784
35.98604141,10.46389664,4.81323258
36.12133241,10.41119137,4.79499207
36.10881873,10.53775784,4.80786942
37.80501845,10.06149526,4.54222179
31.75669172,10.30335981,4.86264363
31.44628092,10.07080793,4.84549319
31.39721674,9.62993109,4.86388305
31.25791872,9.53635685,4.85712140
37.16004714,6.84909203,4.19385008
37.26217419,7.41128995,4.26313383
37.43951665,8.37228196,4.37690733
37.47474118,8.56811013,4.39937256
37.64346658,9.53116293,4.50267242
37.54266112,8.95861565,4.44321733
37.50919063,8.76389921,4.42154842
35.67456490,10.47733493,4.84195065
33.28251173,10.36760145,4.92961058
32.14620682,10.37260996,4.88999437
37.73318643,9.89273251,4.53333920
37.60665328,9.34386481,4.48443822
32.73397187,10.46545183,4.91811084
38.37628194,10.85432121,4.51374426
38.37769175,10.86302807,4.51443311
38.36602979,10.85848346,4.51793303
38.38475818,10.85762851,4.51102362
38.35907549,10.84814878,4.51890023
38.36990043,10.84557005,4.51483582
38.36035331,10.83914167,4.51726888
38.34923404,10.84191580,4.52129102
38.33924289,10.83307325,4.52328002
38.33091664,10.84986616,4.52794269
31.11073895,10.80349239,4.65274510
31.13120723,10.80740653,4.66852071
31.12974093,10.82737134,4.65430760
31.14805215,10.80287577,4.68261353
31.14919977,10.82630125,4.67184261
31.19941869,10.67795479,4.74051458
31.28679114,10.61796725,4.77265862
31.38022258,10.23093681,4.82718222
36.20789457,10.66022878,4.80891654
36.13667244,10.76746540,4.82544746
35.97896251,10.65987276,4.83097824
36.39449121,10.62695281,4.78591989
36.36379640,10.87116444,4.81163763
35.75135925,10.66118117,4.85063079
35.83220427,10.76674981,4.85250787
35.61482453,10.87116444,4.87713680
35.84109122,10.52857325,4.83213494
31.27493961,10.15429333,4.81969256
31.27866651,10.01518133,4.83078490
34.46647746,10.49918481,4.91602582
35.26062593,10.44643416,4.87026505
36.41974236,10.47589674,4.76858744
36.70236862,10.45137729,4.73205524
31.35029721,9.93214564,4.84406631
33.73350335,10.45275956,4.93152562
33.60200473,10.54384962,4.93464125
33.44283501,10.46030889,4.93236859
33.27812863,10.56515132,4.93253119
36.26547625,10.48319320,4.78652312
32.91407319,10.52080371,4.92399232
38.33803404,10.78493610,4.51739052
38.30966069,10.77840151,4.52509015
31.16608464,10.78639373,4.69926988
31.17067322,10.81918516,4.68924686
31.19897156,10.80732969,4.70791193
38.27870506,10.66825983,4.51988242
38.20641782,10.77920351,4.55116224
31.19689007,10.76487116,4.71940745
31.23621872,10.79271526,4.72693343
31.28366233,10.77652958,4.74577705
38.23337048,10.66596520,4.53137747
38.25663063,10.62656242,4.52059654
38.19690657,10.63565033,4.53641470
38.22653696,10.57721969,4.52219527
38.19133776,10.51167392,4.52269830
31.40563931,10.73484923,4.78171226
31.48214807,10.70623182,4.79935011
31.33876814,10.75635179,4.76388375
38.15049515,10.43220355,4.52240233
31.84434939,10.58484464,4.85630470
38.09828716,10.33689364,4.52215232
31.57634101,10.67077400,4.81769942
37.88073190,9.76164335,4.49290835
37.80020266,9.40690817,4.46133654
37.22748633,7.22329115,4.24030357
37.41974019,7.28970378,4.21957919
37.52151974,7.86035853,4.28885462
37.55595582,8.05358748,4.31186173
37.69537978,8.83472797,4.40142776
37.73004113,9.02844658,4.42248048
38.04083074,10.22074673,4.51976501
37.85458322,10.66558163,4.60190916
31.23052195,10.46555040,4.78135497
31.36569642,9.79547095,4.85327655
37.32072480,6.72939979,4.14929764
37.35314057,6.91545744,4.17288933
37.59057795,8.24810745,4.33473131
37.62537986,8.44363358,4.35737818
33.85878109,10.44638772,4.92985693
37.48735695,7.66860861,4.26577073
37.45344318,7.47840838,4.24267091
37.92952505,9.92780176,4.50491808
37.38626907,7.10222827,4.19633500
37.66038544,8.63950670,4.37965953
32.03383248,10.56200265,4.87490853
37.76446149,9.22009024,4.44265597
34.32258629,10.56424433,4.92432690
32.24004543,10.57198076,4.89030571
37.98288527,10.08192597,4.51402580
36.54868052,10.54733290,4.76046910
37.32376917,10.58057942,4.66482485
31.22276932,9.68581039,4.84606108
37.21066745,10.70725980,4.69239138
35.36316263,10.53902905,4.87014468
37.83803913,9.58829318,4.47834861
31.69136446,10.62827609,4.83645970
37.03151517,10.67610430,4.71264335
31.15704319,10.75018511,4.70704407
31.12051571,10.77166742,4.67928726
31.13863517,10.38715951,4.77317531
31.13679100,10.23348081,4.79149216
34.58568246,10.54583270,4.91380970
34.66880814,10.68491797,4.91813089
31.19289568,9.86947476,4.83120400
34.97564034,10.52822298,4.89357319
35.04705677,10.67288872,4.89908554
35.42191475,10.68554706,4.87691307
34.15082430,10.65098872,4.93260020
34.48067764,10.65116899,4.92347165
33.78853756,10.61453305,4.93605502
34.85660404,10.62426671,4.90600873
35.23871052,10.62349778,4.88442618
36.55035004,10.71730960,4.77668623
36.71864031,10.64089103,4.74900912
33.03336796,10.65249745,4.92766172
32.91479936,10.71639645,4.92354829
33.43451231,10.65373874,4.93589649
32.76993752,10.64551379,4.91822438
35.58906266,10.64606543,4.86205558
31.13706057,10.05179600,4.80957649
32.62165463,10.71515069,4.91023663
33.60272040,10.71778325,4.93857175
38.35014142,10.85666968,4.52292843
38.38184745,10.84766376,4.51073145
38.37852347,10.83699872,4.51049212
38.36776857,10.83441277,4.51406606
38.37384239,10.82497713,4.51056193
38.36757116,10.80984649,4.51075779
38.36193387,10.79030833,4.51008561
31.12891876,10.84334412,4.63927920
31.13753317,10.85869847,4.63505438
31.12729885,10.85096291,4.62684635
31.14628319,10.85002607,4.65426648
38.34708156,10.74203396,4.50866884
38.30280985,10.84602920,4.53541752
31.11434675,10.82729947,4.63523845
31.16903130,10.84764542,4.67510003
31.22944064,10.83600511,4.71252065
31.19551357,10.84256232,4.69388047
38.32465473,10.67596082,4.50721893
38.31064837,10.63392805,4.50607350
38.26996115,10.83318062,4.54243255
38.35475355,10.76792596,4.50954745
31.32201202,10.81936870,4.74855061
38.33686650,10.71183487,4.50802977
31.12015365,10.71295436,4.70208887
38.24662476,10.44982322,4.50073574
38.27065156,10.52468374,4.50370475
38.22195775,10.82747275,4.55324199
38.29374100,10.58416577,4.50469212
38.16701293,10.81757228,4.56408075
37.90529086,10.76629757,4.60475421
38.01493343,10.78065095,4.58859684
31.45682065,10.79643187,4.78408875
31.54497502,10.78105332,4.80213149
38.21486131,10.36000549,4.49766083
38.10076477,10.80265350,4.57556974
31.93767963,10.72673204,4.85793310
31.38347310,10.80895800,4.76633017
37.77529758,10.74866570,4.62190922
31.65269970,10.76432053,4.82060238
38.02081368,9.64523452,4.44986082
37.67592670,7.73882507,4.24347844
37.81080886,8.51536726,4.33390040
37.54566509,6.98250728,4.14988028
37.64321887,7.54767743,4.22028326
37.61068050,7.35798452,4.19696710
37.91883417,9.09535354,4.39575065
31.78225346,10.74116291,4.83959968
38.13868256,10.12148294,4.48583941
38.17825909,10.25086506,4.49292694
38.09833665,9.97460817,4.47616234
38.05889907,9.81467381,4.46405377
37.04304342,10.87116444,4.73039827
37.61439001,10.72038334,4.64089888
37.57817573,7.16967617,4.17350351
37.98435657,9.46817892,4.43375316
37.95623595,9.28335310,4.41423370
37.88227501,8.90393169,4.37603400
37.84621294,8.71026078,4.35534304
37.74233879,8.12528208,4.28932746
37.70893250,7.93140204,4.26651131
37.41695427,10.71482260,4.66622098
37.77622914,8.32012785,4.31184040
33.27277506,10.72526239,4.93412480
34.31754284,10.72743198,4.93203482
32.13067435,10.72235780,4.87630922
32.31104649,10.73008053,4.89032232
32.47738499,10.87116444,4.89782717
33.96606613,10.71053093,4.93766389
31.05789236,9.73364676,4.82534260
31.27123217,10.82829005,4.73069503
36.88310260,10.72091492,4.73622728
31.11959495,10.84108865,4.62614592
31.04446832,10.32195339,4.76212792
30.96371018,10.16434080,4.76729865
32.76577240,10.87116444,4.91529959
36.72113156,10.87116444,4.77095645
33.15584511,10.66061243,4.93099178
33.42279682,10.87116444,4.93860193
33.08550455,10.87116444,4.92927862
33.77411769,10.87116444,4.94279342
34.13075567,10.87116444,4.94130473
34.49486906,10.87116444,4.93379322
34.86384363,10.87116444,4.92032135
35.99094925,10.87116444,4.84752669
35.23732670,10.87116444,4.90133743
38.38999901,10.86495063,4.51002018
38.39376873,10.86550407,4.50859485
38.39476700,10.87116444,4.50901029
38.39261209,10.85894567,4.50811293
38.38482798,10.86558413,4.51212196
38.38223720,10.87116444,4.51388449
38.38941185,10.87116444,4.51113890
38.38948413,10.84120937,4.50680657
38.39120773,10.85098261,4.50752697
31.13198094,10.86088287,4.62031093
31.13704320,10.87116444,4.61070859
38.37207505,10.87116444,4.51755203
38.37816351,10.77701831,4.50204056
38.35804117,10.87116444,4.52228420
31.16542828,10.87116444,4.65796510
38.38482578,10.81479526,4.50485268
38.38737659,10.82925911,4.50592384
31.15026748,10.87116444,4.64037694
31.14127887,10.87116444,4.62437575
38.33911160,10.87116444,4.52820272
38.36884468,10.72417802,4.49807144
38.31448869,10.87116444,4.53530626
38.38177761,10.79751131,4.50356867
31.25407345,10.87116444,4.71257909
38.35584570,10.65047196,4.49246339
38.34750966,10.60320727,4.48882197
38.28309950,10.87116444,4.54365020
31.18755829,10.87116444,4.67623843
38.24381866,10.87116444,4.55325657
38.36288511,10.69038604,4.49551082
38.31114754,10.39706853,4.47250454
38.32566472,10.47935955,4.47910586
31.21696965,10.87116444,4.69452683
38.19499495,10.87116444,4.56421145
31.29969017,10.87116444,4.73039576
31.35501947,10.87116444,4.74806827
38.13432256,10.87116444,4.57663485
38.33758790,10.54695448,4.48444066
31.50181570,10.87116444,4.78354723
31.42167641,10.87116444,4.76572921
38.05891420,10.87116444,4.59061953
38.21900342,9.87508189,4.42792049
37.96521546,10.87116444,4.60627087
31.71421246,10.87116444,4.82024597
31.59821240,10.87116444,4.80168502
37.72119893,7.05227505,4.12426729
37.75447464,7.23975983,4.14762885
37.78792354,7.42855174,4.17067411
37.82153622,7.61881706,4.19333238
38.02637521,8.78348149,4.32173494
37.88930946,8.00373780,4.23756350
37.84891899,10.87116444,4.62381463
38.29336928,10.29631063,4.46425613
38.27172814,10.17369401,4.45397584
37.70497420,10.87116444,4.64378104
38.24668951,10.03186895,4.44177760
38.15888462,9.53465139,4.39655150
38.18964024,9.70881349,4.41281333
37.85532638,7.81055966,4.21562105
37.92347545,8.19815862,4.25916859
38.09400371,9.16708677,4.36084545
38.12695297,9.35378944,4.37921010
37.52766042,10.87116444,4.66720041
31.85404297,10.87116444,4.83926972
32.02340330,10.87116444,4.85874408
37.95776882,8.39336391,4.28041988
37.99210738,8.58873982,4.30128953
38.06041197,8.97662660,4.34165001
37.51332908,6.79610939,4.12613430
37.68805719,6.86571815,4.10068798
32.22853720,10.87116444,4.87842141
30.98768073,9.89142297,4.80273831
37.31020543,10.87116444,4.69557232
38.37389095,10.75279164,4.50022599
30.91129457,10.56201049,4.55913990
31.01326495,10.69819053,4.56598366
30.96872148,10.63836831,4.56259187
31.09002495,10.77045890,4.54613755
31.06646197,10.73164860,4.54035948
31.04765113,10.74504670,4.56948742
31.12993403,10.86186563,4.58849581
30.74267286,10.33951025,4.55100425
30.83749499,10.46446168,4.55537628
31.07406693,10.78169297,4.57316990
31.09427616,10.81025454,4.57699751
30.93554407,10.54453114,4.52634862
31.10967535,10.83236779,4.58087904
31.12133222,10.84929208,4.58472707
30.76840097,10.32090034,4.51695666
30.64708322,10.16021050,4.51105957
30.86260631,10.44632758,4.52191720
31.03444905,10.68301123,4.53524623
30.99170558,10.62184100,4.53066742
30.53987472,9.92321566,4.46817833
30.49368115,9.95750028,4.50395592
30.69244645,10.12657922,4.47608502
30.81293835,10.28791476,4.48264576
30.97783394,10.51327358,4.49325916
30.90618588,10.41408254,4.48820436
31.03214035,10.59199529,4.49832303
31.07226867,10.65515681,4.50385584
30.97171882,10.36509537,4.45220300
30.87983454,10.23787223,4.44591008
30.76054947,10.07559514,4.43852175
31.04157707,10.46566073,4.45800071
30.97617341,10.16542076,4.40349110
30.62084984,10.17921780,4.54572008
34.18184740,8.65674360,3.97239616
34.11424613,8.44116197,3.94901783
34.04064203,8.61024546,3.96016660
33.93205889,8.50426438,3.94472208
33.45221581,10.38587962,4.13752017
33.56926449,10.18997066,4.11171992
33.41902741,10.17823290,4.11411158
33.59450198,10.55089571,4.15222455
33.62423211,10.34658036,4.12823780
35.52822521,8.35906055,4.07810899
35.54752817,8.50763134,4.09146052
35.68654789,8.45079156,4.10429173
35.39200471,8.33991621,4.06038572
35.42734485,8.48397887,4.07527422
34.27110277,8.51353430,3.96561029
34.03893910,8.74361651,3.97233771
34.39266773,8.49027688,3.97238816
34.48363697,8.37267545,3.96973944
34.30018876,8.33007518,3.95179820
34.36925127,8.65826709,3.98486659
34.53907079,8.57673405,3.99109126
34.12382129,8.19087460,3.92709929
35.47588670,8.63493801,4.09204219
33.95251628,8.30301999,3.92689316
35.45472456,8.17840166,4.05555479
35.64822065,8.23194739,4.08302600
35.27882641,8.44609066,4.05509406
33.91408384,8.68849877,3.96130582
35.25184625,8.24507095,4.03687266
35.11361817,8.39733164,4.03284689
33.78271858,8.40146976,3.92791264
34.40223074,8.83280590,4.00188526
34.52288211,8.77669619,4.00610008
34.32806954,8.97950874,4.00944005
34.50345706,8.95438056,4.01914356
34.66860580,8.73324177,4.01452313
34.69790932,8.58636660,4.00551826
34.77702659,8.84699937,4.03291911
34.83956873,8.69603909,4.02715903
35.97723289,8.97296956,4.17845810
36.04207597,9.11837607,4.19683573
36.13542429,8.93545632,4.19619787
35.87220705,9.11063779,4.17434975
35.75097838,8.62150927,4.12482306
35.61833016,8.63557107,4.10939918
35.70658338,8.80352832,4.13227700
35.88539594,8.52082605,4.13421705
33.76574495,8.79147424,3.96558241
33.77058835,8.59515708,3.94639116
34.64517569,8.43389545,3.98864966
35.32629454,8.62193591,4.07345953
35.21770383,8.78028645,4.07252465
35.38854695,8.80222952,4.09359302
35.16177494,8.58826207,4.05237686
34.28537498,8.80161278,3.99147635
35.83221395,8.29996661,4.11083656
35.79132996,8.10040497,4.09014719
34.98059294,8.54904643,4.03005236
34.92796007,8.35986108,4.01017186
34.80825460,8.48987524,4.00826569
34.14538209,8.88061047,3.99027671
33.61652146,8.48839598,3.93032914
33.44847205,8.57335596,3.93490544
33.60697773,8.68547384,3.95024619
34.65343463,9.11803777,4.04357403
34.65237087,8.91060206,4.02714831
35.85975592,8.71969740,4.14556999
35.54246238,8.79503142,4.11145208
33.29397060,8.65909309,3.94213095
33.44121845,8.77565356,3.95647584
36.02260385,8.35804007,4.13885058
35.98052927,8.15438391,4.11751178
36.11025151,8.72737244,4.17787587
35.98020413,8.81796624,4.16791120
35.85245134,8.90732270,4.15792514
35.97951445,8.66360957,4.15662654
36.07076823,8.54609297,4.15932440
33.27990841,8.86548691,3.96520462
33.17015048,8.72520000,3.94924747
33.09934692,8.85956530,3.96534313
35.03818931,8.74049871,4.05030474
33.92838369,8.89208655,3.98123884
33.59923704,8.88847143,3.97104721
34.92059078,8.88530635,4.04921527
33.31131311,9.05013416,3.98602497
33.17657934,9.03360214,3.98499612
33.25834134,9.23009066,4.00694821
33.43924715,8.97226312,3.97772222
36.38896052,9.12692353,4.24253847
36.36202834,9.25305957,4.24787573
36.52085490,9.22797057,4.26673898
36.33497253,8.98007933,4.22503536
36.22443724,9.14503995,4.22243975
35.59718706,8.94818816,4.12876532
35.27938876,8.99600334,4.09466579
32.92999820,8.84450311,3.96606701
33.01286915,9.01948708,3.98581584
33.75229032,9.00077434,3.98602191
36.20413227,8.41471336,4.16565351
36.28617541,8.78871384,4.20469764
34.18399031,9.09137933,4.01113334
34.31157831,9.16502345,4.02441148
35.71876149,9.01915704,4.14869527
34.80388926,9.00971576,4.04774555
34.46006919,9.14300967,4.03164702
35.09449170,8.93290827,4.07019109
36.25095977,8.60176871,4.18606703
36.13139733,8.02341137,4.12483189
36.16758145,8.21918725,4.14545274
32.84265110,9.01623454,3.98978755
34.03841389,9.03759501,3.99945343
33.89055178,9.11156200,4.00093781
33.58231552,9.08756004,3.99157207
34.97153550,9.07766246,4.06832718
35.46216196,8.97595989,4.11436938
35.56378267,9.13730510,4.13750233
35.83345775,9.28704212,4.18104195
35.96251384,9.27865897,4.19717079
35.88183652,9.44140334,4.19719166
35.26550861,9.19116077,4.10664286
35.39332493,9.15755888,4.11870308
35.17907624,9.31472496,4.10596277
35.32738639,9.34796082,4.12410918
34.20110941,9.27888382,4.02871394
32.93821008,9.18711265,4.00839973
35.71867008,9.21598915,4.16183632
35.13877258,9.13389477,4.08913262
36.10486094,9.27050456,4.21526311
33.72926761,9.19809614,4.00541555
33.09212309,9.19519089,4.00547065
32.64935658,9.03335062,3.99931182
32.77033175,9.20492085,4.01673745
36.39560835,8.47286493,4.19361796
36.31919086,8.08785962,4.15244934
36.28359132,7.89311437,4.13132604
34.56685825,9.31986183,4.05329544
34.74243999,9.33463463,4.06741161
36.47068992,8.85873636,4.23315151
36.50872279,9.03627547,4.25127009
36.43898847,8.66095752,4.21390051
36.23597113,9.36596876,4.23889296
32.58411387,9.24165446,4.03074642
34.04366699,9.21213213,4.01588684
34.84864811,9.20284963,4.06625870
34.37644979,9.33862947,4.04296027
36.35620557,8.28188689,4.17322388
33.42146810,9.16596159,3.99886947
36.05935577,9.44450393,4.22060175
35.01899200,9.27239035,4.08699996
34.80245684,9.49288480,4.08423954
34.89968603,9.39553474,4.08504003
34.92403268,9.58169794,4.10082675
33.75441229,9.49570446,4.03621405
33.69920122,9.35950370,4.02147881
33.57153919,9.47311578,4.03256607
33.92221822,9.54033158,4.04359089
33.87438461,9.33316905,4.02211930
35.06743693,9.47819233,4.10628882
35.21868701,9.46019734,4.12007622
35.32977499,9.55162546,4.13798869
32.87826468,9.36326809,4.03283406
33.27075496,9.42070224,4.02889490
33.40319367,9.35997081,4.02050483
33.18339898,9.55345994,4.04644984
33.36891412,9.57950715,4.04573690
36.32173877,9.51810817,4.26026236
36.19421697,9.52886395,4.24390072
36.27977283,9.69104322,4.26559388
36.44000397,9.39944039,4.26811056
34.35391089,9.52787481,4.05800349
34.50031084,9.49613666,4.06339756
34.42717491,9.66843425,4.07377159
33.56783471,9.27409290,4.01118909
35.46642674,9.29056752,4.13610024
34.66452431,9.49497592,4.07406046
33.13995681,9.38026555,4.02669764
33.01233229,9.32759764,4.02366091
34.22160951,9.47303628,4.04701051
34.05798729,9.40921296,4.03482569
35.58680394,9.34865957,4.15424244
36.58792805,8.52985290,4.22119347
36.54803610,8.33977857,4.20057245
36.50868073,8.14918844,4.17958401
36.65912286,8.92258233,4.26131476
36.68956566,9.11428782,4.27974599
36.70790028,9.32326939,4.29745390
36.57334110,9.36082971,4.28288575
36.61913009,9.50835752,4.29901901
32.40149457,9.28341920,4.04809760
32.31628031,9.45718466,4.07993215
32.52230098,9.42304228,4.05971474
32.70664453,9.39329860,4.04469663
36.47080309,7.95600646,4.15811193
36.43159559,7.75971259,4.13574140
36.62358316,8.72863040,4.24165107
35.73119522,9.41155455,4.17609900
35.46075040,9.46130482,4.14667407
33.01315696,9.51194284,4.04658378
35.06566332,9.88079020,4.13454957
35.19201589,9.79906948,4.14050343
35.05918189,9.68963341,4.12045893
35.32643643,9.73240302,4.14960629
35.19295229,9.61895319,4.12830303
35.60362592,9.54452161,4.16887762
36.78253001,9.48536486,4.31848172
36.75289719,9.65444297,4.32636053
36.44995930,9.60436403,4.28300249
35.95356411,9.58981414,4.21583350
35.78440862,9.62795114,4.19642547
36.09888797,9.64103639,4.23820589
32.64282616,9.57807090,4.07351101
36.70006684,8.20757528,4.20598999
36.66055099,8.01634268,4.18425079
36.73864073,8.39959044,4.22728147
36.62134506,7.82315329,4.16192073
34.24011815,9.67013859,4.06546983
34.08087775,9.59652405,4.05315335
36.81098587,8.79252024,4.26888362
34.59713182,9.66217672,4.08290974
34.77778741,9.66398181,4.09538162
36.59732727,9.72780439,4.31069645
36.73733961,9.84144876,4.33666516
32.45038190,9.60963939,4.09152074
36.90433236,9.37407051,4.32556533
36.92947916,9.58767599,4.34417155
36.86212137,9.76117438,4.34767115
33.79394402,9.66750177,4.05428706
33.66383014,9.61608308,4.04806951
36.87679517,9.18250097,4.30775677
36.84612670,8.98820319,4.28887814
36.77367899,8.59683180,4.24822320
32.82572438,9.54805673,4.05920025
36.44193814,9.78150561,4.29317290
35.96153564,9.78627492,4.22888170
34.17920326,9.86696622,4.08137764
34.08887855,9.75483590,4.06832592
33.99745557,9.91690303,4.08200238
34.34572691,9.83490423,4.08439309
34.78030294,9.99527738,4.12105912
34.82670481,9.84179217,4.11252903
34.68803523,9.82816924,4.10194658
34.93223150,9.76842427,4.11520423
33.53636567,9.68387720,4.05566405
35.46336586,9.65258066,4.15937636
33.66568966,9.78049621,4.06560663
37.23831118,9.99571066,4.40990051
37.17142468,10.11656120,4.41015799
37.32638117,10.10990406,4.42772030
37.08991873,9.96243374,4.38992955
33.94667245,9.72341446,4.06208739
32.25599766,9.65723288,4.11523060
32.04863609,9.72581529,4.14715755
32.19137256,9.85693999,4.15236427
32.38319051,9.80076883,4.12515268
32.57108324,9.76612063,4.10474537
32.75920347,9.73695864,4.08803051
34.52106190,9.82762250,4.09208778
33.08561291,9.67809180,4.06469606
33.22401087,9.73975304,4.06772258
36.96116783,8.66148636,4.27426744
36.85148695,8.07572992,4.20924842
37.02130470,9.78854289,4.36961216
36.90195352,9.94194065,4.36477457
37.13626431,9.64619059,4.37321305
35.61325525,9.75404028,4.18322234
37.09170857,9.44402846,4.35296662
35.77334157,9.86299996,4.20941610
36.14488503,9.80571935,4.25440501
36.77550218,7.69261171,4.16413616
36.81240391,7.88389793,4.18677975
36.58686553,7.63091072,4.13969477
33.38888479,9.79958964,4.07073564
36.88949173,8.26920658,4.23133980
36.92491513,8.46601069,4.25304094
36.99734616,8.85833894,4.29518946
37.03198862,9.05543796,4.31547604
37.06370998,9.25050473,4.33475026
36.55302056,9.93820408,4.31793516
36.31003821,9.94329506,4.28500952
36.86206928,10.10453492,4.36986563
36.73811244,10.03084166,4.34871739
36.75206052,10.20675515,4.36125158
37.00314952,10.10477921,4.38833092
32.94103533,9.71013215,4.07476468
33.06334325,9.86573755,4.08909471
35.46271223,9.85134750,4.17203671
37.46724168,10.09877085,4.44154711
37.42549468,10.24364710,4.44756144
37.62647729,10.21429226,4.46374770
32.96828648,10.02594324,4.11436454
32.87473387,9.89573377,4.10249765
32.81562584,10.10046599,4.13375436
33.10575432,10.07091014,4.11309912
33.81081189,9.84868106,4.07307623
33.66401182,9.99131912,4.08836249
34.71382772,10.16125505,4.13000302
34.61318334,9.99279081,4.11071640
34.93262648,9.95883011,4.12924053
33.53146751,9.88258983,4.07778213
33.39832856,9.99663628,4.09341510
33.51641182,10.04779738,4.09665895
33.24417049,9.93901549,4.09113633
33.26683743,10.12850441,4.11335097
34.44106288,10.00012853,4.10284656
34.26929880,10.01565865,4.09780154
34.35874906,10.17535578,4.11511831
34.12146696,10.02541712,4.09483325
34.16320751,10.19703386,4.11204817
37.20043836,9.83960931,4.39458844
35.19244934,9.95760681,4.15135338
36.09432372,9.95832600,4.25666963
35.91811824,10.00222354,4.23605572
35.31762007,9.92073064,4.16111370
37.32899205,9.71692902,4.39951927
32.00812876,9.92247095,4.18354992
32.13187393,10.04873238,4.18916750
32.31976486,9.99547817,4.16047449
32.50520366,9.94819398,4.13616824
37.04038500,8.13879375,4.23261418
37.00322922,7.94466453,4.20979434
36.96551050,7.75277339,4.18674726
37.14767788,8.72791322,4.29873784
37.11224041,8.53123788,4.27714996
37.21784318,9.12289215,4.34046077
37.25014725,9.31888551,4.36006772
31.85022653,9.96478320,4.21073526
31.92143256,10.11825379,4.22692301
37.37740502,9.93657376,4.42085432
37.28030399,9.51175890,4.37864608
35.61337241,9.96230825,4.19612182
36.88659041,7.36554112,4.13885166
36.73617837,7.49789771,4.14047392
36.92551488,7.55946646,4.16297995
37.18307195,8.92555707,4.31992860
32.68600862,9.92249234,4.11831875
37.07612217,8.33540744,4.25512692
33.83762535,10.01818585,4.09073962
33.96555733,10.13444079,4.10326895
35.77040738,10.07330511,4.22163937
35.13909109,10.40876769,4.17791484
35.29874302,10.34016716,4.18701733
35.17167112,10.24359566,4.16910946
35.03709523,10.53246719,4.17910719
35.15175518,10.59409989,4.19198534
35.08723140,10.08564125,4.15087261
35.28266174,10.12461395,4.17115427
35.45489426,10.05125970,4.18390120
34.27666836,10.32925759,4.12689149
34.29083957,10.48733753,4.14195276
34.44652199,10.36429314,4.13486314
34.12395999,10.42200955,4.13324880
32.86901752,10.27146539,4.15331382
32.97217317,10.18047155,4.13441349
32.98669743,10.35005321,4.15592390
36.90918154,10.24495181,4.38473293
36.79249962,10.37780226,4.37676224
36.59581590,10.14826665,4.33637846
36.62019140,10.32658627,4.35002608
36.45080188,10.09436934,4.31322205
32.62368745,10.11280313,4.14994828
37.15521046,7.81426457,4.20683318
37.19182931,8.00886511,4.23031172
37.26339108,8.40127798,4.27629681
37.46718573,9.58163991,4.40141639
37.33375500,8.79551607,4.32057002
37.29878228,8.59815590,4.29866579
37.07748701,7.42789478,4.15887577
37.36897878,8.99317057,4.34196009
37.40381830,9.19066791,4.36267182
35.90654107,10.19148300,4.24556598
32.08828866,10.24428379,4.22592382
31.91514065,10.34166830,4.26544914
33.75028240,10.19925883,4.11013392
37.57002008,9.98635069,4.44204890
37.25569599,10.26719157,4.43012090
33.27846960,10.31984287,4.13630287
34.90629517,10.16573755,4.14267992
31.71272447,10.05902003,4.24633755
31.71412285,10.25830837,4.28109022
37.51302806,9.78630573,4.42178203
32.26230389,10.17809121,4.19470009
37.22741784,8.20516967,4.25351397
32.44510074,10.13945247,4.16982534
36.18571990,10.08992162,4.27660357
36.04569886,10.13375390,4.26033389
37.43720196,9.38648734,4.38250718
37.07662001,10.26596061,4.40790388
34.53825896,10.16907564,4.12160511
37.11604236,7.62050410,4.18293227
35.61465674,10.17103454,4.20903397
37.04150362,7.23625438,4.13478982
38.32978994,10.82296047,4.50451693
38.31881367,10.80548699,4.50454728
38.30628366,10.82623512,4.50871021
38.35010500,10.82302624,4.50072182
38.33924417,10.80273515,4.50061005
38.07532824,10.47320701,4.49599865
38.07796840,10.54623938,4.50249917
38.16551305,10.53129087,4.49569910
37.98898515,10.42983591,4.49449149
37.99000994,10.52704537,4.50280997
31.22586631,10.51603594,4.42224899
31.26103010,10.60627913,4.43396701
31.32384168,10.53961105,4.40529768
31.14212178,10.50764081,4.44086551
31.17306510,10.59519577,4.45378188
32.85530937,10.41803170,4.17434260
32.84876681,10.55582410,4.19389009
32.97861367,10.51487736,4.17844763
32.74444473,10.65190196,4.21647980
32.92898054,10.68783376,4.20563018
35.05048758,10.25867546,4.16021979
33.12283861,10.24848898,4.13479011
35.77404219,10.26198311,4.23319996
32.73238319,10.48576227,4.19386607
32.61840038,10.42312003,4.19516412
32.60474034,10.56668250,4.21749706
32.54586391,10.29477023,4.18320698
32.47963423,10.46579502,4.21527369
35.45394764,10.25705495,4.19685780
36.02089036,10.31501167,4.26732995
35.88941056,10.33920962,4.25186845
35.94662056,10.51460038,4.26895831
36.17201585,10.25024500,4.28382190
36.31586288,10.34992060,4.30900838
36.31410384,10.16525041,4.29844233
32.72284370,10.29867793,4.16818117
34.63932938,10.33479833,4.14019515
34.79362792,10.31579927,4.14690348
34.94272185,10.39447118,4.16236420
32.08964253,10.43911709,4.25758886
36.45932956,10.26264400,4.32404166
38.04186620,10.59561194,4.50792252
38.04710779,10.66369671,4.51360083
38.12006335,10.61277643,4.50650716
37.97411721,10.62855961,4.51118764
37.88710830,10.57582544,4.50542656
37.88988558,10.45707888,4.49613189
37.92699695,10.34072040,4.48701453
37.77998629,10.35898383,4.48440422
32.21885836,10.33792337,4.22486749
32.37352125,10.32209079,4.20475241
37.41473629,8.27182390,4.27057724
37.52001980,8.86362394,4.33818926
37.30605073,7.68363535,4.19943523
37.59018180,9.25865629,4.38039890
37.62318694,9.45605229,4.40041456
37.17054010,10.41552651,4.42903143
36.97167567,10.41485221,4.40318390
33.28847969,10.51274216,4.15966747
37.83810830,10.20764529,4.47431352
37.75961161,10.03745721,4.45744202
37.50985486,10.36745214,4.46454420
37.64365291,10.42974715,4.48076880
33.75495864,10.40656528,4.13253839
33.87976399,10.29972283,4.12004438
31.77296957,10.43355700,4.30278522
31.64485644,10.41253880,4.31995900
34.01106166,10.30338871,4.12058690
37.26898378,7.49045850,4.17536335
37.23331212,7.29937316,4.15132330
37.65379624,9.65206431,4.41955895
37.70509758,9.84580454,4.43884157
37.36089902,10.40338977,4.45111990
37.55516589,9.06124369,4.35964137
37.34328696,7.87924367,4.22349262
37.37904586,8.07559368,4.24723492
35.63074202,10.38306687,4.22370532
37.45004544,8.46880804,4.29356738
31.50585653,10.13396305,4.29248559
31.90513033,10.55560960,4.30356739
31.53265848,10.31370838,4.32104425
38.37399976,10.85342671,4.49901889
38.38351260,10.85421631,4.49680117
38.37879472,10.84272057,4.49662553
38.37993379,10.86301115,4.49872558
38.36724363,10.84404495,4.49947526
38.36546412,10.85419451,4.50100964
38.35697029,10.83667689,4.50084050
38.35618422,10.84974231,4.50244875
31.13466726,10.84339362,4.55806315
31.14182077,10.85860816,4.56318744
31.15670139,10.84958236,4.54408911
31.12261214,10.84118696,4.57003421
31.13032413,10.85161562,4.57071027
31.13687717,10.80578968,4.53382863
31.11253195,10.79577328,4.54454647
31.12040392,10.82442478,4.55724617
31.16158950,10.82296187,4.52785562
31.15995624,10.79397977,4.51671071
31.10866734,10.62696025,4.48139092
31.15627573,10.66043578,4.47553200
31.11756806,10.69413148,4.49897003
31.30052732,10.43347401,4.38835692
31.39570039,10.47930868,4.37816771
31.34550140,10.63689889,4.42105221
31.40805904,10.37038152,4.35443597
31.42427169,10.57764688,4.39202456
31.51939019,10.47961852,4.35453553
31.40373055,10.24157543,4.33052488
31.68559355,10.57701371,4.34302272
37.49322042,10.54651250,4.47470620
33.92280467,10.46346915,4.13697940
36.69223218,10.64258928,4.37745813
36.65544252,10.50338819,4.36477949
36.51636203,10.64243730,4.35269032
36.79414756,10.71776769,4.39575621
36.84665678,10.57036801,4.39506395
36.47639739,10.44488665,4.33651233
35.73565968,10.54208715,4.24506294
35.57796919,10.54156485,4.22760250
35.63685795,10.69206338,4.24300621
35.79532811,10.40820540,4.24428340
33.13037862,10.42796161,4.15734349
35.44774278,10.45088314,4.20854601
35.28795249,10.52358218,4.19832607
35.04215929,10.67153447,4.18968725
35.12596918,10.70921624,4.19826394
34.02636416,10.59818638,4.15054146
34.17081631,10.59898188,4.15102642
33.89818699,10.65603670,4.15749715
33.97606643,10.71282416,4.16265802
32.28978280,10.51592222,4.24449314
34.74525803,10.49815785,4.15879536
34.43620930,10.58840286,4.15457744
36.15203236,10.43720148,4.29146026
38.32091990,10.77874274,4.50134630
38.32338541,10.83962390,4.50737625
38.29773359,10.79682266,4.50697308
38.29310978,10.77124632,4.50502799
38.26974989,10.78549858,4.50968016
38.30716633,10.74535982,4.50012175
38.27776360,10.81788248,4.51187284
38.16928365,10.73144395,4.51424789
38.20313866,10.76021741,4.51427295
38.22846072,10.72108637,4.50813660
38.11955259,10.76590952,4.52010758
38.16990890,10.78407339,4.51897555
38.26984361,10.74990207,4.50610334
38.28398084,10.71138081,4.50018519
38.23795887,10.77027849,4.51189263
38.24624970,10.80859328,4.51469497
38.21112910,10.79853521,4.51715412
38.25365336,10.66473037,4.49959247
38.18296005,10.66916961,4.50742508
31.22581097,10.73262084,4.47384395
31.17149664,10.71624806,4.48644056
31.18399484,10.76830518,4.49791520
31.21190031,10.66847888,4.46131240
38.11391925,10.69626625,4.51428211
38.05878243,10.74493068,4.52016629
31.27973747,10.68973314,4.44845500
31.28047967,10.76234714,4.46579206
31.22886963,10.78917714,4.48855447
31.09977457,10.55867416,4.46527763
38.21596901,10.60673851,4.49823813
37.98704218,10.71992312,4.51856179
31.34418282,10.72976900,4.44168751
31.42720624,10.68963860,4.41422164
37.90032315,10.69095616,4.51461797
38.07464907,10.36448334,4.48590722
38.15454331,10.44096818,4.48779918
37.88907052,9.89852210,4.44714676
37.56627494,8.14309315,4.25891047
37.60147525,8.34013184,4.28218265
37.48507564,8.66619562,4.31612942
37.70645853,8.93241861,4.34940784
31.53471779,10.64008834,4.38244889
37.74154054,9.13004800,4.37068092
37.77622279,9.32804471,4.39133214
37.07190940,10.57602983,4.42583023
33.43163895,10.59319981,4.16300932
33.31662249,10.69988684,4.18149541
31.28585559,10.29811906,4.36405731
33.77763682,10.58274926,4.15143303
33.50753386,10.68622751,4.17102757
33.57351939,10.70555140,4.17081749
38.00812994,10.22312431,4.47538004
37.77803580,10.51495043,4.49610835
37.79484396,10.65709585,4.50736179
37.94399322,10.07045141,4.46265104
37.66746121,10.60537854,4.49483749
34.57494084,10.48720660,4.15022292
37.67150380,8.73495722,4.32749749
37.63650272,8.53751188,4.30506669
37.19892071,7.10894239,4.12713917
37.39107190,7.17288588,4.13908411
37.35736490,6.98286867,4.11473921
37.53056198,7.94656849,4.23530277
37.49466481,7.75008936,4.21133517
36.32126388,10.53928234,4.32002106
37.84571782,9.71544236,4.42985415
37.42514162,7.36338377,4.16322128
37.45954158,7.55547430,4.18726713
37.81056179,9.52435393,4.41116274
34.90993762,10.60113154,4.17600687
37.28687971,10.56594835,4.45253564
32.11741768,10.63821538,4.28664106
31.19054379,10.80861347,4.50878426
31.12866033,10.76181418,4.51877706
31.16870811,10.39776573,4.40964061
33.12737849,10.62130266,4.18252577
35.44030368,10.63121343,4.21934752
34.60727931,10.65014831,4.16540008
35.82287038,10.67406049,4.26284368
31.29048020,10.12091939,4.32837114
31.15067865,10.22838706,4.37776511
36.96665302,10.72698369,4.42013327
36.80498099,10.87116444,4.40529412
32.44514806,10.64135448,4.24576117
32.28780746,10.70951347,4.27549094
36.14786331,10.63290123,4.30148570
36.65878478,10.75373423,4.37859114
32.59440478,10.72057496,4.24134495
36.32695331,10.71773248,4.33021155
38.36970311,10.82833429,4.49712250
38.36956178,10.86233490,4.50103566
38.35902856,10.86098441,4.50311276
38.34647171,10.85840816,4.50528785
38.34169884,10.84135367,4.50433843
38.33045794,10.85565213,4.50786699
38.36327786,10.80678294,4.49610952
31.14149759,10.82967633,4.54343570
31.18650748,10.84454871,4.52423761
38.35393817,10.78257364,4.49540414
38.31404401,10.67142674,4.49092825
38.33020970,10.71613506,4.49280903
38.31116401,10.85224892,4.51063773
38.22485837,10.83734334,4.51954145
38.18454159,10.83083214,4.52218368
31.22179001,10.83622268,4.50569186
38.34354433,10.75226115,4.49417083
38.07973786,10.81466895,4.52550002
38.13772753,10.82293940,4.52421771
38.28769735,10.84742135,4.51350568
38.25873044,10.84282903,4.51661485
38.29122659,10.61816912,4.48912845
38.26596217,10.55059222,4.48591252
31.26705035,10.82329045,4.48586990
31.32778866,10.80800750,4.46416340
31.40542266,10.79101976,4.44074836
38.20781713,10.37437167,4.47528276
37.93006983,10.78963294,4.52288994
38.01187773,10.80206003,4.52514537
38.24212459,10.46888887,4.48070260
31.63290883,10.74202230,4.38334860
37.71920359,10.75539251,4.50898093
37.83405929,10.77390682,4.51780330
38.04291145,9.77047478,4.42746946
37.54955689,7.04794530,4.12072933
37.75285725,8.21239073,4.26313782
37.78783192,8.40978139,4.28584461
37.82280990,8.60723640,4.30813029
37.85779770,8.80471390,4.32997820
37.68253722,7.81880330,4.21663927
37.92802118,9.19951751,4.37201319
37.96451457,9.39496312,4.39180845
31.50408069,10.76833362,4.41409206
34.75976274,10.67376471,4.17375543
38.11951267,10.11168287,4.45727705
31.79744425,10.72334257,4.35049026
38.07545243,9.94905074,4.44399885
37.58274644,7.23838782,4.14497107
38.00300932,9.58580076,4.41033481
37.61569084,7.43011512,4.16902953
37.71771727,8.01524189,4.24004912
34.47217861,10.73928357,4.16909079
34.36849602,10.71518001,4.16466710
34.29193468,10.66179524,4.15841436
37.57632932,10.72900644,4.49469865
37.89278778,9.00216466,4.35130835
37.18519192,10.72148197,4.44888914
37.39564090,10.71781799,4.47454530
33.81495700,10.70614959,4.16423152
31.96774391,10.73393588,4.32476751
34.20757407,10.71444332,4.16259343
34.08782880,10.72575477,4.16341064
35.97923766,10.71733065,4.28426439
35.25075340,10.70013112,4.20718708
32.12894161,10.87116444,4.32382432
31.05923245,10.32449883,4.41926074
36.49489950,10.87116444,4.36145465
32.42035201,10.87116444,4.28433900
33.50596834,10.87116444,4.19310151
33.43722201,10.71114341,4.17697368
35.05869282,10.87116444,4.20553234
33.69211971,10.71456754,4.16807150
33.89189877,10.87116444,4.18066048
34.27971116,10.87116444,4.17831002
34.96940373,10.72101536,4.18874728
34.87341870,10.74770666,4.18535874
36.16083469,10.87116444,4.31578551
32.75776960,10.87116444,4.24672321
35.80772493,10.87116444,4.27232574
34.66909920,10.87116444,4.18647465
33.12458952,10.87116444,4.21541966
35.43943842,10.87116444,4.23470951
31.12517241,10.06208979,4.34904857
38.38767630,10.86724169,4.49728299
38.38904915,10.87116444,4.49739477
38.39459174,10.87116444,4.49591709
38.38262129,10.87116444,4.49902327
38.38728210,10.86156951,4.49670750
38.39223291,10.85779367,4.49493460
38.39359776,10.86553018,4.49550339
38.37479985,10.87116444,4.50086736
38.39031538,10.84692440,4.49413405
31.13358236,10.86130553,4.57783058
31.14350202,10.87116444,4.57394892
31.13729184,10.87116444,4.58773941
38.36516502,10.87116444,4.50297169
38.35331792,10.87116444,4.50536342
38.29974412,10.87116444,4.51422957
38.38453789,10.81417516,4.49171175
38.38778026,10.83255430,4.49307306
31.15647072,10.87116444,4.55836861
38.38052454,10.79142583,4.49001995
38.33881073,10.87116444,4.50805200
38.32113445,10.87116444,4.51102813
38.20642110,10.87116444,4.52420433
38.16247542,10.87116444,4.52712692
31.20664092,10.87116444,4.52525042
38.37564125,10.76374542,4.48795117
38.24323781,10.87116444,4.52095079
38.27404042,10.87116444,4.51757413
31.17715412,10.87116444,4.54208688
38.36969337,10.73003072,4.48541591
38.36244102,10.68892254,4.48230124
37.97322440,10.87116444,4.52999127
38.04757932,10.87116444,4.53051797
38.34280452,10.57762443,4.47373486
38.32982140,10.50404509,4.46796025
38.35359118,10.63876089,4.47846494
31.29880315,10.87116444,4.48919363
31.24645590,10.87116444,4.50773244
31.36669663,10.87116444,4.46915305
31.45414400,10.87116444,4.44699002
38.11005279,10.87116444,4.52936676
37.88494989,10.87116444,4.52713835
37.78036107,10.87116444,4.52111257
38.31399291,10.41435240,4.46079561
38.24251569,10.00956162,4.42670837
37.73183172,7.11521722,4.11902912
37.76571386,7.30608266,4.14265731
38.07721280,9.07373412,4.33833397
38.00756997,8.67872536,4.29761459
37.90336143,8.08613387,4.23362293
37.93807980,8.28361648,4.25536559
31.56640330,10.87116444,4.42198689
38.29434254,10.30302683,4.45170279
37.50144425,10.87116444,4.49555776
37.65518061,10.87116444,4.51104925
31.71022590,10.87116444,4.39342379
38.16507000,10.25631377,4.46786559
38.27035392,10.16716826,4.44030738
38.21202165,9.83696119,4.41136457
38.17975346,9.65433619,4.39463625
38.14635017,9.46527060,4.37680662
37.79979289,7.49849243,4.16593411
37.64863660,7.62359045,4.19293319
37.83411524,7.69284434,4.18885990
31.89411177,10.87116444,4.36075400
37.86867361,7.88897313,4.21144073
37.97280990,8.48116289,4.27668321
38.11205794,9.27111745,4.35798127
37.31132257,10.87116444,4.47327869
37.07923831,10.87116444,4.44318527
38.04237660,8.87625834,4.31819201
38.39291883,10.86116169,4.50201464
38.39405391,10.86761488,4.50225145
38.39467943,10.87116444,4.50246843
38.39114538,10.85105429,4.50196593
38.38924676,10.84036262,4.50023174
37.69807717,6.92529683,4.09512383
31.14345277,10.88027802,4.60794828
31.15035626,10.88884712,4.61047664
31.14961836,10.88928388,4.59976650
31.67261791,11.44367482,4.72317736
31.63434602,11.47418492,4.68668908
31.54884189,11.36200121,4.68267147
36.17865336,17.09814867,5.13347750
36.10021105,17.16048748,5.10483425
35.94665872,16.95786051,5.08779997
32.67792641,12.45529631,4.83426722
32.80470842,12.35702021,4.86712305
32.96873875,12.57575661,4.87627603
35.01103922,15.72299281,4.98988841
35.09220632,15.65878923,5.01963778
35.24933541,15.86701759,5.03530368
33.49871732,13.54417107,4.88523452
33.62194853,13.44828457,4.91718314
33.78170313,13.66202147,4.92826287
34.85292690,15.51426040,4.97432158
34.93450366,15.44977900,5.00423812
31.28947171,11.07293877,4.60569720
31.29336542,11.06903822,4.63383330
31.33959485,11.12898160,4.63701121
31.52514668,11.38242702,4.61635496
31.52973009,11.37784420,4.64682033
31.61520722,11.49008031,4.65087921
31.25284390,11.02483923,4.60411492
31.25625923,11.02137123,4.63053434
31.61063130,11.49468549,4.62041834
31.71806729,11.62518618,4.65583555
31.45297761,11.28765457,4.61300518
31.45752769,11.28312584,4.64334876
31.39523929,11.20157728,4.64017708
31.39079307,11.20599385,4.61017927
31.33535831,11.13319697,4.60770806
31.27103540,11.00905541,4.66286126
31.22639628,10.98343951,4.62703047
31.22356024,10.98638402,4.60286462
31.20048188,10.95607761,4.60188855
31.18260443,10.93260101,4.60113810
31.18427308,10.93077506,4.61976134
31.20270790,10.95369754,4.62338609
31.16999117,10.91311383,4.61633448
31.15896668,10.89949897,4.61323527
31.16876158,10.91442264,4.60056043
31.15804088,10.90034427,4.60011510
35.84029880,17.04913150,4.96982584
35.84349596,17.04438769,4.99646836
35.99753594,17.24672994,5.01402662
35.68554061,16.84589011,4.95235777
35.68877248,16.84114737,4.97912639
35.53006694,16.64171134,4.93510003
35.53333417,16.63696881,4.96199517
35.37388501,16.43660585,4.91805114
35.37718823,16.43186256,4.94507332
35.21699992,16.23058151,4.90120921
35.22033966,16.22583622,4.92835909
35.05948138,16.02373143,4.88457074
35.06285874,16.01898277,4.91184921
34.90136192,15.81609914,4.86812841
34.90477932,15.81134703,4.89553702
34.74264661,15.60768908,4.85192000
34.74610743,15.60293527,4.87946146
34.58344284,15.39863988,4.83599728
34.58695079,15.39388668,4.86367563
34.42382760,15.18905016,4.82040886
34.42738642,15.18430000,4.84822958
34.26379210,14.97890589,4.80519517
34.26740540,14.97416122,4.83316499
34.10336000,14.76823559,4.79040028
34.10703075,14.76349860,4.81852670
33.94252357,14.55702655,4.77605990
33.94625317,14.55229868,4.80435033
33.78126685,14.34525747,4.76217457
33.78505500,14.34053956,4.79063544
33.61967368,14.13304059,4.74874977
33.62352019,14.12833288,4.77738535
33.45786475,13.92053674,4.73579385
33.46176983,13.91583929,4.76460569
33.29604158,13.70801289,4.72331980
33.30000584,13.70332570,4.75230661
33.13288079,13.49373338,4.71122742
33.13690522,13.48905657,4.74038543
32.96790815,13.27707788,4.69949133
32.97199449,13.27241135,4.72881489
32.80147798,13.05851326,4.68815117
32.80562835,13.05385641,4.71763359
32.63502535,12.83992239,4.67730956
32.63924047,12.83527440,4.70694410
32.46921517,12.62217769,4.66698793
32.47349442,12.61753745,4.69676810
32.30493886,12.40644906,4.65721302
32.30928054,12.40181559,4.68713255
32.14260871,12.19327724,4.64797635
32.14701002,12.18864991,4.67802871
31.98301366,11.98369761,4.63928669
31.98747016,11.97907580,4.66946443
31.83688291,11.79179914,4.63165544
31.84138852,11.78718167,4.66194857
31.71352050,11.62979966,4.62544310
31.14284043,10.88038313,4.59948677
35.39388296,16.41656151,4.97644154
35.23712177,16.21049747,4.95988616
31.86042693,11.77128681,4.69751818
31.73716938,11.60928362,4.69154258
31.41379251,11.18622544,4.67568607
31.47647960,11.26743605,4.67912779
31.35738109,11.11425481,4.67193795
31.30990577,11.05531220,4.66773599
31.23897377,10.97288636,4.65717892
35.85994065,17.02918654,5.02735568
36.01390083,17.23155883,5.04475209
35.70529863,16.82591476,5.01017476
35.54994362,16.62170301,4.99320382
34.92175004,15.79592560,4.92737835
35.07973290,16.00360337,4.94353337
34.76317951,15.58747271,4.91146264
34.60412967,15.37838473,4.89584157
34.44467777,15.16876047,4.88056747
34.28481464,14.95858581,4.86568425
34.12456209,14.74788880,4.85123845
33.96390883,14.53665549,4.83726631
33.80283539,14.32486376,4.82376633
33.64142480,14.11262502,4.81073878
33.47979736,13.90010059,4.79818558
33.31815432,13.68755833,4.78611298
33.15517138,13.47326401,4.77441554
32.99037517,13.25659741,4.76306316
32.82411982,13.03802467,4.75209311
32.65783855,12.81942795,4.74160762
32.49219417,12.60167842,4.73162854
32.32807644,12.38594565,4.72218297
32.16589525,12.17277081,4.71326216
32.00643570,11.96318926,4.70487310
35.73881698,16.79773360,5.04119602
35.89330204,17.00109587,5.05819751
35.58362103,16.59342949,5.02440271
35.42772167,16.38819333,5.00781621
34.95609836,15.76725987,4.95926453
35.11390657,15.97503856,4.97525020
34.79770673,15.55870608,4.94352304
34.63884192,15.34951770,4.92808366
34.31992026,14.92951671,4.89832271
34.47958262,15.13979294,4.91300138
34.15987582,14.71871602,4.88409652
33.99943741,14.50737648,4.87035881
33.51599592,13.87049275,4.83203980
33.67739827,14.08312732,4.84433338
33.19181251,13.44344550,4.80878586
33.35457642,13.65784273,4.82022667
33.02722958,13.22668190,4.79768387
32.69509447,12.78933715,4.77671000
32.86117895,13.00801845,4.78695835
32.52963820,12.57150843,4.76696123
32.36569894,12.35570125,4.75773969
32.04437678,11.93281087,4.74086118
31.89850600,11.74084841,4.73370295
31.77536828,11.57879423,4.72789538
31.51446937,11.23720202,4.71571623
31.58708114,11.33154727,4.71924780
31.39348875,11.08551744,4.70810822
31.45114340,11.15650816,4.71216197
31.34397041,11.02817051,4.70331986
36.04710719,17.20355730,5.07541265
35.27112439,16.18203222,4.99143476
33.83858468,14.29547627,4.85710558
32.20368453,12.14245680,4.74903738
35.79242883,16.75433144,5.07097644
35.48185123,16.34445108,5.03794429
35.63749045,16.54985848,5.05435832
35.32551786,16.13811694,5.02173254
35.16857236,15.93094812,5.00570816
34.69434878,15.30489101,4.95906813
34.53538646,15.09498159,4.94418559
34.37603303,14.88451499,4.92972301
34.21630961,14.67351671,4.91573162
34.29965873,14.60783248,4.94649733
34.45891280,14.81914976,4.96024489
34.05620551,14.46197225,4.90224419
33.73486932,14.03729648,4.87674673
33.89569972,14.24986088,4.88925186
33.57382729,13.82444522,4.86472151
33.41276779,13.61158096,4.85317302
33.08612281,13.18001116,4.83113593
33.25035889,13.39697547,4.84199021
32.92040588,12.96115592,4.82065254
32.75464308,12.74229183,4.81063748
32.58949563,12.52428909,4.80111510
32.42585085,12.30831596,4.79211475
32.51472121,12.23904361,4.82546467
32.26411368,12.09491350,4.78363040
32.10506189,11.88511895,4.77567006
31.95942447,11.69301974,4.76871373
31.64831163,11.28358316,4.75469269
31.73386850,11.39566500,4.75851094
31.83648790,11.53085024,4.76308141
31.57537688,11.18951181,4.75122228
32.84261361,12.67359056,4.84358836
31.82440152,11.32532251,4.79276919
31.92681752,11.46063036,4.79719165
35.71707298,16.48673285,5.08350122
35.87162825,16.69147004,5.09995704
35.56182059,16.28105905,5.06724569
35.67650930,16.19116656,5.09656567
35.40588028,16.07445679,5.05118499
35.05148309,15.35828870,5.03411384
34.77634484,15.24012507,4.98916753
34.14004572,14.39595583,4.93326696
33.65924128,13.75738384,4.89653207
33.81974822,13.97058705,4.90829699
33.17311686,13.11193106,4.86366051
33.33683723,13.32922511,4.87428987
33.46082780,13.23282597,4.90643535
32.35339957,12.02537373,4.81717811
32.04945075,11.62299599,4.80265281
32.19473451,11.81532674,4.80941810
32.32329471,11.71583315,4.84279077
36.02547815,16.89526112,5.11661412
35.98521485,16.60235561,5.12898058
36.13852109,16.80653232,5.14547900
35.83120781,16.39723045,5.11267642
34.61781579,15.02992195,4.97448597
33.98005162,14.18350143,4.92053779
33.00789723,12.89275886,4.85339545
36.29115604,17.00980336,5.16217663
35.36515752,15.77633732,5.06487623
35.52113260,15.98417185,5.08063046
35.21711613,15.22964089,5.06427086
35.37342011,15.43965030,5.07933827
35.20860300,15.56770831,5.04935298
34.57774473,14.72634102,4.99073222
34.73600723,14.93757151,5.00474540
34.41915982,14.51454382,4.97723608
34.74597297,14.59578049,5.02156361
34.90333772,14.80767775,5.03532325
33.94144150,13.87575410,4.93979273
34.10098862,14.08919545,4.95178648
34.11370287,13.74225286,4.97159227
34.27218309,13.95645862,4.98336990
33.13333762,12.79538485,4.88591057
32.48140366,11.92626529,4.85037296
32.64213070,12.14034242,4.85848823
35.52917037,15.64885470,5.09471294
34.89392052,15.14821293,5.01922389
35.06038852,15.01895519,5.04957774
34.26024942,14.30216671,4.96426171
34.43040966,14.17018055,4.99560907
33.29784549,13.01503548,4.89599444
32.17852032,11.52314848,4.83619872
36.14608606,16.47711164,5.15829487
36.29862704,16.68184065,5.17463056
35.99285057,16.27143143,5.14214216
35.83893246,16.06481075,5.12616528
34.58832969,14.38328524,5.00833151
33.79637878,13.31325771,4.94933770
33.95504870,13.52775322,4.96025425
33.47437997,12.87854748,4.92843070
32.98430610,12.21838942,4.89995773
33.14723248,12.43790733,4.90896476
32.82261099,12.00108995,4.89144078
36.45050132,16.88566144,5.19115448
36.60182267,17.08873382,5.20788152
35.68434809,15.85725544,5.11033972
33.63632656,13.09705705,4.93873005
33.31087125,12.65820344,4.91847718
39.11049625,13.66906400,4.90692890
38.96351432,13.65209014,4.92181258
39.07927661,13.58160822,4.89751735
39.00838818,13.52365315,4.89726205
38.57797879,12.10750127,4.72078626
38.47257216,12.12749576,4.73919610
38.54318525,12.04079928,4.71411250
38.44938845,12.03283388,4.72620708
39.76963140,13.90670628,4.84964427
39.73161264,13.97262600,4.86952735
39.68907167,13.91444674,4.86655840
39.73701063,13.85042400,4.84532120
39.80516362,13.95495140,4.85175139
39.78364982,14.01646260,4.86799377
39.96582635,14.25232044,4.87693876
39.88993425,14.28573091,4.89813356
39.92913054,14.21054050,4.87638110
39.97594871,14.31181076,4.88660366
39.90476319,14.35174145,4.90740729
39.96583999,14.38106141,4.90180020
38.17074953,11.09325116,4.60911467
38.10522842,11.08429486,4.61868942
38.14646264,11.04715807,4.60543861
38.37209226,11.04016651,4.55678703
38.36555968,11.02119886,4.55441177
38.38481335,11.02090007,4.54922681
38.39390689,11.03809315,4.55055460
38.39244334,11.05501375,4.55467055
37.34906897,13.92112599,5.10014515
37.21022018,13.86017571,5.09938647
37.32975545,13.76119528,5.08537644
37.34959149,14.04445568,5.11169364
37.23628859,14.00595826,5.11174111
37.40794809,14.15825823,5.12023704
37.28167638,14.12397008,5.12089273
37.65439815,14.59669952,5.15262968
37.72346125,14.51976764,5.14332568
37.81675861,14.61529001,5.14911100
37.63314892,14.44224184,5.13911939
37.79637835,14.42328113,5.13104075
36.99230549,13.95784027,5.11350692
36.92156623,13.82163955,5.10381027
37.06201128,13.82696392,5.10088780
36.81236793,13.72084912,5.09777349
36.97025470,13.68595131,5.09110599
38.18457903,15.20093306,5.19265603
38.05790367,15.09731200,5.18691200
38.24355324,15.05853076,5.17602980
37.16050445,13.67946124,5.08428903
37.30735154,13.61163980,5.07131589
37.38114533,13.46683696,5.05201008
37.44945046,13.64018570,5.06699395
37.67701910,14.28317455,5.12219323
37.50346780,14.30859673,5.13095835
37.45817434,14.51964891,5.15069629
37.57354660,14.14598431,5.11299144
37.11714762,13.95693674,5.11068819
37.12459512,14.11274109,5.12359689
37.87335973,14.81176478,5.16585932
37.72427785,14.74117361,5.16371442
37.91807911,14.97763231,5.17990255
37.73725848,14.92402846,5.17942955
37.77999097,13.86103604,5.07148015
37.84185501,13.98033166,5.08107598
37.65675733,13.97314371,5.09132183
37.92149467,13.83861109,5.05861538
37.47293129,14.01308832,5.10412252
37.50620230,13.83024741,5.08411827
37.74966268,14.12627072,5.10263819
37.85117345,14.24216731,5.10954436
37.90083717,14.09919415,5.09078888
37.97026726,14.34759353,5.11428346
38.35404826,14.77581993,5.13893496
38.24924530,14.88596080,5.15749464
38.17624269,14.74442571,5.14606190
38.07410297,14.89575135,5.16671818
37.95927822,14.51698505,5.13306092
37.21508673,13.48440714,5.06269009
38.11410852,14.57748158,5.13125952
38.07441784,14.43493355,5.11776768
37.67407009,13.81097090,5.07260891
37.62035590,13.66488821,5.05949517
37.88200826,15.12694016,5.19405151
38.06141899,15.30572230,5.20597244
36.80417023,13.90917028,5.11252226
38.00012542,14.69515286,5.14957925
37.29559186,14.29290501,5.13503856
37.57049419,14.74231110,5.16719670
36.50301823,13.59492835,5.09253469
36.57213516,13.71026111,5.10021908
36.43860125,13.71573256,5.10121085
36.65883025,13.59599191,5.09059344
38.06831437,13.81315870,5.04324367
37.99885299,13.68180246,5.03239912
38.17558518,13.69237359,5.01711280
38.21355741,14.44885894,5.11020182
37.28334762,13.27848353,5.03689977
37.55424874,13.48842369,5.04352596
37.73226282,13.51760192,5.03396540
37.67066632,13.33788241,5.01643777
37.80558669,13.70245224,5.05091961
37.03901621,13.51510658,5.07326147
36.68236401,13.76372221,5.10305578
36.58384728,13.88137461,5.11200204
36.84799876,13.54746198,5.08242328
38.01613566,14.17498079,5.09182438
38.28478895,14.61192482,5.12444937
38.13365788,14.29566153,5.09774840
36.93017015,14.11543890,5.12657799
37.83892103,15.32659624,5.21133450
37.67839745,15.13065619,5.19722583
38.40648225,14.93914956,5.15438358
37.07272217,14.30962954,5.13970322
37.51967033,14.93222016,5.18308395
37.37198506,14.72621969,5.16849494
37.22802224,14.51324855,5.15359156
38.02977413,13.97906507,5.06735868
38.20772810,13.87506572,5.03860185
37.91869539,13.52518391,5.01915527
37.84285931,13.36315331,5.00468136
37.48679807,13.27620112,5.02308284
38.47145418,14.63730925,5.11367081
38.53817254,14.80117192,5.12879765
36.87166535,14.30297402,5.14007775
36.72342595,14.09838459,5.12636478
38.30998209,14.28981198,5.08326023
38.21290071,14.09428432,5.06669301
37.78566852,13.22364732,4.99131684
36.70935324,13.40073508,5.07347167
36.52026608,13.43728397,5.08050563
36.34607459,13.51890435,5.08829835
36.27091230,13.70877014,5.10033812
38.39246084,14.46562512,5.09856644
38.60301487,14.96715070,5.14428375
36.90896546,13.36554476,5.06395479
37.64225132,15.32185550,5.21196803
37.80044554,15.52173289,5.22673887
37.48379150,15.12133757,5.19733612
37.32503697,14.92026087,5.18287724
37.09569870,13.32799016,5.05234207
38.00531106,15.51884588,5.22523212
37.01752881,14.50889956,5.15409441
37.17507382,14.71247757,5.16820940
37.74424759,12.95442759,4.95796706
37.83323163,13.07585733,4.96615293
37.65529251,13.12708844,4.99038639
37.72515004,12.76513771,4.93245764
37.89984007,12.87671665,4.92986406
37.21599932,12.93254154,5.00098696
37.28063154,13.09488712,5.01594167
37.14701605,13.13603514,5.02909027
37.38626780,13.13984599,5.01390521
37.93363276,13.21057096,4.97489164
38.58513009,14.48486095,5.08401805
38.73112145,14.81912160,5.11488406
38.81147371,14.98371833,5.12933463
37.49826464,13.06177212,4.99542402
38.02428617,13.36192002,4.98679665
37.77260478,15.70546791,5.23997105
37.61484837,15.50564492,5.22491357
38.01159707,13.03591373,4.94115286
38.12329528,13.18305308,4.95041770
36.18102199,13.35700907,5.07806967
36.37729492,13.30191902,5.07233523
36.17606087,13.55233200,5.09043823
36.08605448,13.70985385,5.09833436
38.10784938,13.52486282,5.00091261
36.56056495,13.22997256,5.06274256
36.39422467,13.89161219,5.11206921
38.66727503,14.64994946,5.09831856
38.50010364,14.30802313,5.06847729
36.77526416,13.21155028,5.05435239
36.96650651,13.17633937,5.04290077
37.96575059,15.71083577,5.24082912
37.45673955,15.30517493,5.20998723
37.29835269,15.10413996,5.19522585
37.13972026,14.90213683,5.18063263
36.98091458,14.69890712,5.16622682
36.53007653,14.08271780,5.12453192
36.67328422,14.28768921,5.13808090
38.42064315,14.13169762,5.05248206
38.38313588,13.94855284,5.03128405
36.82186749,14.49492866,5.15206135
37.47663448,12.90121514,4.97618281
37.37035564,12.98782765,4.99630426
37.35857828,12.78986720,4.97167369
37.60739476,12.92779748,4.96775469
38.59944294,13.71457741,4.97405657
38.52427938,13.85255065,5.00267621
38.38038649,13.74015050,5.00243957
38.55242226,13.99818186,5.02035148
38.85850212,14.66940995,5.08217985
38.88773161,14.81813626,5.09985527
38.99964761,14.90338318,5.10034164
35.60166642,13.08425289,5.05909098
35.67359109,13.24472665,5.06820682
35.46432258,13.21669549,5.06252375
35.74915242,13.02444081,5.05704395
39.04823266,14.71008040,5.06763011
35.99174914,13.30473731,5.07472988
36.11016724,13.18361491,5.06667249
36.79585540,14.67896773,5.16239027
36.63689584,14.47433723,5.14819006
37.11304392,15.08607969,5.19158020
37.27130661,15.28804471,5.20647851
37.58699982,15.68945559,5.23674565
37.92988545,15.90424505,5.25510256
37.74413797,15.88920564,5.25206895
38.24566994,13.34464916,4.96035232
38.06875907,12.88479886,4.91168349
38.68841802,14.31670495,5.05063678
38.80852313,14.48470315,5.06149725
37.02746557,12.98950456,5.01973579
36.84441595,13.02787517,5.03340790
35.86274499,13.24099975,5.07027704
35.98165100,13.12805678,5.06358418
35.84103132,13.11697000,5.06289370
36.25850400,13.15057713,5.06259942
36.40675330,13.13370233,5.05841250
36.01334150,13.50774298,5.08657388
35.80298634,13.43206408,5.07959136
35.84575069,13.70045759,5.09274415
36.65777159,13.05048554,5.04348517
36.49470460,13.04724985,5.04868308
36.20466644,13.88855206,5.10953079
38.60358206,14.16000473,5.03766817
38.30029839,13.54480805,4.98329833
37.42933673,15.48904200,5.22153694
36.33727036,14.07272735,5.12140543
36.48783727,14.27103544,5.13454643
36.95456678,14.88289651,5.17686332
37.90077758,16.08792396,5.26745474
36.34294881,12.96114044,5.04547973
36.13412927,12.99481118,5.05265514
35.92904338,12.94896653,5.05177251
37.76127442,12.56564265,4.89829070
37.63634829,12.61373917,4.91961108
37.64095084,12.45559241,4.89522980
37.89307961,12.66597390,4.89844881
39.05880745,14.26584863,5.00146955
38.97930349,14.39171747,5.02916963
38.87499666,14.29711057,5.02731490
39.00154396,14.53068787,5.04686579
38.41571203,13.25131337,4.92669626
38.44044717,13.40124715,4.94625873
38.56857529,13.26862166,4.91111999
37.53539908,12.73949822,4.94838810
38.04437807,12.72598640,4.88986950
38.20407456,12.78681066,4.88021425
38.02918931,12.52801120,4.86033807
38.18860549,12.61129828,4.85415298
37.21210105,12.74532745,4.97798770
37.07379260,12.79656575,4.99453560
37.11930719,12.60569573,4.96750946
36.53227642,12.87314840,5.03138593
35.79109587,12.85748605,5.04648895
35.91085015,12.73462810,5.03646776
35.62393180,12.89895094,5.04917131
35.73901416,12.67549145,5.03444738
38.31756810,13.14314753,4.92194433
38.69383308,14.03956123,5.01058215
35.46214224,13.04043987,5.05473868
36.90014206,12.83915621,5.01036303
37.87102379,16.27159818,5.27864782
37.71502976,16.07293699,5.26302023
36.92790986,15.06690640,5.18641637
36.76952913,14.86302505,5.17162530
36.15060768,14.07441150,5.11727749
36.00567098,13.90150834,5.10572122
35.46135736,12.88605206,5.04715932
35.37482051,12.78494170,5.04097243
35.54488260,12.72766093,5.03881929
38.77390066,14.16171556,5.01917670
38.72284362,13.87007935,4.98255051
38.21043174,12.98500613,4.91040929
35.28997937,12.97893388,5.04841714
38.49800590,13.56721637,4.96414465
37.55853471,15.87326042,5.24744893
37.40149331,15.67292161,5.23197689
35.60304269,13.44825362,5.07564331
35.45459097,13.39832831,5.06918468
36.61090676,14.65844206,5.15710684
36.45205823,14.45297783,5.14288252
36.29748723,14.25590669,5.12948856
36.72603207,12.87417280,5.02319707
37.24391765,15.47197086,5.21663483
37.08601679,15.27004026,5.20143902
38.13625345,12.23969685,4.80054057
38.03350655,12.23327872,4.81232675
38.09046027,12.10444536,4.78430556
38.25030496,12.33148128,4.80129746
38.08835729,12.35788149,4.82566692
38.87885180,13.77377368,4.94993946
38.92668178,13.88201270,4.96033904
39.01811948,13.77065079,4.93301607
36.63562902,12.73978523,5.01365899
36.49950405,12.65975375,5.01185874
36.64650725,12.56894271,4.99491851
37.27390253,12.60342413,4.95416507
37.41247778,12.62903212,4.94483068
37.51875918,12.54310934,4.92177859
35.09567167,12.79895508,5.03645755
35.10075637,12.97179582,5.04284348
34.92921315,12.94214779,5.03585826
35.09539236,12.59842706,5.02808398
35.25857290,12.68156318,5.03438009
39.35942698,14.89506981,5.05940218
39.38041621,14.76841986,5.03819815
39.52311665,14.86055497,5.03525004
38.84718797,14.01563925,4.98942284
39.04896332,13.99342616,4.96239973
39.26242195,14.67392588,5.03792373
39.18876210,14.54074964,5.02681160
39.33370966,14.54821095,5.01097578
35.22962361,12.84281061,5.04133063
38.78395868,13.68891802,4.94856383
36.07294140,12.79009913,5.03775026
39.20062546,14.84910238,5.07079724
37.88083130,12.50503242,4.87471787
37.37553286,12.46957705,4.92589543
36.22227301,12.83359170,5.03779930
38.62097999,13.42349580,4.92823750
38.17841817,12.46983458,4.83262837
36.74290425,15.04709600,5.17977019
36.58461465,14.84255793,5.16492939
38.39554855,12.99683412,4.89010004
38.51450072,13.09835118,4.89157392
38.34413106,12.67302472,4.84506249
36.95006523,12.64989771,4.98545981
35.43140692,12.59539308,5.03082429
39.15249550,14.38042888,5.00738703
36.35751522,12.75582922,5.02678842
38.95836527,14.14267828,4.99509657
36.11434250,14.26334109,5.12402428
36.26913583,14.44147708,5.13666259
35.95869650,14.10294606,5.11224958
35.79434090,13.95647635,5.10077569
37.52943825,16.05705071,5.25700329
37.68528099,16.25665488,5.27280805
37.37304317,15.85678719,5.24128327
37.21609406,15.65590119,5.22567438
35.28957214,13.17901741,5.05605116
35.27530681,13.36455670,5.06150637
37.84050916,16.45524489,5.28868915
36.90091358,15.25092719,5.19487158
36.42610422,14.63714122,5.15038412
37.05865553,15.45401477,5.21019322
35.61028259,13.84441863,5.08958112
38.69369075,13.56311712,4.94051152
38.36800020,12.84093471,4.86893556
37.77917753,12.39814461,4.87010122
39.19799372,13.55846388,4.87948961
39.30639601,14.30694634,4.97848861
39.22589948,14.23323474,4.97703309
39.37216543,14.20481208,4.95566895
39.33697870,14.41453898,4.99080848
37.93270925,12.33981569,4.84206021
38.33973147,12.49651767,4.81711319
36.20376261,12.66629375,5.02379644
36.77883744,12.69739327,5.00158588
36.80901050,12.50527814,4.97778665
35.75539908,12.47477307,5.01940597
35.60959681,12.52610735,5.02541801
35.67262699,12.30283138,5.00774709
35.88653344,12.54052203,5.02178717
38.79272444,13.43202490,4.90909603
37.80091413,12.24236748,4.84275966
37.65821860,12.28063533,4.86616141
37.71426901,12.08518096,4.82845567
35.19795172,12.31806985,5.01447792
35.27972068,12.46839463,5.02320680
35.13072137,12.42956215,5.02036849
34.91201433,12.58211887,5.02362958
35.02169304,12.46292665,5.02079828
38.54227224,12.89926629,4.85715139
36.99122371,12.45237942,4.95808986
34.93297502,12.75912906,5.03044536
36.04640304,12.59552492,5.02231070
36.34013364,12.55968092,5.00888071
39.13893080,14.12316910,4.97099133
37.65478162,16.44033858,5.28140718
37.49970778,16.24082050,5.26536293
36.24314853,14.62540098,5.14271226
36.08868051,14.44925530,5.12974831
36.55803422,15.02667897,5.17167996
36.71595086,15.23116962,5.18683354
36.64842871,12.35030913,4.97018816
34.76177444,12.90959910,5.02807363
38.49228859,12.72417683,4.83528433
38.86696147,13.55255967,4.91837188
38.73942533,13.29540847,4.89481824
38.68957662,13.14449218,4.87776979
39.53283823,14.71619348,5.01266273
39.42268630,14.62711850,5.01227491
37.19284914,12.39943469,4.93375582
36.48610705,12.46034087,4.99189051
35.61957675,13.62551632,5.08284205
35.11175080,13.14777280,5.04874166
34.92815172,13.12202591,5.04030105
36.87359155,15.43495364,5.20223373
37.03086566,15.63798470,5.21783463
35.93359746,14.30540870,5.11804603
35.76561267,14.16966707,5.10606222
35.58688425,14.06144677,5.09419200
37.34397188,16.04063092,5.24942133
37.18767344,15.83980918,5.23357342
36.39985839,14.82130729,5.15680812
35.10224694,13.33237203,5.05316307
35.43274426,13.58519727,5.07439555
38.65427464,13.00632219,4.86055547
35.26262326,13.54411368,5.06570530
35.41917005,13.76660425,5.07861963
38.30044542,11.32148335,4.62602253
38.34482907,11.33880108,4.62103494
38.30540861,11.37663661,4.63485935
38.34495218,11.29566033,4.61311237
38.23900443,11.38949275,4.64802947
38.19641998,11.39804430,4.65603838
38.18121814,11.33393247,4.64782629
38.27726570,11.42671484,4.64820103
38.21680661,11.45434311,4.66222202
38.22342691,11.74103085,4.70815898
38.12684789,11.77414902,4.72626176
38.16563161,11.65093979,4.70132744
38.23699632,11.83486880,4.72173083
39.54674330,14.27001836,4.94456865
39.50030898,14.37030256,4.96512698
39.42728141,14.29240433,4.96216616
39.46175215,14.49199233,4.98768947
39.17415442,13.77760939,4.91558838
39.24572678,13.66159352,4.88935980
39.06819622,13.86403634,4.94097332
38.23231429,12.16836360,4.77692263
37.91974710,12.12456120,4.80901728
39.23466951,13.99859303,4.94130811
39.66689802,14.68408656,4.99224585
39.62797517,14.77850557,5.01085316
39.19120170,13.89245964,4.93068164
38.89504405,13.32180455,4.88029487
36.83721097,12.30319125,4.95123169
36.18002444,12.47021285,5.00670679
36.70840013,12.19358231,4.94734973
36.57809967,12.17221219,4.95402808
36.63714045,12.01394849,4.93056833
36.46109529,12.26238283,4.97178279
36.43530052,12.04106886,4.94829592
35.05197607,12.29559289,5.01288120
34.89140095,12.40448694,5.01613993
34.75793133,12.72699263,5.02349349
34.74200835,12.53979583,5.01749339
34.55848564,12.50614745,5.01033610
34.71654544,12.32398581,5.00943326
37.35916074,12.27085916,4.89873081
37.50728880,12.36411567,4.89642322
37.52826556,12.17232866,4.86475318
38.48131550,12.58061204,4.81342222
37.20749541,12.16983394,4.89999166
35.33378874,12.25926951,5.01015096
39.11591443,13.50486558,4.88145896
34.58124161,12.69432365,5.01552593
39.30687541,14.10523924,4.94860391
37.37586753,12.04654996,4.86328654
38.36406989,12.21564969,4.76810550
39.58635899,14.57555189,4.98551869
38.21083326,12.04679197,4.75977393
38.27413865,11.94902403,4.73562843
38.34192278,12.07217004,4.74718463
36.32077467,12.36137793,4.98992853
37.00249011,15.82192487,5.22430470
36.84584877,15.61896850,5.20845790
35.39811262,13.96636742,5.08174204
36.37333452,15.00547134,5.16216225
36.53113656,15.21079583,5.17734035
37.02273528,12.22513941,4.92561085
36.01586674,12.39839453,5.00603223
35.85651669,12.33984001,5.00593944
38.64152084,12.75166600,4.82157115
34.51177709,12.32141438,5.00381232
34.39904670,12.66662018,5.00640325
38.49235921,12.46257763,4.79274123
38.43496315,12.34379454,4.78033027
38.00122859,11.98572184,4.77633885
38.13110554,11.93055658,4.75098578
38.86835318,13.17262368,4.86071843
38.79223407,13.02575033,4.84702285
38.72964102,12.87675161,4.83094576
34.58224067,12.87888214,5.01886687
35.47395672,12.38628385,5.01724735
36.68868117,15.41524212,5.19278655
34.74621344,13.09344470,5.03076643
35.91825088,14.48279238,5.12242458
36.06711895,14.63585762,5.13461383
35.75615115,14.36455116,5.11053028
35.57509856,14.27344254,5.09794626
37.31427462,16.22444609,5.25633145
37.46923779,16.42454871,5.27250055
37.15864334,16.02368751,5.24027225
37.80922307,16.63885577,5.29754720
37.62352153,16.62397889,5.28878980
34.91843156,13.30469578,5.04339977
36.21791344,14.81012627,5.14777775
38.94693772,13.43009674,4.89048952
38.41038120,11.04554848,4.54764339
38.39460535,11.07789927,4.55906204
38.39937066,11.09959643,4.56248543
38.37534731,11.09451895,4.56741065
38.41891529,11.11047284,4.55974934
38.39129252,11.12361107,4.56956195
38.34334204,11.14655051,4.58521876
38.32756107,11.17528596,4.59409293
38.30998095,11.13747565,4.59057031
38.37023855,11.14533718,4.57897242
38.36472057,11.17225630,4.58556010
38.29933256,11.26888963,4.61685470
38.24942603,11.23431583,4.61974305
38.30329971,11.21320410,4.60601199
38.28529434,11.46808643,4.65395133
38.32371909,11.49561436,4.65247398
38.27062990,11.51857623,4.66474992
38.25601606,11.34471176,4.63768954
38.51511524,11.67703264,4.65204374
38.44625815,11.70902235,4.66993783
38.43057253,11.65077458,4.66209238
38.41137565,11.76694673,4.68573070
38.37239312,11.69912003,4.67990529
38.26565373,11.59681411,4.67853260
38.34553715,11.55049825,4.65842700
38.28121822,11.68001967,4.69010900
39.26461376,13.39782570,4.84512242
39.33794721,13.39818176,4.83419488
39.28302787,13.47246173,4.85470734
39.30740862,13.31897885,4.82535483
38.64237251,12.04543139,4.69930851
38.56411898,12.18023779,4.73562063
39.29303411,13.81969788,4.90758569
39.29541842,13.73414978,4.89425720
39.39345728,13.75291168,4.88448799
39.36630133,13.66161421,4.87365264
38.00159407,11.83393890,4.75189187
39.45430054,14.09436789,4.92935505
39.50189663,14.19309293,4.93843775
37.86325807,11.93507899,4.78566850
39.30411208,13.90710073,4.91940976
38.47816981,12.22967802,4.75576096
38.60614794,12.62577178,4.80541282
38.72369597,12.64651899,4.79396380
39.00946578,13.33877709,4.86908875
38.92785222,13.02912063,4.83076515
34.78460613,12.14788181,5.00337290
34.89396722,12.22240069,5.00800069
34.77634574,11.99615615,4.99612928
34.87743154,12.07268451,5.00045954
36.15415700,12.27319878,4.98883111
39.61010063,14.42970207,4.96092797
35.58378853,12.00684398,4.98603644
35.66413947,12.11173806,4.99238630
35.50852212,12.16099772,5.00040467
35.81917294,12.12115638,4.98801904
34.17642310,12.33276177,4.99086051
34.24580411,12.16252333,4.99073777
34.33240743,12.32371402,4.99747315
34.05176207,12.26348705,4.98395635
36.97952145,12.04868365,4.90558462
37.09189341,12.06717890,4.89714219
36.90304272,11.95073023,4.89944797
37.04244954,11.90029357,4.87850469
34.63372153,12.12601891,5.00023568
36.83730496,12.10033765,4.92531345
35.18553142,12.13257871,5.00326595
38.70258286,12.54485047,4.77956550
38.59529554,12.50705541,4.78715018
39.59279368,14.09424849,4.91160642
39.69026434,14.49918270,4.96167575
35.35701120,12.08956863,4.99809976
38.39697977,11.95978722,4.72100252
38.18716586,11.54380490,4.68110573
38.55745202,12.27228279,4.75244639
38.59451700,12.37991429,4.76585041
38.36047573,11.85466690,4.70825550
38.31007635,11.76287198,4.69986309
37.20350985,11.97597591,4.87219097
35.98847764,12.19990244,4.98878598
37.43801893,16.60822669,5.27836883
37.28384969,16.40821209,5.26197620
36.04034612,14.80805873,5.13781364
35.89789211,14.65128343,5.12544928
35.38124580,14.16974898,5.08391838
38.87199136,12.91672185,4.81964175
38.85412066,12.80931425,4.80417819
38.77737865,12.74088302,4.80277794
38.01462707,11.66627472,4.72356244
36.29232519,12.15458868,4.96967760
39.39288881,13.97614794,4.91901314
39.00123663,13.24045493,4.85494349
39.02977641,13.11558008,4.83151865
34.44114968,12.15923211,4.99697782
34.37824992,12.48926158,5.00260323
34.20439032,12.47321973,4.99399676
37.55028321,11.99576610,4.83462061
34.22002056,12.64122320,4.99635106
34.57252505,13.06276373,5.02061257
35.21287440,13.91300166,5.06961302
35.23771568,13.72854672,5.06827259
35.07875297,13.51700883,5.05572263
34.89502437,13.48936444,5.04460080
36.66099804,15.59929451,5.19760444
36.81753062,15.80294529,5.21350569
36.50393154,15.39490337,5.18189823
36.34650422,15.18962330,5.16643638
35.77422555,14.52154083,5.11505123
35.58726062,14.49593645,5.10236163
37.12899565,16.20752855,5.24571370
36.97351598,16.00582688,5.22955891
36.18882142,14.98342217,5.15127006
39.61889733,14.32328563,4.94375161
39.73293398,14.58435442,4.96937263
39.08522046,13.41258820,4.87110213
35.00843993,12.09234472,5.00169449
34.73475248,13.27649312,5.03251026
37.67902433,11.84574888,4.79482690
38.40977889,11.01379588,4.54049208
38.41872140,11.00677530,4.53608195
38.42130729,11.01927017,4.53828790
38.40531671,11.00304651,4.53930338
38.40605480,11.02658570,4.54455196
38.36832212,11.00419158,4.55000321
38.36981859,11.06688608,4.56301346
38.41745377,11.08674028,4.55492160
38.35308835,11.11748842,4.57731939
38.34142040,11.07943057,4.57237915
38.39372824,11.19596307,4.58375852
38.39932530,11.16130819,4.57541653
38.33162780,11.12648545,4.58386381
38.29240689,11.11478576,4.58991700
38.31652340,11.10482179,4.58293658
38.35441033,11.20768114,4.59466727
38.39049532,11.23511507,4.59225235
38.24674489,11.29310246,4.63039696
38.34729248,11.25090192,4.60432962
38.39064512,11.27623057,4.60022921
38.29023100,11.16753990,4.60017350
38.19378827,11.25552816,4.63281229
38.41668375,11.58470674,4.65257993
38.41362697,11.53067214,4.64333753
38.47284683,11.53997566,4.63406297
38.38050452,11.49250997,4.64231448
38.44719196,11.48772401,4.62913887
38.14538668,11.40653144,4.66495513
38.10332204,11.35196374,4.66229059
38.13439385,11.47383886,4.67728003
38.04148611,11.41404635,4.68064100
38.34991670,11.62958733,4.67138718
39.70820010,14.35234094,4.93680851
39.70276372,14.28450851,4.92684330
39.78782922,14.28638982,4.91497195
39.65269665,14.23913382,4.92641043
39.75154055,14.22051533,4.90945922
38.93099164,12.76496263,4.78595155
38.94797865,12.83611303,4.79590641
39.01009753,12.76441511,4.77381627
38.66132779,12.28312366,4.73976534
38.63160267,12.21299595,4.73163926
38.71565850,12.20136739,4.71643362
38.66659501,12.13189633,4.71146823
39.11417751,13.19610430,4.83324489
39.13530575,13.11894888,4.81742965
39.20810806,13.15428147,4.81247962
39.12609541,13.04681129,4.80638238
39.20200719,13.08010018,4.80028979
39.72306612,14.42536509,4.94624377
39.79870359,14.48113596,4.94502415
39.81206185,14.37034578,4.92528144
39.39966717,13.85419501,4.89951251
38.33813261,11.43977432,4.64031010
39.10592907,13.29770617,4.85060104
39.22624075,13.24624803,4.82547936
39.19886941,13.35250617,4.84695019
39.19098359,13.44973259,4.86347313
38.70347331,12.44285169,4.76188348
38.78986557,12.47747796,4.75556666
39.04467119,12.99939625,4.81018496
38.88420182,12.71551917,4.78402555
38.45375382,11.89272033,4.70133737
38.51066866,11.95373768,4.70353777
33.67815164,12.19278522,4.96216946
33.76525647,12.07144022,4.96748591
33.87067505,12.18550002,4.97381199
33.90485628,11.95833677,4.97346234
36.12828415,12.07270689,4.96980875
36.21541416,11.76469809,4.93111405
36.36460394,11.83778565,4.92939449
36.25712409,11.95617293,4.95002276
36.51117675,11.87761738,4.92344001
34.56987947,11.80601795,4.98581871
34.65323754,11.94085161,4.99263421
34.51389758,11.98858120,4.99281541
37.03193908,11.69269978,4.84981089
37.18807489,11.79333862,4.84687988
37.31501566,11.87901176,4.84495446
34.07559149,12.06626040,4.98228382
34.03836195,12.44093618,4.98458483
33.87739089,12.39164895,4.97460503
38.34808952,11.05047405,4.56492310
38.32302992,11.05323666,4.57136652
38.25279119,11.17965828,4.60949282
38.38757819,11.31962807,4.60916651
38.38183797,11.37581210,4.62082066
38.41215102,11.43866832,4.62668715
38.19852737,11.19332767,4.62148870
39.53153455,13.99312713,4.90388539
39.50122236,13.89226788,4.89198881
38.08233559,11.54657179,4.69588686
38.98342993,12.92207762,4.80565419
39.33165858,13.55903701,4.86193654
36.78862608,15.98687608,5.21730548
36.63275128,15.78330126,5.20121804
35.86839780,14.81883312,5.12701882
35.72687420,14.66406903,5.11458969
38.72337747,12.34901071,4.74237277
38.83447097,12.64479802,4.77873054
35.97539745,11.99508638,4.96948911
35.70602748,11.95573476,4.97731627
34.37950191,12.02962166,4.99137200
34.24679062,11.96049546,4.98579780
36.77293677,11.92820716,4.90834860
35.09570025,11.93126577,4.99121632
37.25268865,16.59191910,5.26631074
37.09863329,16.39131147,5.24984828
37.47036123,11.86217416,4.82359822
34.04294961,12.61145564,4.98524961
35.19244601,14.10753365,5.07013500
35.37374239,14.37939628,5.08563901
37.86323654,11.75124024,4.75634416
34.39936435,12.84905898,5.00843798
34.21606454,12.81926001,4.99682060
35.45364783,11.96901640,4.98675100
35.05392039,13.70146994,5.05692835
34.71144737,13.46118637,5.03230229
36.47632183,15.57898314,5.18530018
36.31937643,15.37375873,5.16959459
36.16207018,15.16760295,5.15415746
36.94393421,16.18968267,5.23351916
36.01149021,14.98110765,5.13994292
38.47256930,11.82255626,4.68604647
35.84337184,11.90186598,4.96648331
38.80369045,12.56232570,4.76865140
38.39405013,10.93553028,4.52649132
38.39989157,10.94207165,4.52619242
38.38921220,10.94486200,4.53035769
38.39784134,10.92702026,4.52305243
38.40437555,10.93474074,4.52278174
38.38207329,10.93618908,4.53050332
38.38771978,10.93612318,4.52869912
38.37320124,10.92974683,4.53170492
38.38567442,10.92718733,4.52715915
38.39761277,10.97241247,4.53437944
38.39334435,10.96006150,4.53273782
38.40608055,10.96376455,4.52957913
38.38329336,10.96948730,4.53800985
38.37882627,10.95527039,4.53602166
38.37014713,10.96382347,4.54051618
38.38974365,10.98267115,4.53917092
38.39855610,11.01287215,4.54356910
38.34958918,11.00945130,4.55600196
38.34983109,11.02875188,4.55999669
38.42140772,11.18467807,4.57492975
38.30263189,11.06838119,4.57889351
38.28047438,11.09098079,4.58789360
38.24529835,11.08349234,4.59356716
38.25992219,11.05005645,4.58443605
38.46589825,11.33641710,4.59564596
38.49248422,11.36303321,4.59495664
38.45171990,11.38255219,4.60798411
38.48490291,11.30306424,4.58424507
38.50667910,11.33422888,4.58548636
38.43057116,11.25647578,4.58752046
38.43599780,11.29931362,4.59491946
38.55126645,11.40645863,4.58986414
38.52509785,11.43541427,4.60233625
38.50509962,11.39889079,4.59942116
38.52515699,11.48724035,4.61294020
38.47841365,11.43771754,4.61316003
38.26258314,11.12592494,4.59794802
38.10755015,11.29717429,4.65294475
38.13977471,11.26410951,4.64276946
38.04401739,11.30616795,4.66347365
38.06840026,11.23149939,4.64822606
39.50562411,13.78368437,4.87365342
39.57691290,13.77839685,4.86155623
39.57791482,13.83344081,4.87093574
39.63449437,13.78415056,4.85259384
39.40379023,13.39880745,4.82343624
39.39206404,13.33758657,4.81434943
39.46731708,13.35039096,4.80240237
39.41902420,13.51179380,4.84090515
39.43825312,13.58427767,4.85034135
39.50117734,13.51066169,4.82647884
38.59064028,11.90825518,4.68229499
38.61667130,11.84579558,4.66562551
38.67742793,11.89987729,4.66466325
38.53464050,11.87008536,4.68463886
38.85599551,12.42912582,4.73623011
38.87342198,12.49419885,4.74563827
38.93594729,12.41744958,4.71966819
38.49806239,11.75072331,4.66882815
38.55623523,11.79977106,4.66783305
38.79441086,12.39523895,4.73988349
38.80317090,12.32575470,4.72541410
38.87938841,12.35071453,4.71685035
38.76085120,12.26842722,4.72160327
38.85558610,12.26095414,4.70324462
39.59659508,14.19103946,4.92626026
39.69928023,14.14586019,4.90487661
39.04181805,12.83688536,4.78202711
38.89764863,12.56667178,4.75525346
38.61259058,11.97012034,4.69018182
39.37061318,13.46382769,4.84033271
37.96706846,11.51460796,4.70607058
37.86382984,11.47940915,4.71402605
37.90990238,11.39689849,4.69547066
37.78126437,11.51324274,4.72982163
37.77717237,11.39505179,4.71239459
39.59919137,13.91360573,4.88122748
34.92380663,11.90473913,4.99115685
34.40595383,11.86987250,4.98650043
36.86027106,11.77705320,4.87979240
35.03458517,11.78128905,4.98214961
34.91448313,11.68803129,4.97789345
35.08477918,11.60353507,4.96852979
36.20050262,11.54921052,4.90767164
36.32485250,11.67406261,4.91293293
36.47042188,11.71268160,4.90633571
36.10036440,11.88419535,4.95143519
35.57014239,11.83173813,4.97139515
35.86823071,11.71918523,4.94691915
35.97183863,11.83521483,4.95337340
35.90801900,11.56339400,4.92861462
36.04491374,11.68697453,4.93335702
34.10324423,11.86475040,4.97909472
33.52028558,12.15491814,4.95152046
33.64793024,12.06811040,4.96062529
33.72481236,11.95247780,4.96478134
35.72481143,11.77169414,4.95933082
37.16738817,11.44116120,4.79730942
37.32596157,11.48297977,4.78366685
37.18468935,11.60374131,4.81911396
37.23582959,11.31740900,4.77056250
35.27909361,11.91593714,4.98696691
35.15411916,11.77902701,4.97967771
33.85053456,11.67303245,4.96680053
33.68279593,11.65698189,4.96025309
33.82771270,11.52486150,4.96307682
33.80412028,11.80835560,4.96719042
38.36163578,10.94958941,4.53970666
38.38793730,10.99957411,4.54357423
38.40147868,10.99098873,4.53761728
38.40159562,10.98127307,4.53527107
38.36896535,10.98152479,4.54482937
38.35137289,10.99224849,4.55188064
38.31072887,11.01163096,4.56587502
38.28435552,11.00794734,4.57114249
38.29462052,10.98357400,4.56398496
38.33354714,11.01612245,4.56136898
38.32688150,11.03275593,4.56635809
38.41303436,11.06477618,4.55123841
38.42250144,11.13677753,4.56451214
38.43395591,11.16201976,4.56699076
39.48527006,13.67169353,4.85789813
38.42465475,11.34270007,4.60593650
39.84742734,14.57685019,4.95362839
39.90658011,14.50169047,4.93300498
39.64087477,13.99013173,4.88770738
39.70362589,14.05179426,4.88833806
39.13919089,12.96268942,4.78927643
38.20812334,11.13805698,4.61026852
38.43177926,11.21494288,4.57871224
38.93359520,12.63523845,4.76221529
38.97424131,12.69842507,4.76739469
38.48875292,11.60450340,4.64324654
37.06754748,16.57502547,5.25264230
36.91365036,16.37347068,5.23614412
36.13503228,15.35175958,5.15591392
35.98186130,15.15536106,5.14101107
35.54480184,14.69491128,5.10146402
35.69691853,14.82646843,5.11467643
39.88818224,14.42150155,4.92229277
39.20505596,13.00480179,4.78587711
37.87282563,11.58966289,4.72982104
33.96456152,11.75991216,4.97233268
37.71894117,11.62643653,4.75525255
35.41487579,11.80656083,4.97469460
34.27076916,11.77006238,4.98051308
37.54897658,11.69049087,4.78696019
34.75477057,11.78489099,4.98510360
37.34985731,11.69993719,4.81343064
35.28641711,11.67619841,4.96819054
36.75912349,16.17075126,5.21979058
36.60392977,15.96725319,5.20356684
35.83701826,14.98205282,5.12740968
37.40603543,16.79184397,5.28291335
37.22077721,16.77555597,5.26928519
36.65495094,11.78914210,4.90055266
35.17836157,14.29863196,5.06993167
34.52803815,13.43245577,5.01876320
34.55122310,13.24774644,5.02044860
34.38902099,13.03345094,5.00879995
34.04174041,12.78848913,4.98461989
35.02916892,13.88594575,5.05687126
35.00432852,14.07040297,5.05554315
34.87027960,13.67384571,5.04439968
36.44816005,15.76300858,5.18748259
36.29185334,15.55785805,5.17158235
39.08357170,12.90640659,4.78802180
38.13719485,11.20642451,4.63372846
34.20565858,13.00371813,4.99574762
38.38935832,10.89043959,4.51645766
38.38458685,10.89154017,4.51846654
38.38438830,10.88640923,4.51718558
38.38684331,10.89597131,4.51882910
38.41007301,10.98483595,4.53348000
38.40345280,10.95166099,4.52741991
38.37433656,10.94163200,4.53416906
38.36160179,10.92028821,4.53297833
38.34871145,10.92272650,4.53728994
38.34933363,10.90666849,4.53343806
38.34503719,10.93523035,4.54112568
38.32870876,10.91766860,4.54170164
38.35694503,10.96393782,4.54422625
38.34145999,10.97272103,4.55026581
38.34244320,10.95209010,4.54554386
38.42653872,11.03482127,4.54039767
38.32765537,10.93814015,4.54643321
38.32194680,10.95423817,4.55133811
38.30247661,10.93172396,4.55150022
38.48160171,11.17992754,4.55806180
38.48258086,11.15759345,4.55257425
38.50180919,11.16162965,4.54761533
38.47379979,11.14158713,4.55141964
38.49549849,11.14212153,4.54481143
38.29603638,11.03521993,4.57388588
38.44307214,11.11824868,4.55490398
38.30047374,10.95826442,4.55747627
38.26713685,10.94960729,4.56353029
38.31706606,10.97257751,4.55639174
38.45017436,11.18506462,4.56777114
38.32881457,10.99426769,4.55800449
38.55880521,11.31171642,4.56637455
38.53856325,11.33193192,4.57673818
38.52317766,11.30622212,4.57512627
38.53475669,11.36495518,4.58503320
38.46678767,11.23611829,4.57451363
38.26544225,11.01876713,4.57735310
38.65501844,11.66251191,4.61991108
38.59900171,11.67290455,4.63465290
38.62823861,11.62215873,4.61755567
38.70628600,11.67347906,4.60952723
38.65907730,11.71462521,4.63015612
38.69755264,11.76183026,4.63145861
38.63613689,11.77833937,4.64835769
38.75146185,11.77192281,4.62045635
38.70101244,11.82033629,4.64326168
40.02480157,14.25563266,4.86408580
39.83983787,13.89788212,4.83194111
39.81112527,13.84691622,4.82793685
40.05146410,14.30699838,4.86867545
40.02216551,14.35315168,4.88507864
40.03150367,14.41346919,4.89510758
38.53852363,11.55672675,4.62403750
38.57879566,11.73169483,4.65050137
39.37902903,13.28053352,4.80613834
39.33691852,13.23559383,4.80546122
39.41507047,13.22798664,4.78892791
39.12857780,12.82977720,4.76601064
39.28017813,13.10363207,4.79107669
38.74394543,12.05364422,4.68271486
38.98893890,12.56320355,4.73902195
39.02364270,12.62421166,4.74476010
38.96028102,12.49692576,4.73110523
39.04169708,12.50093275,4.71579638
39.95777095,14.44420942,4.91477474
38.56099799,11.61726780,4.63142056
39.78315096,14.08524375,4.88079031
39.07150729,12.68680550,4.74833959
39.84565032,14.21785130,4.89369750
39.59537427,13.71473960,4.84695125
37.64741995,11.35628210,4.72330348
37.71503815,11.27714381,4.70272960
37.75230931,11.15411892,4.67956980
37.83532375,11.28763144,4.68867878
37.67359436,11.47560389,4.73793732
37.58790494,11.55332415,4.76082457
37.52147920,11.42076102,4.74926246
38.76774000,12.12846429,4.69320962
39.16808355,12.88554661,4.76966077
39.21669905,12.93076617,4.76941086
34.41397707,11.37495999,4.96483164
34.27096241,11.41604941,4.96681249
34.30307486,11.24458722,4.95883114
34.49006148,11.49818722,4.97078751
34.37971668,11.50735844,4.97123818
34.11903132,11.67450050,4.97434667
39.30023213,13.17342368,4.80053641
39.27217896,13.03723797,4.77976890
33.69790493,11.44979530,4.95764238
33.80903110,11.38644641,4.95935578
33.84655068,11.27460422,4.95709438
33.95545178,11.39112377,4.96250625
33.65917214,11.83900637,4.96079220
33.51985560,11.78768332,4.95328220
34.43688775,11.66145677,4.97842315
35.47111888,11.66143861,4.96018528
37.03516278,11.49803190,4.82148864
33.97713325,11.58128811,4.96842178
33.54305087,11.96898374,4.95440023
35.61363774,11.66070698,4.95392287
38.41591985,10.99413078,4.53389053
38.41058420,10.97513571,4.53093265
38.37396624,10.91830738,4.52872529
38.44084914,11.09433285,4.55008051
38.36096696,10.93374101,4.53628302
38.42952942,11.05334757,4.54387597
38.46149564,11.16178173,4.55959278
38.47070752,11.26992040,4.58073332
38.43375477,11.07193518,4.54696573
40.00868171,14.49820273,4.91554879
39.65891422,13.84892516,4.86003559
38.70370931,11.97896716,4.67544671
38.80704446,12.19643939,4.69944135
37.47109308,11.57109228,4.77851661
39.53043673,13.58768488,4.83537814
39.45654717,13.43640109,4.82090062
36.74260027,11.63269731,4.87181380
39.57077723,13.64063017,4.83776595
37.95360445,11.30706006,4.67598924
34.68680608,13.64567923,5.03062703
34.51303678,13.60960407,5.01641442
36.10761130,15.53587219,5.15645566
35.95091001,15.32891621,5.14085732
33.49499957,11.62090009,4.95151737
33.33466277,11.88772139,4.94120404
34.62878663,11.58561993,4.97477839
35.74734953,11.56116047,4.93759867
36.88034092,11.57105981,4.84923297
36.40155729,11.51176868,4.88751092
34.26772139,11.58473603,4.97372892
36.72893381,16.35454953,5.22088668
36.88265797,16.55717995,5.23737894
36.57452251,16.15114032,5.20455296
36.41943779,15.94697056,5.18835290
36.26379235,15.74189473,5.17230423
35.80220402,15.14162995,5.12646373
35.66500712,14.97979171,5.11355132
35.55053897,14.85135896,5.10301266
33.70252327,12.35472137,4.96282805
37.03572790,16.75865914,5.25402677
33.87754528,12.57306728,4.97388879
33.70260187,12.53233406,4.96081993
35.36094136,14.79396822,5.08595809
35.36342059,14.58503596,5.08601184
36.58977431,11.58228688,4.87973101
34.99755177,14.24932419,5.05456229
34.36785735,13.21845218,5.00714887
34.83035588,14.03538805,5.04089645
38.45014558,11.14045329,4.55793860
38.21803550,11.09775575,4.60135155
39.09662946,12.76323811,4.75882373
38.14788542,11.14369457,4.62158704
39.80720013,14.15327748,4.88882024
35.17061659,14.49106224,5.06917666
34.84563377,13.85833369,5.04288252
33.86652259,12.75182641,4.97121918
34.03103578,12.96645934,4.98216210
38.40384257,10.91232394,4.51701208
38.40011703,10.91620232,4.51942369
38.39749571,10.91151425,4.51912405
38.40005498,10.92071997,4.52063922
38.39360697,10.91802559,4.52219632
38.40352775,10.92367666,4.52017831
38.40508368,10.92806111,4.52078040
38.40907543,10.92415298,4.51827691
38.39577800,10.90622259,4.51833810
38.39106274,10.90920122,4.52079706
38.40119431,10.90651429,4.51641982
38.41298261,10.94954359,4.52362078
38.41727904,10.94392683,4.52058877
38.42034042,10.95091953,4.52134569
38.40865409,10.94331870,4.52351635
38.41118857,10.92996628,4.51906816
38.38399858,10.90348402,4.52176217
38.38367456,10.91388976,4.52450527
38.42163216,10.97304281,4.52670582
38.42122928,10.98254105,4.52927038
38.43031989,10.97483153,4.52410829
38.42825994,10.99969726,4.53125252
38.42732731,10.99067251,4.52927853
38.43706681,10.99242737,4.52634930
38.43362785,10.98340067,4.52519277
38.41699914,10.96576351,4.52642678
38.36445890,10.90981350,4.52964056
38.37433709,10.90593716,4.52558640
38.43163735,11.01079485,4.53291994
38.43622845,11.02247568,4.53432886
38.44049107,11.00225140,4.52771789
38.44345108,11.04363169,4.53722908
38.44724897,11.05908052,4.53980625
38.44223810,11.03193645,4.53471860
38.45457790,11.03490203,4.53130137
38.46080008,11.10428712,4.54649907
38.45984583,11.08841001,4.54297608
38.47512730,11.09138906,4.53877965
38.45264185,11.07550218,4.54210124
38.46964259,11.07666915,4.53688287
38.46579943,11.12250723,4.54931125
38.48094392,11.10702325,4.54079251
38.49534585,11.19913590,4.55854222
38.49628246,11.22067357,4.56322931
38.47052684,11.20727034,4.56726721
38.51747330,11.20398359,4.55304991
38.50124728,11.24848725,4.56814614
38.50964524,11.27687670,4.57221963
38.52473932,11.22874877,4.55679921
38.25866427,10.98931069,4.57315760
38.22813911,11.01138534,4.58370368
38.21817499,10.96385150,4.57687792
38.20537805,11.05283570,4.59570392
38.16440154,10.99316571,4.59276603
38.58647301,11.52032497,4.60571300
38.60320425,11.57260794,4.61287696
38.58332915,11.47954366,4.59769249
38.62667925,11.49062603,4.58882825
38.75335090,11.92169377,4.65335064
38.74206659,11.86678296,4.64401997
38.79968567,11.87208510,4.63125123
38.77317516,11.82189945,4.62642090
38.07447418,11.14734254,4.63385800
38.68553954,11.62675492,4.60426256
38.00928787,11.05954296,4.62970295
40.07438648,14.45871430,4.89507099
40.10747869,14.40857738,4.87694494
39.83770777,13.99175176,4.85213697
39.84626797,14.03941781,4.85987040
39.86770476,13.94506638,4.83532296
39.89201787,13.99505685,4.84019828
39.68435166,13.73288052,4.83305887
39.71085140,13.79236022,4.83930086
39.67135992,13.68303248,4.82583708
39.73050582,13.68682495,4.81297103
39.56798929,13.47616165,4.80633353
39.58117499,13.53048010,4.81446816
39.60059317,13.42869860,4.78868501
39.62733928,13.48039744,4.79338443
39.33906335,13.05715562,4.77023841
39.32731653,13.00783467,4.76246348
39.38408871,13.01234363,4.75016593
39.28433706,12.96559799,4.76286531
39.35953594,12.96246411,4.74494450
39.27569028,12.90663013,4.75229409
39.24127261,12.86797817,4.75155333
39.30589432,12.85872088,4.73455530
39.15260758,12.70157559,4.73514070
39.13947335,12.64778128,4.72638039
39.19853660,12.65111912,4.71322254
39.10272303,12.60920012,4.72602188
39.17045862,12.60184185,4.70873476
38.93656517,12.28390833,4.69153095
38.92368680,12.22965189,4.68251421
38.98361373,12.23528896,4.66953241
38.88853200,12.18811825,4.68120981
38.95692461,12.18337147,4.66406342
39.00378197,12.38571077,4.69900051
38.96839652,12.34343019,4.69753652
39.03733219,12.33939242,4.68049620
39.01545413,12.43944670,4.70816615
39.63694307,13.64217949,4.82498846
39.60927755,13.58626298,4.81967395
39.67840413,13.58610850,4.80386855
39.86575095,14.09663605,4.86710494
39.91558081,14.04812636,4.84592394
39.17753969,12.76234981,4.74276797
39.20687243,12.81908267,4.74855062
39.35848475,13.11544514,4.77808827
39.38483943,13.17341242,4.78429942
39.40577163,13.06484524,4.75662310
38.82629767,12.07518086,4.67036332
38.85312015,12.13213617,4.67680642
38.81369804,12.02382885,4.66202382
38.87171138,12.02825709,4.64927474
38.72812225,11.72216474,4.61502554
39.51551916,13.38622981,4.79945040
39.44320931,13.28300133,4.79403427
39.51344274,13.28135534,4.77793130
38.78016594,11.98177832,4.66035057
38.82199446,11.92724696,4.63836970
39.89285431,14.15535240,4.87303543
39.53564718,13.43539627,4.80506419
37.98934392,11.16246714,4.64879728
37.99096624,11.23897734,4.66042966
37.90138684,11.20654300,4.66770049
39.24738578,12.75960494,4.72625251
35.55092305,11.48445090,4.94056240
33.58336881,11.50883955,4.95447443
33.44617545,11.45487053,4.94824887
34.12353901,11.48386963,4.96818864
36.72037024,11.44757782,4.84937626
34.79296925,11.59518346,4.97377177
34.91526779,11.49434150,4.96497823
32.60436651,11.38005233,4.89415621
32.55464164,11.24713813,4.89406288
32.73289452,11.27744401,4.90760134
32.56576809,11.51651577,4.88525626
32.46011115,11.37167996,4.88061168
32.89014201,11.67785144,4.91040178
32.84035745,11.54083847,4.90984412
32.98477991,11.54459173,4.92104929
32.72511567,11.46155481,4.90227034
32.90654481,11.38580064,4.91813612
36.14760560,11.35264410,4.88943936
36.00459816,11.28823639,4.89307935
36.11872044,11.21045429,4.87563706
36.02565790,11.46742540,4.91094658
35.39462358,11.37084920,4.93794158
35.38900402,11.52931535,4.95206515
35.23961784,11.46891336,4.95301934
33.33171495,11.57694896,4.94297175
37.04070413,11.10366975,4.76424579
37.17427115,11.18846429,4.75954394
37.05523195,11.30372191,4.79118326
37.33149256,11.18435420,4.73868003
34.57850482,11.35862425,4.96249012
34.75150645,11.42318169,4.96368624
34.59068483,11.19941715,4.95269728
34.72359907,11.24023978,4.95235821
33.71757319,11.29188665,4.95487474
36.28575662,11.38361564,4.88192405
38.39176556,10.90211354,4.51869291
38.39459355,10.89525427,4.51582261
38.39438519,10.88932335,4.51427645
38.41397534,10.95672481,4.52514002
33.38233382,11.71803733,4.94552212
33.35745402,12.09743064,4.93991522
36.85095250,16.74079839,5.23712667
36.69805458,16.53825899,5.22051232
36.39014698,16.13085762,5.18777667
36.23519014,15.92585853,5.17162740
35.15312043,14.68157569,5.06636457
34.67174281,13.82278329,5.02844540
35.77049398,15.31381927,5.12472188
35.92361209,15.51303506,5.13987229
33.07508587,11.42886711,4.92871482
33.15335432,11.55569234,4.93247615
33.08309678,11.27730075,4.93016196
33.25354672,11.38921793,4.93891287
35.69277119,11.38423812,4.92334104
36.89239707,11.37772228,4.82103864
33.57716517,11.36213338,4.95221785
33.23059629,11.71692369,4.93592588
36.55288475,11.42430322,4.86305109
35.06905777,11.36100563,4.95071519
37.39137733,11.32267949,4.75138583
34.97862922,14.42984277,5.05138890
34.49452631,13.78960188,5.01242887
35.86111292,11.38491760,4.91313642
36.43310475,11.29466686,4.85812936
36.07967195,15.71991319,5.15564235
33.53140965,12.32260133,4.95012434
33.35678887,12.27986633,4.93607367
33.52554044,12.49735232,4.94623107
36.54444764,16.33494058,5.20406257
35.62573656,15.13455903,5.11072456
35.48925951,14.97257551,5.09780421
34.33588539,13.57591857,5.00062247
34.35385110,13.39582719,5.00474227
34.17653953,13.36170518,4.98916207
34.19329363,13.18142408,4.99332728
34.01594444,13.14700747,4.97797329
38.56528367,11.44700427,4.59513635
39.06828245,12.55753172,4.72228165
34.65307887,14.00274379,5.02466744
38.40554752,10.91845537,4.51804301
38.37776276,10.89309039,4.52123277
38.46427483,11.06192129,4.53493457
38.57010984,11.34177018,4.57016009
39.99796122,14.20507696,4.85971730
39.96904478,14.15384726,4.85571258
37.54986148,11.21279680,4.71454825
35.55690425,11.26311573,4.91951847
34.36942599,11.08263588,4.94960479
34.16446556,11.09595546,4.95227321
34.51841560,11.08801200,4.94724404
34.46153090,11.22507783,4.95637384
35.24874056,11.28521846,4.93730487
35.47736337,11.08354199,4.90715388
35.38510348,11.21551053,4.92453520
35.27414792,11.09553052,4.91960132
35.64222471,11.10149278,4.89864965
34.13153389,11.29716505,4.96115882
33.42906714,11.27343161,4.94580561
33.58899422,11.19402032,4.94948749
34.88440544,11.30200942,4.95228235
32.63751578,11.14513133,4.90339564
32.62965465,11.01818777,4.90539347
32.76762692,11.08585533,4.91333513
36.61942225,11.28547511,4.83847105
32.11167104,11.21575906,4.84927550
32.00519268,11.12586176,4.84147981
32.13232214,11.04057960,4.86175658
32.08159353,11.36426797,4.83443016
31.94456659,11.25358460,4.82260134
32.39194353,11.21287164,4.88045105
32.24464882,11.17077104,4.86732637
32.33259904,11.04443728,4.88137553
32.26328827,11.34242291,4.86028165
33.05412055,11.69835977,4.92342381
36.76592007,11.28531615,4.82262784
38.42352830,10.95859342,4.52223851
38.39850065,10.90138325,4.51602999
38.42717530,10.96653862,4.52303620
38.44974904,11.02359386,4.53004331
38.45853133,11.04766993,4.53323731
38.48782268,11.12442700,4.54289616
38.36332016,10.89748258,4.52703388
38.50983646,11.18215015,4.55011261
38.53496869,11.25441152,4.55984878
38.54656760,11.28306173,4.56320280
38.59546463,11.41402312,4.57979103
38.58140394,11.37660768,4.57507087
38.61101070,11.45115769,4.58404482
38.66289558,11.57998499,4.59955820
40.08086443,14.35712878,4.87232031
38.89642356,12.08025398,4.65516910
39.22218318,12.70477783,4.71981896
39.14136088,12.55102244,4.70411778
39.11146795,12.49988640,4.69960441
39.65128530,13.53284568,4.79893630
39.57394833,13.38026699,4.78467044
39.48670621,13.22647879,4.77249778
38.09179294,11.01243995,4.60892382
39.45808446,13.17324318,4.76783593
39.08692168,12.44437089,4.69273147
39.00730964,12.28835250,4.67604542
39.93933156,14.10093237,4.85153525
38.92705653,12.13270175,4.65971688
39.27740660,12.81020503,4.73047732
39.75400498,13.73949432,4.81864458
39.33271664,12.91059887,4.73977840
39.78149755,13.79411422,4.82375194
35.00107315,11.20612961,4.94117382
35.74333582,11.23423200,4.90539015
33.17261083,12.05373649,4.92521994
36.66649487,16.72186635,5.21847772
36.51371411,16.51864054,5.20192717
37.89135811,11.09110522,4.65153168
36.88936388,11.20028029,4.79660672
32.71155496,11.64777831,4.89472399
32.91915052,11.18403163,4.92147481
35.88384314,11.21352271,4.89377040
33.25737201,11.18622308,4.93831473
33.08714669,11.08964523,4.93052021
36.25788689,11.23187979,4.86640406
33.12410758,11.86605202,4.92555042
35.29923164,14.98088479,5.07864417
35.44725301,15.12495362,5.09305748
34.98778904,14.59747521,5.05012848
34.18684308,13.52072865,4.98683901
34.81143372,14.21532640,5.03735444
34.66255554,14.16141528,5.02292947
33.85373387,12.93147073,4.96705631
33.86652632,13.09109066,4.96460123
33.69032118,12.71476883,4.95647950
36.05122160,15.90387017,5.15326003
36.20604806,16.10973568,5.16933265
33.54059154,12.65628427,4.94361080
35.89582600,15.69707148,5.13736362
35.73988350,15.48934782,5.12169599
33.97317338,11.19559941,4.95611963
33.20745927,12.22291781,4.92364728
36.36021970,16.31464605,5.18554559
35.59151105,15.30054221,5.10705216
37.00320971,16.94220553,5.25390946
36.81858711,16.92431878,5.23520216
38.64286791,11.53467947,4.59454902
38.41387132,10.93693688,4.51995966
40.13408618,14.46001340,4.88157187
39.43165960,13.11916655,4.76236547
38.44517094,11.01282507,4.52883744
39.70517000,13.63896685,4.80879191
39.54337415,13.33266951,4.78179731
38.84717545,11.97820559,4.64382503
37.21576317,11.03815223,4.73227583
33.36989236,12.44289992,4.93289649
38.39332067,10.87399865,4.51039917
38.39206578,10.87752346,4.51188825
38.38611698,10.87834428,4.51438851
38.39130319,10.88417550,4.51403027
38.41880865,10.93113777,4.51649768
38.43614071,10.96754032,4.51995281
38.37797224,10.88039415,4.51788637
38.47962237,11.06333177,4.52986348
31.17648327,10.90292749,4.64415782
31.18182046,10.89241672,4.65882147
31.19120719,10.91397478,4.65218115
31.16348318,10.88802614,4.64143240
31.19307672,10.93083909,4.63828946
31.17977600,10.91627248,4.63414624
31.20915802,10.90250884,4.67555544
31.21076391,10.93545296,4.65631019
38.56646811,11.25841472,4.55073174
31.23920047,10.93168590,4.68193585
31.23860100,10.89898502,4.69561042
31.27634469,10.91646600,4.70843831
31.49445964,11.01467730,4.76073310
31.45600735,11.07329257,4.73738089
31.41748065,11.01924708,4.73661418
31.54408245,10.94783003,4.78244401
31.57050438,11.01855276,4.77861432
35.12977666,11.19972123,4.93542159
35.99817243,11.11443279,4.87450672
36.18520515,11.06526592,4.85310581
34.86605544,11.11850172,4.93943699
35.06038393,11.05731779,4.92674029
36.70788031,11.11572810,4.80615417
33.78025320,11.12255424,4.95145833
34.67552004,11.06190289,4.94153523
36.54273063,11.02176095,4.81204005
36.53767189,11.16173519,4.83088357
36.38447059,11.10062395,4.83865576
33.42502986,11.09072532,4.94303859
33.59763114,11.02568889,4.94573390
32.50679921,11.08851227,4.89474836
32.95103135,11.84080098,4.91107537
35.81440545,11.06217551,4.88277652
38.39722373,10.88570788,4.51217069
38.39944681,10.89079297,4.51273059
38.40180269,10.89628730,4.51335328
38.40479777,10.90166479,4.51369333
38.40739794,10.90718099,4.51422679
38.41283644,10.91887102,4.51538526
38.41014690,10.91290760,4.51476123
38.42874923,10.95197436,4.51846734
38.43231958,10.95956623,4.51920514
38.43972409,10.97584781,4.52088477
38.44396409,10.98459778,4.52168741
38.44804875,10.99402473,4.52273721
38.39554750,10.88100041,4.51150184
38.41583359,10.92482899,4.51588798
38.42543160,10.94482488,4.51775528
38.46251396,11.02532077,4.52587668
38.46804109,11.03697344,4.52699296
38.48596226,11.07801273,4.53150155
38.49266783,11.09276176,4.53302320
38.45758753,11.01423531,4.52468969
38.47336012,11.04968621,4.52847741
38.52458487,11.16395885,4.54054488
38.53454125,11.18529729,4.54266607
38.49996620,11.10870471,4.53465083
38.54364704,11.20824524,4.54551415
38.36662517,10.88329890,4.52248875
38.50764245,11.12624055,4.53656968
38.30436184,10.89823724,4.54393948
38.51633423,11.14434960,4.53827703
38.33012817,10.89182723,4.53556616
38.35081690,10.88678024,4.52834210
38.59261652,11.31617221,4.55681918
38.60651387,11.34777906,4.56030831
38.55428050,11.23234052,4.54812972
38.57887471,11.28673977,4.55385348
38.69369604,11.54062375,4.58118465
38.22815430,10.91446197,4.56535017
38.62246284,11.38245710,4.56391984
38.73860542,11.63054388,4.58987898
38.78422231,11.72677452,4.60023879
38.27061177,10.90608027,4.55398244
38.63898485,11.41934214,4.56793089
38.80919642,11.77579664,4.60509857
38.83450847,11.82548025,4.61009016
40.14177352,14.35989674,4.85632564
40.11561954,14.30821903,4.85150543
40.08810305,14.25717753,4.84725794
40.06238971,14.20525849,4.84224816
40.00707176,14.10277333,4.83374295
38.91049627,11.97988191,4.62677102
39.98021717,14.05096868,4.82910785
39.95449574,13.99937709,4.82418217
39.90131580,13.89746943,4.81516250
39.84766835,13.79452158,4.80601537
39.87515040,13.84601895,4.81039798
39.79262365,13.69045316,4.79699446
39.76819057,13.63879395,4.79163879
39.68852894,13.48310467,4.77726813
39.60823722,13.32908270,4.76342573
39.55323223,13.22615589,4.75453084
39.49862349,13.12177408,4.74497090
39.42138958,12.96522704,4.72864328
39.36717936,12.86190532,4.71852531
38.96271710,12.08326682,4.63776551
39.31286860,12.75911733,4.70837523
39.25891667,12.65481441,4.69756819
39.15177315,12.44681652,4.67559419
39.06419016,12.39135560,4.68597067
39.04519707,12.23849388,4.65328520
39.07152212,12.29075231,4.65899341
38.17385024,10.92520289,4.57869743
38.65556153,11.45703960,4.57215602
38.67449389,11.49718107,4.57627359
38.02477136,10.95413006,4.61027925
38.10513987,10.93768635,4.59387229
38.76104011,11.67798156,4.59496445
39.34004083,12.81065074,4.71350336
38.88387703,11.92926051,4.62177158
38.99108749,12.13477881,4.64258461
39.20580485,12.55096593,4.68651393
39.12442573,12.39494709,4.67027855
39.74103088,13.58765647,4.78722619
39.71363930,13.53584812,4.78271057
39.66172935,13.43152098,4.77261380
39.58025662,13.27802503,4.75922830
39.28639983,12.70661419,4.70274380
39.47297727,13.06902768,4.73943077
39.44704404,13.01712631,4.73411345
39.39358387,12.91387702,4.72390425
39.92919141,13.94762026,4.81908600
38.85828466,11.87742863,4.61619757
40.16771952,14.41163966,4.86122717
39.82025979,13.74231587,4.80143146
39.01882869,12.18628406,4.64762078
39.23367235,12.60206544,4.69143808
40.03531222,14.15397548,4.83781022
37.78678274,10.99592161,4.65141112
37.91785394,10.97321323,4.62965787
31.52778492,11.08761088,4.75688827
31.64244722,10.96696249,4.79939115
31.64517703,11.07478898,4.78720820
35.40957487,15.27567507,5.08721851
35.28390585,15.12024997,5.07500997
36.02228212,16.08772365,5.14894645
36.17632315,16.29349712,5.16505940
31.94723897,11.00557106,4.84211703
31.89070299,11.11216440,4.82644035
32.80452214,11.80030199,4.89820212
32.66750018,11.81514741,4.88256526
31.75741710,11.17916428,4.79710765
31.77867326,11.01201994,4.81789986
36.87919959,11.02764716,4.77356967
37.61919496,11.02105971,4.67727201
32.38124842,11.53083026,4.86368651
37.42185252,11.02662353,4.70376295
35.40095323,10.98029095,4.90193491
34.28989102,10.98018603,4.94502970
34.02728014,13.30626845,4.97557610
33.25613179,11.01413959,4.93665035
36.63433672,16.90536020,5.21444696
36.78576837,17.10774761,5.23128461
36.48235612,16.70222201,5.19780684
36.32968776,16.49831736,5.18134508
33.01122513,12.00097017,4.91162444
35.15428735,14.85454202,5.06444146
34.50422349,13.94838659,5.01046129
34.34570335,13.73480243,4.99844554
34.82074942,14.37417342,5.03587599
33.70410308,12.87477556,4.95391147
35.86758034,15.88100761,5.13297832
35.71230241,15.67336607,5.11719881
35.55646183,15.46488157,5.10165971
38.71591413,11.58516460,4.58546866
38.42193808,10.93790381,4.51717537
39.09937334,12.34227393,4.66405542
39.17744508,12.49989559,4.68172784
39.52625004,13.17385460,4.74966970
38.45259165,11.00386609,4.52372653
38.39739362,10.87624804,4.50941097
31.30920598,10.96635527,4.70753634
31.26575421,10.96010069,4.68603984
31.37232521,10.96589939,4.73340431
31.38577713,10.91522208,4.74855113
31.44919986,10.94486049,4.76071031
32.92753190,11.01331800,4.92293227
33.96455142,11.03125153,4.94966673
32.51825598,11.69993472,4.87083579
38.39999609,10.88128488,4.50980802
38.40257456,10.88627528,4.51020146
38.40526698,10.89148623,4.51061235
38.40803801,10.89684932,4.51103532
38.41078556,10.90216695,4.51145478
38.41356574,10.90754775,4.51187932
38.41970148,10.91942293,4.51281660
38.43314375,10.94543931,4.51487199
38.42964741,10.93867244,4.51433709
38.44093829,10.96052497,4.51606530
38.44503857,10.96846071,4.51669353
38.45394837,10.98570489,4.51805998
38.44911713,10.97635443,4.51731881
38.45887408,10.99523820,4.51881625
38.41664511,10.91350759,4.51234965
38.42273501,10.92529408,4.51328019
38.42612872,10.93186232,4.51379899
38.47520605,11.02684737,4.52132856
38.48121246,11.03847231,4.52225455
38.43681614,10.95254690,4.51543407
31.14617562,10.88074834,4.61817081
31.15123889,10.88070278,4.63036777
31.15590311,10.89066512,4.62445134
38.46917884,11.01518220,4.52040050
38.53690388,11.14625872,4.53090633
38.52755598,11.12816656,4.52944462
38.46377855,11.00473038,4.51956989
38.48722513,11.05010934,4.52318271
38.49470513,11.06458629,4.52433916
38.57035510,11.21100113,4.53617489
38.50216478,11.07902384,4.52549455
38.50960420,11.09342228,4.52664901
38.62642338,11.31951753,4.54516404
38.61141161,11.29046322,4.54273547
31.16676064,10.90225293,4.62929124
38.51818825,11.11003604,4.52798399
38.54665479,11.16513089,4.53243575
38.68016963,11.42354020,4.55401063
38.58217612,11.23387990,4.53805238
38.55851470,11.18808488,4.53430285
31.33285583,10.91847649,4.73078619
38.59638063,11.26137176,4.54032037
38.74331093,11.54574699,4.56475652
38.81425758,11.68306141,4.57737756
38.91686034,11.88164558,4.59673892
40.11985818,14.21011378,4.82317442
40.01338575,14.00403306,4.80465203
39.93345806,13.84932722,4.79072981
38.93641258,12.03112069,4.63218927
38.94314663,11.93252151,4.60185656
38.96973911,11.98398995,4.60708554
39.90680233,13.79773254,4.78607990
39.88013508,13.74611530,4.78142344
39.80010389,13.59120504,4.76741506
39.77340846,13.53953224,4.76272889
39.74671327,13.48785969,4.75803492
39.72000595,13.43616343,4.75333028
39.63445922,13.38079591,4.76830520
39.66656752,13.33272427,4.74388860
39.61309891,13.22922593,4.73439949
39.55960706,13.12568324,4.72473013
39.53285068,13.07389249,4.71977089
39.47932138,12.97028058,4.70963188
39.39897707,12.81476876,4.69395625
38.99652141,12.03582571,4.61239872
39.34538184,12.71103356,4.68326168
39.29175409,12.60723675,4.67242424
39.31856639,12.65913195,4.67785679
39.26492792,12.55531498,4.66696637
39.21124691,12.45141665,4.65600045
39.10381429,12.24348539,4.63403980
39.15753480,12.34745890,4.64500784
38.69891934,11.45982925,4.55715870
38.64261241,11.35085040,4.54780282
38.66140067,11.38721396,4.55089265
38.72091800,11.50240654,4.56089745
38.76568412,11.58904932,4.56866935
38.78926498,11.63468912,4.57285905
38.83922971,11.73139416,4.58197724
39.85346621,13.69449464,4.77676149
39.82679096,13.64286140,4.77209257
39.23808747,12.50336583,4.66148887
39.05006115,12.13944901,4.62313813
40.17305543,14.31307668,4.83243056
40.14645567,14.26159321,4.82780161
39.18439853,12.39945255,4.65050534
39.69328639,13.38444327,4.74861431
39.37218588,12.76291341,4.68863018
40.19964471,14.36453948,4.83705972
39.13066599,12.29545552,4.63951587
39.58635288,13.17745408,4.72960730
39.50608343,13.02208126,4.71473522
40.06663298,14.10709540,4.81391632
40.04001130,14.05556813,4.80928513
38.86423088,11.77978321,4.58666731
38.89055520,11.83073303,4.59167399
39.07694614,12.19148347,4.62857862
40.09325098,14.15861521,4.81854628
39.98674910,13.95247618,4.80001510
39.96010238,13.90089954,4.79537385
39.45254876,12.91845995,4.70446363
39.42576436,12.86661693,4.69923592
39.63983949,13.28098734,4.73915076
39.02328581,12.08762677,4.61774959
40.19970049,14.36451483,4.83050616
40.22628078,14.41595707,4.83513679
40.17310979,14.31305212,4.82587637
40.14650859,14.26156875,4.82124674
40.11990964,14.21008942,4.81661886
40.09330097,14.15859096,4.81199001
40.06668148,14.10707128,4.80735935
40.04005829,14.05554415,4.80272747
40.01343122,14.00400922,4.79809369
39.98679302,13.95245249,4.79345611
39.96014474,13.90087600,4.78881426
39.93349883,13.84930385,4.78416967
39.90684149,13.79770934,4.77951927
39.88017261,13.74609227,4.77486240
39.85350208,13.69447179,4.77020013
39.82682516,13.64283873,4.76553098
39.80013639,13.59118255,4.76085334
39.77343922,13.53950994,4.75616717
39.74674228,13.48783757,4.75147331
39.72003317,13.43614150,4.74676894
39.69331179,13.38442154,4.74205337
39.66659108,13.33270272,4.73732823
39.63986118,13.28096598,4.73259112
39.61311870,13.22920476,4.72784078
39.58637072,13.17743314,4.72304953
39.55962289,13.12566257,4.71817321
39.53286441,13.07387214,4.71321470
39.50609500,13.02206127,4.70817964
39.47933072,12.97026099,4.70307678
39.45255583,12.91844080,4.69790890
39.42576908,12.86659825,4.69268146
39.39897940,12.81475059,4.68740195
39.37218577,12.76289578,4.68207594
39.34537925,12.71101650,4.67670741
39.31856128,12.65911549,4.67130241
39.29174643,12.60722090,4.66586967
39.26491768,12.55529977,4.66041154
39.23807462,12.50335127,4.65493373
39.21123143,12.45140276,4.64944496
39.18438040,12.39943933,4.64394946
39.15751401,12.34744637,4.63845154
39.13064252,12.29544369,4.63295914
39.10378815,12.24347425,4.62748265
39.07691732,12.19147302,4.62202105
39.05002966,12.13943925,4.61658016
39.02325165,12.08761769,4.61119125
38.99648461,12.03581729,4.60584006
38.96969968,11.98398218,4.60052662
38.94310461,11.93251436,4.59529744
38.91681577,11.88163903,4.59017968
38.89050811,11.83072707,4.58511471
38.86418130,11.77977781,4.58010807
38.83917780,11.73138926,4.57541815
38.81420340,11.68305697,4.57081875
38.78920857,11.63468511,4.56630066
38.76562565,11.58904568,4.56211147
38.74325054,11.54574367,4.55819922
38.72085573,11.50240353,4.55434081
38.69885524,11.45982653,4.55060278
38.68010400,11.42353769,4.54745537
38.66133353,11.38721166,4.54433810
38.64254377,11.35084830,4.54124902
38.62635345,11.31951560,4.53861091
38.61134051,11.29046144,4.53618299
38.59630836,11.26137012,4.53376856
38.58210275,11.23387839,4.53150121
38.57028082,11.21099972,4.52962427
38.55843951,11.18808357,4.52775278
38.54657870,11.16512969,4.52588625
38.53682704,11.14625759,4.52435730
38.52747843,11.12816551,4.52289605
38.51811000,11.11003507,4.52143588
38.50952530,11.09342138,4.52010132
38.50208531,11.07902300,4.51894723
38.49462510,11.06458551,4.51779222
38.48714453,11.05010861,4.51663614
38.48113141,11.03847163,4.51570829
38.47512455,11.02684674,4.51478260
38.46909688,11.01518162,4.51385485
38.46369619,11.00472984,4.51302451
38.45879135,10.99523769,4.51227112
38.45386527,10.98570443,4.51151511
38.44903367,10.97635401,4.51077418
38.44495479,10.96846031,4.51014911
38.44085421,10.96052460,4.50952109
38.43673175,10.95254657,4.50889007
38.43305909,10.94543901,4.50832818
38.42956248,10.93867216,4.50779345
38.42604353,10.93186207,4.50725553
38.42264956,10.92529386,4.50673690
38.41961579,10.91942273,4.50627347
38.41655919,10.91350742,4.50580668
38.41347960,10.90754760,4.50533650
38.41069920,10.90216682,4.50491211
38.40795145,10.89684921,4.50449279
38.40518021,10.89148614,4.50406996
38.40248758,10.88627521,4.50365920
38.39990892,10.88128483,4.50326589
38.39730626,10.87624802,4.50286898
40.22633809,14.41593233,4.82857797
40.25291809,14.46737089,4.83321217
40.19975638,14.36449016,4.82394670
40.17316425,14.31302752,4.81931622
40.14656160,14.26154423,4.81468587
40.11996119,14.21006500,4.81005725
40.09335104,14.15856664,4.80542764
40.06673005,14.10704707,4.80079621
40.04010535,14.05552006,4.79616358
40.01347674,14.00398525,4.79152907
39.98683699,13.95242866,4.78689079
39.96018713,13.90085231,4.78224828
39.93353963,13.84928031,4.77760308
39.90688067,13.79768595,4.77295214
39.88021015,13.74606904,4.76829480
39.85353795,13.69444871,4.76363214
39.82685934,13.64281582,4.75896270
39.80016886,13.59115981,4.75428488
39.77346995,13.53948737,4.74959864
39.74677124,13.48781517,4.74490485
39.72006034,13.43611928,4.74020068
39.69333714,13.38439949,4.73548546
39.66661458,13.33268085,4.73076083
39.63988280,13.28094428,4.72602440
39.61313840,13.22918324,4.72127491
39.58638846,13.17741179,4.71648459
39.55963858,13.12564146,4.71160906
39.53287799,13.07385131,4.70665122
39.50610640,13.02204076,4.70161671
39.47933988,12.97024085,4.69651429
39.45256269,12.91842107,4.69134673
39.42577359,12.86657898,4.68611950
39.39898151,12.81473181,4.68084009
39.37218543,12.76287753,4.67551409
39.34537643,12.71099881,4.67014547
39.31855593,12.65909839,4.66474031
39.29173852,12.60720442,4.65930732
39.26490719,12.55528393,4.65384889
39.23806152,12.50333609,4.64837072
39.21121569,12.45138826,4.64288153
39.18436202,12.39942553,4.63738559
39.15749297,12.34743327,4.63188720
39.13061881,12.29543129,4.62639433
39.10376177,12.24346257,4.62091735
39.07688827,12.19146205,4.61545528
39.04999793,12.13942899,4.61001394
39.02321728,12.08760814,4.60462462
38.99644760,12.03580843,4.59927306
38.96966004,11.98397399,4.59395929
38.94306238,11.93250684,4.58872987
38.91677101,11.88163214,4.58361193
38.89046084,11.83072078,4.57854687
38.86413155,11.77977211,4.57354023
38.83912572,11.73138409,4.56885040
38.81414905,11.68305229,4.56425124
38.78915200,11.63468089,4.55973352
38.76556703,11.58904185,4.55554480
38.74319001,11.54574019,4.55163308
38.72079331,11.50240037,4.54777529
38.69879101,11.45982366,4.54403794
38.68003823,11.42353506,4.54089116
38.66126625,11.38720925,4.53777456
38.64247499,11.35084610,4.53468620
38.62628340,11.31951357,4.53204874
38.61126928,11.29045956,4.52962143
38.59623596,11.26136839,4.52720764
38.58202925,11.23387680,4.52494090
38.57020641,11.21099824,4.52306449
38.55836419,11.18808220,4.52119354
38.54650248,11.16512842,4.51932755
38.53675008,11.14625641,4.51779906
38.52740076,11.12816441,4.51633825
38.51803161,11.11003405,4.51487852
38.50944626,11.09342043,4.51354437
38.50200571,11.07902211,4.51239064
38.49454494,11.06458469,4.51123598
38.48706381,11.05010785,4.51008027
38.48105024,11.03847092,4.50915271
38.47504292,11.02684608,4.50822731
38.46901480,11.01518100,4.50729985
38.46361370,11.00472927,4.50646978
38.45870849,10.99523716,4.50571663
38.45378204,10.98570394,4.50496086
38.44895007,10.97635356,4.50422017
38.44487089,10.96845990,4.50359530
38.44077000,10.96052422,4.50296748
38.43664723,10.95254622,4.50233666
38.43297429,10.94543869,4.50177495
38.42947742,10.93867187,4.50124040
38.42595820,10.93186181,4.50070265
38.42256398,10.92529363,4.50018419
38.41952998,10.91942253,4.49972091
38.41647315,10.91350724,4.49925427
38.41339332,10.90754745,4.49878424
38.41061272,10.90216669,4.49835999
38.40786476,10.89684910,4.49794080
38.40509331,10.89148605,4.49751811
38.40240048,10.88627515,4.49710749
38.39982162,10.88128479,4.49671430
38.39721876,10.87624800,4.49631751
31.14362597,10.88041997,4.59104989
31.17084867,10.91340830,4.58485552
31.15955137,10.89976959,4.58703591
31.20422902,10.95391436,4.58058229
31.18544878,10.93105015,4.58263366
31.22826038,10.98358063,4.57897813
31.24505660,10.97168454,4.55150329
31.85055664,11.53015069,4.49958713
31.94149623,11.46221378,4.46259643
31.83883529,11.32677757,4.45668432
32.05669699,11.93130703,4.54732323
32.11956070,11.88470646,4.51499060
31.97369384,11.69245586,4.50652100
32.53077395,12.24128839,4.49953580
32.65813422,12.14595937,4.45802042
32.49687478,11.93169136,4.44673308
33.10223562,13.18099594,4.58073892
33.19070225,13.11529246,4.54731106
33.02511966,12.89581125,4.53460353
33.51697860,13.54817988,4.57389068
33.64100450,13.45572370,4.53598679
33.47942610,13.23991404,4.52195368
35.34400307,16.14252848,4.79374671
35.42682764,16.08170617,4.76512997
35.27011317,15.87412024,4.74755547
34.63785337,15.03621326,4.67955269
34.75751072,14.94744506,4.64515298
34.59896555,14.73590906,4.62848583
33.97508101,13.53974960,4.50570065
33.81582695,13.32488180,4.49054349
35.59884171,16.59601459,4.85527104
35.65614612,16.55455353,4.82891057
35.50042559,16.34900024,4.81123190
31.59888864,11.32960199,4.52290841
31.66206782,11.28264019,4.48960562
31.58899949,11.18844791,4.48631096
34.95493186,15.45653958,4.71302255
35.07351656,15.36865841,4.67941372
34.91569549,15.15835417,4.66213766
31.68453054,11.44182160,4.52714480
31.74776960,11.39484076,4.49399865
31.27776663,11.00767166,4.54888166
31.31712084,11.05381291,4.54760921
31.35503577,11.02595107,4.51679305
31.34220794,11.12895283,4.57891879
31.36493282,11.11269746,4.54773405
31.25843243,11.02143860,4.57806592
31.29579089,11.06904717,4.57801244
31.39798186,11.20153120,4.58073770
31.46035600,11.28307933,4.58324330
31.53261823,11.37780855,4.58648584
31.61814459,11.49006241,4.59056279
31.72105470,11.62519020,4.59566367
32.47686480,12.61770300,4.63787823
31.15071370,10.88905900,4.58908457
31.84443446,11.78721067,4.60198411
31.99058715,11.97913273,4.60974178
32.15020784,12.18873876,4.61856933
32.31256355,12.40194089,4.62795149
32.64269885,12.83548418,4.64835751
32.80917338,13.05411458,4.65936235
32.97562235,13.27272139,4.67087122
33.14060992,13.48942107,4.68278119
33.30378136,13.70374678,4.69505155
33.46561131,13.91631886,4.70770600
33.62742421,14.12887254,4.72084258
33.78901913,14.34114066,4.73444565
33.95027589,14.55296208,4.74850432
34.11111070,14.76422410,4.76301109
34.27153958,14.97494623,4.77796452
34.43157033,15.18513926,4.79332904
34.59117935,15.39477389,4.80906145
34.75037558,15.60386397,4.82512267
34.90908219,15.81231087,4.84146561
35.06719235,16.01997638,4.85803991
35.22470224,16.22685746,4.87480895
35.38157947,16.43291266,4.89178041
35.53775426,16.63804923,4.90895803
35.69322122,16.84225917,4.92634382
35.84797296,17.04553184,4.94393934
31.42156607,11.18465447,4.54911804
31.48439634,11.26588384,4.55143259
31.55685692,11.36048883,4.55464021
31.64244094,11.47272634,4.55877415
31.74534484,11.60788936,4.56398544
32.33671732,12.38491673,4.59695929
32.83317323,13.03737548,4.62896628
34.13446165,14.74842028,4.73426868
33.97371713,14.53703682,4.71957564
34.77338713,15.58849370,4.79703478
35.40428419,16.41788602,4.86429257
31.46269661,11.15440364,4.51746448
31.40484375,11.08334803,4.51636948
32.01481632,11.96195420,4.57837682
31.86869629,11.76996679,4.57045025
32.17440209,12.17163291,4.58738775
32.66675575,12.81864397,4.61775843
32.50097278,12.60076768,4.60708031
33.16447613,13.47289883,4.65280449
32.99955837,13.25608864,4.64068235
33.32757085,13.68733900,4.66528964
33.48931802,13.90002918,4.67815903
33.65104418,14.11270327,4.69150841
33.81255012,14.32509320,4.70531868
34.29480161,14.95926057,4.74939710
34.45474637,15.16956571,4.76492787
34.61427205,15.37930546,4.78081946
35.09004715,16.00478434,4.83025336
34.93201438,15.79703237,4.81352885
35.24748209,16.21174848,4.84717285
35.71577730,16.82739805,4.89914821
35.56038451,16.62310521,4.88161702
35.87045487,17.03075393,4.91688770
36.00204064,17.24790732,4.96175048
36.02444804,17.23321301,4.93484143
31.52616410,11.23517294,4.51967733
31.78739515,11.57704348,4.53251101
31.91066880,11.73921319,4.53917049
32.21618193,12.14110391,4.55657688
32.37838578,12.35451935,4.56639388
32.54252000,12.57051301,4.57676177
32.87444735,13.00743493,4.59914357
33.04067901,13.22631848,4.61110777
33.20543344,13.44330685,4.62348055
33.36835495,13.65793195,4.63621634
33.85278015,14.29626293,4.67697184
34.01376201,14.50839827,4.69145206
34.17432456,14.71996929,4.70635284
34.49426398,15.14146767,4.73739016
34.81258622,15.56071097,4.76984824
35.12894471,15.97728687,4.80340836
34.97106092,15.76939504,4.78651318
35.44288849,16.39065997,4.83778466
35.28623367,16.18438726,4.82049928
35.75408751,16.80044346,4.87296058
36.06246313,17.20653216,4.90896017
35.90861785,17.00393595,4.89085493
32.70817183,12.78854174,4.58768769
33.69146119,14.08367943,4.66292648
33.52992086,13.87081235,4.64933371
34.33448794,14.93099058,4.72167469
34.65362774,15.35136964,4.75345964
32.36906767,12.02740693,4.48891759
32.27886726,12.09467728,4.52457933
32.44087600,12.30828504,4.53472960
32.77022686,12.74273734,4.55667952
32.85945388,12.67635069,4.52238987
32.69437342,12.45778554,4.51069096
32.60480013,12.52448681,4.54542741
32.93626138,12.96186515,4.56845723
33.26671808,13.39824289,4.59342875
33.59062602,13.82629206,4.61990976
33.42935487,13.61313630,4.60648060
33.75186647,14.03943773,4.63380792
34.07357196,14.46470820,4.66290750
33.91288553,14.25229931,4.64814782
34.23384657,14.67654507,4.67806847
34.39373114,14.88782234,4.69362950
34.55324092,15.09854281,4.70957347
34.87106162,15.51823658,4.74246573
34.71234957,15.30867567,4.72586304
35.02929641,15.72713141,4.75934122
35.18694535,15.93522793,4.77644579
35.96545689,16.96287396,4.86485919
35.81115930,16.75918166,4.84678560
35.89295386,16.69920784,4.81891503
32.21003836,11.81718732,4.47885217
32.06442155,11.62471234,4.46992622
35.58290735,16.28846109,4.78287723
33.35477178,13.33290637,4.56042015
33.67780715,13.76172530,4.58773411
33.83859906,13.97526444,4.60203935
34.15941776,14.40131009,4.63190841
33.99917077,14.18851746,4.61677329
34.47873796,14.82515288,4.66330370
34.31926563,14.61351840,4.64742113
34.79658426,15.24666945,4.69613552
35.11281202,15.66573285,4.73017624
35.73828436,16.49429707,4.80080364
36.04690766,16.90318312,4.83721476
36.11906870,17.16567034,4.88313798
32.19301061,11.52832452,4.42640137
33.15095106,12.80180873,4.49497812
33.31596061,13.02178300,4.50827517
32.33825604,11.72111872,4.43598232
32.83775704,12.01109067,4.40745600
32.98582614,12.58188016,4.48215477
33.65515358,13.10831796,4.47574147
34.12124846,14.09771563,4.58050975
33.96132673,13.88391189,4.56524181
34.28085800,14.31104700,4.59615730
34.44008818,14.52377551,4.61215502
34.92606583,14.82178064,4.60453222
34.76833609,14.60957861,4.58728043
35.54390124,15.99505791,4.73264422
35.38768314,15.78706910,4.71469959
35.70876084,15.87236915,4.69468022
35.55325243,15.66381362,4.67622372
35.69948735,16.20221165,4.75075367
36.00854536,16.61375315,4.78745484
36.17129382,16.49273578,4.75094634
36.01782190,16.28687303,4.73205062
32.82125501,12.36287246,4.46982555
33.80118766,13.66981843,4.55038747
34.61030852,14.39674799,4.57031345
35.39717246,15.45444012,4.65795347
35.23088451,15.57827164,4.69694699
35.86364252,16.08008236,4.71329801
35.85437013,16.40844539,4.76902026
36.20017507,17.10626279,4.85571063
36.31477761,17.02160218,4.82485196
36.16200480,16.81812515,4.80606228
33.49255588,12.88946220,4.46126193
33.00018639,12.22858721,4.42019448
33.32836990,12.66879792,4.44712558
33.16402327,12.44821446,4.43342895
34.13428106,13.75462326,4.52130012
34.29326877,13.96920165,4.53729477
34.45196341,14.18328991,4.55364421
35.24053703,15.24423732,4.63989288
35.08346920,15.03332430,4.62207584
36.47611987,16.90169378,4.78920011
36.32405027,16.69766204,4.76999258
35.88842475,11.58957489,4.30068995
35.91450972,11.39421358,4.29696332
35.75624913,11.46918040,4.28401260
36.02314921,11.48194097,4.31101340
36.05115696,11.63622567,4.31860539
35.94009319,11.76156578,4.31212469
37.62347851,13.75805038,4.56518256
37.61973619,13.94597432,4.56767762
37.74709583,13.88223920,4.58420240
37.79388314,13.76611307,4.58972603
37.49776414,13.85674708,4.55013608
37.47207757,13.99857809,4.55013620
38.23032922,12.30668721,4.62925695
38.13969446,12.48232504,4.62483930
38.29359465,12.40871986,4.64102138
38.10332695,12.30822636,4.61396919
37.98405455,12.37478334,4.60042723
37.94287862,12.54090334,4.59914719
38.92728386,14.36078269,4.77070355
39.06836485,14.24899010,4.79045122
38.95798474,14.20235590,4.77389989
39.11807449,14.37145160,4.79926507
39.00150994,14.51978139,4.78330952
35.44125749,13.04381293,4.36802625
35.63336532,12.96869692,4.36470264
35.51994625,12.87041743,4.35448189
35.58676621,13.13089408,4.37700003
35.77128712,13.11274091,4.37938046
35.07711533,11.05847050,4.21598091
34.96761134,11.15896348,4.21594913
35.12553548,11.19164950,4.22570089
34.99626592,11.02507086,4.20979059
33.91781294,11.06650794,4.19866821
33.80869462,11.19883785,4.21537422
33.99773205,11.20374937,4.21005017
33.83269200,11.03920185,4.19829636
33.93166644,11.41309983,4.23327090
33.77329632,11.40168829,4.23863727
33.62341881,11.33097180,4.23828156
33.81843280,11.56010085,4.25412843
33.94393217,11.59449279,4.25216563
39.67878100,13.73609201,4.79921073
39.58693500,13.72025266,4.80265349
39.62613270,13.79368416,4.80927572
39.54918805,13.79937160,4.81151676
39.48676183,13.77275869,4.80891465
38.27076504,11.45282355,4.58020719
38.31252144,11.39221825,4.57512480
38.25539244,11.39320285,4.57507375
38.33647805,11.43518170,4.57895311
38.33754716,11.48806881,4.58385215
38.42425197,11.26440202,4.55571023
38.38411944,11.25102188,4.55726478
38.38989604,11.29454443,4.56214484
38.43422794,11.30087890,4.55962397
38.40418171,11.32682161,4.56509543
37.78429882,14.04662086,4.59158260
37.91382127,13.89441411,4.60868784
36.88775603,13.62306272,4.47592281
37.03932307,13.61300132,4.49040198
36.90059945,13.46572968,4.47110138
36.94846323,13.75351866,4.48680849
37.77273880,14.49516533,4.59858050
37.87170304,14.46722240,4.61035316
37.74957004,14.39451149,4.59334939
37.83102212,14.58911049,4.60796883
38.21386709,14.85943156,4.66302219
38.05712220,14.83416420,4.64180077
38.08523897,14.98823939,4.64887479
37.94866773,14.72205418,4.62562313
37.91712212,14.89381793,4.62639220
37.09097377,13.82133615,4.50297580
37.23266612,13.70901403,4.51448085
37.22919526,13.88599558,4.51940808
37.32186122,14.02028390,4.53363209
37.36058050,13.86651136,4.53355864
37.28262284,14.18270066,4.53524274
37.45080396,14.16486945,4.55220177
37.59882457,14.30469369,4.57301493
37.43400849,14.35486469,4.55664911
37.63848537,14.52978121,4.58409403
37.74920348,14.23008875,4.58985748
37.61257560,14.11515221,4.57006791
37.72939414,13.68929347,4.57946629
37.68866871,13.59485312,4.57252939
37.52324135,13.58368128,4.54874924
37.45940506,13.41741785,4.53742342
37.35149821,13.55419751,4.52526244
37.62533492,13.43950315,4.56158553
37.42582753,13.72036048,4.53816868
38.28157703,15.04049577,4.67527139
38.39489670,15.14733559,4.69251693
38.49876414,15.01794639,4.70582199
38.39077329,15.27877348,4.69426051
38.54876942,15.19024214,4.71497546
36.95364509,13.94805686,4.49580511
37.88291501,14.18303184,4.60720861
37.88165241,14.32422225,4.60909779
38.04218697,14.23227544,4.63071191
38.28599871,15.19722842,4.67891891
38.13888538,15.16604266,4.65994941
38.22353079,15.35343897,4.67517048
38.38173893,15.41749483,4.69604595
37.99237216,14.56701965,4.62808580
37.92321908,15.11354307,4.63420341
36.78741821,13.74460827,4.47279231
36.76272637,13.53834538,4.46122628
38.04100913,15.29897956,4.65316494
37.15564570,14.00895852,4.51633654
37.08958981,14.17621522,4.51762383
37.77119531,14.74206813,4.60538612
37.73374844,14.94049293,4.60854732
37.57424767,14.75484293,4.58578119
37.40954387,14.56214026,4.56251061
38.13311489,14.69294127,4.64928713
37.24339268,14.37084261,4.53948245
38.02276385,14.40890625,4.62985170
38.05873189,15.52165945,4.66359327
38.15236493,14.51501949,4.64968714
38.27242135,14.59279705,4.66815002
38.32199932,14.45390521,4.67470715
38.32642323,14.72457469,4.67741038
38.42787691,14.57752540,4.69184848
38.39915344,14.87610689,4.68966566
36.75249929,13.94808397,4.48084273
36.64191282,13.60834409,4.45496782
38.51703293,15.36262976,4.71282170
38.30549978,15.57551809,4.69130619
37.18699230,13.49527683,4.50347472
37.97550423,14.06349885,4.61933513
37.86873534,15.33228921,4.63773831
36.90327022,14.15242505,4.50231811
37.70296288,15.14638923,4.61464199
37.53701420,14.95834792,4.59174941
37.37895030,14.75669227,4.56908042
37.21427593,14.56463259,4.54663316
37.05411295,14.36128164,4.52419916
37.82350256,13.63073551,4.59298589
38.23756989,14.17680810,4.66015834
38.13123441,14.08160131,4.64312014
38.38624151,14.12219585,4.68353907
38.29895934,13.99258229,4.66916123
38.55579724,14.87350050,4.71341349
38.64859853,14.93776213,4.72826104
38.72359784,14.80427483,4.73975529
38.67168200,15.05490370,4.73247721
38.80100848,14.93770902,4.75259492
38.71549368,15.17142682,4.73996123
38.83707112,15.08176293,4.75879735
37.30493310,13.37606607,4.51571414
37.81521898,13.46201996,4.59051549
37.54890031,13.27729408,4.54856745
36.61366527,13.43708489,4.44430191
36.60080819,13.75757564,4.46025344
38.06654154,13.79440409,4.63154943
38.10601631,13.93650143,4.63844257
38.25254636,13.77257690,4.66091122
37.94984319,13.71907997,4.61295672
38.19580867,14.34763360,4.65467115
38.53768439,14.72353967,4.70979718
36.47089983,13.55827726,4.44066516
36.75987749,13.32580894,4.45212528
36.56041828,13.94877540,4.46955842
36.29145861,13.62420206,4.43515636
36.41384789,13.77107026,4.45066444
36.11150962,13.59637149,4.42613295
36.18746140,13.81613388,4.44511442
36.26068785,13.41128598,4.41977795
37.16631927,13.30657009,4.49642789
37.03854147,13.40545096,4.48377315
37.72388472,13.29680908,4.57525136
38.68197190,15.30339748,4.73584627
36.92037870,13.28196949,4.46693067
36.70909765,14.13677927,4.48941735
36.86948667,14.34152472,4.51118000
37.83900853,15.53569937,4.64525286
37.67243661,15.34173646,4.62218839
37.50812236,15.15222384,4.59984452
37.34887571,14.95103357,4.57745236
37.18936460,14.74891057,4.55521379
37.02959745,14.54558297,4.53311351
37.40936771,13.27259596,4.52828803
37.13654821,13.12726232,4.48868891
37.04417146,13.24219774,4.47990627
37.09680631,12.96766834,4.48010371
36.97081382,13.08099082,4.46688857
35.94981664,12.99666614,4.37770649
35.79882372,12.89775587,4.36456993
35.62599351,13.28459907,4.39054978
35.80514355,13.32862100,4.39709861
38.00391987,13.38633595,4.61970573
37.88103281,13.30595085,4.59986274
38.17503858,13.31634682,4.64641905
38.03499735,13.19747321,4.62363998
37.28636446,13.19310038,4.50992028
37.44700394,13.09907805,4.53145183
38.61670192,14.55158158,4.72182304
38.71374980,14.65719936,4.73777553
38.80844233,14.53019746,4.75273719
38.87680806,14.66145352,4.76417972
38.38950302,14.28003084,4.68458709
37.97901129,13.55363275,4.61660569
38.50926088,14.42281467,4.70417850
36.84486203,14.52571150,4.52185780
36.68480740,14.32098305,4.50040659
37.64052434,15.53700550,4.63152120
37.79864760,15.73707075,4.65393978
36.01168228,13.40525390,4.40867787
35.94422007,13.58640836,4.42083491
35.97107621,13.18719397,4.39156858
35.97118554,13.74761405,4.43463070
38.11031662,13.64944300,4.63779357
36.36826917,13.97975078,4.46330633
36.60635785,13.26246566,4.43562261
36.46655417,13.31690329,4.42719295
37.65145312,13.12647696,4.56272745
37.83550935,13.15260131,4.59178545
36.31949735,13.15245236,4.40816190
37.48199256,15.33635159,4.60927096
37.32312735,15.13517105,4.58719674
36.82845166,13.15674849,4.45296509
36.52905700,14.15184229,4.48189368
37.16396441,14.93305309,4.56527277
37.00456967,14.72974464,4.54348235
37.77716398,12.97167442,4.58106536
38.34870832,13.26771563,4.67276185
38.21801801,13.16317894,4.65181913
38.47674232,13.17264907,4.68984553
38.36082564,13.05265228,4.67113044
36.69240511,13.12729050,4.43798453
36.80235354,12.95974401,4.44383250
36.51232694,13.09506553,4.42013115
38.51201828,14.14671748,4.70379417
38.50566540,14.00700981,4.70227343
38.59562588,14.25534549,4.71757897
38.68309001,14.06900616,4.73077731
37.87594644,12.68423599,4.59233260
37.77767877,12.57681488,4.57539651
37.72111860,12.77334540,4.56992603
38.02728712,12.67540737,4.61465646
38.93708657,14.80623203,4.77434515
39.15590189,14.82538382,4.80935310
39.07246535,14.65923725,4.79527523
38.98475870,14.96648360,4.78245879
37.25458791,12.97815094,4.50186642
38.13817860,13.48259074,4.64145491
38.47640166,13.82049313,4.69681362
37.96657198,12.99942595,4.61113885
36.81974558,14.70974819,4.53395543
36.66010042,14.50504455,4.51280003
37.13811380,15.11705387,4.57677916
37.29688733,15.31916352,4.59840792
38.42540158,13.62748694,4.68769214
35.81079996,13.51654486,4.41266189
36.13003178,13.04834192,4.39030483
37.58910017,12.93474955,4.55117586
37.91042046,12.82598893,4.60006226
36.13864491,13.24096929,4.40270463
36.17244941,14.05033271,4.46356032
35.98323851,13.94288064,4.45163743
37.41756410,12.86801460,4.52409583
38.70891435,14.39286421,4.73626154
35.79886928,13.69350265,4.42793545
37.61344466,15.72096452,4.64214660
37.45537521,15.52033625,4.62019009
36.50558445,14.33697571,4.49487827
36.34597013,14.18744549,4.47861800
36.97907448,14.91376087,4.55528371
37.54081329,12.76831071,4.54172081
36.63313066,12.97130274,4.42627276
36.97270148,12.86928118,4.46181177
38.40343251,13.44771710,4.68290445
38.27119804,13.56832235,4.66299426
39.08843655,14.10038108,4.79061117
35.94980456,12.81550159,4.36610103
35.83422468,12.70753309,4.35335683
37.27984729,12.78847249,4.50248006
36.50353207,12.89321645,4.41073228
39.18713980,14.51800034,4.81115729
39.25549632,14.66286889,4.82292430
38.53699677,13.32007836,4.70095664
38.27168997,13.41776023,4.66224177
38.65043471,13.88489727,4.72448032
35.63987602,13.46485055,4.40652653
36.06099930,12.89072993,4.37690627
38.09143208,12.84303562,4.62772324
36.95314557,15.09762458,4.56851867
36.79417926,14.89363013,4.54745815
37.42818978,15.70415492,4.63260321
36.83636018,12.74318951,4.44163960
35.45059570,13.24611180,4.38620667
35.23765772,13.00329009,4.36421556
35.27266846,13.20367889,4.38313261
36.18971105,12.86612087,4.38383961
38.79523263,14.22817856,4.74929450
35.79475334,13.87290267,4.44437826
36.38954646,12.98972295,4.40509806
36.27484830,12.97724394,4.39573445
37.59483913,12.60408230,4.54781163
38.16225109,13.01546851,4.64137534
37.13313367,12.81519075,4.48200252
36.63491941,14.68894790,4.52656833
36.48307666,14.51569100,4.50869849
36.33234145,14.36196506,4.49279593
38.56234666,13.50226546,4.70733983
35.63445091,13.64365577,4.42300244
36.16917182,14.25530692,4.48125745
35.98218010,14.16772543,4.47219522
37.39398298,12.64292291,4.51741643
37.27017627,15.50300017,4.61110179
36.65472205,12.78107975,4.42183353
37.11178951,15.30089757,4.58974506
37.58563282,15.90473930,4.65427077
38.67258420,13.40402163,4.72118901
38.73974901,13.54791959,4.73313013
38.71175639,13.26312253,4.72278180
38.97947273,13.61460905,4.76473810
38.92672353,13.72895744,4.76157384
39.07318145,13.69070063,4.77749613
38.86020095,13.62881712,4.75074024
38.59167035,13.18581507,4.70560203
36.34525853,12.82944054,4.39398542
38.59647977,13.66641955,4.71431611
38.61991418,13.77556443,4.71890323
38.75655664,13.73046010,4.73858742
36.23949035,12.72403896,4.38039785
36.09533840,12.72567569,4.36978622
36.21800357,12.56292165,4.37112702
39.22698109,14.21389203,4.81085045
37.99920432,12.20661252,4.59698310
37.84543550,12.28098544,4.57840503
38.04449164,12.04760748,4.59664426
37.86937636,12.07459897,4.57557290
36.94777393,12.46342078,4.44949604
36.85068519,12.58380873,4.43936609
37.00333299,12.65503455,4.46105203
36.73509753,12.62156749,4.42608066
36.05667408,12.53193200,4.35687913
35.96790698,12.66483101,4.35811996
38.90526839,14.07138972,4.76462889
38.82767086,13.39206350,4.74039945
37.19977292,12.63806208,4.48835462
38.30242648,12.83712428,4.65772023
35.65260324,12.75474813,4.34909315
35.46189822,13.42645869,4.40308497
38.20396325,12.67605325,4.63963449
36.76819756,15.07735230,4.56233393
36.60930682,14.87268837,4.54169456
35.13276073,12.69638042,4.33616608
35.09423810,12.88513961,4.35412869
35.27235099,12.79362370,4.34508208
35.05607526,13.04427279,4.37048214
37.84695075,12.43475021,4.58259547
36.56300289,12.55723578,4.40443851
35.38775351,12.88297045,4.35364671
38.86098654,13.89321658,4.75584435
36.31144909,14.52668548,4.50706040
36.18855619,14.40827343,4.49531642
35.78717790,14.07843277,4.46432718
37.40029034,15.88778007,4.64646684
36.92676255,15.28132430,4.58314462
36.45579033,14.68467197,4.52285040
36.48389548,12.73135483,4.40245276
37.68496045,12.40030633,4.55785883
35.45724131,13.60595545,4.42071606
35.61807410,13.82404339,4.44061930
37.24291227,15.68666220,4.62522603
37.08501180,15.48457797,4.60412257
38.16024689,12.15997012,4.61477845
38.37373013,12.30075523,4.64413085
38.89889070,13.52220978,4.75264611
39.02693753,13.52376897,4.76646185
38.34994823,12.67243556,4.65856979
38.31025417,12.53729215,4.64845083
38.46447773,12.72396929,4.67435107
38.46702826,12.55637304,4.66689683
35.45624441,12.70521585,4.34000853
34.52590844,12.62106100,4.34106888
34.55139959,12.75099894,4.35455173
34.67908206,12.59962466,4.33353917
34.40324703,12.56124930,4.33957191
34.39522439,12.72297347,4.35868511
36.36935289,12.62877189,4.38743968
39.39079532,14.51540737,4.83852409
38.56819914,13.04929683,4.69878136
38.67904088,13.13027299,4.71481017
35.58244446,12.57154666,4.33351347
35.45174914,12.48249587,4.32280673
37.10448863,12.49536336,4.47209558
37.09138056,12.31167173,4.46690277
35.73016796,12.55118647,4.33825454
37.27213193,12.44027074,4.49584058
39.03378098,13.95110056,4.78033708
36.75140309,12.43621520,4.42309506
35.28336022,13.39104273,4.40161616
38.48984445,12.88678273,4.68366701
36.27980896,14.68863377,4.52208110
36.13983481,14.54864354,4.50867339
34.93800751,12.78401387,4.34644424
34.72896592,12.76477691,4.34954704
34.75394640,12.94379294,4.36812888
35.02086223,12.60986901,4.32862239
34.86555915,12.59996327,4.32940773
35.29456125,12.59796299,4.32854706
39.29048957,14.37232393,4.82257415
39.03805114,13.81638240,4.77753261
35.09082646,13.18318077,4.38400949
35.15422136,12.51398267,4.32003820
37.47694530,12.44260078,4.52703782
35.10165245,13.36053250,4.40242914
34.91879205,12.99107485,4.36810464
34.91962186,13.16239718,4.38644151
35.59937343,14.01450687,4.46037715
37.05769355,15.66807178,4.61992191
36.89993979,15.46485035,4.59917035
35.89570972,12.52845711,4.34585022
36.74177701,15.26090137,4.57858136
36.58329347,15.05626106,4.55816307
35.99876197,14.39108800,4.49381468
37.55709434,16.08831882,4.66787423
37.37168055,16.07119841,4.66178635
37.21495075,15.87011845,4.64078914
36.42807433,14.86110424,4.53890331
39.39307275,14.66851182,4.84218824
38.37258936,11.39412021,4.57411726
38.22304990,11.35821797,4.57174511
38.16718353,11.34189624,4.56914272
38.18934306,11.41468507,4.57512982
38.21984863,11.30041792,4.56699522
39.17758676,13.75862689,4.79047089
39.28661585,13.71728242,4.79704945
39.21449696,13.62509414,4.78705724
39.39623290,13.73265533,4.80358612
39.35016009,13.64135652,4.79533852
39.08893082,13.59578177,4.77534899
39.24779305,13.92599336,4.80396757
39.15683938,13.87587545,4.79283907
39.15881922,13.97760756,4.79629982
39.36724160,13.91619102,4.81352624
39.29048710,13.82480436,4.80312998
39.41934923,14.36403873,4.83745509
39.51988725,14.40455708,4.84910672
39.52169580,14.27289805,4.84335822
39.51595984,14.62425276,4.85639481
39.54628134,14.50896806,4.85576048
39.26046859,14.03749906,4.80941410
38.87886904,13.24416175,4.74059410
38.73335960,13.01839538,4.71640244
36.89056570,12.27034250,4.43765668
35.72139729,12.22650723,4.31793586
35.85597587,12.17724240,4.32413167
35.72250609,12.02738293,4.30698639
35.79883580,12.37069732,4.33088607
34.57318992,12.47534576,4.32359918
35.00636641,12.45542272,4.31450559
36.44962550,11.94539124,4.37289640
36.48247320,12.08819041,4.38079990
36.62094680,12.02954717,4.39641109
36.43676304,12.21667890,4.37940567
36.56567579,12.17713504,4.39327451
37.14004074,12.13039580,4.47087727
36.99264026,12.11354901,4.44903592
37.25712477,12.04148705,4.48674357
37.09392840,11.94152751,4.46081661
36.17347569,12.37581841,4.35900053
36.37171217,12.41190052,4.37922519
35.29997140,12.39565039,4.31235816
35.45127891,12.28308986,4.30848019
35.30152591,12.20424525,4.29789488
39.68353932,14.56361894,4.87032687
39.62525357,14.71611560,4.87137964
38.98103127,13.42728403,4.75807540
35.15473613,12.33380152,4.30488857
35.61697226,12.37383613,4.32144909
38.20815246,11.84384912,4.60352381
38.14645513,11.76543703,4.59401340
38.07805835,11.82362383,4.59055442
38.21378372,11.70250785,4.59549366
38.07786196,11.70040161,4.58462022
37.52797958,12.25894930,4.53142859
38.09692433,11.92706882,4.59730254
38.17913770,11.99583725,4.60902912
37.98091011,11.92184362,4.58416275
38.28292900,11.94065037,4.61522613
37.02969381,15.85135006,4.63712498
36.87258935,15.64818050,4.61658747
36.40165343,15.04303180,4.55680416
36.55685627,15.23965128,4.57598613
35.98927920,12.33365996,4.34187577
38.41443032,12.41672154,4.65435138
37.25696259,12.22867068,4.49000053
38.29108639,12.05400079,4.62264517
39.36807446,14.11926467,4.82320611
38.59111625,12.63140713,4.68294088
38.60160985,12.76648494,4.69114611
34.80113102,12.39054787,4.30995777
38.80598879,13.13281903,4.72872742
38.65434283,12.89920017,4.70288699
38.95538964,13.32842664,4.75144569
34.61155883,12.31505747,4.30595741
37.38542931,12.30191920,4.51066783
37.69312746,12.17859651,4.55399504
34.56846471,12.91559309,4.37261411
36.57415194,12.33791491,4.39885966
36.70911704,12.21780417,4.41228099
35.44231274,13.78296284,4.43912801
35.41816116,13.96639061,4.45952799
35.27222787,13.57489747,4.42092695
35.08942886,13.54424249,4.42297887
36.71493060,15.44426760,4.59620414
34.75101345,13.12623283,4.38870363
36.11201686,14.71681356,4.52586967
35.96038907,14.60023740,4.51583276
35.78227610,14.28762826,4.48580713
35.58453737,14.20663026,4.48145057
37.49762806,16.45481448,4.69946751
37.52779268,16.27168556,4.68294322
37.34231973,16.25439369,4.67853978
37.18629367,16.05335801,4.65777091
36.25153187,14.86114654,4.53933009
38.31958428,12.18154469,4.63243158
38.37206286,10.98395746,4.52127981
38.36845003,10.97395586,4.52022897
38.35278619,10.98504245,4.52425805
38.38262699,10.97462087,4.51803540
38.32790504,10.98243421,4.52706059
38.33512172,10.99980046,4.52868827
38.33355493,11.01652662,4.53122982
38.35093874,11.00818464,4.52796657
38.32146248,11.03591877,4.53512757
38.33787975,11.05421453,4.53594458
38.34892128,11.03207377,4.53166993
38.34559067,11.08060259,4.53871978
38.35985540,11.05541336,4.53371877
38.32773832,11.15843858,4.54999447
38.35851747,11.14629963,4.54613693
38.31993847,11.11259505,4.54501870
38.31366795,11.19374561,4.55488567
38.35497331,11.18426696,4.55119522
38.33403690,11.28223323,4.56362445
38.27609045,11.28177555,4.56515616
38.28272560,11.33684042,4.57023049
38.24404373,11.24628790,4.56225291
38.27693787,11.52338002,4.58599775
38.04685048,11.40257879,4.56676071
38.01180032,11.47126153,4.56766756
38.10907291,11.45231269,4.57364372
37.97040687,11.37739114,4.55973764
38.19177803,11.50970673,4.58181397
38.10076803,11.52594616,4.57733723
38.14624677,11.60403700,4.58498128
38.60860770,12.50410364,4.67649768
38.69977982,12.56409577,4.68681806
38.70645275,12.47492406,4.68027849
38.70582911,12.67381730,4.69489297
38.81391262,12.60104203,4.69526901
39.14528049,13.52021694,4.77645392
39.08974723,13.44728764,4.76847642
39.08555060,13.34251092,4.76245887
38.40875609,12.08316343,4.63363394
38.54680340,12.40622810,4.66538655
38.81474884,12.88929235,4.71672536
36.81662621,12.07603879,4.42350954
37.39315100,12.13910721,4.50887491
35.00214693,12.10408865,4.28412011
35.15313171,12.14412150,4.28968753
35.12876583,11.94491874,4.27401577
34.87685149,12.21074922,4.29269707
35.00105324,12.27421791,4.29847045
34.41838371,12.36395472,4.31696261
34.34126983,12.21217039,4.30336466
34.22694438,12.33040860,4.32154075
34.17189825,11.97827742,4.28454045
34.01209932,11.91485742,4.28466211
34.03148722,12.10151494,4.30515835
33.85998606,11.84774353,4.28499581
33.86916474,12.04024685,4.30744541
34.24355028,12.50311608,4.34081379
34.04925230,12.28348531,4.32573106
34.06755342,12.45794261,4.34588361
36.27788898,12.22561813,4.36283669
36.35140976,12.07414932,4.36533582
36.11764224,12.19501967,4.34629866
39.20463151,13.41820342,4.77382076
34.91693276,13.33491535,4.40573147
38.35544650,11.11696794,4.54259777
38.34750815,11.10222804,4.54140035
38.26471210,11.19812052,4.55724673
38.29672660,11.23812895,4.56033979
38.34773992,11.22682738,4.55676937
38.24955536,11.59509880,4.59038367
38.34465054,11.56464319,4.59069609
38.35558117,11.34130077,4.56911100
38.32323345,11.75692540,4.60544065
38.32496711,11.65641095,4.59786122
38.39642247,11.96320781,4.62437599
38.45442659,12.18767693,4.64393710
39.38679517,14.01352862,4.82002166
39.38800854,14.24868792,4.83015286
39.48301698,14.15252254,4.83432896
39.01601388,13.23151374,4.75145673
38.96155278,13.12044062,4.74127935
38.03520497,11.57912327,4.57490316
39.64553947,14.42740068,4.86045194
39.60776722,14.33651116,4.85290715
37.69750931,11.97700418,4.54942515
37.95944703,11.77952893,4.57607198
37.83759904,11.87877954,4.56510726
37.31211037,16.43733927,4.69673915
36.08386935,14.87637037,4.54331908
35.96771286,14.75521643,4.53250906
38.87861752,13.00983512,4.72879136
38.50141628,12.29720283,4.65473316
38.34985661,11.85442915,4.61390231
34.23682029,12.67812392,4.36228555
38.73696259,12.78617704,4.70442444
37.54039402,12.06509778,4.52917604
36.91224765,11.92513637,4.43410848
34.51818284,12.14975818,4.29143553
34.72686034,12.19059252,4.29179468
34.57920198,13.08998478,4.39264134
34.40092739,12.88468177,4.37772211
35.99174001,12.13471749,4.33266785
35.25827956,13.75515451,4.44092797
35.39377955,14.14964451,4.48115729
35.07438040,13.72660841,4.44451589
36.84457118,15.83128567,4.63538690
36.68756802,15.62742898,4.61519203
36.53000610,15.42285023,4.59515764
35.58911311,12.16828901,4.30707378
35.77625864,14.50300425,4.50924008
35.78175080,14.72697713,4.53461999
35.57013571,14.40055892,4.50391765
37.15689670,16.23636259,4.67617538
37.00101130,16.03440084,4.65573123
34.74422777,13.30412068,4.40977828
36.37204749,15.21740106,4.57527457
36.22459222,15.03916731,4.55840036
39.47403369,14.04981523,4.82803615
38.37936415,10.93741251,4.51221272
38.38741694,10.93589128,4.51040602
38.38269051,10.92889953,4.51006429
38.37126076,10.94523775,4.51501563
38.38577924,10.94585370,4.51250615
38.34664904,10.95588142,4.52063394
38.34197777,10.96990806,4.52343415
38.35795175,10.96626159,4.52060192
38.33936626,10.94454198,4.51991997
38.32627380,10.95786466,4.52369571
38.42266702,11.02955439,4.52042128
38.41088553,11.03776357,4.52387801
38.42524325,11.04410849,4.52248985
38.39417149,11.03856176,4.52664456
38.40709965,11.05414938,4.52717419
38.39376576,11.06796268,4.53128393
38.39426210,11.08611521,4.53396239
38.41274431,11.07421790,4.52953392
38.38317139,11.05448912,4.53067161
38.37448670,11.07387893,4.53463795
38.36890306,11.01718751,4.52694341
38.36913551,10.99818055,4.52397424
38.37017739,11.09880784,4.53865945
38.37372203,11.03663784,4.52924045
38.38103024,11.12499484,4.54112181
38.31481764,11.06682410,4.53973346
38.28578489,11.07794347,4.54326341
38.28571205,11.03855713,4.53854874
38.38359949,11.17246203,4.54729013
38.39109743,11.20674071,4.55110854
38.41801657,11.17454118,4.54398985
38.46689700,11.27215041,4.55240498
38.45757329,11.23498885,4.54808200
38.39531024,11.15057827,4.54313950
38.40151179,11.35872641,4.56899825
38.42565124,11.39074965,4.57139579
38.44583111,11.34342336,4.56417077
38.21152464,11.20262782,4.55856493
38.40112398,11.50922426,4.58527826
38.41934166,11.56093280,4.59019015
38.46604493,11.52660714,4.58511095
38.40858404,11.61935087,4.59601089
38.47626210,11.58509779,4.59129425
38.10406988,11.30653606,4.56431152
38.10779264,11.37573455,4.56891406
38.03156920,11.33049540,4.56177077
38.15888874,11.28877719,4.56500381
38.78541006,12.50104221,4.68545478
38.85858745,12.43796774,4.67973069
38.76950973,12.41016949,4.67651222
38.42778459,11.77986945,4.61085352
39.56755453,13.86338168,4.81736878
39.47671475,13.85339241,4.81513086
39.48722273,13.94389053,4.82201595
39.40439354,13.82073179,4.81001499
39.69943148,14.32946404,4.85733957
39.74174692,14.38975161,4.86319538
39.79529985,14.33073378,4.85966348
39.74210329,14.45709113,4.86784291
39.82651730,14.40438487,4.86627578
39.55594022,13.99846644,4.82838584
39.60383374,13.93383812,4.82376005
39.56954469,14.07013857,4.83408770
39.64014232,14.00205841,4.82994591
38.97694738,12.70919776,4.70844182
38.88892852,12.72930240,4.70893109
38.91449779,12.80143668,4.71594990
38.81266027,12.70529106,4.70377385
38.83308605,12.78336765,4.71074668
39.05858668,13.05734624,4.74188014
39.08505737,13.13889321,4.74912857
39.14914491,13.05611858,4.74337639
39.00365431,12.99573825,4.73504251
39.24733867,13.51145773,4.78207782
39.32852242,13.54705467,4.78759192
39.32945691,13.44016919,4.77881760
38.48230980,12.01572782,4.63263369
38.52440063,12.09235423,4.64067599
38.58172008,12.00416910,4.63407302
38.39532903,11.44346661,4.57860797
39.65257432,14.24848407,4.84983661
38.66914606,12.39553789,4.67206520
37.93821659,11.64129538,4.56823203
37.40033367,11.95030670,4.50626069
35.57340871,12.00789994,4.29661830
35.63162833,11.88577171,4.29337315
35.44888311,12.09074527,4.29542329
36.09392882,12.01720052,4.33681836
37.93659739,11.53194229,4.56359481
34.85671847,12.06217095,4.27958024
34.97447106,11.96487928,4.27243917
34.33614133,12.04993444,4.28623750
39.76670825,14.67276593,4.88211276
38.38721534,11.02220797,4.52508843
38.38445318,11.00580803,4.52288041
38.18534962,11.24710528,4.56226841
38.28632998,11.15391405,4.55183420
38.23037956,11.15077285,4.55345711
38.39964335,11.10799113,4.53652544
38.26315967,11.10998350,4.54814687
38.16158355,11.20622842,4.55869281
38.17493090,11.16247466,4.55516215
37.69277194,11.79923108,4.54391157
39.13684513,13.23082235,4.75783190
39.60208170,14.15936668,4.84161665
38.59007440,12.18131513,4.65072316
38.45757583,11.86148872,4.61870706
36.65955122,15.81035196,4.63558391
35.91706611,14.89503065,4.54975347
37.25519873,11.84707722,4.48298771
37.10858868,11.73265206,4.45954878
38.96197671,12.89817433,4.72567164
38.62832955,12.29711334,4.66210069
34.19770004,12.16153003,4.30373646
33.88041237,12.23241238,4.33043339
35.30217450,12.01347623,4.28433751
34.69251121,11.97303995,4.27193758
35.91393424,11.96050917,4.31827361
37.55212681,11.86578716,4.52633029
37.82072646,11.71343508,4.55754917
33.89174194,12.41644973,4.35306351
34.13623644,11.79183671,4.26581940
34.07006335,12.63074755,4.36744551
36.74193128,11.88300597,4.40940120
37.28105233,16.62001947,4.71640122
37.12666565,16.41910427,4.69602377
34.23185349,12.84860539,4.38388662
34.49123032,11.90306120,4.26764008
35.23417171,13.93843384,4.46271330
35.20984869,14.12152477,4.48577929
35.05033422,13.90972660,4.46772896
34.91459473,13.51417128,4.42657403
34.73095571,13.48426542,4.43242419
36.50265071,15.60583124,4.61571494
36.34521178,15.40042452,4.59598924
36.19041418,15.20237230,4.57727652
36.04809728,15.03430254,4.56190177
36.97160056,16.21720291,4.67576635
36.81588320,16.01414993,4.65560471
39.81385692,14.49432684,4.87323584
39.83028579,14.58254530,4.88018037
38.41097120,11.69673386,4.60316958
38.50896256,11.93756284,4.62667985
34.56985404,13.27044156,4.41525889
34.39664881,13.05857988,4.39950394
38.39081337,10.95501580,4.51318442
38.39976602,10.94701432,4.50997076
38.39236599,10.96476746,4.51461766
38.40170425,10.95690258,4.51140579
38.34323871,10.93270449,4.51749307
38.35512745,10.94162953,4.51708633
38.34085483,10.91855361,4.51559431
38.32536804,10.93183068,4.51992850
38.37607681,10.96037365,4.51674905
38.36136862,10.95398166,4.51810566
38.40647282,11.02331300,4.52219427
38.43917122,11.09913701,4.52944658
38.44540678,11.11425114,4.53094210
38.45917624,11.10337693,4.52671477
38.44010176,11.13229001,4.53470156
38.46292546,11.12074610,4.52907298
38.38756819,10.98874944,4.51957314
38.39754762,11.01157152,4.52172130
38.39995377,10.99872869,4.51914304
38.41752822,11.09377842,4.53192654
38.42215935,11.14878192,4.53972256
38.44693741,11.15644592,4.53752800
38.41032922,11.13017273,4.53845888
38.16886230,11.07940595,4.54785542
38.18489025,11.12281853,4.55161422
38.21559816,11.09719083,4.54858443
38.11623125,11.23845243,4.56012512
38.11918310,11.17164065,4.55530172
38.66182730,12.02235647,4.63560765
38.62620591,12.08102274,4.64208513
38.72910248,11.99766333,4.63019017
38.66734380,11.96089563,4.62828892
39.05190939,12.85249559,4.72317443
39.12985421,12.87340423,4.72425092
39.11531479,12.78577669,4.71417527
39.05123374,12.91895870,4.72968299
39.28928582,13.27334061,4.76355662
39.29742811,13.34389067,4.77011538
39.36145346,13.28080084,4.76259562
39.25033650,13.21012612,4.75783662
39.20950111,13.30342511,4.76553562
38.91404158,12.58122152,4.69502924
38.99584359,12.61024481,4.69696543
38.97861164,12.52268576,4.68667003
38.90154208,12.65525570,4.70245665
39.87333548,14.33265074,4.85916904
39.86363121,14.26868998,4.85267361
39.93062041,14.37029050,4.86134118
39.94209375,14.28104430,4.85002426
38.49905637,11.71763155,4.60504775
39.97544876,14.44049864,4.86734181
39.89262691,14.44526073,4.87002443
39.90832383,14.51369265,4.87630568
38.68297636,12.12737886,4.64696182
38.71238671,12.06373347,4.63918663
38.55442186,11.85752624,4.61909143
39.72872589,14.15335773,4.84364008
38.70609737,12.20241872,4.65489835
37.79606472,11.54173090,4.54894367
37.88024229,11.42796415,4.55380960
38.04397374,11.25777094,4.55830778
36.21598478,12.08001395,4.35119282
36.25069252,11.90715653,4.34884958
37.40860618,11.75833303,4.50362799
39.49563341,13.70154472,4.80264672
36.98551678,11.79293218,4.44249172
36.95805408,11.60714935,4.43574030
35.61007867,11.73304544,4.28392531
35.72417179,11.63062494,4.28774517
35.60161732,11.55010858,4.27448802
35.77339937,11.79573986,4.29920507
34.42150267,11.72852867,4.25207187
34.54333976,11.74678643,4.25237750
34.52644203,11.60565477,4.23984471
34.29965239,11.85453196,4.26710613
36.84260276,11.74373515,4.42107419
35.02616896,11.82361425,4.26244832
34.87173015,11.88642902,4.26482732
34.76056197,11.77639044,4.25480327
33.98547709,11.73641934,4.26592012
33.86619790,11.69397853,4.26687607
35.16749998,11.76783287,4.26264282
35.09523679,11.64883143,4.25200563
35.30503093,11.81218161,4.27106481
35.28216283,11.60936134,4.25744865
34.62738264,11.81827073,4.25831216
36.07321680,11.82563460,4.32744166
35.47549410,11.88423375,4.28389571
36.57167075,11.82082917,4.38525380
36.68116436,11.69525591,4.39756849
34.92952740,11.70186127,4.25115519
38.39743379,10.97597764,4.51565233
38.36964159,10.93121040,4.51290037
38.24522478,11.06188575,4.54377868
38.31127960,11.00671913,4.53224030
38.45384679,11.42431697,4.57371466
38.45444593,11.47201832,4.57936468
38.43418151,11.20429954,4.54639396
38.41717417,11.23296592,4.55217962
38.52377518,11.78858574,4.61216428
38.48398802,11.64905806,4.59805549
39.77364236,14.24330224,4.85179688
39.41894685,13.56463941,4.79022028
39.01452878,12.79488113,4.71729333
39.11027303,12.97029438,4.73498889
39.67180673,14.07667565,4.83669754
37.69899962,11.65583391,4.54069097
39.39867461,13.49161698,4.78348537
39.19280185,13.13556031,4.75096375
38.60383231,11.91762616,4.62492055
37.09559881,16.60156891,4.71732178
36.94136888,16.39973132,4.69722700
36.16057640,15.37694741,4.59864741
36.01481582,15.19666672,4.58217143
36.47465449,15.78856354,4.63766214
38.75683604,12.30077470,4.66531036
33.70617768,12.18262687,4.33718150
33.67940611,11.96148641,4.31074603
37.25656677,11.65115622,4.47982629
37.11805567,11.57853248,4.45863453
33.71643233,12.37431665,4.36183911
36.78647777,16.19675554,4.67723166
36.39288203,11.75170390,4.36092831
34.54750183,13.45360898,4.44013093
34.05857906,12.80842914,4.39146019
35.88250113,15.04956435,4.56943755
35.56443987,14.61066935,4.52924375
35.73858620,14.92731169,4.56052670
35.37515050,14.34042070,4.50474354
35.02608662,14.09264607,4.49223642
34.89064168,13.69729049,4.44993966
34.86667385,13.88023873,4.47458265
34.70708255,13.66721550,4.45721055
36.63087686,15.99302432,4.65737566
36.31788271,15.58321908,4.61808350
38.42519447,11.11348065,4.53391189
38.40578179,10.98612318,4.51589067
38.88027935,12.51746734,4.68829714
39.45439951,13.64426047,4.79746882
38.38126358,10.89201830,4.50348566
38.38718464,10.89140997,4.50203167
38.38398419,10.88462687,4.50142324
38.38462105,10.89936636,4.50416602
38.42038785,10.98298482,4.51242575
38.42106554,10.97370600,4.51051764
38.41122752,10.97530311,4.51287602
38.42949826,10.97533361,4.50894544
38.42639197,10.96701019,4.50800449
38.42664969,10.99163738,4.51274162
38.43666485,10.99329553,4.51086410
38.43301054,10.98392681,4.50984473
38.42659211,11.00265049,4.51481926
38.41126829,11.00776503,4.51868695
38.35507103,10.92557571,4.51445581
38.39569892,10.93786061,4.50910333
38.43404068,11.08185069,4.52740460
38.49400515,11.19871523,4.53709471
38.51667071,11.20437287,4.53402769
38.50897546,11.18249637,4.53152774
38.46893686,11.20283361,4.54167260
38.49310435,11.21971627,4.54076138
38.45402093,11.17986460,4.54018973
38.21786111,11.02141204,4.54070445
38.25228387,11.02049868,4.53872652
38.24028461,10.98266333,4.53509940
38.20279759,11.05642200,4.54490715
38.49239431,11.33800268,4.55901639
38.47760204,11.30855798,4.55643275
38.52765002,11.34387945,4.55560120
38.51768142,11.31170983,4.55193331
38.50243897,11.43672016,4.57167600
38.07334793,11.11855708,4.55031228
38.13767528,11.11857919,4.55136585
38.10705065,11.05504002,4.54597779
38.05137024,11.18570276,4.55416015
38.78982997,11.97314275,4.62225540
38.79608046,12.03436935,4.63077688
38.82214185,11.92749846,4.61132205
38.74667124,11.92888524,4.61952084
38.53820058,11.54408238,4.58295668
38.55854724,11.66652412,4.59717681
39.92357617,14.21397204,4.84272010
39.86135546,14.19962439,4.84498676
39.81213904,14.16882705,4.84360938
37.98855163,11.11460752,4.54682559
37.98210071,11.20514097,4.55169955
37.98747127,11.26818914,4.55547018
39.54738946,13.64240476,4.79555350
39.63172251,13.64202695,4.79053847
38.63742895,11.84615542,4.61545606
39.75413836,14.07451965,4.83535828
39.81901076,14.09926124,4.83537793
39.81486830,14.02004858,4.82580025
37.92195954,11.24767576,4.54967949
37.88552027,11.32036372,4.54989350
37.95766626,11.30842506,4.55538294
39.66684659,13.68352430,4.79313368
39.70855583,13.92557242,4.82065753
39.44083481,13.41450816,4.77436479
39.52127590,13.56426346,4.78786262
39.28377846,13.12702890,4.74833300
38.49076042,11.38083342,4.56518496
38.86128068,12.34769472,4.66909242
37.69681253,11.20661596,4.52696968
37.82524172,11.22680477,4.54052800
37.78837323,11.09843834,4.53197938
37.64450517,11.30433836,4.52411022
37.77262780,11.33380222,4.53930308
37.69226799,11.42043957,4.53308232
37.61939720,11.53374681,4.52725630
37.54485380,11.38723510,4.51412478
38.77187595,12.12033332,4.64397232
37.56624507,11.69107199,4.52416173
37.42827849,11.54055872,4.50206104
34.65170859,11.66707203,4.24510079
36.18157041,11.48316028,4.32901171
36.07634055,11.32905524,4.31316754
34.27246072,11.66340059,4.24861011
36.46203784,11.47080106,4.36413306
36.35341668,11.56717378,4.35181878
36.52228871,11.61824954,4.37466577
36.21380728,11.68795217,4.33800003
36.73905792,11.27899016,4.40021347
36.63851684,11.16036626,4.38464279
36.53282250,11.31325401,4.37152141
36.85582464,11.42894917,4.41867390
36.94802299,11.24787851,4.42986450
35.16645553,11.50297035,4.24551008
35.29593962,11.40673010,4.24683847
36.64478699,11.55915391,4.39036101
36.56952311,11.48000022,4.37881201
33.54195658,11.65460510,4.28216979
33.67063194,11.52589068,4.25817752
33.52575510,11.48375361,4.26222648
33.41468775,11.77114407,4.30726151
33.56822139,11.81590535,4.30059996
36.77499293,11.57537131,4.40892322
37.78410872,11.43018897,4.54385032
33.71647148,11.72841014,4.27942351
35.45639557,11.67075390,4.27061093
33.52221364,12.13863996,4.34722418
34.09457009,11.57521239,4.24457231
38.39362556,10.92855511,4.50779218
38.36678697,10.91730063,4.51100284
38.37726658,10.92101334,4.50969471
38.37830431,10.90936092,4.50737280
38.38885897,10.91834234,4.50687087
38.40536935,10.96641696,4.51241815
38.41537255,10.99496177,4.51564241
38.42229152,11.01606240,4.51810496
38.43076923,11.06183576,4.52456792
38.30237010,10.97517626,4.52889849
38.27692313,10.99787340,4.53421691
38.57949453,11.72763333,4.60359703
38.51529266,11.48859140,4.57746690
38.91822876,12.39692191,4.67310673
38.93674973,12.45519486,4.67980371
39.07079933,12.71964882,4.70776778
39.04755244,12.65890212,4.70109180
39.33716885,13.22274649,4.75706844
38.60353722,11.78975018,4.61006265
39.20602745,12.98102131,4.73430732
39.18509523,12.92118428,4.72794173
39.32266117,13.17165083,4.75183068
39.25165582,13.05116975,4.74077973
39.73117213,14.00830433,4.82897471
39.39024763,13.34807727,4.76895244
38.68419954,11.89302744,4.61897667
39.99110013,14.52038675,4.87560550
38.80554460,12.19982700,4.65265699
38.85666199,12.25998343,4.65811388
36.91031474,16.58196833,4.72015013
36.75626462,16.37907403,4.70029768
37.04159216,11.43841368,4.44565159
33.47214978,11.95228280,4.32644225
37.22733443,11.47317403,4.47277764
34.69259958,13.84279794,4.48162871
33.89342008,12.59258845,4.37610826
36.60149619,16.17542449,4.68059159
34.38648100,13.23920938,4.42343890
34.37321716,13.41507274,4.44802812
34.22340885,13.02406828,4.40721065
34.04877001,12.98489257,4.41614666
35.98200464,15.36285217,4.60417040
35.85448871,15.20641991,4.59029048
35.55694769,14.81834037,4.55567747
35.57064703,15.03612859,4.58355746
37.24913239,16.80241752,4.73753892
37.06368484,16.78373679,4.74010673
35.36277054,14.53009336,4.52915517
35.35785194,14.72339501,4.55480444
35.18522100,14.30440175,4.51015370
35.17920454,14.48081230,4.53377594
35.01092875,14.26808812,4.51645232
36.44601312,15.97103171,4.66102648
36.28992583,15.76575175,4.64158533
36.13329185,15.55954780,4.62227683
38.39776940,10.91661040,4.50459094
38.39548392,10.91137673,4.50407987
38.40251348,10.91230687,4.50261491
38.39553639,10.89607162,4.50098356
38.39044663,10.89575622,4.50213991
38.39207980,10.90101804,4.50280989
38.40787909,10.92499932,4.50390946
38.40110867,10.92499439,4.50548209
38.40253002,10.93103710,4.50634382
38.39732619,10.92152486,4.50565121
38.40058199,10.90684937,4.50196566
38.39495501,10.90570677,4.50307684
38.38905842,10.90752158,4.50476537
38.40503762,10.93823828,4.50718583
38.40889514,10.94355755,4.50736369
38.41354762,10.93795837,4.50518358
38.41239414,10.95835227,4.50945162
38.40961394,10.95030660,4.50851123
38.37555303,10.89720512,4.50568350
38.37612790,10.88723448,4.50368416
38.41654400,10.96664608,4.51014298
38.43354859,11.01159031,4.51505654
38.44463495,11.01339051,4.51301582
38.44025911,11.00323984,4.51200847
38.43455979,11.02158486,4.51670925
38.43728634,11.03431051,4.51850124
38.44230682,11.04715974,4.51985562
38.45288358,11.03614367,4.51561553
38.45433084,11.08748162,4.52480017
38.44997416,11.07135722,4.52274448
38.44894036,11.05788064,4.52050803
38.47390800,11.15997874,4.53390034
38.46723883,11.13966165,4.53157648
38.48326756,11.18059131,4.53582137
38.49152264,11.14283362,4.52767624
38.50672576,11.28051591,4.54854990
38.49813811,11.24895179,4.54475570
38.54370093,11.40490500,4.56289155
38.55622034,11.44939761,4.56806315
38.59188156,11.41521969,4.55780826
38.59572823,11.52867751,4.57534666
38.57325973,11.49354911,4.57266458
38.64276541,11.53693142,4.57047863
38.62604733,11.49466966,4.56590195
39.96892611,14.15881330,4.83009421
39.91334074,14.16297216,4.83672642
39.87055623,14.13786110,4.83686484
39.88218350,14.08955005,4.82945272
39.86543855,14.05252703,4.82587385
39.91830970,14.05054494,4.81960253
38.54186318,11.37077861,4.55788523
38.61178365,11.62207742,4.58733565
38.63092262,11.67552587,4.59316772
38.67562983,11.62901849,4.58105193
38.67865218,11.78131353,4.60403203
38.65197085,11.72997272,4.59902571
38.70949103,11.83289940,4.60877716
38.74678178,11.77779491,4.59608665
38.74012973,11.87237476,4.61178800
38.77277834,11.82513699,4.60055963
38.79651607,11.87489593,4.60579828
38.54575528,11.60786313,4.59062015
38.59912591,11.57037709,4.58114331
40.10161567,14.41193320,4.85276115
40.04456860,14.40814240,4.85853465
40.05152227,14.46356139,4.86543708
40.01134738,14.36733552,4.85591699
39.83816336,13.89603781,4.80565793
39.77786518,13.89311689,4.81190962
39.78873502,13.94861997,4.81848321
39.74218812,13.85147487,4.80937221
38.83933514,12.08086887,4.63397323
38.85393134,12.13426001,4.64069289
38.90039828,12.08227941,4.62748914
39.59073413,13.53174667,4.77912287
39.65116090,13.53467810,4.77289545
39.62441907,13.48299800,4.76819295
39.60345674,13.58342920,4.78504338
39.51042009,13.37663848,4.76499832
39.57090450,13.37957986,4.75876595
39.54414277,13.32785715,4.75404156
39.52374495,13.42969850,4.77106504
39.38337491,13.01701684,4.72487640
39.32176144,13.01374186,4.73118364
39.33342399,13.06690348,4.73772472
39.28650653,12.97284542,4.72838512
39.15109148,12.71225058,4.70191580
39.18594359,12.75316397,4.70496972
39.22236893,12.70585085,4.69333698
39.19335696,12.80741680,4.71230936
39.24616981,12.75642609,4.69889377
38.91951038,12.23179513,4.64963723
38.97821239,12.23604423,4.64385223
38.95376423,12.18627016,4.63843424
38.92876981,12.28462641,4.65680896
39.05178829,12.49351142,4.67769634
39.01453183,12.45008867,4.67437095
39.08510006,12.44640475,4.66640598
39.36079249,13.12288658,4.74320934
39.38500794,13.17412801,4.74820930
39.43214243,13.12115922,4.73559142
39.41097655,13.22635881,4.75311134
39.44089463,13.28071047,4.75793846
39.48393021,13.22664569,4.74578453
39.22259297,12.86457581,4.71816640
39.25650700,12.91724602,4.72294489
39.29859103,12.86244687,4.71007409
39.70792061,13.79420696,4.80455852
39.11907895,12.65777353,4.69653926
39.08940826,12.60422854,4.69107320
39.05990918,12.54735127,4.68507717
38.98406988,12.39805977,4.66912873
38.95379886,12.34376505,4.66353143
39.99102926,14.31895038,4.85112247
40.01989432,14.26492894,4.84018980
39.65940943,13.86022793,4.81535991
39.47557041,13.49216932,4.78166158
39.55483147,13.48908053,4.77644379
32.66879065,11.28047760,4.31533715
32.64476116,11.41585471,4.33902957
32.82333228,11.33179026,4.30482254
32.64319988,11.15509565,4.29967569
32.49808816,11.26520613,4.33487366
33.42674180,11.33880043,4.25128102
33.24752371,11.38974492,4.27130714
33.36599408,11.55440572,4.28293115
33.52490862,11.21034950,4.22991859
33.41880708,11.15445265,4.22970591
32.70931609,11.56802179,4.35429142
32.68800392,11.69326523,4.37697223
32.85341492,11.66403970,4.35077545
32.56569368,11.55732395,4.37217566
39.16466718,12.60279900,4.68311854
32.79932286,11.49235394,4.33138324
32.97371452,11.49776946,4.31225685
32.73485573,11.23409090,4.30061169
34.51611996,11.17884090,4.20452356
34.37143888,11.14530771,4.20078360
34.38349868,11.28514110,4.21247215
34.26474866,11.08344199,4.19557091
34.26008173,11.24828389,4.20987570
34.39836768,11.57265534,4.23783063
34.49198080,11.40569825,4.22268037
34.28593155,11.44796665,4.22773350
34.81682042,11.57928167,4.23968038
35.00653024,11.49620588,4.23867255
33.10364801,11.40901177,4.28667964
33.00113833,11.34568149,4.28793775
33.12163944,11.27793403,4.26742868
34.66514723,11.47880416,4.22971166
36.78994821,11.10615327,4.40568498
35.15225053,11.35351307,4.23603777
35.44959902,11.47634399,4.26010585
35.61146974,11.34779572,4.26676997
36.34746107,11.39110135,4.34777359
34.84928340,11.34961625,4.22376698
38.36621954,10.90403556,4.50877162
38.35438515,10.91082695,4.51209398
38.30119364,10.94422385,4.52475515
38.27380303,10.95984315,4.52965595
38.04035811,11.06207983,4.54538431
38.20101335,10.98598985,4.53768746
38.16750745,11.02049552,4.54235252
40.07307441,14.53330028,4.87286820
38.88510265,12.19113889,4.64652919
39.47463013,13.33574731,4.76253766
37.89941176,11.15701932,4.54358987
33.54188847,12.32741901,4.37158626
33.29799015,11.91908898,4.33836447
36.68553465,11.43852727,4.39443463
37.16286534,11.30535412,4.46114303
36.87842816,16.76389564,4.74455835
36.72524215,16.56108890,4.72482360
34.67444394,14.02099087,4.50784710
35.81550221,15.35991489,4.61245936
35.94889973,15.53482330,4.62828359
34.11652581,11.34792909,4.22129300
33.24219556,11.72998932,4.31748810
33.34384549,12.10170594,4.35959205
35.34809076,14.92060309,4.58254341
34.99201972,14.44619054,4.54247312
37.36549330,11.34013215,4.48963953
34.53316744,13.62923973,4.46465542
34.85189087,14.05575624,4.49889941
34.35593429,13.59340612,4.47442390
36.57132111,16.35752550,4.70524466
36.41667707,16.15321508,4.68581673
36.26133687,15.94800736,4.66651084
36.10539364,15.74187280,4.64732728
34.21186133,13.20026861,4.43184014
34.03452656,13.16369971,4.44259121
33.88333589,12.76970002,4.40110417
33.87153107,12.94775465,4.42738813
35.74468340,15.07871051,4.57938834
35.69275138,15.19826335,4.59797461
37.21637090,16.98451749,4.76018992
37.03095050,16.96559380,4.76440533
33.54161231,12.51283097,4.39818490
33.71668782,12.55073895,4.38605832
33.70728558,12.73063076,4.41256015
38.84815267,11.97878752,4.61662444
38.46749305,11.07516394,4.51994897
39.75185767,13.74034371,4.79230293
39.03003109,12.34283146,4.65560390
38.41903918,10.95154677,4.50662471
38.53294687,11.25560953,4.54018219
33.36198214,12.28397113,4.38410263
38.38928294,10.88100289,4.49941117
38.38586880,10.87714658,4.49945840
38.39171320,10.87630610,4.49779947
38.40414805,10.91888543,4.50356127
38.54257485,11.28496677,4.54363265
38.55455152,11.31530485,4.54684273
39.93497100,14.10752693,4.82639097
35.78851994,11.28466544,4.28088840
37.52205628,11.19115171,4.50651478
34.66834708,11.27022596,4.21377129
32.80883266,11.16945463,4.28306354
32.96750132,11.21175551,4.27278389
32.92603482,11.03980765,4.25341762
33.16786089,11.54354729,4.29896266
33.51927526,11.07458567,4.21479712
33.43853268,11.03542126,4.21473720
36.21927717,11.30811835,4.33000937
36.15187407,11.13615522,4.31858106
35.02162145,11.31170737,4.22746908
33.05475590,11.69721784,4.33222583
35.43862514,11.29500804,4.25091236
35.28423994,11.23254907,4.23731240
38.39052468,10.88571803,4.50008073
38.39306550,10.89086368,4.50051707
38.39809403,10.90147445,4.50146893
38.36708526,10.89058034,4.50617831
38.41076115,10.93127874,4.50449468
38.41646744,10.94430781,4.50577365
38.42269033,10.95915834,4.50729629
38.47272559,11.09049358,4.52175072
38.35566750,10.89552357,4.50923438
38.45840550,11.04824127,4.51674692
38.34226489,10.90059641,4.51243033
38.46315318,11.06089542,4.51815272
38.32531633,10.90701604,4.51611231
38.47859564,11.10675962,4.52359115
38.27915734,10.92466448,4.52446705
38.49948839,11.16246564,4.52971181
38.30467641,10.91472100,4.52010255
38.52282890,11.22832073,4.53717822
38.24794147,10.93510185,4.52876565
38.56748083,11.34640205,4.55003150
38.60753555,11.45496688,4.56206406
38.21133321,10.94557073,4.53265990
38.17012345,10.96044068,4.53630409
38.65717298,11.58226670,4.57592501
38.69546582,11.67905487,4.58657821
38.05470725,10.99730902,4.54088096
38.11846045,10.97930490,4.53941400
39.89089826,14.00241424,4.81558083
39.86073190,13.95187242,4.81152659
39.51459451,13.27811514,4.74998664
38.92438504,12.13554225,4.63351411
39.40685559,13.06868659,4.73032665
40.12279135,14.46798903,4.85883704
40.05078649,14.31177563,4.84357048
39.99162266,14.21348996,4.83574601
39.67420111,13.58688231,4.77815521
39.59465706,13.43241325,4.76405004
39.05757161,12.39542866,4.66114445
37.98553959,11.01872210,4.54064108
38.71990196,11.72890576,4.59153296
39.78193853,13.79374495,4.79682808
39.70165579,13.63738210,4.78257101
38.87409034,12.03023784,4.62201000
39.19244649,12.65558611,4.68859973
39.11218101,12.49670366,4.67160150
39.32731847,12.91523023,4.71522075
39.27055704,12.80963093,4.70477674
37.90012688,11.05099471,4.53822889
35.95391100,11.21073577,4.29645500
36.69340464,16.74277356,4.75089424
36.54035256,16.53930294,4.73141321
36.23206770,16.12995891,4.69291276
35.54419472,15.19368687,4.60696837
34.79868079,11.15158890,4.20891232
33.63188945,11.14825454,4.21738275
37.65851105,11.09225530,4.51918707
34.14459672,11.16368773,4.20351827
34.06720391,11.03200398,4.19258420
35.23646566,11.05437959,4.22578817
37.11664065,11.15818854,4.45256542
36.98685037,11.04589527,4.43293925
32.47337561,11.42330150,4.36358948
33.27550847,11.21813815,4.24721423
35.55612011,11.20097422,4.25652973
33.12731461,11.88196675,4.35113233
37.29072830,11.17267456,4.47654442
36.07687889,15.92390210,4.67385015
35.92108174,15.71692700,4.65491769
35.77132185,15.51607600,4.63667759
33.17158039,12.06553429,4.37325233
35.15930587,14.65912716,4.55969400
35.37518388,15.12272059,4.60945745
33.88502236,13.10610660,4.44915121
33.55716282,12.67067922,4.41978644
33.38743795,12.44842600,4.40569374
34.83337764,14.23388941,4.52501758
34.68426924,14.17834334,4.52972396
34.51525560,13.80747481,4.49097625
34.52537587,13.96495808,4.51287039
34.36624818,13.75099482,4.49633410
34.19587263,13.37879937,4.45826783
34.04649541,13.32168141,4.46442550
35.64374050,15.34060568,4.62071021
36.84574454,16.94549126,4.77054289
33.21467626,12.23016213,4.39296875
38.57942837,11.37821650,4.55351784
39.81147614,13.84446634,4.80099156
39.72667654,13.68753414,4.78724120
39.45691562,13.17394044,4.74088214
39.35656614,12.96518780,4.71976422
39.13715222,12.54980950,4.67754373
40.14970737,14.52118680,4.86373240
39.00260722,12.28947003,4.64992272
38.44788782,11.02444754,4.51444725
36.34282489,11.20817756,4.34437429
36.38656257,16.33507986,4.71209552
38.48511284,11.12421682,4.52551811
38.42146915,10.93821389,4.50327329
38.43925813,10.97610946,4.50673847
38.44765919,10.99443055,4.50846560
38.45655397,11.01457760,4.51045107
38.57777855,11.28795628,4.53737742
38.60481541,11.34918479,4.54353457
31.36700221,10.97722342,4.49704448
31.41971469,11.01274838,4.49010687
31.32221310,10.97846676,4.51378117
34.46084878,11.02170265,4.19181599
34.66880198,11.09245858,4.20110455
36.49569418,11.09931575,4.36390836
33.12448342,11.10522539,4.24470641
35.67738962,11.19672761,4.26735254
35.61946852,11.06013671,4.25753224
35.80493201,11.10687939,4.27760358
32.74531660,11.05041900,4.27296387
35.43062239,11.11372079,4.24277502
32.45941241,11.08041781,4.31122615
32.32794974,11.16512508,4.34258355
32.27465087,11.33571240,4.37886970
32.12675449,11.12835795,4.36698435
32.95072499,11.85103910,4.36729360
38.40170859,10.89646240,4.49950078
38.39918228,10.89113655,4.49902121
38.40444272,10.90178782,4.49992616
38.40693928,10.90726467,4.50044585
38.41548496,10.92514363,4.50203973
38.37896138,10.87844563,4.50135383
38.42818786,10.95221397,4.50451538
38.43183546,10.95981394,4.50518989
38.40931527,10.91308706,4.50107034
38.39654424,10.88606432,4.49862508
38.35967844,10.88187068,4.50605655
38.37031266,10.88006802,4.50356445
38.39423548,10.88113671,4.49817401
38.41236965,10.91905567,4.50155014
38.41849576,10.93152871,4.50261977
38.42480109,10.94501032,4.50385810
38.43565791,10.96777874,4.50589711
38.47267714,11.04966150,4.51375147
38.47886907,11.06301484,4.51499526
38.49165701,11.09276592,4.51801028
38.44345792,10.98488971,4.50752212
38.48491172,11.07758524,4.51652488
38.49894688,11.10883839,4.51954886
38.46166766,11.02567358,4.51149095
38.46731401,11.03741365,4.51253351
38.34657318,10.88443807,4.50895417
38.33071486,10.88729777,4.51212596
38.52374521,11.16431286,4.52495655
38.53350003,11.18540110,4.52694354
38.55320124,11.23301635,4.53196578
38.31149971,10.89069216,4.51557149
38.50628290,11.12643445,4.52138555
38.51426558,11.14501931,4.52327066
38.28783523,10.89467294,4.51928221
38.65395672,11.45845810,4.55449724
38.56533407,11.25913590,4.53443575
38.63653971,11.42011358,4.55065887
38.67374598,11.49863427,4.55824714
38.25937636,10.89957625,4.52312249
38.71291684,11.58630241,4.56737488
38.73302560,11.63277139,4.57241896
38.59175840,11.31772016,4.54018535
38.07960875,10.92802611,4.53525022
38.13729226,10.92012217,4.53337084
38.85733703,11.87823026,4.59672947
38.83275919,11.82689130,4.59123463
38.88386163,11.92932707,4.60186425
40.16515843,14.41386638,4.84298587
40.18899206,14.46733390,4.84854264
40.07807807,14.35962953,4.84756334
40.11404384,14.31006838,4.83311819
38.93651844,12.03227094,4.61250808
40.03277621,14.15652382,4.81962611
39.92690393,13.95013380,4.80084013
39.84672837,13.79452622,4.78672579
39.76664978,13.63881533,4.77254155
39.79342731,13.69007680,4.77713608
38.22552738,10.90511508,4.52686644
39.66022769,13.43281968,4.75379537
39.57953297,13.27796328,4.73976117
39.52418600,13.17473665,4.73062388
39.47201829,13.07026952,4.72034656
39.41978651,12.96658780,4.70992553
38.98978446,12.13598524,4.62335619
39.36357920,12.86397343,4.70022048
39.31056711,12.75913632,4.68925369
39.20308023,12.55191411,4.66764517
39.04224223,12.23940095,4.63441569
39.15097836,12.44742203,4.65622225
39.06789153,12.29212759,4.64029086
39.09639808,12.34399797,4.64546668
38.18505859,10.91136598,4.53034273
38.62064279,11.38317109,4.54680710
38.75799635,11.67996422,4.57673955
38.78158067,11.72926357,4.58181137
38.69196638,11.54184828,4.56293656
39.44486834,13.01884295,4.71545007
39.60721087,13.32914993,4.74421608
39.49804256,13.12242772,4.72552402
39.71311160,13.53645351,4.76336365
39.68742835,13.48428683,4.75837143
39.33693936,12.81141246,4.69475790
38.91056120,11.98038574,4.60700962
39.12274179,12.39635438,4.65115537
39.97948868,14.05252202,4.81014943
40.00498286,14.10493575,4.81518539
39.95389881,14.00101015,4.80530017
39.87434377,13.84575043,4.79113998
39.81873886,13.74277987,4.78227862
39.74024510,13.58778661,4.76791472
39.25714332,12.65614397,4.67857221
39.23085697,12.60387007,4.67294660
38.80719202,11.77771710,4.58641587
40.14027796,14.36126012,4.83778543
40.05930662,14.20834694,4.82435252
38.96249606,12.08443005,4.61809905
39.39211899,12.91528909,4.70502151
37.93097073,10.95261151,4.53420563
37.83180527,10.96986610,4.52954947
39.01672027,12.18738348,4.62867711
38.01192793,10.93978981,4.53582387
37.71738549,10.97902111,4.52086561
36.64525549,11.01866611,4.38417281
33.01741247,12.00776697,4.38306627
37.57786085,11.00266341,4.50778034
32.80329123,11.81549911,4.38077224
32.52543825,11.71731894,4.40463618
31.98171016,11.26718710,4.41651019
32.12096109,11.27627244,4.39358941
32.10114042,11.37340201,4.41443205
31.80674683,11.01913724,4.40286045
31.93892329,11.12114975,4.39743741
31.97909638,11.00042335,4.36903963
32.39208420,11.54515826,4.39609400
34.57873120,11.04108642,4.19535007
37.40592222,11.02391925,4.48834919
32.28930993,11.01860719,4.32451775
36.32638004,11.03107273,4.33988054
33.59564894,11.02764874,4.20592463
32.60398018,11.00648314,4.28237642
34.75306014,11.03253595,4.19966452
37.19490895,11.01915799,4.46109292
34.18877104,11.03958940,4.19210287
35.97592664,11.03297549,4.29521035
36.35567947,16.51658494,4.74004520
36.20204485,16.31155679,4.72095330
36.04770735,16.10559285,4.70199649
33.31416888,11.04214722,4.22305434
35.73702281,15.69089602,4.66447609
35.59370729,15.49460337,4.64674957
35.46477815,15.30721994,4.62939158
32.67135954,11.83681850,4.40273172
36.50859538,16.72071353,4.75928593
35.89267144,15.89870152,4.68316667
35.17151134,14.82758721,4.58284531
35.00128039,14.60357796,4.56433818
33.72183325,12.88936477,4.43432266
34.84286915,14.39110883,4.54687387
34.20674118,13.53653435,4.48016133
40.08537145,14.26032029,4.82919706
39.17572774,12.49979054,4.66221123
39.28519716,12.70706694,4.68355802
39.63294190,13.38137481,4.74923210
39.89927418,13.89869431,4.79639184
38.45234283,11.00417941,4.50933123
38.54256902,11.20859071,4.52950639
31.19780116,10.92834642,4.56240767
31.18052023,10.91229080,4.56745360
31.22428398,10.93681646,4.54618474
31.19828501,10.90337397,4.54545136
31.27215201,10.94880671,4.52474626
31.33199013,10.92750730,4.49434074
31.47185305,11.06231830,4.48759021
31.67889588,11.12605685,4.44992311
31.64283033,10.99345770,4.43044223
31.55935271,11.08268008,4.46874451
33.71110364,11.02612460,4.20102550
34.87561663,11.01485376,4.20338501
34.34389729,11.03239281,4.19151257
31.14754353,10.88115004,4.58082634
31.15445777,10.88150027,4.56977846
31.15764101,10.89117580,4.57640975
31.16947561,10.89100574,4.56108325
31.16717214,10.90182204,4.57441952
31.23699697,10.90763563,4.52518987
39.55205313,13.22644282,4.73519528
31.27784251,10.90561964,4.50690609
31.50424473,10.97855169,4.45871383
31.40760760,10.94009801,4.47484586
31.81599842,11.18750698,4.43329378
36.66080146,16.92409002,4.77870292
