X,Y,Z
42.90410317,26.17129733,6.29075735
42.95335669,26.13098235,6.30336618
43.04579866,26.25686634,6.33359968
36.17865336,17.09814867,5.13347750
36.10021105,17.16048748,5.10483425
35.94665872,16.95786051,5.08779997
41.46587365,24.12667414,5.93812247
41.55117404,24.05856104,5.95636472
41.66564688,24.21184986,5.97970436
38.90524522,20.50672213,5.49796130
39.04715264,20.39535580,5.52190064
39.18144226,20.57909488,5.54198791
36.29115604,17.00980336,5.16217663
36.44323615,17.21232817,5.17908820
37.81860932,19.27231866,5.33303334
37.74473874,19.33153931,5.30679748
37.59896678,19.13892602,5.28716687
40.69471372,23.23586011,5.78033504
40.75669189,23.18557053,5.80052133
40.87755359,23.34596086,5.82311585
41.63638343,24.47908750,5.96786057
41.69516946,24.43128287,5.98570438
41.80837258,24.58186696,6.00992690
43.22656827,26.50283328,6.39745331
43.17981314,26.54114781,6.38680750
43.08929001,26.41972044,6.35358978
36.70795427,17.96249441,5.17508733
36.65586598,18.00490268,5.14640771
36.50484996,17.80610061,5.12838321
38.36481099,20.35605931,5.32834777
38.36218905,20.36087584,5.30436263
38.22080809,20.17522601,5.28267297
41.78186073,24.85217805,5.94111989
41.78419681,24.84734428,5.96025478
41.89629631,24.99456472,5.98653403
43.46809285,27.06042869,6.49926563
43.46634117,27.06426687,6.48562044
43.38082894,26.95197204,6.44506943
42.11561007,25.29047287,6.02213754
42.11793674,25.28569611,6.04055803
42.22714025,25.42917266,6.06837498
43.55165409,27.17030443,6.54079985
43.29351386,26.83731046,6.40589093
43.29534526,26.83331632,6.42026210
43.38262154,26.94805338,6.45908536
43.20459905,26.72054882,6.36811107
43.20646829,26.71648339,6.38282158
43.11426271,26.60192106,6.33172130
43.11617098,26.59778672,6.34675745
43.02257426,26.48151822,6.29665453
43.02452632,26.47731518,6.31200772
42.92952378,26.35932676,6.26283029
42.93152473,26.35505556,6.27850038
42.83500283,26.23520288,6.23017414
42.83705222,26.23086583,6.24617084
42.73879008,26.10885596,6.19852081
42.74088815,26.10445127,6.21485803
42.64064496,25.97997019,6.16770829
42.64279228,25.97549484,6.18440063
42.54031236,25.84821069,6.13758279
42.54250826,25.84366304,6.15464073
42.43759381,25.71331698,6.10801763
42.43983499,25.70869896,6.12544278
42.33231946,25.57506618,6.07890059
42.33459909,25.57038423,6.09668274
42.22483177,25.43390824,6.05025809
42.00523426,25.14552191,5.99459777
42.00756965,25.14071610,6.01328710
41.89395842,24.99938933,5.96760876
41.66878912,24.70368806,5.91506001
41.67111882,24.69885366,5.93438610
41.55469409,24.55385379,5.88936483
41.55701477,24.54902397,5.90886951
41.43964132,24.40276089,5.86400268
41.44195192,24.39793881,5.88367750
41.32377188,24.25059398,5.83896361
41.32607230,24.24578148,5.85880254
41.20719543,24.09749643,5.81423512
41.20948624,24.09269462,5.83423365
41.09000873,23.94359462,5.78980643
41.09229104,23.93880419,5.80996108
40.97149115,23.78794145,5.76550465
40.97376619,23.78316307,5.78581311
40.85199853,23.63100346,5.74138645
40.85426796,23.62623706,5.76184719
40.73162897,23.47290871,5.71745721
40.73389495,23.46815394,5.73806964
40.60997477,23.31312073,5.69362741
40.61223943,23.30837713,5.71439196
40.48659496,23.15106100,5.66980464
40.48886015,23.14632765,5.69072271
40.36273098,22.98836145,5.64622019
40.36499934,22.98363670,5.66729405
40.23774140,22.82418094,5.62274347
40.24001547,22.81946304,5.64397655
40.11131429,22.65811117,5.59931316
40.11359681,22.65339825,5.62071006
39.98252272,22.48893610,5.57576098
39.98481630,22.48422630,5.59732739
39.85171304,22.31711240,5.55215725
39.85402061,22.31240356,5.57389960
39.71964097,22.14363453,5.52864253
39.72196585,22.13892425,5.55056760
39.58697252,21.96937896,5.50533665
39.58931829,21.96466484,5.52745122
39.45398648,21.79471110,5.48229525
39.45635673,21.78999063,5.50460564
39.31985174,21.61853899,5.45937360
39.32224926,21.61380985,5.48188545
39.18593348,21.44265564,5.43680009
39.18836088,21.43791549,5.45951793
39.05152323,21.26613053,5.41444869
39.05398232,21.26137780,5.43737599
38.91567149,21.08771671,5.39216097
38.91816324,21.08295067,5.41530007
38.77864521,20.90776484,5.36998265
38.78117013,20.90298529,5.39333463
38.64077822,20.72671335,5.34796780
38.64333628,20.72192046,5.37153249
38.50201619,20.54449096,5.32610678
38.50460673,20.53968534,5.34988285
38.07822032,19.98799543,5.26111885
38.08090363,19.98316763,5.28551108
38.22346068,20.17040192,5.30686390
37.93472816,19.79957938,5.23977280
37.93744276,19.79475174,5.26436064
37.79040944,19.61007816,5.21867276
37.79315629,19.60525445,5.24344944
37.64510740,19.41928396,5.19782335
37.64788783,19.41446780,5.22278123
37.49868875,19.22701971,5.17723510
37.50150440,19.22221419,5.20236595
37.35131199,19.03349150,5.15696002
37.35416437,19.02869817,5.18225526
37.20327827,18.83909489,5.13704257
37.20616809,18.83431325,5.16249373
37.05459706,18.64384338,5.11745997
37.05752396,18.63907190,5.14305927
36.90510665,18.44752548,5.09816617
36.90806981,18.44276229,5.12390692
36.75491336,18.25028173,5.07914952
36.75791175,18.24552477,5.10502628
36.60419703,18.05234921,5.06040560
36.60722946,18.04759630,5.08641418
36.45291005,17.85366638,5.04190014
36.45597534,17.84891553,5.06803758
36.30082249,17.65393222,5.02357676
36.30391997,17.64918252,5.04984126
36.14788210,17.45307794,5.00542636
36.15101187,17.44833010,5.03181711
35.99437284,17.25147555,4.98750997
35.99753594,17.24672994,5.01402662
35.84029880,17.04913150,4.96982584
35.84349596,17.04438769,4.99646836
43.56142004,27.16024415,6.55364235
43.47808826,27.05013856,6.51261366
43.30578243,26.82259172,6.43455952
42.75274312,26.09246208,6.23149702
42.45238224,25.69606664,6.14342650
42.55483401,25.83124134,6.17216204
42.13098294,25.27256039,6.05987756
42.24005371,25.41617674,6.08727090
41.79748891,24.83393912,5.98062496
40.62573775,23.29474111,5.73743056
37.22188060,18.81936896,5.19183206
43.39284026,26.93754187,6.47292033
43.12705088,26.58664826,6.36188773
43.21712328,26.70555146,6.39755186
43.03564970,26.46596422,6.32750377
42.94290016,26.34348807,6.29435155
42.84866902,26.21908807,6.26240292
42.65488458,25.96329007,6.20147094
42.34734513,25.55755762,6.11512917
42.02071797,25.12746883,6.03299435
41.90952686,24.98122829,6.00658743
41.57037568,24.53553423,5.92983215
41.68445184,24.68539970,5.95505825
41.45533301,24.38442155,5.90492151
41.33946930,24.23224193,5.88032014
41.22289713,24.07913624,5.85601781
41.10571559,23.92522926,5.83200533
40.98720473,23.76957339,5.80811257
40.86772262,23.61263290,5.78439697
40.74736944,23.45453450,5.76086528
40.37856021,22.96995936,5.69081378
40.50238648,23.13267291,5.71400279
40.25361761,22.80575876,5.66773603
40.12724765,22.63966215,5.64471084
39.99852315,22.47045331,5.62157303
39.86779188,22.29858784,5.59839411
39.73581103,22.12505929,5.57531490
39.60324720,21.95074402,5.55245509
39.47037949,21.77600711,5.52986895
39.33637421,21.59975765,5.50741117
39.20259599,21.42378880,5.48530746
39.06833312,21.24717260,5.46343085
38.93263255,21.06866495,5.44162198
38.79575921,20.88861835,5.41992444
38.65804484,20.70747274,5.39839015
38.51943283,20.52515857,5.37700765
38.37975082,20.34145777,5.35573918
38.23850866,20.15573242,5.33452156
38.09605523,19.96843786,5.31343243
37.95269416,19.77996958,5.29254084
37.80850417,19.59042779,5.27188165
37.66332938,19.39960429,5.25145689
37.51703741,19.20732052,5.23127488
37.36978740,19.01377850,5.21138550
36.92395555,18.42776774,5.15362736
37.07332422,18.62410291,5.17259375
36.77388085,18.23050322,5.13492427
36.62328005,18.03254585,5.11648313
36.47210591,17.83383443,5.09827279
36.32012978,17.63407031,5.08023995
36.16729857,17.43318826,5.06237971
36.01390083,17.23155883,5.04475209
35.85994065,17.02918654,5.02735568
43.58011060,27.14352281,6.56416176
43.49724151,27.03302380,6.52366744
43.44267339,26.89448385,6.49439466
43.41243244,26.92005306,6.48450599
43.32578466,26.80475153,6.44667637
43.23750531,26.68738304,6.41020166
43.14778586,26.56817217,6.37507631
42.96428880,26.32442452,6.30865656
43.05671807,26.44719518,6.34124350
42.87040639,26.19971291,6.27724426
42.77486850,26.07275114,6.24684595
42.67743737,25.94321696,6.21730099
42.57784461,25.81078559,6.18844823
42.47586322,25.67522130,6.16014469
42.37128530,25.53633381,6.13225658
42.04576601,25.10532953,6.05123458
42.15571938,25.25067992,6.07776212
41.82298697,24.81141317,5.99956750
41.93482754,24.95887742,6.02517747
41.71011586,24.66272505,5.97434329
41.59618541,24.51272888,5.94945156
41.48127571,24.36149710,5.92486825
41.36553696,24.20920612,5.90058755
41.13202062,23.90198575,5.85289434
41.01362576,23.74623097,5.82930402
40.77402748,23.43099673,5.78264368
40.52929677,23.10893479,5.73635100
40.65251952,23.27110437,5.75949525
40.28080849,22.78180375,5.69064107
40.40560656,22.94611551,5.71344138
40.15459292,22.61558938,5.66789293
39.89547869,22.27425635,5.62213671
39.76368779,22.10058517,5.59934067
39.49867639,21.75122004,5.55446441
39.63132721,21.92611804,5.57676574
39.23136069,21.39865615,5.51047248
39.36489966,21.57480144,5.53229207
39.09734458,21.22185822,5.48887986
38.96189482,21.04316589,5.46735628
38.82527398,20.86293346,5.44594494
38.68781153,20.68160259,5.42469730
38.54944893,20.49910582,5.40360151
38.12677844,19.94188091,5.34090006
38.26900448,20.12933413,5.36169619
37.83965756,19.56358774,5.29992651
37.98363662,19.75326515,5.32029942
37.69468519,19.37264067,5.27978108
37.40152316,18.98659858,5.24023697
37.54858704,19.18024442,5.25986909
37.25379732,18.79209141,5.22092426
37.10541607,18.59673176,5.20191158
36.95621668,18.40030532,5.18315780
36.80630627,18.20295046,5.16465629
36.20035175,17.40527541,5.09285708
36.35303091,17.60624644,5.11053214
42.26441828,25.39460345,6.10478610
41.24908479,24.05599458,5.87659933
40.89426069,23.58919289,5.80588489
40.19786859,22.57951467,5.68983297
40.32379675,22.74594841,5.71230886
40.02603323,22.44625539,5.64503424
38.41001103,20.31522813,5.38262162
36.04710719,17.20355730,5.07541265
35.89330204,17.00109587,5.05819751
43.35665509,26.77867066,6.45718072
43.26896880,26.66081885,6.42131979
42.99740635,26.29649109,6.32160783
42.80919088,26.04382369,6.26088471
42.61354555,25.78074889,6.20345162
42.71243202,25.91374651,6.23183512
42.51228067,25.64461269,6.17559364
42.30217873,25.36292664,6.12105891
42.40839910,25.50517087,6.14812864
42.25002819,25.17295548,6.11045284
42.19405549,25.21854628,6.09441527
42.08459851,25.07280288,6.06825193
41.86259173,24.77826260,6.01729666
41.97407899,24.92601589,6.04255136
41.75003073,24.62931772,5.99241680
41.40625720,24.17513573,5.91964451
41.52174015,24.32763636,5.94360494
41.29005393,24.02172147,5.89596932
41.35006953,23.97294663,5.91474969
41.17323451,23.86751497,5.87257014
41.05508215,23.71156606,5.84928004
41.11588129,23.66218180,5.86864078
41.23364346,23.81843328,5.89164405
40.93596003,23.55433552,5.82615448
40.81597225,23.39594678,5.80320059
40.57174624,23.07349287,5.75747058
40.44832011,22.91047048,5.73483619
39.93937369,22.23770993,5.64462681
40.06961051,22.40995075,5.66724833
40.35280067,22.45528241,5.73206638
40.26154148,22.52793550,5.71107818
40.13374911,22.35801767,5.68875830
39.80791803,22.06378435,5.62210805
39.87305598,22.01109191,5.64415335
39.67591016,21.88905010,5.59981176
39.54362970,21.71387270,5.57778772
39.41023862,21.53716400,5.55589257
39.27709866,21.36071947,5.53434820
39.14349108,21.18361549,5.51303051
39.00845524,21.00461288,5.49178356
38.87225043,20.82406838,5.47065051
38.73520312,20.64242626,5.44968275
38.45821939,20.27544357,5.40817335
38.59725252,20.45962197,5.42886788
38.52930993,20.21825690,5.43293472
38.66773811,20.40288930,5.45334635
38.17576352,19.90152612,5.36703874
38.31760702,20.08925848,5.38753967
38.03299177,19.71264550,5.34673377
37.88936928,19.52271906,5.32665425
37.96272388,19.46386523,5.35259608
37.45221463,18.94507715,5.26780392
37.30478865,18.75037882,5.24874282
37.15669572,18.55483751,5.22996551
37.00777393,18.35823607,5.21143262
36.85813222,18.16071041,5.19313910
36.40563355,17.56350650,5.13958247
36.55719692,17.76352602,5.15725057
36.25320481,17.36237076,5.12209470
38.38928920,20.03162949,5.41259162
43.40170425,26.74170120,6.46641626
43.48680536,26.85823702,6.50290472
43.31488943,26.62316358,6.43126738
43.13685926,26.38075648,6.36492340
43.20492115,26.32603852,6.37527824
42.85936178,26.00277785,6.27407253
42.66571463,25.73812843,6.21769706
42.76358000,25.87192844,6.24556730
42.56548238,25.60118331,6.19032497
42.35731617,25.31798540,6.13668599
42.46260355,25.46095755,6.16332053
42.14129774,25.02664743,6.08467701
42.03140110,24.87937362,6.05935112
41.92045251,24.73119434,6.03445961
41.58094830,24.27949692,5.96177100
40.99714926,23.50465062,5.84579483
40.63412862,23.02289471,5.77792547
40.60110132,22.78787170,5.77601083
40.51111773,22.85955628,5.75555579
40.38702350,22.69470810,5.73329143
40.00400011,22.18540610,5.66640369
39.96643773,21.93682203,5.66596467
40.09664257,22.11169989,5.68793721
39.47704978,21.48320398,5.57874423
39.21150777,21.12874583,5.53641613
39.34450631,21.30630926,5.55746669
39.04078782,20.68950471,5.51836407
38.94150303,20.76826511,5.49457794
38.80507428,20.58615596,5.47388511
38.35162201,19.76144873,5.41767069
38.24802171,19.84346986,5.39238616
38.10580817,19.65418015,5.37237868
37.52704776,18.88518654,5.29460424
37.67332969,19.07936016,5.31369143
37.63436313,18.80046056,5.32142591
37.77996596,18.99511691,5.34022325
37.38007222,18.69018193,5.27580042
37.23241120,18.49434995,5.25726290
37.08390481,18.29746978,5.23895364
36.78487942,17.90119357,5.20301186
36.93466503,18.09967387,5.22086875
37.04442764,18.01324641,5.24865410
36.63450821,17.70196444,5.18535772
36.48332519,17.50168591,5.16786869
36.59475036,17.41410352,5.19621431
36.33127184,17.30029149,5.15056211
39.60986169,21.66035061,5.60037106
39.74158339,21.83595124,5.62212694
39.07708838,20.94927774,5.51543877
39.17548629,20.87119193,5.53893697
37.92453489,19.18858723,5.35925845
37.19308904,18.21144196,5.26652579
36.74538927,17.61476313,5.21351926
36.89520607,17.81437620,5.23099325
43.46616285,26.68978590,6.47427665
43.30140654,26.24953525,6.38405866
43.38829087,26.37380369,6.41484257
43.55756087,26.61719446,6.48007468
43.38058997,26.57028667,6.43998459
43.29346107,26.44902994,6.40700440
43.02383886,26.07436503,6.31517991
43.03291496,25.86454541,6.29778774
42.93115413,25.94513454,6.28654711
42.83676137,25.81320119,6.25866349
42.74034329,25.67827600,6.23137914
42.33004600,25.10893848,6.12614806
42.43614828,25.25488142,6.15192612
42.54011353,25.39887374,6.17807349
42.54781857,25.16666932,6.16626291
42.64992546,25.31208517,6.19187314
42.11334689,24.81387036,6.07587853
42.22235114,24.96183448,6.10079621
42.22940185,24.72230095,6.09162635
42.33714577,24.87123284,6.11610013
41.89179953,24.51521067,6.02719716
41.77924747,24.36411877,6.00331457
41.32011438,23.74942041,5.91046950
41.43595929,23.90437940,5.93328868
41.44260739,23.65289339,5.92862835
41.20292863,23.59272867,5.88774577
41.08477192,23.43475950,5.86517391
40.96575343,23.27563068,5.84276698
41.09070966,23.17722799,5.86179694
41.20890591,23.33698254,5.88391481
40.72350473,22.95167110,5.79811438
40.22568470,22.28484996,5.71001736
40.22791045,22.00848062,5.70902330
40.35595048,22.18239863,5.73079791
39.70481934,21.58488004,5.62274139
39.83573729,21.76109268,5.64421795
39.57283890,21.40710088,5.60139550
39.30902343,21.05133087,5.55962947
39.44717958,20.94283275,5.58261352
39.57807577,21.12200015,5.60306454
38.76878968,20.32278825,5.47771344
38.63122963,20.13749921,5.45760077
38.49205981,19.95023028,5.43756435
38.06790510,19.38067537,5.37850910
37.34099770,18.40873585,5.28460389
36.90244934,17.49226224,5.24191329
36.02547815,16.89526112,5.11661412
43.54995814,26.80733154,6.50988716
43.63951727,26.73614638,6.51461808
43.47373805,26.49635455,6.44682085
43.11504544,26.20121884,6.34470854
43.21320877,26.12341691,6.35436897
42.94048144,25.73109804,6.27061191
42.64157291,25.54019758,6.20455861
42.74938880,25.45494078,6.21778215
42.00317844,24.66508506,6.05137021
41.32624340,23.49557563,5.90619581
40.84547498,23.11479724,5.82044177
40.47763331,22.62254827,5.75401245
40.48210682,22.35356516,5.75254718
39.96914501,21.65623123,5.66593157
40.09875262,21.83279918,5.68736322
39.44115018,21.22955666,5.58039841
39.70855765,21.30046813,5.62374388
38.21021323,19.57156105,5.39797746
37.48803691,18.60500021,5.30289159
37.05148590,17.69242663,5.25918765
43.12374953,25.99520901,6.32565939
42.84610212,25.59460121,6.24398697
42.44338405,25.01945177,6.14098363
42.00995551,24.42201995,6.04373773
42.12033833,24.57266381,6.06752868
41.55762364,23.80848526,5.95115105
41.78561318,24.11726000,5.99693975
40.97126163,23.01576257,5.83975991
40.85013536,22.85199382,5.81772198
40.72859581,22.68753651,5.79590727
39.83936339,21.47914733,5.64477109
39.31488805,20.76174054,5.56224069
38.77560993,20.02424962,5.48218100
38.91194167,20.21047314,5.50197023
38.63764515,19.83606641,5.46247484
38.49838304,19.64639705,5.44291683
38.07458980,19.07108208,5.38553084
38.21690602,19.26394922,5.40443711
37.93102796,18.87687454,5.36683331
37.49481946,18.28851620,5.31210334
37.64097961,18.48540422,5.33011624
37.34775553,18.09062650,5.29427853
37.19991109,17.89185633,5.27663850
36.75257670,17.29105558,5.22481259
41.89832965,24.27021143,6.02021278
41.67199805,23.96331103,5.97392033
40.60601754,22.52153482,5.77419946
38.35811462,19.45565371,5.42356313
37.78638708,18.68152208,5.34835402
36.45050132,16.88566144,5.19115448
36.60182267,17.08873382,5.20788152
43.54994569,27.17405731,6.52753849
35.68554061,16.84589011,4.95235777
36.13852109,16.80653232,5.14547900
40.39509057,16.19194753,5.13361430
40.31164415,16.31856625,5.16253683
40.24919376,16.21129635,5.15339993
40.32829475,16.10468771,5.12809586
40.20709487,16.11846102,5.14418015
44.85321804,24.72452581,6.17511373
44.85265885,24.85907690,6.20421303
44.74674835,24.81678546,6.20343111
44.71964007,24.72699828,6.18664040
44.94352047,24.79240374,6.18182255
44.98895047,24.71157139,6.15976492
39.79776593,14.68092096,4.97611301
39.89751621,14.64068692,4.95700926
39.90214199,14.72424506,4.96960961
39.81688419,14.79328555,4.99084414
40.35841743,15.14859834,4.97168973
40.27504151,15.12399352,4.98155938
40.33824421,15.08590473,4.96376700
40.39203128,15.10018826,4.95593408
41.76608329,17.83432808,5.22617861
41.75800144,17.92334165,5.24459740
41.69852306,17.86704875,5.24351898
41.65978744,17.93352542,5.26079345
38.36692886,15.43243273,5.20886428
38.41055752,15.30357435,5.19396133
38.50764040,15.42599197,5.20235507
38.25909179,15.32805965,5.20243807
38.18457903,15.20093306,5.19265603
38.31139204,15.20412978,5.18804369
38.05790367,15.09731200,5.18691200
38.24355324,15.05853076,5.17602980
38.59991520,15.52296246,5.20828726
38.62442871,15.65878282,5.22154904
38.44480573,15.57613838,5.22028557
38.67388459,15.40679204,5.19144478
38.75255996,15.54175724,5.20215678
38.67685657,15.98204661,5.25241248
38.65429503,15.81804969,5.23677124
38.79133931,15.87979620,5.23739749
38.82417248,15.71460868,5.21761716
38.24924530,14.88596080,5.15749464
38.07410297,14.89575135,5.16671818
38.74760515,16.15759848,5.26737253
38.85554559,16.01840920,5.24924088
38.53462688,15.90895491,5.24963483
38.48843233,15.75616922,5.23640591
38.33229041,15.68831334,5.23426853
38.23191144,15.50935064,5.22033630
38.06141899,15.30572230,5.20597244
37.88200826,15.12694016,5.19405151
39.55661631,16.91624139,5.31465653
39.63061557,16.80470449,5.29705963
39.72739245,16.91733636,5.30466507
39.41249885,16.88558211,5.31809228
39.47994386,16.75069438,5.29959668
38.45907606,15.12979601,5.17274536
38.94077358,16.18342066,5.26299377
38.97745806,15.85714934,5.22496033
39.33086210,16.62505312,5.29306216
39.35455662,16.45013090,5.27156077
39.48859370,16.56902211,5.27742711
39.18415788,16.49546451,5.28572505
38.34002181,15.88716882,5.25185005
39.86639501,17.56999602,5.37429699
39.81209864,17.73356532,5.39400068
39.68390924,17.61446261,5.38537685
39.85086688,17.87227324,5.40728925
39.67970400,17.81422146,5.40526341
39.04794559,16.34436765,5.27547321
38.99233392,16.51981824,5.29548249
38.86228787,16.34041363,5.28175992
39.11672645,16.19283311,5.25546084
39.22121199,16.32760147,5.26505451
39.03622549,16.04295399,5.24289129
39.09181213,16.89712173,5.32925207
39.27066843,16.90820028,5.32574402
39.24057486,17.08368873,5.34378517
39.32899314,16.77590778,5.30975851
39.53933784,17.45768396,5.37332634
39.69978859,17.45482017,5.36821489
39.80040455,17.36015538,5.35347995
39.15781958,16.70633746,5.30891553
39.60880237,17.27208307,5.35197541
39.75675426,17.20067855,5.33717049
39.39525406,17.27194937,5.35848485
39.44535062,17.06130776,5.33562816
39.65075379,17.07374796,5.32795032
38.57556206,15.28343517,5.18325700
38.65187840,16.32141073,5.28488328
38.79305851,16.51630085,5.29990170
38.93833332,16.70733327,5.31464374
38.40648225,14.93914956,5.15438358
38.51969329,16.09651470,5.26718536
38.16245933,15.70788990,5.23908491
38.00531106,15.51884588,5.22523212
37.83892103,15.32659624,5.21133450
38.35404826,14.77581993,5.13893496
38.96472055,15.06815592,5.12649881
38.82652637,15.13867687,5.14811890
38.81147371,14.98371833,5.12933463
38.75426766,15.27198628,5.17032119
38.67128705,15.13072691,5.15917669
39.77748419,16.75750970,5.28062622
39.92704994,16.88686374,5.28582513
39.21604254,16.06070267,5.23370610
38.94735145,15.54114609,5.18918252
39.01657137,15.67310670,5.20035811
38.85311613,15.39508972,5.17815980
39.06533236,15.35738188,5.15597309
39.52624359,16.39802338,5.25335385
38.60301487,14.96715070,5.14428375
39.82988679,17.06284705,5.31603894
39.90999947,17.22727940,5.33136525
40.51635172,18.78284150,5.48589978
40.36088755,18.70961902,5.48202564
40.44845737,18.56109386,5.46313464
40.56492867,18.95430178,5.50354986
40.38360114,18.90379891,5.50184285
40.10920172,17.94957428,5.40686555
39.97561382,17.99813902,5.41691638
39.97953414,17.79716252,5.39501473
40.26701230,17.98973582,5.40413549
40.15003738,18.15273974,5.42800025
39.63582167,16.50939176,5.25925241
40.29641913,18.36437686,5.44635790
40.10689086,18.37297494,5.45251163
40.24956901,18.55683969,5.46844198
40.60085546,18.49229159,5.44816893
40.64412995,18.65631906,5.46620917
40.17369233,17.81041658,5.38742239
40.07558262,17.61523136,5.36916797
40.36869170,18.17558602,5.42135029
40.48803833,18.35693355,5.43732394
39.95619138,18.19117929,5.43716219
39.39202956,16.27897509,5.24823889
39.26799211,16.19100966,5.24602375
38.53817254,14.80117192,5.12879765
39.81075345,18.01875521,5.42280423
39.98664191,17.41586805,5.34996270
39.15357275,15.92277838,5.22119440
39.50850982,17.63783328,5.39125854
39.35535699,17.46299893,5.37718545
39.20196883,17.27496726,5.36203649
39.04865331,17.08467063,5.34683474
38.89474437,16.89286800,5.33165413
38.29187938,16.09947773,5.27011252
38.74011235,16.70026503,5.31655360
38.59422857,16.50504340,5.30131547
38.44985808,16.30280325,5.28564385
39.19926007,15.74186850,5.19485094
38.12378929,15.90708301,5.25559610
37.80044554,15.52173289,5.22673887
37.96575059,15.71083577,5.24082912
39.41791921,16.08632050,5.22157985
41.06024818,19.08024105,5.49824093
41.01924668,18.96435932,5.48521297
41.12791598,18.97928965,5.48004461
40.93005565,18.85720941,5.47638840
41.10553786,18.85593264,5.46428094
38.73112145,14.81912160,5.11488406
38.93229549,15.23154818,5.15114982
40.89094634,19.04529645,5.50264208
40.69299921,19.08381336,5.51456187
40.72112141,18.87083284,5.48875574
40.99430275,19.20170763,5.51748153
40.11268006,17.24462537,5.31903557
38.39853104,16.49552376,5.30084392
38.24291284,16.29917473,5.28553185
40.56764506,18.18074020,5.41028741
40.45274724,18.00852856,5.39541601
39.73784973,16.35046860,5.22896604
39.57259470,16.21710624,5.22571960
41.20897471,19.84417754,5.58879926
41.30068411,19.69256016,5.56638400
41.43149130,19.85635468,5.58188042
41.07594749,19.82376273,5.58966181
41.09504708,19.67394358,5.57165417
40.84286513,19.24444475,5.52855397
41.15585637,19.22152740,5.51153556
41.02706430,19.41453354,5.54256562
39.63510984,16.65988413,5.27869830
39.81277188,16.55537872,5.25045361
40.92877563,19.79232106,5.58847784
41.22427441,19.53044943,5.54883153
40.82880580,18.70178495,5.46203932
41.21837136,19.37653472,5.52878773
40.80440961,19.43770445,5.55149421
40.69046734,18.35078096,5.42452115
40.66390476,19.27439532,5.53624110
40.07296885,18.56488540,5.47207216
40.21362013,18.73636478,5.48726566
40.36048858,17.83139856,5.37854692
40.51620058,19.10847138,5.52102720
40.74895784,18.52966461,5.44437906
40.00703506,17.07180845,5.30421854
39.92348420,18.38543002,5.45640438
40.26897969,17.64543848,5.36058980
40.17791884,17.45321970,5.34187172
39.77327714,18.20208024,5.44057588
39.32557898,15.91253940,5.20653719
39.62280963,18.01800721,5.42487222
38.08667136,16.10197376,5.27028225
37.92988545,15.90424505,5.25510256
37.77260478,15.70546791,5.23997105
39.47215762,17.83162176,5.40913736
39.32054119,17.64634745,5.39366032
39.16806978,17.45826886,5.37809640
39.01500281,17.26792885,5.36251006
38.86186645,17.07619414,5.34697314
38.70809221,16.88366785,5.33153058
38.55360110,16.69030500,5.31617124
41.31202400,19.11192590,5.48526755
41.18753735,19.06437807,5.48777545
41.28142832,18.92933065,5.46078038
41.33689176,19.27506006,5.50706564
38.99964761,14.90338318,5.10034164
39.10950292,14.99614649,5.10194538
39.25865571,15.00475218,5.08696981
39.12363186,15.15565207,5.12290958
42.02095264,20.50882272,5.64126014
42.02759260,20.69073893,5.66752233
41.81912194,20.59445468,5.66374627
42.14953345,20.43194705,5.62024080
42.19843584,20.57720098,5.63936195
39.32854752,15.13780216,5.09854163
39.23999200,15.26036100,5.12566184
39.26878896,15.40184831,5.14259449
38.88773161,14.81813626,5.09985527
41.68657645,20.06670125,5.59732332
41.50425224,20.07851745,5.60797951
41.62945764,19.92544163,5.58064649
41.36207851,20.17204856,5.62434396
41.29638701,20.01403277,5.60691324
39.51835975,15.89174113,5.18616265
40.07742843,16.77663908,5.25680932
40.14343287,16.63242881,5.22893544
40.25435719,16.76918510,5.23753631
39.96203169,16.68739536,5.25514768
39.13344293,15.54483141,5.17472271
40.12293844,16.92823255,5.27418513
41.37308941,19.56512714,5.54554630
40.16651811,17.07795468,5.29142154
40.26469737,17.15804687,5.29375360
40.65081591,18.01830882,5.38195396
40.92258494,18.54456016,5.43423248
41.02623166,18.70505002,5.44891278
40.36804202,17.48885434,5.33145852
40.46162524,17.66506391,5.34818059
40.55491062,17.84076815,5.36497825
39.73528101,18.38545005,5.45703704
39.58529360,18.20125584,5.44088058
37.74413797,15.88920564,5.25206895
38.21241395,16.48271380,5.29840432
38.36726241,16.67898776,5.31400359
41.50021463,20.28614390,5.63467937
41.68162020,20.24351421,5.62219522
41.82194059,20.12199089,5.59681597
41.86522875,20.28018565,5.61730501
42.30174690,21.10208240,5.71295405
42.14198056,21.06191954,5.71481474
42.23802336,20.93512835,5.69165740
41.99194489,21.10482367,5.72558492
42.04382491,20.90516016,5.69705506
41.77851356,20.39999825,5.63906212
41.63957793,20.44544762,5.65058941
41.89982314,20.42539006,5.63633036
41.89549913,20.79009430,5.68708378
41.73137200,20.80248332,5.69317876
41.85544835,20.95815370,5.71002106
41.35944572,19.43211855,5.52786025
41.07504618,19.97270335,5.60654028
41.60841221,20.63733779,5.67535688
41.46097575,20.47686472,5.65875814
41.79538769,19.96458665,5.57514241
40.91973381,19.59593255,5.56688719
41.32275170,20.31712736,5.64222451
41.19632096,20.16110052,5.62611955
40.84434487,18.30074856,5.40595349
40.75473023,18.17504829,5.39549942
41.47934142,19.66171072,5.55254419
41.61633620,19.75376266,5.55667619
40.29845029,17.30866344,5.31215819
40.75886288,19.63206384,5.57301708
39.32844268,15.56846872,5.15984432
39.41337956,15.73743147,5.17495334
40.83833238,18.41968259,5.42321966
39.28438986,17.82964359,5.40887733
39.43510113,18.01504507,5.42475514
39.13315925,17.64155165,5.39294274
40.61903459,19.45924383,5.55614135
40.47344174,19.29132328,5.54004613
38.98103832,17.45124594,5.37699145
38.82819975,17.25952191,5.36110106
38.67517024,17.06705481,5.34532352
38.52153867,16.87373303,5.32963955
40.32746973,19.10965437,5.52285286
40.03244138,18.74843410,5.48953246
40.18049816,18.92602855,5.50577620
39.77240288,16.14348389,5.19627795
39.92228184,16.39684234,5.21743663
38.05692659,16.28560001,5.28288477
37.90077758,16.08792396,5.26745474
39.88423495,18.56871813,5.47332860
39.63742394,16.03265526,5.19417764
41.21750993,18.23465893,5.35991478
41.21247302,18.36427973,5.38079961
41.10153323,18.25886748,5.37580301
41.36416254,18.25603127,5.34742045
41.50632104,19.50436275,5.52799100
40.41393174,17.17240946,5.28118198
40.95930551,18.18334112,5.37837031
41.84583053,19.53271268,5.50288131
41.75732840,19.67677381,5.53398664
41.65234498,19.59127643,5.52960733
41.77212315,19.80913177,5.55325388
43.11216614,22.50300659,5.88552919
43.25408347,22.40917112,5.86179051
43.27365547,22.55691127,5.88530822
43.09405116,22.32233128,5.85764187
42.67769514,21.92491029,5.81677460
42.75290619,22.04043107,5.83079607
42.60709143,22.08510565,5.84184831
42.88727288,22.08904178,5.83198982
42.74314118,22.19392307,5.85350627
39.44968230,15.41628734,5.12562622
39.39674967,15.27244833,5.11056294
39.57619127,15.28087358,5.09152104
39.51704275,15.13785092,5.07713889
42.89876668,22.26653630,5.85864437
42.93398297,22.44773350,5.88436429
42.71773411,22.40161490,5.88303616
39.70928721,15.85309390,5.16087835
39.60609569,15.72908255,5.15399497
39.75954450,15.70740372,5.13383368
42.77420675,21.77464629,5.78900699
42.59284393,21.78249011,5.79933723
42.85067872,21.92393746,5.80808786
41.50560477,19.33642546,5.50299491
41.49567370,19.15536215,5.47617286
41.65767889,19.23868235,5.47396301
41.42888504,19.02078991,5.46152248
41.56913895,19.00449683,5.44538965
41.12879088,18.53664444,5.41553234
42.19513821,20.76566691,5.66874045
42.36895325,21.27613655,5.73520304
42.27962906,21.44031659,5.76220221
42.15488678,21.25514026,5.74091113
42.50219667,21.12294196,5.70340440
42.55212657,21.30823650,5.72939285
41.00111962,18.37247928,5.40272727
39.82015952,15.96916088,5.16577778
40.55620582,17.49442227,5.31479524
40.33162685,16.98700885,5.26199828
39.20062546,14.84910238,5.07079724
40.67744966,17.65477064,5.32667313
40.47694480,17.33456852,5.29894105
41.94419797,20.00343266,5.56932369
39.99143081,18.93199380,5.50575338
40.13884198,19.10978516,5.52253971
41.55010749,20.82365202,5.69812525
40.75669605,17.84847022,5.34781434
41.27956435,20.49427390,5.66256060
38.33517504,16.86242961,5.32602436
38.18112523,16.66623336,5.31013645
39.84369338,18.75196412,5.48903087
37.87102379,16.27159818,5.27864782
37.71502976,16.07293699,5.26302023
39.54718224,18.38454537,5.45570436
39.39752720,18.19848496,5.43918293
38.48859413,17.05713241,5.34196463
38.64149961,17.25043172,5.35797019
38.94605115,17.63452854,5.39031829
39.09695940,17.82477003,5.40660423
40.86583113,19.99319312,5.61006182
40.99943593,20.17000509,5.62837608
40.28446294,19.29250901,5.54005149
40.42856111,19.47404463,5.55775802
42.53743537,21.64921557,5.78216728
42.69554367,21.63702850,5.77206916
42.41342909,21.56929885,5.77561599
42.60187700,21.49351556,5.75528539
42.38325651,21.76450513,5.80334850
42.49544962,21.94149806,5.82473815
42.44025701,21.42049988,5.75298640
42.40406878,20.96224074,5.68492157
42.34975526,20.81025247,5.66477438
42.22274516,21.62499531,5.78807614
40.85300502,18.01646541,5.36357822
41.68021668,20.98615301,5.71602107
42.03740459,20.32751547,5.61256661
42.09252689,21.46903739,5.77018284
41.95206422,21.29736612,5.75066159
41.97824395,20.15896479,5.59094521
39.52252291,15.57692639,5.14097394
39.94990455,16.22359241,5.18911216
39.92399571,16.06695556,5.16874225
40.57308711,19.64377052,5.57462071
41.41431300,20.66766979,5.68121417
41.81513763,21.14367167,5.73349807
38.02641173,16.46920757,5.29434176
41.13992569,20.33289784,5.64545869
41.24797074,18.70106847,5.42933681
40.03119700,16.51127751,5.22285664
40.11111400,16.33128124,5.18734939
39.24732015,18.01291593,5.42289912
40.71825192,19.81951901,5.59231973
38.79418121,17.44288989,5.37408869
39.69590639,18.56875628,5.47229267
40.24960336,16.01694622,5.12391438
40.12250523,16.19214303,5.16505850
40.08587443,16.06723546,5.15040774
43.88918778,23.44950229,5.99959756
43.92293747,23.55947348,6.01723661
43.75596924,23.52002823,6.02018319
44.02114229,23.44858438,5.98931078
43.80462382,23.29423804,5.97749616
43.80841865,23.38837583,5.99410039
43.66395501,23.35439313,5.99673506
43.88551101,23.20386480,5.95465293
43.93725847,23.33158909,5.97420900
42.97257039,21.48614617,5.72536645
43.02223510,21.59435870,5.73978509
42.87887167,21.62471800,5.75723497
43.15722633,21.64325295,5.73577796
42.97526707,21.75809344,5.77213524
42.45552770,20.71429648,5.64028399
42.50071061,20.82976068,5.65554980
42.58872081,20.70022136,5.62539798
42.35851458,20.53224732,5.61870811
42.29567527,20.42645135,5.60687619
42.45103457,20.42411416,5.59166468
42.34542021,20.65930267,5.64076192
41.69171236,19.40664284,5.49741006
40.53105874,17.04946963,5.25002154
40.50796565,16.92233793,5.23299978
40.64772491,16.94286486,5.22038769
43.04191197,22.14806589,5.83246875
43.03590032,21.96235495,5.80203401
40.65344637,17.34562105,5.28221330
40.70865554,17.47664912,5.29641770
40.83622450,17.52618472,5.29026277
43.34421518,22.20344415,5.81879657
43.25174194,22.28883026,5.84139899
43.20004805,22.17994867,5.82661800
42.09054368,20.02831553,5.56026117
43.94130308,23.89288137,6.07542558
43.94876010,24.06427203,6.10459293
43.73608064,24.00681020,6.10066504
44.07952597,23.81491967,6.05351811
44.13755377,23.96823527,6.07813424
41.13553704,18.14335727,5.35429800
40.22162039,16.46460306,5.19509010
40.31364619,16.58591596,5.20319053
40.40159713,16.68392256,5.20826519
43.15777575,22.05926940,5.80914057
43.21687846,21.93986866,5.78316296
43.31025125,22.05850632,5.79588527
42.68198668,21.18380111,5.69920109
42.73919909,21.33911466,5.72050323
42.65012835,21.06072603,5.68120596
42.78331314,21.07320902,5.67107662
43.31413902,22.68388601,5.90393296
43.44225029,22.59390421,5.87988609
43.41950950,22.46019155,5.85809825
44.67218794,25.19079357,6.28492139
44.54528974,25.31467657,6.31297602
44.47502160,25.20046872,6.29233034
44.47337455,25.43770944,6.33705460
44.42749898,25.32566369,6.31615877
39.35942698,14.89506981,5.05940218
39.43628320,15.00419368,5.06666742
39.38041621,14.76841986,5.03819815
39.52311665,14.86055497,5.03525004
44.21510355,24.40661688,6.15427226
44.11775128,24.28133374,6.13586202
44.32522989,24.26947689,6.12287344
44.25041650,24.54551704,6.17797189
44.04976292,24.50428095,6.17608350
41.92466142,19.85619225,5.54761799
39.04823266,14.71008040,5.06763011
40.90241684,17.69096937,5.30869991
42.98115531,22.59586124,5.90466872
39.26242195,14.67392588,5.03792373
42.14477128,20.17201916,5.57877319
41.04168492,18.01827004,5.34471545
42.57107943,20.96064320,5.67128261
42.56245985,22.26535706,5.86681429
41.31937003,18.50912689,5.39244454
42.30324090,21.96570625,5.83042751
42.02884219,21.65562332,5.79347081
39.89288380,15.78506882,5.13019454
39.99149053,15.93150054,5.14082160
40.80813789,20.18304554,5.62872997
41.22254090,20.67940769,5.68229518
38.30222537,17.04583556,5.33690195
38.14902491,16.84972237,5.32072605
39.35929886,18.38191614,5.45245594
38.75913255,17.62620940,5.38594214
38.90981629,17.81773964,5.40248446
39.65533714,18.75200507,5.48637885
39.80264061,18.93523622,5.50357971
44.50372842,24.66329004,6.18824592
44.45454244,24.76601854,6.21067181
44.33404999,24.70843775,6.20465042
44.38765949,24.89686424,6.23766341
44.08202300,24.13293375,6.11110047
43.97828399,24.20308279,6.12714584
44.22309385,24.12921109,6.10276649
42.82163845,22.59344654,5.90768775
43.13576071,22.68702488,5.91311580
42.93941603,22.75121098,5.92777823
41.49229285,21.01128709,5.71915927
41.62394056,21.17927306,5.73816323
43.41142394,23.07449234,5.96261925
43.42044729,22.92373434,5.93761524
43.55987654,23.00167763,5.94252106
43.32556416,23.21732095,5.98772891
43.22965128,23.03917200,5.96340929
43.96688247,23.71446858,6.04242637
43.81786330,23.65423855,6.04009129
43.65821058,23.68173816,6.05091058
43.46495860,22.74681540,5.90488027
42.06267926,19.88852640,5.53993968
41.89973743,19.69747468,5.52437927
43.56421904,23.52971953,6.02950100
43.27301996,22.82793335,5.92937660
43.07278331,22.88830893,5.94486683
43.44446230,23.36992441,6.00793614
43.73802490,23.19695532,5.96477367
43.54750390,23.18233082,5.97384415
39.63371734,15.43186771,5.10730356
42.21695586,20.30428413,5.59388544
42.80025875,21.48822370,5.74055266
40.43415421,16.81528518,5.22478860
41.67160913,19.09546209,5.44955828
43.59070476,22.85071356,5.91390647
41.44033938,18.76955278,5.42112162
41.48594413,18.90319523,5.43765830
39.70349739,15.57885286,5.12113166
41.76066105,21.33181480,5.75568297
41.35906284,20.85060558,5.70117951
40.95637630,17.87147502,5.33095354
41.08628524,20.51779503,5.66463934
40.38244891,19.65672869,5.57423165
40.52503041,19.82791424,5.59175052
40.83199805,17.35440176,5.26388886
40.66753386,20.01107695,5.61064907
40.23944197,19.47531811,5.55605642
42.16537577,21.81129841,5.81194216
39.94960628,19.11551874,5.52081668
40.09552627,19.29343512,5.53813179
42.42803465,22.11956951,5.84909524
37.99511560,16.65278647,5.30465313
37.84050916,16.45524489,5.28868915
37.68528099,16.25665488,5.27280805
41.89560620,21.49030179,5.77406545
39.05988647,18.00796066,5.41909933
38.60744230,17.43383171,5.36949529
38.45493500,17.24051393,5.35315390
40.94757864,20.35367202,5.64690472
39.50771940,18.56777817,5.46936190
39.20973158,18.19619810,5.43576566
40.58718353,17.19664352,5.26650182
41.45529333,18.61466034,5.39490786
40.48846241,16.28332237,5.13674054
40.53159689,16.15345205,5.11181815
39.72028023,14.76328471,4.99780834
39.66689802,14.68408656,4.99224585
39.70711177,14.87292309,5.01568623
39.62797517,14.77850557,5.01085316
44.36546215,23.80464941,6.02846183
44.29072494,23.89904811,6.05367867
44.21895490,23.81341400,6.04288017
44.32312310,24.00690297,6.07216714
42.22377380,19.70933728,5.49345841
42.17542365,19.81323868,5.51603842
42.06999817,19.73660852,5.51402089
42.20335828,19.91621709,5.53050306
41.86011449,18.96408184,5.40809594
41.79626670,19.05325132,5.42959509
41.72436680,18.97667531,5.42473969
41.79784678,19.15777385,5.44655806
43.83803064,23.08536512,5.93660300
43.80287461,22.98360514,5.92071407
43.92630917,22.97598082,5.90802593
43.71078906,22.92725804,5.91815560
43.86639674,22.86905343,5.89341282
44.58961902,24.81205837,6.21279322
44.76940112,24.63588493,6.16339838
44.42128190,24.55088325,6.17107982
44.49934698,24.43988834,6.14432785
44.57544157,24.52936646,6.15677983
44.50288630,24.32006489,6.12005637
44.64130447,24.39890850,6.12470611
44.46564476,24.21003305,6.10093852
44.39181430,24.12440983,6.08982628
44.54557516,24.11170991,6.07405280
41.06974125,17.75481860,5.30033461
41.13350293,17.88470933,5.31379018
41.05042027,17.63329478,5.28331155
41.16860433,17.65593500,5.27366391
40.00944848,15.67039213,5.09953913
40.04948641,15.54499991,5.07613632
40.14821551,15.64944371,5.08034292
39.88584554,15.59106842,5.10197139
41.79020293,19.27697360,5.46684390
44.08199572,23.57387149,6.00806991
41.57400307,18.80303575,5.41255803
43.69494169,23.06236899,5.94383576
44.24815121,25.01030112,6.26019255
44.19998320,24.87026591,6.23624772
44.09022826,25.03300607,6.26347209
39.71368377,15.14845140,5.05589774
44.72305260,24.96571417,6.23616260
44.53155187,25.01950584,6.25633066
42.50177833,20.57458649,5.61235343
40.06911488,15.78852341,5.11036371
44.36438141,24.41984779,6.14921425
44.35821058,25.09013168,6.27352882
44.67274004,25.41465279,6.33018793
43.38197844,22.32414714,5.83705771
40.98482063,17.53503462,5.27515486
40.93448145,17.42518836,5.26350520
40.76602645,17.20622428,5.24810395
40.53486175,16.68899075,5.19384283
42.24473657,20.03982592,5.54712601
39.74909564,15.30313861,5.07482665
42.65768797,20.82688621,5.64050603
41.28904509,18.13467496,5.33630891
41.20878377,18.01581055,5.32624856
43.46353455,23.70503459,6.05810029
43.12589742,23.23841102,5.99365469
41.96863097,21.84113741,5.81470842
41.83455702,21.68278011,5.79554498
40.47791659,20.01198556,5.60761768
39.02228995,18.19115771,5.43041639
38.87274777,18.00092153,5.41345327
38.11608285,17.03316998,5.33013863
43.78100039,23.80052835,6.06629194
43.82099425,24.19444732,6.12902530
41.16784547,20.86470861,5.70051816
38.57235226,17.61717160,5.37985262
39.31975404,18.56525735,5.46454562
39.46714076,18.75096772,5.48185164
42.09616471,21.99662645,5.83371273
43.65425420,22.71434852,5.88400482
43.00712834,23.08495032,5.97308738
42.87082532,22.93295485,5.95298921
42.49724059,22.45737920,5.89147782
42.36388533,22.30315904,5.87195157
42.72716288,20.95549335,5.65603314
40.15633220,15.91066431,5.11865838
43.92177630,24.34305751,6.15148471
41.64097593,18.88549720,5.41878408
42.38299276,20.29534682,5.57650533
42.91302762,21.34979490,5.70703209
42.86458812,21.19930736,5.68529166
44.12593291,24.70194515,6.20826317
44.64944896,24.64313789,6.17453298
43.13031515,21.48615904,5.71024005
39.80779269,15.44348149,5.08895527
40.71996235,17.06872494,5.23181746
41.60060923,18.68087848,5.38997621
40.39457739,16.43751854,5.17119002
42.00261731,19.43403414,5.47060819
41.88039021,19.36163931,5.47141016
39.53283823,14.71619348,5.01266273
39.61279960,15.00400629,5.04613566
41.57094756,21.36300484,5.75763421
41.70208958,21.51804639,5.77593805
42.62332821,22.60939311,5.91090855
41.38261619,18.38341387,5.36575361
40.59515466,16.81721095,5.20683229
42.74430035,22.76775602,5.93136804
41.43229381,21.19391724,5.73797638
44.14820433,23.69808876,6.02640316
43.58892962,23.85452432,6.07919596
40.89353368,20.53715489,5.66397034
41.02983398,20.70227406,5.68225222
42.23266651,22.15194730,5.85299606
40.75596843,20.36633218,5.64534630
40.61713022,20.19319386,5.62671896
40.47089133,16.56033759,5.18130536
38.72287698,17.80945225,5.39660076
38.42085860,17.42390709,5.36319221
43.24437622,23.39542091,6.01499209
43.36144903,23.55174743,6.03654504
38.26859038,17.22922018,5.34661355
37.96301728,16.83632733,5.31378341
41.48774860,18.46592804,5.36755693
41.30815212,21.03452633,5.71978009
43.58123123,22.62666001,5.87436526
39.61422542,18.93525979,5.49932183
39.17143593,18.37946161,5.44746038
43.60480632,22.49691394,5.84848138
40.19314003,19.65814935,5.57085643
40.33472170,19.83932762,5.58944988
39.90609938,19.29890879,5.53471793
40.05030045,19.47693502,5.55252725
39.76067790,19.11848026,5.51698628
37.80922307,16.63885577,5.29754720
37.65478162,16.44033858,5.28140718
45.03793933,24.79470726,6.17347882
44.86397548,24.58013403,6.14296450
43.00064360,21.13762780,5.66091884
42.93643954,21.06209373,5.65400104
43.08154359,21.04294730,5.63565309
43.01762672,21.23967547,5.67738931
44.63979346,24.28879313,6.10198354
44.75848387,24.30537716,6.09432034
43.68190131,22.17311336,5.78063812
43.70847517,22.26815324,5.79574145
43.60313846,22.23344045,5.79984678
43.68277061,22.08953183,5.76485105
43.75132138,22.12004317,5.76327604
40.95296158,16.93341525,5.18385031
40.86266969,17.02071012,5.20805908
40.80137921,16.93798279,5.20210078
40.85465785,17.10629390,5.22240428
41.49865152,18.21690295,5.32634126
41.42879160,18.13075450,5.32026343
41.57221389,18.12090309,5.30262383
41.51996618,18.32765696,5.34179164
41.70343905,18.59663213,5.36512020
41.60398815,18.54412096,5.36748639
41.74160291,18.49156681,5.34380457
41.75646599,18.67471702,5.37202036
42.10096567,19.36808230,5.44914916
42.12737924,19.47506550,5.46424151
42.21732405,19.37151313,5.43715703
43.74961837,22.79683357,5.89071283
43.79733451,22.67995215,5.86432800
43.88304963,22.74292707,5.86788020
43.73097110,22.59084362,5.85399603
43.84754236,22.59920950,5.84412734
41.70206363,18.77618149,5.39446533
41.78581374,18.86904689,5.40055232
41.85310627,18.75466223,5.37448783
40.45562355,16.08068609,5.10966492
41.93088535,19.21720788,5.44223203
39.84737963,15.21563601,5.05039342
39.88582919,15.10257915,5.02908006
39.98496601,15.21110796,5.03370211
43.06360752,21.35908679,5.69410594
43.20237065,21.34636687,5.67776512
44.47004957,24.01654516,6.06154586
43.48556945,22.22853913,5.81037668
44.03876359,23.20823775,5.94187622
44.23108628,23.58109066,5.99651133
40.93469593,17.19182962,5.22675208
41.05319218,17.40995390,5.24773130
42.01811629,19.30955680,5.44824472
42.75120390,20.68583412,5.60657904
42.82599598,20.83069899,5.62435176
43.36130397,21.91543741,5.76514632
43.15476912,21.80901214,5.76556310
44.43126200,23.90634379,6.04282251
44.58410416,24.21447419,6.09165314
42.02472358,19.57982392,5.49256386
44.53437216,23.94430024,6.04082337
42.30852807,20.16935611,5.56258601
42.46416135,20.16650411,5.54617295
40.69986362,16.69279418,5.17549264
40.21632362,15.78406465,5.09266772
41.29360460,17.89648084,5.29788794
41.35925949,18.01746967,5.30986775
40.63344195,16.55124539,5.16119157
40.56118155,16.41239039,5.14811802
42.41978448,22.64617815,5.91354127
42.91602791,23.26681529,5.99670110
40.42709339,20.19556585,5.62206352
43.26655863,23.73184039,6.06180693
41.64086514,21.70395577,5.79452932
43.50237981,24.04525258,6.10743532
42.67572951,22.95471535,5.95447640
43.39228553,23.88889904,6.08453501
43.61163673,24.20404787,6.13112016
39.27916366,18.74853066,5.47539961
40.97527743,20.88679307,5.69844470
40.83761704,20.72044129,5.67954191
38.23451298,17.41260834,5.35511768
38.38575205,17.60723199,5.37199225
43.82998305,24.52190915,6.18006019
43.72000437,24.36287787,6.15529740
39.57212747,19.11846633,5.51106477
39.71702499,19.30159964,5.52917888
39.86078066,19.48213995,5.54737648
41.23958550,21.21683061,5.73641105
42.16721844,19.60011647,5.48101726
43.98026630,23.08996838,5.92467899
43.45812153,22.11302010,5.79184105
44.10856019,23.33209027,5.95927172
42.34501680,19.92655541,5.51756413
42.30732181,19.80445638,5.50075824
41.22468078,17.77540722,5.28633385
43.27998581,21.72513049,5.73854156
43.28101325,21.83513799,5.75837029
42.39807707,20.04463548,5.53216967
44.74108135,24.51392087,6.14004090
43.45798548,21.98774369,5.76885240
40.99034172,17.30927518,5.23894568
44.17375220,23.45839801,5.97777631
44.18760777,25.16516760,6.28668451
44.31670995,25.25610623,6.30345453
42.66299765,20.56478758,5.59450004
42.60587005,20.43502126,5.57783642
42.87391757,20.96174385,5.64257647
44.29979187,23.69905007,6.01347718
44.54426031,25.54400183,6.35740087
39.97019410,15.43697796,5.06916847
44.01380984,24.87225348,6.23648710
41.92735789,19.07232257,5.41866334
40.74395703,16.82742292,5.19139863
42.04249145,22.18307972,5.85404576
42.16725632,22.33340784,5.87315948
40.32074585,15.89392353,5.09709832
42.54718386,22.80398325,5.93430307
41.90324853,22.02556608,5.83408615
41.77347413,21.86510126,5.81424533
39.77955996,15.00006303,5.02617801
42.29567994,22.49186299,5.89349880
43.24360721,21.53661715,5.70799890
43.30982263,21.61107015,5.71481352
43.15812718,23.57794365,6.04000992
40.38912185,15.99899469,5.10503373
39.42598414,18.93416762,5.49314085
43.92889355,24.69664806,6.20785055
40.28719817,20.02206516,5.60342938
43.04301825,23.42354762,6.01841484
42.80486380,23.11642683,5.97626810
40.14546542,19.84097520,5.58438591
41.37743949,21.37924020,5.75564462
41.50906660,21.54622333,5.77542612
40.70169325,20.54929183,5.66049351
40.56478357,20.37536368,5.64141337
38.68582502,17.99266304,5.40598467
38.83515119,18.18410606,5.42317141
38.53609743,17.80042993,5.38893888
38.08248168,17.21659257,5.33833490
37.93009845,17.01982035,5.32169431
38.98394813,18.37432979,5.44048986
40.00380205,19.66033969,5.56566743
37.77714550,16.82242057,5.30518849
37.62352153,16.62397889,5.28878980
37.46923779,16.42454871,5.27250055
39.58635899,14.57555189,4.98551869
39.90438970,15.31900449,5.05918854
44.96671841,24.87964779,6.19895998
39.84742734,14.57685019,4.95362839
39.98246666,14.65742742,4.94762377
40.69269618,16.16146265,5.09297817
40.64174189,16.11287351,5.09190162
40.73522901,16.08962889,5.07519317
40.61202341,16.20629917,5.11030245
44.52414318,23.41009604,5.93216024
44.43522543,23.38489026,5.93706190
44.48202893,23.32633711,5.91969155
44.36533257,23.39972939,5.94743406
44.38523643,23.30920314,5.92714424
40.84188836,16.52524460,5.13217787
40.82858244,16.44354116,5.12067199
40.91101074,16.44324191,5.10924350
40.77385929,16.38729375,5.11867943
40.87523253,16.37242182,5.10241537
41.12314208,17.03195989,5.17897509
41.05403520,17.11624992,5.20105871
40.98034307,17.04985455,5.19911644
41.07353280,17.20596768,5.21308496
41.32088161,17.50235668,5.23159607
41.34380184,17.42676010,5.21628236
41.39429149,17.48689276,5.21983866
41.25654236,17.56688341,5.24955702
41.25085478,17.46260921,5.23348683
43.80699119,22.39440867,5.80944893
43.80525834,22.31795350,5.79513288
43.88712202,22.35622038,5.79366045
43.70831727,22.38284198,5.81725863
42.12195032,19.17690611,5.41489541
42.14062980,19.26800086,5.42811852
42.05069861,19.21991831,5.42983142
42.21483129,19.17559432,5.40418836
41.11951928,17.29850260,5.22249516
41.17753231,17.38846791,5.23013944
41.13213863,17.52468679,5.25697269
44.59396900,24.00599761,6.04773905
44.67221439,24.06718445,6.05274776
44.65465794,24.14597078,6.07088124
44.76616657,24.12235841,6.05485899
42.94617976,20.87734702,5.62022006
42.96322751,20.78602481,5.60219066
43.06006086,20.84919070,5.60308272
44.88676394,24.44383614,6.11135208
44.77636402,24.39938174,6.11253335
44.84514465,24.35347470,6.09605716
42.04331872,19.13327751,5.41621385
40.28609477,15.67361859,5.06781692
40.25233530,15.58054521,5.05771219
40.34968238,15.58111182,5.04573252
40.17977668,15.51045091,5.05574897
40.30196431,15.47930532,5.03592672
41.62911218,18.42012403,5.34467875
43.40398087,21.78643001,5.73730857
42.73916103,20.44653084,5.56595081
42.79610304,20.54293187,5.57685408
42.86269730,20.61042432,5.58170353
43.55863718,22.34369505,5.82458507
43.58263768,22.14540996,5.78554416
42.29082909,19.60514703,5.46870163
44.37376997,23.58389476,5.98347330
43.48625120,21.87590182,5.74540458
43.57621574,21.93513818,5.74711124
40.04440941,15.32089653,5.04318199
44.26445804,23.34240777,5.94623642
44.94940869,24.63263038,6.14623799
42.54958646,20.28477167,5.55766277
42.53359628,20.03713791,5.51660123
44.30679867,25.41689185,6.33204957
44.55287581,25.67627858,6.38335225
44.34365711,25.61145114,6.36796619
44.70725326,24.21528164,6.08029378
44.63040031,23.92266921,6.02689295
43.98920495,25.23060278,6.29346285
40.67441103,16.43632901,5.13858918
40.74695552,16.48934955,5.13821306
39.84911551,14.88892373,5.00140572
42.89623646,20.70108654,5.59419358
42.44351049,19.83241659,5.49103536
40.00145071,15.11075143,5.01662835
39.91095810,14.98073933,5.00784871
44.49964368,23.79740916,6.01421296
41.92763562,18.86051895,5.38369518
44.01135831,22.88129762,5.88160579
44.06152331,22.97931926,5.89550064
44.13803304,23.08738561,5.90882251
41.99314945,18.95400014,5.39193390
41.38755425,17.77570827,5.26799959
41.30619948,17.66595234,5.25971477
41.86394311,18.65820934,5.35742265
43.84957928,22.52279842,5.82942850
43.76312214,22.47322291,5.82876492
40.83462183,16.73158321,5.16588557
40.82315175,16.62649860,5.15065962
43.98529762,22.78308057,5.86534687
40.35049044,15.77174673,5.07505397
43.72973022,24.69949497,6.20537642
42.47816506,19.93726168,5.50531929
43.06780189,23.76019074,6.06232367
42.60383055,23.14105083,5.97549521
41.67113862,18.31126343,5.32232999
41.61342379,18.22769133,5.31527120
43.90569318,25.03975408,6.26104527
44.14514455,25.33917723,6.31548570
43.29932676,24.07019596,6.10790821
37.43801893,16.60822669,5.27836883
37.28384969,16.40821209,5.26197620
38.79678270,18.36725751,5.43155809
38.64824170,18.17586788,5.41403639
43.51744576,24.38349011,6.15540838
39.13186330,18.56263387,5.45790146
39.23796470,18.93178127,5.48495309
38.19941345,17.59592179,5.36229881
38.34952382,17.79047057,5.37943936
39.52834657,19.30153867,5.52148155
39.67164493,19.48458182,5.54002363
41.97280195,22.36802253,5.87229146
40.64609781,20.73205548,5.67410109
40.78277942,20.90384870,5.69367286
42.84133195,23.45195020,6.01855370
42.71771778,23.29813444,5.99694386
42.35061055,22.83267931,5.93349493
42.22277039,22.67995321,5.91301763
40.45247393,15.91051152,5.08399729
40.42113731,15.83455424,5.07612225
43.14561117,21.24659974,5.66561014
43.11181278,21.14762040,5.65129811
40.88095644,16.83481786,5.17671348
43.00712313,20.95668675,5.62799886
41.23361575,17.28257078,5.20630542
43.38785383,21.67878797,5.71921862
41.49467299,18.02462354,5.29586485
45.07378585,24.88632744,6.19055421
43.35285851,21.51090688,5.69207622
40.67723325,16.34612330,5.12418286
44.30880697,23.47365348,5.96786323
44.56237157,23.86742797,6.02232365
42.25139150,19.49687801,5.45462619
40.10780541,15.42107696,5.05077616
42.43089759,19.71778761,5.47272685
43.58423877,22.03497370,5.76486542
44.19042783,23.21762631,5.92904465
39.73293398,14.58435442,4.96937263
42.70631760,20.32361905,5.54793523
42.67788400,20.21149840,5.53139040
41.43406222,17.91267588,5.28471622
43.40889091,24.22583501,6.13128537
41.44649033,21.72975319,5.79164932
41.57959420,21.88220216,5.81078164
41.71007732,22.04835796,5.83141973
41.31532269,21.56377606,5.77153038
43.62575827,24.54190998,6.18018982
43.82141238,24.87088388,6.23305953
42.09880539,22.52201877,5.89234153
42.47790483,22.98909094,5.95463336
44.40367948,25.78583135,6.40212251
43.18910395,23.91571877,6.08511031
39.81421568,19.66527094,5.55867978
39.95610238,19.84365140,5.57743193
40.09751608,20.02391461,5.59657571
39.38377737,19.11731662,5.50312496
39.09130537,18.74574254,5.46701421
40.23625908,20.20449280,5.61590734
40.37436669,20.37883798,5.63499909
40.51044726,20.55753455,5.65459836
42.95556048,23.60626133,6.04031580
41.18334055,21.40101816,5.75194110
41.04719234,21.23397898,5.73206301
41.11330080,21.04996390,5.71728634
40.91839128,21.07096943,5.71305337
38.49908214,17.98365015,5.39666907
38.04841948,17.40000977,5.34524435
37.89654642,17.20328316,5.32831324
37.74427118,17.00593232,5.31153707
38.94437052,18.55741072,5.44921711
37.59148283,16.80756677,5.29489187
42.59435088,20.13649704,5.52730487
42.86160189,20.42479314,5.54885208
42.74436146,19.88815379,5.46499210
42.81520706,19.90405698,5.45727578
42.74890875,19.95728588,5.47742692
42.73752681,19.81675563,5.45220784
42.81818573,19.83440198,5.44239044
41.47042808,17.46812233,5.20603828
41.42854011,17.41018401,5.20192056
41.52254189,17.40534881,5.18611417
44.87515656,24.27849325,6.07690558
44.81976314,24.20843752,6.06763113
44.92702222,24.20135604,6.05451686
44.92513050,24.34472904,6.08599821
44.97344423,24.39412062,6.09164864
45.01120822,24.33197016,6.07370002
44.98259363,24.53440910,6.12144358
44.98837191,24.44804985,6.10189667
45.05562665,24.40225140,6.08425619
45.05010125,24.47644674,6.10151008
43.76337488,21.96602208,5.73212775
43.69645772,22.01914320,5.75008531
43.66906949,21.95813037,5.74151340
43.78012094,22.18302254,5.77214383
43.78828509,22.04563080,5.74471723
43.83875164,22.11325875,5.75190688
40.94806690,16.51403728,5.11592561
40.90307797,16.58001758,5.13316667
40.91960409,16.65450160,5.14317924
40.62432210,15.85114191,5.05149319
40.54981879,15.90796311,5.07130984
40.51658748,15.83948880,5.06478706
40.51082887,15.98343594,5.08812040
43.65791824,21.89474329,5.73070662
43.73600856,21.89911120,5.72234302
41.11116297,16.80636359,5.14247717
41.05468097,16.88088192,5.16286393
40.99953654,16.82443533,5.16066921
41.07103858,16.95605806,5.17312549
44.56991946,23.70891237,5.98896676
44.55074386,23.63451456,5.97567693
44.63600988,23.64049425,5.96742655
44.49243406,23.57461075,5.96957435
44.60277236,23.55775951,5.95385625
41.77277082,18.29780242,5.30824546
41.75017352,18.38028879,5.32460358
41.85614224,18.23774234,5.28705903
41.85773695,18.34263554,5.30520863
40.57869160,16.05175011,5.09031330
40.68649270,16.02848105,5.07208199
40.63326268,15.95135311,5.06692933
40.75814927,16.30533774,5.10752322
40.84181422,16.30173762,5.09531039
40.70301969,16.24275086,5.10465426
40.80338719,16.23314792,5.08934274
42.81181694,20.28222794,5.52898968
42.83082113,20.20472816,5.51266791
42.89501429,20.23778784,5.51054745
42.75771830,20.23999791,5.52761844
42.16533123,19.00243724,5.38032025
42.11320497,18.93566585,5.37513583
42.22677617,18.92503523,5.35859215
42.16389601,19.09072490,5.39562049
42.06946154,19.03572918,5.39707593
43.19766994,21.06746594,5.62759684
43.18228623,20.99184390,5.61543951
43.27033269,20.99232601,5.60493525
43.12482095,20.93497194,5.61149160
43.23116394,20.92056562,5.59621769
41.66778029,18.07692487,5.28411649
41.70968881,18.00583651,5.26656823
41.75542777,18.07935236,5.27313566
41.61013613,18.01905048,5.28152185
42.57213933,19.62734059,5.43990020
42.52405897,19.68355331,5.45612624
42.49230563,19.62479874,5.44953918
42.53228579,19.75499741,5.46775980
44.66529207,23.84483524,6.00707635
44.72930745,23.88880145,6.00937275
44.61347272,23.78483937,6.00007774
44.70905655,23.77071599,5.98655253
44.00089080,22.61977860,5.83225085
43.98881230,22.69327026,5.84771717
43.91209604,22.64684040,5.84668365
44.07493949,22.55462579,5.81101305
44.07603256,22.65125174,5.83012581
43.93322962,22.47911695,5.81233944
43.94859927,22.55614035,5.82553597
43.97440193,22.40136143,5.79252348
44.02236013,22.47360332,5.80115088
43.81475915,22.24502690,5.78022005
43.89009572,22.27359063,5.77728394
43.88694177,22.18623196,5.76044200
45.14066420,24.80026240,6.16454830
45.18229316,24.89722675,6.18236943
43.44187032,21.48479027,5.67758117
43.45787180,21.58200278,5.69397263
43.49992089,21.41714016,5.65767143
43.52610476,21.49926229,5.67034726
41.95531054,18.67886350,5.35034849
41.93228957,18.60109591,5.33998233
42.02871952,18.60949890,5.32920038
43.60420833,21.84995231,5.72817618
40.07723585,15.04414241,4.99690049
40.10289755,14.94928987,4.97823411
40.19350858,14.99114611,4.97165921
39.97488782,15.04255396,5.00949945
39.90991584,14.81000600,4.98195077
40.00479496,14.75775686,4.96094918
41.82498426,18.57914476,5.34879151
44.43482453,23.47759100,5.95590125
41.82241996,18.42359673,5.32331949
41.86591280,18.48856266,5.32900205
41.91175166,18.41199773,5.31014800
44.09146044,22.79634488,5.85690399
44.06029556,22.72574590,5.84646798
44.15590384,22.70801252,5.83210163
43.86909721,22.43781345,5.81124317
42.39776373,19.61429517,5.45860212
42.37512904,19.50180187,5.44177430
42.48445114,19.52793497,5.43325105
39.97010746,14.87672167,4.98462329
40.01242106,14.96577349,4.99304724
40.74587782,16.57859452,5.15233904
45.04591009,24.62270057,6.13445881
40.40429399,15.67181686,5.05292639
40.60827117,16.29683992,5.12479478
40.77207956,16.16117375,5.08180534
40.09719340,15.14715552,5.01038593
43.27254755,21.43406310,5.68642025
43.39131940,21.41709333,5.67060842
42.33012509,19.69019218,5.47892300
42.97144913,20.59864064,5.56768764
41.73102722,18.23015109,5.30199316
43.22729492,21.15489211,5.64033832
40.10665535,15.23731384,5.02307639
42.57496518,19.84438564,5.47853537
39.69026434,14.49918270,4.96167575
39.79870359,14.48113596,4.94502415
44.45084661,23.68720325,5.99666256
43.49661607,21.69457569,5.71073807
44.18023286,22.96763117,5.88102781
41.99907297,18.76559862,5.35979843
41.15377054,17.12055651,5.18967363
41.43850488,17.64689003,5.24093900
44.00644629,25.73322371,6.37638544
44.12321593,25.68241627,6.37339974
44.06597613,25.83713976,6.39749183
43.95194963,25.62998426,6.35632878
42.79962450,20.36249115,5.54466785
43.84292157,25.34760633,6.30624634
43.79433670,25.20149023,6.28190978
43.68843309,25.36534138,6.30088713
44.71717279,23.97541176,6.02895974
40.05270149,14.89858505,4.97706811
44.13642355,25.51861880,6.34572076
43.97098062,25.43446405,6.32552759
44.23508917,25.76479493,6.39263290
42.05362350,18.85509143,5.36849909
42.71034935,20.10910170,5.50976235
43.33710155,21.32136222,5.65886824
40.46524335,15.75728388,5.05848471
41.91864460,18.53762140,5.33088785
42.90815696,20.51968453,5.56061934
41.18801493,17.20456818,5.19917525
42.66097799,20.01692388,5.49908392
41.51669511,22.06896747,5.82615977
42.27966759,23.01866530,5.95145079
41.12130477,21.58483929,5.76558159
40.98978217,21.41881301,5.74550720
41.25285292,21.74822475,5.78568831
40.31984466,20.56183105,5.64624390
42.86776159,23.78934458,6.05987362
39.90775014,20.02692903,5.58769783
43.20539024,24.25163294,6.12871182
43.42168868,24.56336323,6.17713993
38.46153371,18.16685375,5.40297639
38.60986964,18.35902812,5.42065463
39.48291737,19.48447258,5.53042433
38.01334564,17.58334363,5.35076693
38.16323359,17.77914469,5.36805607
41.28786738,17.36188214,5.21259639
41.84595418,22.21060251,5.85211125
41.77763697,22.39455273,5.86799654
41.90791202,22.55330759,5.88892348
44.12853862,22.88395737,5.87008934
44.76792137,24.03949270,6.03712994
44.25157443,23.03039425,5.88575646
41.36313371,17.56751531,5.23712982
45.09566952,24.71059327,6.14895813
43.05296659,20.75935670,5.58758627
43.00770183,20.69341249,5.58073447
43.54007989,21.78116844,5.72221756
41.55303953,17.92982824,5.27366724
40.94831257,16.74119630,5.15361066
41.69186864,18.15061919,5.29347587
44.31062561,23.23026415,5.91926133
44.27617502,23.12474064,5.90189163
40.21881152,15.41455389,5.03640717
43.26581833,21.24429517,5.65250858
40.18245173,15.31540220,5.02565272
42.32901751,19.40674656,5.43066814
42.26114679,19.26473169,5.41408546
42.31427710,19.32569568,5.41838134
43.62690081,24.87467649,6.22757837
43.71359344,25.03719181,6.25429605
43.52682366,24.72064140,6.20233222
42.40244039,23.17394568,5.97282760
42.51893126,23.32576322,5.99388444
42.15336660,22.86460343,5.93034945
42.63947327,23.48206106,6.01590330
42.98586756,23.94400117,6.08267113
43.09595400,24.09756888,6.10545096
43.31407792,24.40671161,6.15256619
40.85435257,21.25422339,5.72561370
40.72464598,21.08686695,5.70601882
40.59082113,20.91486601,5.68611406
37.40603543,16.79184397,5.28291335
37.55867072,16.99109431,5.29965759
37.25268865,16.59191910,5.26631074
41.65042356,22.23287352,5.84718539
41.38450276,21.91365389,5.80623951
42.02653313,22.70600561,5.90903572
39.62505432,19.66748212,5.54938935
39.33990570,19.30033153,5.51165700
39.19566900,19.11494647,5.49307762
39.05010782,18.92882422,5.47471347
38.90385877,18.74043075,5.45650632
40.45506032,20.73979122,5.66613911
40.04636209,20.20659455,5.60711238
40.18343915,20.38679965,5.62675061
39.76654654,19.84831597,5.56848275
38.31256872,17.97366573,5.38544960
37.86251773,17.38672819,5.33359198
37.71078693,17.18940662,5.31654809
38.75722150,18.55031604,5.43849000
42.77076055,20.16673758,5.51303614
42.59839393,19.93792828,5.49229364
39.94989322,14.57403911,4.93856632
45.24430386,24.79890930,6.15315606
41.51802424,17.82666842,5.26088810
41.51357033,17.72508202,5.24449490
42.00240991,18.32342822,5.28028134
42.01007243,18.26841962,5.26798311
42.05213924,18.29431128,5.26516893
41.93881681,18.29535235,5.28531238
41.21275675,16.88984417,5.14166436
41.21060519,16.82573479,5.13015107
41.28640628,16.86361567,5.12359548
41.13842779,16.88449033,5.15205894
43.41368223,21.18464922,5.62337220
43.41156043,21.10489073,5.60758433
43.49240283,21.14157212,5.60209254
43.35206948,21.23227045,5.64048394
43.33027813,21.16458959,5.63029676
41.82752866,17.87283433,5.22228997
41.82609959,17.82136156,5.21177148
44.74767472,23.82267195,5.99313625
44.80217216,23.76130351,5.97256865
41.05169284,16.73696911,5.13911953
41.09078940,16.67137742,5.12171475
41.14784965,16.71349325,5.11995819
41.07996947,16.61013154,5.11236098
41.16104314,16.63095014,5.10175006
40.12500388,14.87446989,4.96246399
40.15409117,14.80084172,4.94473776
40.20724289,14.85432948,4.94497729
40.06648499,14.82421752,4.96291124
41.60732755,17.75957190,5.23772371
41.58626470,17.69343923,5.22905746
41.64244384,17.69568560,5.22080545
41.54493096,17.64562225,5.22658568
41.62279018,17.64155063,5.21390075
40.10913776,14.74067376,4.94172092
42.07063252,18.48572822,5.30020487
42.00188512,18.54358888,5.32116335
41.97767836,18.46778366,5.31100473
42.97003709,20.42860448,5.53660642
42.95773223,20.34526357,5.52248930
43.04468792,20.35518224,5.51161405
42.87975682,20.32192125,5.52812948
42.96354792,20.26831055,5.50676623
44.44344100,23.18208045,5.89420364
44.51306948,23.20502961,5.88967015
44.45870343,23.25303970,5.90720895
44.43552762,23.10162806,5.87809139
44.50429562,23.14241713,5.87703525
41.85380100,18.07982964,5.25845375
41.87314863,18.15253804,5.26900868
41.79365237,18.15493254,5.28112697
41.93380071,18.17554313,5.26330063
42.84080636,20.14135743,5.49962593
42.91357321,20.15341486,5.49160389
42.66694520,19.80609001,5.46025530
42.66765539,19.87144692,5.47218792
44.31776924,23.05486712,5.88319640
44.32193690,23.00058486,5.87157589
44.39318556,23.02745082,5.86797568
44.27960985,22.94839988,5.86601232
44.37518740,22.94000142,5.85161078
44.79400676,23.91837192,6.00831030
44.82227808,23.97887012,6.01809725
44.87931738,23.90613682,5.99464466
42.46039076,19.45051168,5.42238392
42.41176416,19.41154542,5.42160681
42.49500536,19.37069429,5.40274484
41.25223941,16.93306463,5.14311774
41.21458406,16.98957000,5.15925017
41.16846008,16.94522249,5.15824320
41.22755861,17.05199998,5.16826563
42.40844972,19.32992459,5.40737658
42.36339183,19.25885421,5.40049215
42.45545780,19.25520066,5.38662180
43.58206079,21.63021468,5.68881831
43.60764373,21.70920543,5.70098986
43.57997359,21.55351937,5.67407889
43.67062228,21.58343527,5.66731999
41.45668926,17.53916058,5.22040585
41.55390523,17.49898336,5.19855344
43.97153683,22.31168682,5.77495458
42.80676318,20.09407838,5.49528171
44.85212422,24.05156032,6.03041235
43.14234332,20.76817945,5.57855753
43.06957496,20.61580037,5.55904138
41.33682349,17.27073201,5.19067781
44.19564886,22.79743732,5.84540213
43.31230126,21.07444581,5.61532727
41.25510574,17.12706590,5.17734458
42.62839381,19.75601581,5.45612054
41.61755534,17.85328194,5.25263832
40.45413817,15.57949173,5.03123842
44.96940543,24.26681272,6.06406974
42.68337017,19.93589909,5.48193212
40.20549167,15.19439068,5.00357436
40.30670784,15.35797760,5.01595480
44.39248769,23.22723295,5.90970742
45.09345686,24.53740586,6.11034281
44.36741942,23.15963499,5.89878491
42.25009164,19.01546957,5.37177304
42.28195443,19.09614875,5.38200853
40.18524968,15.08848979,4.98922124
44.07010658,25.98874130,6.42461962
44.24608824,25.92050996,6.42179816
43.89782312,25.79702053,6.38048337
43.65066095,21.77643076,5.70882385
42.11208013,18.76288549,5.34518229
41.01197900,16.66558117,5.13258898
40.99615767,16.58254372,5.12063689
43.10477986,20.69201927,5.56893349
42.82976025,19.96492977,5.46715515
43.42330886,21.25856655,5.63663893
43.44815877,21.33697817,5.64869123
39.90658011,14.50169047,4.93300498
43.00600966,20.50199264,5.54575996
41.51525938,17.58144924,5.21955340
44.66863067,23.70933835,5.97820507
40.41470173,15.49787983,5.02346070
42.76902371,20.02852530,5.48803208
45.15974782,24.61795147,6.12109245
41.38425052,17.34058157,5.19609266
43.69967265,21.83450465,5.71415628
43.18188224,20.84623588,5.58833640
45.20063895,24.71670436,6.13908587
40.39659769,15.40834571,5.01116299
40.17295437,14.91789460,4.96230454
42.06518081,18.68294701,5.33729740
44.23397222,22.87866315,5.85727957
44.53508810,23.49725489,5.94904801
43.60498672,25.20570760,6.27328985
40.57870368,15.75456618,5.04204139
40.52365229,15.65905029,5.03422720
42.32380198,19.18005524,5.39153500
42.75376353,23.63539754,6.03768558
42.89302119,24.12617906,6.10007147
43.42557951,24.89745280,6.22164667
40.53203149,21.09725648,5.69610565
40.39934486,20.92219237,5.67589079
39.85640558,20.20988813,5.59612544
40.26444394,20.74467630,5.65564401
43.21814369,24.58714154,6.17128841
41.45502579,22.25529900,5.83965177
38.42318661,18.34999738,5.40777623
38.27507982,18.15683318,5.38996645
40.92777388,21.60308933,5.75682004
38.86267917,18.92341449,5.46230314
38.71676924,18.73330930,5.44390983
42.55226397,23.66537323,6.03217321
42.66690718,23.81906856,6.05447923
37.52527048,17.17457711,5.30303585
37.37330146,16.97539323,5.28607846
41.19084729,21.93273282,5.79797489
39.29445983,19.48321008,5.51860259
42.31892942,23.35809271,5.98840626
41.58224928,22.41703500,5.86064696
41.70955480,22.57870589,5.88191658
42.55075917,19.57030396,5.43225689
43.77455466,25.52547498,6.32982215
43.00233546,24.27923278,6.12327533
43.32373358,24.74271588,6.19627080
41.82968306,22.73697780,5.90277241
41.95627256,22.89201179,5.92395215
42.08079089,23.04940429,5.94552516
43.52151717,25.04713593,6.24678939
42.20197664,23.20378629,5.96692692
42.43801999,23.51092427,6.01016291
38.12635840,17.96231838,5.37230693
37.97723230,17.76658085,5.35479686
40.12898514,20.56901519,5.63574802
38.57034827,18.54208707,5.42574291
42.78292071,23.97317004,6.07727936
40.79618862,21.43808142,5.73660727
40.66202354,21.26930096,5.71621406
37.22077721,16.77555597,5.26928519
41.32222330,22.09776609,5.81895755
39.57739854,19.85031236,5.55712275
39.71791100,20.03128878,5.57662193
39.43631652,19.66731875,5.53776504
39.00777511,19.11180815,5.48089322
39.15173688,19.29794898,5.49964412
39.99337804,20.38916610,5.61583358
37.82749133,17.57007951,5.33741643
37.67681388,17.37285117,5.32016103
42.17053150,18.84221106,5.35141725
45.28771013,24.86960336,6.16474180
42.59531493,19.69066943,5.44846816
41.29205440,17.19763134,5.18433088
44.35715995,23.09340819,5.88641927
39.88818224,14.42150155,4.92229277
40.76755527,15.78961457,5.01452536
40.71205404,15.81804944,5.03103427
40.72541310,15.74650660,5.01474602
40.82377982,15.79333602,5.00239656
40.77838178,15.83917213,5.02217664
44.55649197,23.11550114,5.86189749
44.51893673,23.08000194,5.86023802
44.60908475,23.11947453,5.85220111
44.56668680,23.16191760,5.87118246
42.53390458,19.25425656,5.37289224
42.49164005,19.30351033,5.39027932
43.05995766,20.12115706,5.45685943
43.03037936,20.16594734,5.47378308
42.99480550,20.13115924,5.47310218
43.03760888,20.22409300,5.48521690
42.97223340,20.19347440,5.49034782
40.47683223,15.22542977,4.96302768
40.43253745,15.18298760,4.96389382
40.50592970,15.17885395,4.94653598
40.48562964,15.28574835,4.97319898
40.42235829,15.25343170,4.97936062
43.65069796,21.52482535,5.65806261
43.64172006,21.48055995,5.65006598
43.69736117,21.48447449,5.64106910
43.59314025,21.44674748,5.65060424
43.67116492,21.43964742,5.63582578
40.35268933,15.02726408,4.94968222
40.27334909,15.04794820,4.96846590
43.02383369,20.29220022,5.50209957
43.07524722,20.30101650,5.49486753
40.36057493,15.22000502,4.98426681
40.29867475,15.18937220,4.98905825
41.11569920,16.50835449,5.08633778
41.07529282,16.55480510,5.10291689
41.04083159,16.50896406,5.10037920
43.59736099,21.50244128,5.66144795
45.13858929,24.45904881,6.08704385
42.62196533,19.56864956,5.42152680
42.64807036,19.62656524,5.42878966
42.67663927,19.68375846,5.43554779
41.94280319,18.35216001,5.29515381
41.99833614,18.38583402,5.29289900
40.28684111,15.26214646,5.00310111
40.35641321,15.28383978,4.99615471
43.69521335,21.71999922,5.69191217
43.74262863,21.76673426,5.69477058
43.69038928,21.65535890,5.67935042
43.77505454,21.69646207,5.67461193
45.01467410,24.19434119,6.04211933
44.72240579,23.64290476,5.95708742
40.71592162,15.88701200,5.04298802
44.05134772,22.34117781,5.77017206
41.31927685,17.06212431,5.15591150
40.89057049,16.22776853,5.07462716
41.59291073,17.57933849,5.20716901
39.95777095,14.44420942,4.91477474
45.33997199,24.78935930,6.13913461
43.86774752,21.97233023,5.71927868
41.69154118,17.80048014,5.23238463
43.05228351,20.55039303,5.54889829
43.12275345,20.54842183,5.53852539
43.97998201,22.22464056,5.75591840
42.31729318,18.95107324,5.34970641
44.88432435,24.12810052,6.04337477
44.95397268,24.05158735,6.01755873
43.24971985,20.76258358,5.56235576
43.33008966,20.91060615,5.58017986
40.83258280,16.08051409,5.05784551
41.43949240,17.25707490,5.17219941
44.30028533,22.79247527,5.83049182
43.79785328,21.82704809,5.69915366
40.24363994,14.91832088,4.95013516
41.80271848,18.00451991,5.25258118
40.49104199,15.43203291,4.99979758
40.05193427,14.57876122,4.92248971
45.18671776,24.52825371,6.09697425
44.17506356,22.60657874,5.80866926
45.28952814,24.71810181,6.12860762
44.61674226,23.45432272,5.92988612
43.19775600,20.69016494,5.55566237
45.09553529,24.32630600,6.06178480
40.74107089,15.95341104,5.05063303
40.96264471,16.36676621,5.08763641
42.53971901,19.43759658,5.40880252
42.59105046,19.49705162,5.41235735
44.53566307,23.26884913,5.90047681
42.72121577,19.74250730,5.44011164
42.69766013,19.56541817,5.40775259
42.25138737,18.84919356,5.34067997
42.31890919,18.87358333,5.33394669
42.88669053,20.08585977,5.48233102
43.51320110,21.26821257,5.62571725
43.47518504,21.20860486,5.61922762
43.59685976,25.95927788,6.38129529
43.73527868,25.88537992,6.38260167
43.69793289,26.04437878,6.40441120
43.45294857,25.96092498,6.36615107
43.56994602,25.81228610,6.35701778
41.93592329,18.10401717,5.24859392
41.29959707,16.99093790,5.14589555
42.09065607,18.54726189,5.30871832
43.63085759,25.65023593,6.33858932
43.57845889,25.51936095,6.31580887
43.47131492,25.67184647,6.32816166
40.40518094,15.32607419,4.99556292
40.47346237,15.35886299,4.98952456
43.88922843,25.97721473,6.40991936
40.30154357,14.97180802,4.94919527
43.76037470,25.72267545,6.35916233
44.75677029,23.70188873,5.96552367
44.69538757,23.57844182,5.94648060
44.22871259,22.66079958,5.81253253
44.25304138,22.72273569,5.82232909
43.57854217,21.38785200,5.64053603
44.60196329,23.38376550,5.91640878
41.01024875,16.43772591,5.09248654
40.49418277,15.50767481,5.01279144
42.38179066,19.10585593,5.36935999
40.00868171,14.49820273,4.91554879
44.04822389,22.27164437,5.75567811
43.92996166,22.10875918,5.73882314
43.97079819,22.15717499,5.74298757
42.85813449,20.02541549,5.47474939
41.18920849,16.76521071,5.12247649
42.20344345,18.75433354,5.33015838
45.14304634,24.37910686,6.06760508
45.24527181,24.57976637,6.10128628
43.09131626,20.48756223,5.53109810
40.60658167,15.61200939,5.01206519
40.55354939,15.55493518,5.01111742
40.65926313,15.77918730,5.03329637
40.65937329,15.71502141,5.02152613
43.06005772,20.42612935,5.52355638
42.17207737,18.67771983,5.32050049
40.78126287,16.01562366,5.05497688
44.56411825,23.33154101,5.91023229
44.17292836,22.52228691,5.79086986
44.97981431,24.12913294,6.03183264
43.35656175,20.98983408,5.59238296
44.68405536,23.50420626,5.93144958
43.39467705,21.04087757,5.59698623
40.85936340,16.16030156,5.06773796
43.89355094,22.04463942,5.73068190
44.32667483,22.87208604,5.84389813
43.54075097,21.34008012,5.63642806
43.82570187,21.90137864,5.71062339
42.42795495,19.17783301,5.37595417
40.07662975,14.66651977,4.93403877
44.90717586,23.98247452,6.00819377
44.82169450,23.84310941,5.98829900
44.11968745,22.46842859,5.78725853
44.07804724,22.40695162,5.78023392
41.38642381,17.19275736,5.16907407
41.34941117,17.12618659,5.16281920
43.49836687,25.36663466,6.28882503
43.32177638,25.07171047,6.23794509
43.11081125,24.43276905,6.14698572
43.12103154,24.76671636,6.18731911
40.47037479,21.27929713,5.70382540
41.38642465,22.44061540,5.85047218
42.79977220,24.30813062,6.11483095
42.35097901,23.69530832,6.02352536
38.82033685,19.10628674,5.46649975
38.67562375,18.91625188,5.44777084
38.23678677,18.33992580,5.39292793
38.08894857,18.14545270,5.37502249
41.88202360,23.07737448,5.93627434
42.58019448,24.00298486,6.06878655
42.46557987,23.84924482,6.04597153
42.11887226,23.38820419,5.97957453
41.63340907,22.76207850,5.89300159
37.34000052,17.15888860,5.28781134
37.49137245,17.35801723,5.30497222
39.38865844,19.85008247,5.54335050
39.52854795,20.03304641,5.56304513
40.60340005,21.45226759,5.72460652
40.73443123,21.62145333,5.74526860
41.70100508,17.72269040,5.21599320
42.90821911,24.46063996,6.13847638
39.80331280,20.39265769,5.60257077
39.93890333,20.57165178,5.62254588
39.66648558,20.21394702,5.58277194
39.24787920,19.66599489,5.52383377
39.10630401,19.48079124,5.50451916
38.96383995,19.29462095,5.48542163
41.51226650,22.60140056,5.87176173
41.12850962,22.11724662,5.80812193
43.22390094,24.92051999,6.21258486
43.01545294,24.61339906,6.16261561
42.00177036,23.23376647,5.95794273
41.75864582,22.92155257,5.91471011
43.98083150,26.12786532,6.44338352
42.23639290,23.54259246,6.00155541
37.94045198,17.94975928,5.35728012
37.79146474,17.75332451,5.33970685
37.64185883,17.55619019,5.32227404
40.20825976,20.92740340,5.66302399
40.34022827,21.10427963,5.68341000
40.07368174,20.75123897,5.64275350
38.52997274,18.72507026,5.42926231
38.38373274,18.53302812,5.41099322
40.86576286,21.78727536,5.76599413
41.05909741,21.76884576,5.77732848
40.99720166,21.95303144,5.78698472
37.18813968,16.95911565,5.27083205
37.03572790,16.75865914,5.25402677
37.06754748,16.57502547,5.25264230
36.88265797,16.55717995,5.23737894
42.23936753,18.80154134,5.33341435
42.35372055,19.02483876,5.35813524
41.96010617,18.23208298,5.26976881
42.07712403,18.41176089,5.28452480
42.12228101,18.61083480,5.31575175
43.41399326,25.21710384,6.26296082
41.47299532,17.33570229,5.18137646
43.28259894,20.84280385,5.57366785
41.80551071,17.78749070,5.20891850
41.85509870,17.78180695,5.19640061
43.76682337,21.63984889,5.66340543
43.83136698,21.64414459,5.65129486
42.06158681,18.34274363,5.27338432
42.10770897,18.29438328,5.25314019
43.10839766,20.22007602,5.46932760
43.07533403,20.26222710,5.48629415
43.10541739,20.32471358,5.49426436
43.11611835,20.37148506,5.50253781
43.16109882,20.32318714,5.48187917
40.60734820,15.50175162,4.99070575
40.63233871,15.54667754,4.99441859
40.66454000,15.49258551,4.97588717
40.60626206,15.38054035,4.96579282
40.56651459,15.41965318,4.98291403
40.54266015,15.37372084,4.97877082
40.55772000,15.47530811,4.99553422
40.42101396,15.12766681,4.95531393
40.47664507,15.12936933,4.94296494
40.42046762,15.02395878,4.93383328
40.39051304,15.06273798,4.94878537
42.02240082,18.22279807,5.25612506
42.05936668,18.18705484,5.24006563
42.07562480,18.24298579,5.24896428
41.76650563,17.71621501,5.20201627
41.75860454,17.76572839,5.21386842
41.79932942,17.68005238,5.18666369
41.81978639,17.73481100,5.19419590
43.78367010,21.53678427,5.63544417
43.74133216,21.57139378,5.65258402
43.71874495,21.53270977,5.64802476
43.73443127,21.60957640,5.66245553
42.53486333,19.10310200,5.33908896
42.50023719,19.14749491,5.35668951
42.46607860,19.10766027,5.35492545
42.51225895,19.19809365,5.36515743
41.11155041,16.35688858,5.05545299
41.08033053,16.40289954,5.07229306
41.04399809,16.36194244,5.07155220
41.09129352,16.45375920,5.08032737
45.43498949,24.70841109,6.10261391
45.40449126,24.75490721,6.12074545
45.36828028,24.71492570,6.11637137
45.41765712,24.80319257,6.13113021
45.19973434,24.35880217,6.05368794
45.20611299,24.40758817,6.06491592
45.25504834,24.36443573,6.04474925
45.30224389,24.55585826,6.08648156
45.26743451,24.51805488,6.08266286
45.33295642,24.51400326,6.06964383
45.31242636,24.60256408,6.09674096
45.02219611,24.01977059,5.99929704
44.98792397,23.97910168,5.99515224
45.05350347,23.97375176,5.98140072
45.03497648,24.06990980,6.00952266
44.97613037,23.82552429,5.95825696
44.94454007,23.87207116,5.97629833
44.90933005,23.83244444,5.97267831
44.95765897,23.92250452,5.98642579
45.05917725,24.12840948,6.01987261
45.08832815,24.18121671,6.02805360
45.12042033,24.22001609,6.03230388
45.06032344,24.25582728,6.05015046
44.89858025,23.67909975,5.93597890
44.86734011,23.72580997,5.95392749
44.83118591,23.68899536,5.95124691
44.88016643,23.77777477,5.96436772
42.67197630,19.50968437,5.40075630
42.65978642,19.45839128,5.39207391
42.71588401,19.46040606,5.38033322
42.62138145,19.42114157,5.39156604
42.68964246,19.41157028,5.37499647
42.43640573,19.04960692,5.34839401
42.42296073,18.99580000,5.33956513
42.48236155,19.00153565,5.32778042
42.39132679,18.95498444,5.33715575
42.45610944,18.95074915,5.32215314
42.79958924,19.76356454,5.43077623
42.78959445,19.70859691,5.42078821
42.84604981,19.71400071,5.40976650
42.75568438,19.67062274,5.41919184
42.82213308,19.66389273,5.40348700
44.73840531,23.47413102,5.91550012
44.69970704,23.43671201,5.91330515
44.76779262,23.42745595,5.89791600
44.75070267,23.52479374,5.92557225
42.25209675,18.69407733,5.30942603
42.23875582,18.64182477,5.30102794
42.29564973,18.64587191,5.28942872
42.20481770,18.60142491,5.29926575
42.27231693,18.59516953,5.28324473
42.93377849,20.02352174,5.46134108
42.96144448,20.08019321,5.46837264
43.33027071,20.78050506,5.55218728
43.31681910,20.72530030,5.54238688
43.37473380,20.72768068,5.53028160
43.27865339,20.68320650,5.54038593
43.34849010,20.67690238,5.52399759
43.39606012,20.87756705,5.56123365
43.42722310,20.82924132,5.54291252
43.45346826,20.88002456,5.54925996
43.35979884,20.83596909,5.55892822
43.60771029,21.18788745,5.58934790
43.57867020,21.23419871,5.60670447
43.53859276,21.19495284,5.60550076
43.59210820,21.28459829,5.61561768
41.58347944,17.37152897,5.16773040
41.54851252,17.33012805,5.16630602
41.61518177,17.32376536,5.15014862
41.59898567,17.42383468,5.17543696
41.50510182,17.21957702,5.15226018
41.46819328,17.18006718,5.15165504
41.53465622,17.17350920,5.13557955
41.51972693,17.27205149,5.16015825
41.36994254,16.96083148,5.12653425
41.33097361,16.91992776,5.12612666
41.40045018,16.91632237,5.11003538
41.38009020,17.01170245,5.13494475
43.88068990,21.84400487,5.68882829
43.86772971,21.79114922,5.67904321
43.92593057,21.79464623,5.66733379
43.82576322,21.75267910,5.67815493
43.89679854,21.74580580,5.66176710
44.10506202,22.24675005,5.74001508
44.13594168,22.20161213,5.72228161
44.15947156,22.25125915,5.72957376
44.06850655,22.20986584,5.73830555
40.91121033,16.09807876,5.04617976
40.89783567,16.04592630,5.03852480
40.95599940,16.04896662,5.02585851
40.86273281,16.00439243,5.03755685
40.92956366,15.99785420,5.02115302
44.23454898,22.49873358,5.77487026
44.24243339,22.55083405,5.78566376
44.29140679,22.50490695,5.76446698
40.71235011,15.68880773,5.00597894
40.77085533,15.69101993,4.99305132
40.67204327,15.64432530,5.00553896
40.74438591,15.63984615,4.98838518
43.95343655,21.99210406,5.70933022
43.97971837,22.04856127,5.71745767
43.94024079,21.94233262,5.70029017
44.00080908,21.94578543,5.68829702
40.66449844,15.58617115,4.99551138
40.71791170,15.58866388,4.98372333
40.69304506,15.53971672,4.97915787
44.37985379,22.81097474,5.82168552
44.36624926,22.75852356,5.81177301
44.42479337,22.76208125,5.80058630
44.33121639,22.71693711,5.80839683
44.39851290,22.71105004,5.79332217
40.52898392,15.32609989,4.97212317
40.58485341,15.32943673,4.95992160
40.55895757,15.28136671,4.95581985
44.45338597,22.96485313,5.84470066
44.44326714,22.90988999,5.83353242
44.50055145,22.91572017,5.82337464
44.40905221,22.86883134,5.83003719
44.47738533,22.86417940,5.81519956
43.46140375,21.03787705,5.58480124
43.43522607,20.98361580,5.57760145
43.50320970,20.98349013,5.56314478
44.58461316,23.21787090,5.88129042
44.61249200,23.27264789,5.88940497
44.63223687,23.16908525,5.86001557
40.26580072,14.81886151,4.92644561
40.22851799,14.78223938,4.92702838
40.29412396,14.77134516,4.90992789
40.28061004,14.86518040,4.93258868
40.09164047,14.51003702,4.90166057
40.07438648,14.45871430,4.89507099
40.13408618,14.46001340,4.88157187
40.03150367,14.41346919,4.89510758
40.10747869,14.40857738,4.87694494
40.96556166,16.21441665,5.05813629
40.93605991,16.15902280,5.05317115
41.00390489,16.15660599,5.03768827
44.13284653,22.35132134,5.75924275
44.16388692,22.40609213,5.76628741
44.11354329,22.29402258,5.74950886
44.18049399,22.30221568,5.73779064
44.79891280,23.63817294,5.94450004
44.77252783,23.58312051,5.93579834
44.84100590,23.58116155,5.92247042
44.64121972,23.32787809,5.89751890
44.66807562,23.38228599,5.90579706
43.16729778,20.48367159,5.51745352
43.20015620,20.53478791,5.52248291
43.23426808,20.57445133,5.52470336
43.16581767,20.61273716,5.54488527
40.79934357,15.89498807,5.02890661
40.84701247,15.84499082,5.00797928
42.27751368,18.74894299,5.31597188
42.30086604,18.80417904,5.32300591
42.31896756,18.69812506,5.29598334
41.22547026,16.71381880,5.10556566
41.25480019,16.76580137,5.11016896
41.20719807,16.66765922,5.09990969
41.26688900,16.66251157,5.08553713
44.26912154,22.60913865,5.79441527
44.30100065,22.66188972,5.80097526
44.31438603,22.55793340,5.77288790
42.88243309,19.91327983,5.44725209
42.90683516,19.96728041,5.45428745
42.86689929,19.86714545,5.44021112
42.92547724,19.86639369,5.42739827
41.40263226,17.06811761,5.14192130
41.44980871,17.01729156,5.12081912
43.64371957,21.39030218,5.62980608
43.61889877,21.33916092,5.62290257
43.68661030,21.33912996,5.60859039
42.14435559,18.49429751,5.28872238
42.17142215,18.54712344,5.29444841
42.12820303,18.44691668,5.28200282
42.18756734,18.44597953,5.26898177
44.00930674,22.10369206,5.72469794
44.03729743,22.15766288,5.73198959
45.33491958,24.65944933,6.10757275
45.37977680,24.61035696,6.08662599
45.25498128,24.65047636,6.11696354
41.70043753,17.64937295,5.20151514
41.67073016,17.58342277,5.19389847
41.74064500,17.58467229,5.17910507
41.84850548,17.93893074,5.23174140
41.87575781,17.83086864,5.20263052
40.19277483,14.72905945,4.92392365
40.15979375,14.67032875,4.91915123
40.23257317,14.67072977,4.90314792
41.88516700,18.00035390,5.23719328
41.92115232,18.04676347,5.23967721
41.92320938,17.94017169,5.21615830
40.13294097,14.60766808,4.91236312
40.12380768,14.55408290,4.90362912
40.18118470,14.56312426,4.89239622
41.99930055,18.18276401,5.25238749
45.13620592,24.26906460,6.04188137
45.16631433,24.32041155,6.04968079
45.17629974,24.22172555,6.02233476
41.64140143,17.52190742,5.18711487
45.23259202,24.46519165,6.07502843
45.27571778,24.41509757,6.05428830
41.74813969,17.68025144,5.19826651
41.98261113,18.13821427,5.24638848
42.37102255,18.90792966,5.33116674
42.86764575,19.76898598,5.41775443
43.24811046,20.62681762,5.53370043
43.29268790,20.57518454,5.51224169
41.13991754,16.56397263,5.09260841
41.21051779,16.56657783,5.07782166
40.30529255,14.91025730,4.93636941
40.36335274,14.92017652,4.92528255
41.01266584,16.30592833,5.06674624
40.99867439,16.25455319,5.05933384
41.05658165,16.25582411,5.04659007
43.48896874,21.08042311,5.58911867
43.55002304,21.08452423,5.57718677
42.58524948,19.36586645,5.38670672
42.55818864,19.30941203,5.37991558
42.62945725,19.31007041,5.36526688
44.48221359,23.02686986,5.85417905
44.52353132,22.96988367,5.83227864
41.43175246,17.12576789,5.14785065
40.60778199,15.67742825,5.02383440
40.82661068,15.94932672,5.03405937
40.93292943,16.29259451,5.07916084
45.37023666,24.86141557,6.15269588
44.20057915,22.45873820,5.77182882
43.40869740,20.92853480,5.57030628
41.68736157,17.47708755,5.16751997
41.63003813,17.46933163,5.17854029
41.28299094,16.80608710,5.11262423
41.34490399,16.81507338,5.10074991
41.97987247,18.04301207,5.22609348
43.23845764,20.47857897,5.50143330
44.07761574,22.10367575,5.71072472
45.12534648,24.12649727,6.00727157
44.70902103,23.32746833,5.88450239
40.79731895,15.74218206,4.99772167
42.13094017,18.34766574,5.25981844
43.80274321,26.16394942,6.43424249
43.70800374,26.32698004,6.45208965
43.62363226,26.20077581,6.42147274
43.38871868,25.53097155,6.30188912
43.28324103,25.68983558,6.31155227
43.37714707,25.82568349,6.33928493
43.53097740,26.08619037,6.39314183
43.88103545,26.29413740,6.46479031
42.36838059,18.80651316,5.30936245
42.72327976,19.62056688,5.41465362
43.90776391,21.90084230,5.69683382
43.21552072,25.24327662,6.25085914
42.69047814,24.15578116,6.09163964
42.70616031,24.48984571,6.12668307
40.54194391,21.63487100,5.73049642
40.41147262,21.46178099,5.70951663
39.47708840,20.21547771,5.56683100
38.19743169,18.52289550,5.39422686
38.05073709,18.32849923,5.37610471
37.75480126,17.93649954,5.34037924
39.88356574,20.75411200,5.62709316
41.25920581,22.28200098,5.82951906
41.31531949,22.62537898,5.85853868
37.15495825,17.14261112,5.27087538
37.30619851,17.34232796,5.28802970
42.26403821,23.87976402,6.03405799
42.37767311,24.03329264,6.05689454
38.63329991,19.09906626,5.44993232
41.91876428,23.41780971,5.96732095
40.80393043,21.97139515,5.77284272
40.93468173,22.13723710,5.79426165
41.56145390,22.94625467,5.90183137
41.68314415,23.10563579,5.92373021
43.30527668,25.38551463,6.27598381
43.02244397,24.94503627,6.20029603
43.12168890,25.09607371,6.22563261
42.91916968,24.79328571,6.17528366
40.27927427,21.28622719,5.68853642
40.14897533,21.10970265,5.66796027
41.06433971,22.30160432,5.81576143
42.48826465,24.18611135,6.07983942
40.67274693,21.80477279,5.75161008
42.14962269,23.72667237,6.01158477
42.03527341,23.57259363,5.98939712
41.80203810,23.26186461,5.94546719
38.77643209,19.28897871,5.46893983
38.91847449,19.47726877,5.48815180
38.48888478,18.90798388,5.43113365
42.81351593,24.64164091,6.15075898
42.59769450,24.33813032,6.10306840
39.61340127,20.39641416,5.58678823
39.74886562,20.57527061,5.60684389
39.20023124,19.84867958,5.52718592
39.33964396,20.03271070,5.54697593
41.19034147,22.46570807,5.83720424
41.43731019,22.78540564,5.87992153
39.05977315,19.66351061,5.50756563
37.45651274,17.54134064,5.30533359
37.60594509,17.73941362,5.32278150
37.90314082,18.13288503,5.35815416
40.01722171,20.93341355,5.64754533
38.34346030,18.71597056,5.41255975
37.00320971,16.94220553,5.25390946
36.85095250,16.74079839,5.23712667
43.00225056,20.02224322,5.44665660
43.14000826,20.42681442,5.51014008
44.58376353,23.07192526,5.84542862
43.12828773,20.27546784,5.47802143
40.62490731,15.44185011,4.97449498
40.44488949,15.07770697,4.93951513
43.79855779,21.59143671,5.64561105
41.13786595,16.40596500,5.05988740
41.16096806,16.45792937,5.06576862
45.15195131,24.17438127,6.01462347
44.23782920,22.40624549,5.75133928
44.20716601,22.35519488,5.74525160
44.26720481,22.45617483,5.75745055
42.97700524,19.96832888,5.43966654
42.42909966,18.90322910,5.31748802
42.34341619,18.75140931,5.30251858
43.18447356,20.37399689,5.48870315
43.21007240,20.42705974,5.49556896
42.50540460,19.05343064,5.33444926
45.10169388,24.07384894,5.99808597
45.02513944,23.92582810,5.97458324
43.97514239,21.89717194,5.68190405
44.05001906,22.05096260,5.70366346
44.10753974,22.15419614,5.71671736
44.44833104,22.81445495,5.80884193
44.55048005,23.02279372,5.84001739
41.32189271,16.76295356,5.09465145
41.29552743,16.71346382,5.08997244
42.79253781,19.61611782,5.39911698
42.76576879,19.56406352,5.39308656
42.89688614,19.81911258,5.42283495
40.34403674,14.86915123,4.91894045
45.00203319,23.87507452,5.96594543
40.15779658,14.51054679,4.88672314
44.94743333,23.77808125,5.95175732
40.53244466,15.23011196,4.95117691
43.39819289,20.78081664,5.53783195
43.47578223,20.93204777,5.55687043
43.52864429,21.03420142,5.56972973
42.65905160,19.36138383,5.37037523
42.73917532,19.51220987,5.38708227
42.24323352,18.54624537,5.27886360
42.15903415,18.39833031,5.26478895
41.66448821,17.42505878,5.16123096
41.58656664,17.27454340,5.14590793
43.66068385,21.28709466,5.60166022
43.73871025,21.44110769,5.62193359
43.71299317,21.39043714,5.61525252
43.76234544,21.48893320,5.62840881
45.20179698,24.27005561,6.03011965
45.23172433,24.31756815,6.03682089
44.86875429,23.63212857,5.92995109
44.81709561,23.52744648,5.91350126
45.30413534,24.46626765,6.06244852
42.00756087,18.09155226,5.23057615
41.89617588,17.88395531,5.20982403
41.56254443,17.22192802,5.13979103
41.50409959,17.12365236,5.13169065
41.42855432,16.96520652,5.11422833
40.97944374,16.10180592,5.03168396
42.60433265,19.25661846,5.35864922
42.58062129,19.20373382,5.35184893
42.55919869,19.15183880,5.34474654
40.90008018,15.94855746,5.01759945
43.03025061,20.07389823,5.45248189
41.77285498,17.63349551,5.18245540
42.03590829,18.13777053,5.23437488
40.26371328,14.72336951,4.90696146
44.68386159,23.27391932,5.87602089
44.65525064,23.22172012,5.86866329
44.92291631,23.72801736,5.94371848
43.26721036,20.52644607,5.50633722
43.31841318,20.62640250,5.51871497
43.86277329,21.69615231,5.65712809
42.94906782,19.91689530,5.43392197
43.94974465,21.84699393,5.67507179
40.39089262,14.97316912,4.93004277
44.37006989,22.66184144,5.78704732
45.40571841,24.66039886,6.09520385
41.18503858,16.51154429,5.07179707
45.35670276,24.56045169,6.07756690
44.73789377,23.37800282,5.89144549
40.86987561,15.89720142,5.01377000
41.23840430,16.61681415,5.08224442
44.34198753,22.60973528,5.77996884
43.57541203,21.13820975,5.58455421
41.08336351,16.30600838,5.05110204
43.63719349,21.23557892,5.59430245
43.19632986,25.55331068,6.28562521
43.10781018,25.41307344,6.26009702
43.01673648,25.26874494,6.23477736
42.71813142,24.82204399,6.15965344
41.48488497,23.13004018,5.90735832
39.28819560,20.21503280,5.54825097
42.39605664,24.36893710,6.08753164
40.08856629,21.29183367,5.67032043
38.87204994,19.65978547,5.48886492
38.73117078,19.47149990,5.46939894
38.01151704,18.51141353,5.37536650
37.86504495,18.31590834,5.35723742
37.56943366,17.92255572,5.32151740
37.42074535,17.72453875,5.30393212
40.48058376,21.81749067,5.73385981
40.35032412,21.64400003,5.71250451
41.24111128,22.80956442,5.86342818
42.17542255,24.06405052,6.04120517
39.69352555,20.75777017,5.60872239
38.44662015,19.09074921,5.43113049
41.71895000,23.44579873,5.95126926
41.83456574,23.60179567,5.97345838
40.74113154,22.15531132,5.77701559
40.86963143,22.32118543,5.79868002
42.50470536,24.52027043,6.11116267
42.06246207,23.91081952,6.01836652
42.82184230,24.97216619,6.18449641
41.36437754,22.96981204,5.88538165
39.82685800,20.93644871,5.62916937
39.95802905,21.11528565,5.64967920
39.55907552,20.57872728,5.58842351
41.94865133,23.75660509,5.99576291
41.60264902,23.28912083,5.92930286
42.92185920,25.12138845,6.20960235
40.22022386,21.46854174,5.69137374
40.99507931,22.48537647,5.82022247
40.61104950,21.98803248,5.75539358
38.58946586,19.28168885,5.45015655
38.30246890,18.89882315,5.41231312
39.42406831,20.39772252,5.56827214
39.01216588,19.84609404,5.50853098
39.15112215,20.03119175,5.52835730
37.27146764,17.52563849,5.28650871
37.12128623,17.32603586,5.26923820
37.71762232,18.11960645,5.33928775
38.15729956,18.70576520,5.39371729
36.97018152,17.12567623,5.25212151
36.81858711,16.92431878,5.23520216
36.66649487,16.72186635,5.21847772
44.79356744,23.47518211,5.90485512
41.95250366,17.99352614,5.22133062
41.47542663,17.07039512,5.12659474
41.36837027,16.86659035,5.10661496
40.32015346,14.81970503,4.91405030
42.21398248,18.49538749,5.27408395
45.07904221,24.02300445,5.98920809
41.64149689,17.37467731,5.15534248
41.71277130,17.52907865,5.17319629
43.08605523,20.16921666,5.46229727
41.03106054,16.20649009,5.04198710
45.46035406,24.75623480,6.11081662
40.20517852,14.61527517,4.89782628
44.02349873,21.99783168,5.69627485
43.78816919,26.45245942,6.48376164
41.11883757,22.64920498,5.84185607
45.44038770,24.61454691,6.07419262
45.23692097,24.22366636,6.00897017
45.26493240,24.27187451,6.01607529
45.36514552,24.46847143,6.04922512
45.31541012,24.36935673,6.03220759
45.33988594,24.41919437,6.04087834
45.21303964,24.17441975,6.00051298
45.16268957,24.07627884,5.98451436
45.18710241,24.12628898,5.99297485
45.13814357,24.02629788,5.97613717
45.11205328,23.97725683,5.96849809
45.08705506,23.92769990,5.96045113
45.06150311,23.87827469,5.95263331
45.03620866,23.82849342,5.94467848
44.98411014,23.72920930,5.92938175
45.00941662,23.77921891,5.93732295
44.95873463,23.67951511,5.92159034
44.93140622,23.63092809,5.91470074
44.90547156,23.58038404,5.90688730
44.87984160,23.52944240,5.89890956
44.80107202,23.37860067,5.87629468
42.67102558,19.25879094,5.34179859
42.64569982,19.20754521,5.33568056
42.72460131,19.36069747,5.35306294
42.75065055,19.41226884,5.35910807
42.59472543,19.10585501,5.32380518
42.56879155,19.05541265,5.31813518
42.80458577,19.51286828,5.37002243
42.82971375,19.56453688,5.37642655
42.88206225,19.66594309,5.38814390
42.90850469,19.71677320,5.39398493
42.48984429,18.90376110,5.30148894
42.39782633,18.85748117,5.31424141
42.46334711,18.85336407,5.29606987
42.96091295,19.81843815,5.40586768
42.93506049,19.76769755,5.39983647
42.40773888,18.75308307,5.28619037
42.38339854,18.70036603,5.27957300
42.98685176,19.86872783,5.41176960
43.01439679,19.91879590,5.41714754
43.06521131,20.02265939,5.43026185
43.09314820,20.07187202,5.43534780
42.30525572,18.54794965,5.26284041
42.27953820,18.49675595,5.25709410
43.14632275,20.17242146,5.44696247
43.12053026,20.12143907,5.44070939
42.25190412,18.44655928,5.25219929
42.22394901,18.39718444,5.24762423
42.19672705,18.34709881,5.24265850
42.17019316,18.29607870,5.23726392
43.27565589,20.42749287,5.47845808
43.24789089,20.37697736,5.47282486
42.12031154,18.19239426,5.22515442
42.09664765,18.14052678,5.21872369
42.06887567,18.09127518,5.21422473
42.04253856,18.04126555,5.20910923
43.30344452,20.47759671,5.48398512
43.32894572,20.52823705,5.49037267
42.01657260,17.98988313,5.20354038
41.98872626,17.93948669,5.19880276
43.46072873,20.78201910,5.52148582
43.43493362,20.73101625,5.51498160
41.93697572,17.83536069,5.18733040
41.91148780,17.78476410,5.18187697
41.85861449,17.68373085,5.17162151
41.88595378,17.73429752,5.17648373
43.53886896,20.93479461,5.54083067
43.56569500,20.98532608,5.54697438
41.80570571,17.58322048,5.16155879
41.77732288,17.53228312,5.15693566
43.67120209,21.18817010,5.57251465
43.64377310,21.13771581,5.56648929
41.72606542,17.42892579,5.14568714
41.70175511,17.37764929,5.13977803
43.72213472,21.29054660,5.58624326
43.69753538,21.23886341,5.57896319
43.77508336,21.39229518,5.59927299
43.74951290,21.34108949,5.59237825
41.62243993,17.22507239,5.12435518
41.59702175,17.17371743,5.11879949
43.80063971,21.44288562,5.60601825
43.84847337,21.54375719,5.62046226
43.82507940,21.49277816,5.61292138
41.48992764,16.96964795,5.09870901
41.46423983,16.91880863,5.09344312
43.87474785,21.59530549,5.62733238
43.90169881,21.64682496,5.63401933
43.98533763,21.79864330,5.65260931
43.95992353,21.74729182,5.64543457
41.35734938,16.71565990,5.07387118
41.38460572,16.76609393,5.07848353
41.30469082,16.61440251,5.06405329
41.27736106,16.56464966,5.05969876
44.03818860,21.89962299,5.66592230
44.06368593,21.95035076,5.67296457
44.08899862,22.00194983,5.68033825
44.11639702,22.05314105,5.68699590
41.22629851,16.46060036,5.04884236
41.20127672,16.40901615,5.04340753
41.17427177,16.35845339,5.03885990
41.14821752,16.30719932,5.03387789
41.09260816,16.20647082,5.02550470
41.11988616,16.25660686,5.02978020
44.19695162,22.20489666,5.70708155
44.22193261,22.25594762,5.71452539
44.32663656,22.45952401,5.74294090
44.30153313,22.40869617,5.73549877
41.04127469,16.10415595,5.01555982
41.01645866,16.05181601,5.01005109
44.72122405,23.22499570,5.85347483
40.96359540,15.94959884,5.00064672
40.93601011,15.89882703,4.99638843
40.90880993,15.84776219,4.99194596
40.88424950,15.79597246,4.98653202
44.35255439,22.51028275,5.75014676
44.37864531,22.56176064,5.75753810
40.80435876,15.64292118,4.97277876
40.83133544,15.69382804,4.97722543
44.40565411,22.61300269,5.76461958
44.43312632,22.66363120,5.77141343
40.77854935,15.59149654,4.96785440
40.75275458,15.54039976,4.96301094
44.66889687,23.12293121,5.83827094
40.72544719,15.49067801,4.95897236
40.69804293,15.43915871,4.95452005
44.45926774,22.71460724,5.77872716
44.48509412,22.76583758,5.78623476
40.61944108,15.28364073,4.93985449
40.59312136,15.23287916,4.93527415
44.53829519,22.86767339,5.80070157
44.61586365,23.02285105,5.82397135
44.58990312,22.97098304,5.81617526
40.53943645,15.13059364,4.92624790
40.51273163,15.07906003,4.92159876
40.45746050,14.97621793,4.91291952
40.40500947,14.87335810,4.90338924
40.43192372,14.92457873,4.90789576
40.35392093,14.77197134,4.89380945
40.32810810,14.72068080,4.88895135
40.27217443,14.61791614,4.88049465
40.19466672,14.46282021,4.86569014
44.27400868,22.35804493,5.72885310
44.56325249,22.91972725,5.80878395
44.74691010,23.27686396,5.86150187
44.69572662,23.17341034,5.84550692
44.64433314,23.07225627,5.83036446
42.14479201,18.24425890,5.23134552
40.56706715,15.18139939,4.93043725
44.85348537,23.47888073,5.89128112
44.82715883,23.42895407,5.88386688
41.96094061,17.88807706,5.19379647
43.22363208,20.32511754,5.46579137
45.41619368,24.56520582,6.06538908
45.39200605,24.51644079,6.05681161
43.35429499,20.57894545,5.49684488
43.38235822,20.62923525,5.50239931
42.43499078,18.80380115,5.29143958
42.35744673,18.64931004,5.27388459
40.24661922,14.56540913,4.87527226
45.49348819,24.71107045,6.09010368
45.51759272,24.75938341,6.09879513
41.64965664,17.27556916,5.12915587
40.67015360,15.38695775,4.95004849
41.56971365,17.12329342,5.11407009
40.64453656,15.33438692,4.94480465
41.54188411,17.07270610,5.10946719
43.03959337,19.97063337,5.42373322
43.93049134,21.69759509,5.63997092
44.01268859,21.84899905,5.65893474
42.77774975,19.46225690,5.36443379
44.24653116,22.30719748,5.72216133
40.85779110,15.74496762,4.98189311
45.28949711,24.32065761,6.02430792
42.33304453,18.59796056,5.26766896
42.51625780,18.95394912,5.30689442
40.48518790,15.02769816,4.91724637
40.98945686,16.00094977,5.00557872
43.40867485,20.68019993,5.50869202
43.48797736,20.83234692,5.52737791
44.14361910,22.10407955,5.69365783
44.16928554,22.15515341,5.70085091
43.61505278,21.08751777,5.56094226
44.51242645,22.81641255,5.79314005
41.51387159,17.02144730,5.10475896
41.43632738,16.86854378,5.08901359
41.40969177,16.81743097,5.08400050
40.38094237,14.82193725,4.89797296
40.30040689,14.66967636,4.88473473
41.33207117,16.66442769,5.06848096
41.25204957,16.51251999,5.05416608
41.75235144,17.47959316,5.15085217
41.67552001,17.32670086,5.13454207
42.54253628,19.00463983,5.31249149
42.62030165,19.15639943,5.32962741
42.85720506,19.61448281,5.38167656
43.51377183,20.88334934,5.53392532
43.59038562,21.03633003,5.55392005
41.06866098,16.15497628,5.01992159
43.17060240,20.22412072,5.45388893
43.19535903,20.27549166,5.46059626
40.16771952,14.41163966,4.86122717
44.77484886,23.32744431,5.86855796
42.69738509,19.30987529,5.34758413
41.83307463,17.63298395,5.16618373
43.54468193,26.35321769,6.43559155
43.37267822,26.10508831,6.37590580
43.28710708,25.97581275,6.34756226
43.01933389,25.57378142,6.26683607
43.10882040,25.71134007,6.29302108
42.92670569,25.43348916,6.24099891
42.61214788,24.67119557,6.13518296
42.62998662,24.99594395,6.16494627
42.28637438,24.21696142,6.06424077
42.41153257,24.70207476,6.11520901
41.04518591,22.83249380,5.84296727
40.92337410,22.66882259,5.82117711
42.19491424,24.40035207,6.06753718
41.97362635,24.09480104,6.02105953
39.89819637,21.29713089,5.64892930
39.76782529,21.11848437,5.62823016
41.28696110,23.15367862,5.88694569
37.38444263,17.90764059,5.30043976
37.53244796,18.10561165,5.31816633
37.97158291,18.69421452,5.37248627
38.11647037,18.88852494,5.39105174
41.63447563,23.62943919,5.95318410
39.23530836,20.39715493,5.54681949
39.36991701,20.57981373,5.56697629
40.15941198,21.65065707,5.69116868
40.28927925,21.82626687,5.71261259
38.68490944,19.65387712,5.46748339
38.82455842,19.84214673,5.48713379
39.50383116,20.76090677,5.58729866
40.67545232,22.33875887,5.77783692
43.63016872,26.47378772,6.46718233
42.73221526,25.14387447,6.19007538
42.83115580,25.28999680,6.21543339
42.51776359,24.85204846,6.13960994
43.45834588,26.23051927,6.40515237
43.19920878,25.84399373,6.31990335
41.74813037,23.78549003,5.97555480
41.86135361,23.94054731,5.99818961
41.51959738,23.47231640,5.93095963
39.09976823,20.21338814,5.52681256
38.96305702,20.02845688,5.50693874
40.80015521,22.50455062,5.79948378
42.30385278,24.55156996,6.09119958
40.54805228,22.17105577,5.75607568
38.26033481,19.08150482,5.40983974
38.40292582,19.27330597,5.42883357
41.40402509,23.31337736,5.90889743
41.16736425,22.99366550,5.86498780
39.63672640,20.94005068,5.60773911
37.82601735,18.49878572,5.35417013
37.67970385,18.30259192,5.33607780
36.93669912,17.30905711,5.24832982
37.08674349,17.50931470,5.26553737
36.78576837,17.10774761,5.23128461
36.63433672,16.90536020,5.21444696
40.41902102,22.00007391,5.73428610
40.02950164,21.47414723,5.66999310
38.54437025,19.46412919,5.44804366
37.23590324,17.70880959,5.28290441
45.46723204,24.66309094,6.08213007
40.22022075,14.51423795,4.87063698
42.08484199,24.24810369,6.04417046
45.54813544,24.71649428,6.07465582
45.47299995,24.57107340,6.04932149
45.32114809,24.27716808,5.99959832
45.29585893,24.22822072,5.99149060
45.44783656,24.52237077,6.04095099
45.42248186,24.47329772,6.03257166
45.11787898,23.88372850,5.93566068
45.14335040,23.93303152,5.94352585
45.06656727,23.78440684,5.91993513
45.09231165,23.83423932,5.92780547
45.01510538,23.68479203,5.90431797
44.93744877,23.53446697,5.88103310
44.96332967,23.58456708,5.88875645
44.91143098,23.48410107,5.87330519
42.80972091,19.41600712,5.33904140
42.83596565,19.46679380,5.34482597
42.96718469,19.72071370,5.37401840
42.94094171,19.66993174,5.36814347
42.78347612,19.36521992,5.33327448
42.75723101,19.31443162,5.32752497
42.91469760,19.61914745,5.36228677
42.88845375,19.56836343,5.35644844
43.09840066,19.97462507,5.40367626
43.07215733,19.92384241,5.39770637
42.59974977,19.00966878,5.29338504
42.57350076,18.95886880,5.28775422
43.12464474,20.02540933,5.40966579
43.15088702,20.07619032,5.41567456
43.22961788,20.22854292,5.43382137
43.20337445,20.17775873,5.42775238
43.25586115,20.27932722,5.43991066
43.28210565,20.33011438,5.44602072
43.33459436,20.43168983,5.45830299
43.30835086,20.38090347,5.45215164
42.38973068,18.60320458,5.24879800
42.36347349,18.55238554,5.24329652
44.85914003,23.38287223,5.85787610
43.38708580,20.53327312,5.47067000
43.36083931,20.48247964,5.46447572
42.28469281,18.39990903,5.22688374
42.25842961,18.34907726,5.22144287
43.41333082,20.58406451,5.47688527
43.43957653,20.63485782,5.48312159
42.20589814,18.24740322,5.21060515
42.17963029,18.19656179,5.20520810
43.51831938,20.78725223,5.50195841
43.54456862,20.83805463,5.50828070
42.12708768,18.09486511,5.19445628
42.10081469,18.04401332,5.18910157
43.64957454,21.04128709,5.53379315
43.62332074,20.99047365,5.52738081
42.04825999,17.94229253,5.17843273
42.02198099,17.89142882,5.17311883
43.70208197,21.14291530,5.54668659
43.72833838,21.19373545,5.55316888
41.89054733,17.63703524,5.14674413
41.91683914,17.68792375,5.15199359
43.75459757,21.24456151,5.55967547
43.78085379,21.29538240,5.56620519
43.80711316,21.34620992,5.57275983
41.83795781,17.53524589,5.13626857
43.83337577,21.39704426,5.57933967
43.85963767,21.44787777,5.58594400
41.81166011,17.48434476,5.13103835
41.78535879,17.43343622,5.12581414
43.88590034,21.49871334,5.59257346
43.91216654,21.54955626,5.59922902
41.73275232,17.33161075,5.11538927
41.70644393,17.28068767,5.11018999
43.99097154,21.70210070,5.61935147
43.96470140,21.65124852,5.61261756
41.68013212,17.22975784,5.10500086
41.65382024,17.17882779,5.09982355
44.01724557,21.75296096,5.62611276
44.04351781,21.80381831,5.63290027
41.62750368,17.12788867,5.09465817
41.60118225,17.07694019,5.08950571
41.57486015,17.02599052,5.08436802
41.54853432,16.97503384,5.07924552
41.49586832,16.87309359,5.06904958
41.46953214,16.82211786,5.06397897
41.39049345,16.66913542,5.04888553
41.41684181,16.72013311,5.05389536
44.20120156,22.10907134,5.67421604
44.22748650,22.15995754,5.68120205
41.31141460,16.51608128,5.03399232
41.28504747,16.46505036,5.02907749
44.28006893,22.26175638,5.69526313
44.30636438,22.31266492,5.70233772
44.75413929,23.17959432,5.82729055
41.23229193,16.36295023,5.01932655
41.20591070,16.31189505,5.01449384
41.17952179,16.26082618,5.00969004
41.15312505,16.20974336,5.00491615
44.38527148,22.46543358,5.72373934
44.41158516,22.51637913,5.73093393
41.02107949,15.95421890,4.98132550
40.99465673,15.90308776,4.97662991
40.96822679,15.85194269,4.97193978
44.46422973,22.61830428,5.74541485
44.49056628,22.66929473,5.75270300
40.88891882,15.69847194,4.95790308
40.86247192,15.64729370,4.95323338
44.54326443,22.77132426,5.76737455
44.56962310,22.82235756,5.77475749
40.75664254,15.44249832,4.93459353
44.67509429,23.02655959,5.80460101
44.59598859,22.87340395,5.78217227
40.73017339,15.39127613,4.92994131
40.70369613,15.34003800,4.92529089
40.49170971,14.92979594,4.88813171
40.38558819,14.72441693,4.86954198
40.27937253,14.51884820,4.85095894
40.30593419,14.57025600,4.85559793
40.25280078,14.46742047,4.84632283
40.22622358,14.41598179,4.84168975
45.21971507,24.08084167,5.96735022
45.24512620,24.13002617,5.97536235
45.16883120,23.98235218,5.95143408
45.19430281,24.03165460,5.95938050
42.15335988,18.14571527,5.19982514
42.70473913,19.21285017,5.31607744
42.73098521,19.26364146,5.32179265
42.65224567,19.11126313,5.30469760
42.67849269,19.16205756,5.31037916
42.23216419,18.29824096,5.21601661
45.27053623,24.17920814,5.98341796
41.44319003,16.77113112,5.05892723
40.33248866,14.62164949,4.86024095
43.17713024,20.12697339,5.42170336
41.96941411,17.78968413,5.16253022
41.99569920,17.84055969,5.16781808
41.86425208,17.58613988,5.14150384
43.04591470,19.87306123,5.39175595
42.99342784,19.77149589,5.37991201
43.01967147,19.82227895,5.38582454
44.70144648,23.07757910,5.81213402
44.06979223,21.85468040,5.63971530
44.09607083,21.90555113,5.64655872
40.80956816,15.54491754,4.94390683
40.78310459,15.49370656,4.93924808
40.67721594,15.28879393,4.92064283
40.65073304,15.23754434,4.91599681
41.12672544,16.15865628,5.00017413
41.07391101,16.05645408,4.99073578
41.10032163,16.10756175,4.99545150
44.43790453,22.56733596,5.73815904
45.57276069,24.76415511,6.08307661
42.41598675,18.65402110,5.25431508
40.59774264,15.13499662,4.90670660
40.62424175,15.18627821,4.91135148
40.54473997,15.03242375,4.89742007
40.57124564,15.08371877,4.90206354
45.52326419,24.66835731,6.06621120
43.93843507,21.60040425,5.60591068
44.17491360,22.05818006,5.66725779
44.25377529,22.21085194,5.68821764
41.33777867,16.56710715,5.03893276
41.36413937,16.61812733,5.04389771
44.33266143,22.36357706,5.70944141
44.35896374,22.41449987,5.71657524
43.46582414,20.68565540,5.48937929
43.49207233,20.73645464,5.49565829
41.25867320,16.41400656,5.02418855
42.86221007,19.51757949,5.35062830
44.88528135,23.43347906,5.86557261
45.37173358,24.37507582,6.01595848
45.39711425,24.42419951,6.02424135
44.80670064,23.28135272,5.84253622
44.83299300,23.33225354,5.85021102
44.98921908,23.63468292,5.89651906
44.62236077,22.92446310,5.78961908
43.59706952,20.93966576,5.52099171
43.67582842,21.09210124,5.54022836
42.49474820,18.80645540,5.27096151
42.52100017,18.85726247,5.27654265
42.44224201,18.70483570,5.25984799
42.46849579,18.75564707,5.26539674
40.91536150,15.74964189,4.96257736
42.62599808,19.06046692,5.29903279
42.54725099,18.90806688,5.28214016
43.57082017,20.88886203,5.51462541
44.72780593,23.12861222,5.81970029
40.14177352,14.35989674,4.85632564
40.19964471,14.36453948,4.83705972
45.34642376,24.32608904,6.00774869
44.12235104,21.95642551,5.65343017
44.14863010,22.00729819,5.66032926
41.94312733,17.73880530,5.15725542
42.31095388,18.45073645,5.23233941
42.33721450,18.50156271,5.23781037
41.52220309,16.92406698,5.07413891
40.43865981,14.82712839,4.87884008
40.35904329,14.67304284,4.86488993
40.83602391,15.59611318,4.94856847
41.04749516,16.00533631,4.98602690
40.51822552,14.98111137,4.89277581
44.64873977,22.97553520,5.79709821
42.07453883,17.99315585,5.18376045
45.49813830,24.61972745,6.05773956
44.51691223,22.72030344,5.76002314
40.94179672,15.80079731,4.96725601
40.46518929,14.87847116,4.88348685
41.75905657,17.38252558,5.12059752
43.71007088,26.59702900,6.50023599
40.17305543,14.31307668,4.83243056
40.41212373,14.77577238,4.87419150
44.78041611,23.23046638,5.83489623
45.04083189,23.73459117,5.91210621
45.57302351,24.76416821,6.07652922
45.54839719,24.71650724,6.06810867
45.52352484,24.66837010,6.05966429
45.49839786,24.61974009,6.05119291
45.47325842,24.57108586,6.04277510
45.44809394,24.52238307,6.03440487
45.42273815,24.47330985,6.02602580
45.39736944,24.42421147,6.01769578
45.37198768,24.37508761,6.00941318
45.34667679,24.32610066,6.00120367
45.32140003,24.27717952,5.99305358
45.29610980,24.22823198,5.98494614
45.27078603,24.17921922,5.97687377
45.24537493,24.13003707,5.96881845
45.21996272,24.08085239,5.96080659
45.19454941,24.03166513,5.95283714
45.16907673,23.98236253,5.94489098
45.14359488,23.93304168,5.93698300
45.11812240,23.88373847,5.92911808
45.09255403,23.83424910,5.92126311
45.06680861,23.78441643,5.91339301
45.04107218,23.73460056,5.90556431
45.01534463,23.68480122,5.89777628
44.98945730,23.63469191,5.88997757
44.96356686,23.58457587,5.88221515
44.93768495,23.53447556,5.87449197
44.91166613,23.48410945,5.86676422
44.88551549,23.43348724,5.85903178
44.85937315,23.38288020,5.85133541
44.83322511,23.33226130,5.84367046
44.80693173,23.28136027,5.83599578
44.78064620,23.23047372,5.82835591
44.75436838,23.17960145,5.82075033
44.72803402,23.12861914,5.81316017
44.70167357,23.07758580,5.80559398
44.67532038,23.02656608,5.79806104
44.64896488,22.97554148,5.79055830
44.62258490,22.92446916,5.78307921
44.59621175,22.87340980,5.77563243
44.56984528,22.82236318,5.76821767
44.54348565,22.77132967,5.76083473
44.51713250,22.72030863,5.75348331
44.49078560,22.66929970,5.74616315
44.46444810,22.61830903,5.73887495
44.43812197,22.56734048,5.73161908
44.41180167,22.51638343,5.72439389
44.38548707,22.46543766,5.71719920
44.35917842,22.41450372,5.71003499
44.33287520,22.36358069,5.70290103
44.30657726,22.31266831,5.69579718
44.28028092,22.26175955,5.68872240
44.25398640,22.21085488,5.68167672
44.22769673,22.15996025,5.67466089
44.20141094,22.10907382,5.66767464
44.17512212,22.05818230,5.66071612
44.14883777,22.00730020,5.65378728
44.12255788,21.95642728,5.64688785
44.09627684,21.90555267,5.64001603
44.06999742,21.85468171,5.63317220
44.04372219,21.80381937,5.62635673
44.01744914,21.75296179,5.61956877
43.99117432,21.70210129,5.61280700
43.96490339,21.65124888,5.60607259
43.93863627,21.60040437,5.59936520
43.91236696,21.54955614,5.59268302
43.88609998,21.49871297,5.58602693
43.85983653,21.44787717,5.57939694
43.83357386,21.39704340,5.57279208
43.80731048,21.34620882,5.56621171
43.78105034,21.29538105,5.55965656
43.75479335,21.24455991,5.55312634
43.72853340,21.19373360,5.54661926
43.70227622,21.14291320,5.54013650
43.67602190,21.09209888,5.53367782
43.64976724,21.04128447,5.52724219
43.62351267,20.99047077,5.52082946
43.59726067,20.93966261,5.51443999
43.57101053,20.88885861,5.50807338
43.54475820,20.83805094,5.50172839
43.51850816,20.78724826,5.49540588
43.49226032,20.73645040,5.48910558
43.46601133,20.68565088,5.48282645
43.43976290,20.63485301,5.47656868
43.41351638,20.58405941,5.47033235
43.38727053,20.53326773,5.46411714
43.36102321,20.48247395,5.45792297
43.33477743,20.43168384,5.45175040
43.30853309,20.38089718,5.44559925
43.28228703,20.33010778,5.43946859
43.25604169,20.27932031,5.43335881
43.22979757,20.22853570,5.42726985
43.20355328,20.17775120,5.42120121
43.17730820,20.12696555,5.41515257
43.15106412,20.07618218,5.40912417
43.12482096,20.02540087,5.40311582
43.09857600,19.97461630,5.39712672
43.07233179,19.92383333,5.39115727
43.04608827,19.87305185,5.38520730
43.01984415,19.82226926,5.37927635
42.99359962,19.77148590,5.37336427
42.96735557,19.72070341,5.36747111
42.94111168,19.66992117,5.36159662
42.91486666,19.61913658,5.35574034
42.88862189,19.56835228,5.34990242
42.86237729,19.51756806,5.34408266
42.83613194,19.46678210,5.33828070
42.80988627,19.41599515,5.33249646
42.78364054,19.36520769,5.32672984
42.75739449,19.31441914,5.32098060
42.73114774,19.26362873,5.31524850
42.70490070,19.21283721,5.30953347
42.67865330,19.16204437,5.30383532
42.65240532,19.11124971,5.29815384
42.62615675,19.06045329,5.29248906
42.59990746,19.00965495,5.28684131
42.57365746,18.95885477,5.28121045
42.54740670,18.90805266,5.27559633
42.52115488,18.85724807,5.26999873
42.49490191,18.80644082,5.26441747
42.46864849,18.75563232,5.25885256
42.44239370,18.70482078,5.25330363
42.41613742,18.65400601,5.24777053
42.38988033,18.60318934,5.24225323
42.36362210,18.55237014,5.23675152
42.33736207,18.50154716,5.23126511
42.31110042,18.45072076,5.22579388
42.28483830,18.39989320,5.22033792
42.25857406,18.34906130,5.21489674
42.23230759,18.29822486,5.20947016
42.20604048,18.24738699,5.20405837
42.17977157,18.19654544,5.19866096
42.15350010,18.14569879,5.19327765
42.12722683,18.09484852,5.18790842
42.10095278,18.04399660,5.18255334
42.07467585,17.99313902,5.17721183
42.04839593,17.94227558,5.17188372
42.02211585,17.89141176,5.16656944
41.99583299,17.84054252,5.16126829
41.96954681,17.78966684,5.15598003
41.94325895,17.73878790,5.15070483
41.91696968,17.68790625,5.14544260
41.89067679,17.63701763,5.14019275
41.86438045,17.58612217,5.13495203
41.83808508,17.53522809,5.12971623
41.81178628,17.48432689,5.12448540
41.78548385,17.43341827,5.11926051
41.75918051,17.38250758,5.11404314
41.73287515,17.33159270,5.10883410
41.70656563,17.28066958,5.10363400
41.68025270,17.22973971,5.09844401
41.65393968,17.17880963,5.09326582
41.62762198,17.12787047,5.08809957
41.60129942,17.07692195,5.08294624
41.57497618,17.02597225,5.07780770
41.54864921,16.97501553,5.07268438
41.52231685,16.92404862,5.06757699
41.49598094,16.87307518,5.06248694
41.46964362,16.82209938,5.05741567
41.44330038,16.77111258,5.05236334
41.41695103,16.72011449,5.04733098
41.39060155,16.66911670,5.04232075
41.36424635,16.61810850,5.03733263
41.33788452,16.56708820,5.03236750
41.31151935,16.51606219,5.02742703
41.28515112,16.46503112,5.02251230
41.25877575,16.41398714,5.01762361
41.23239339,16.36293061,5.01276203
41.20601108,16.31187522,5.00792991
41.17962111,16.26080611,5.00312688
41.15322332,16.20972302,4.99835397
41.12682266,16.15863565,4.99361312
41.10041782,16.10754083,4.98889170
41.07400617,16.05643288,4.98417710
41.04758928,16.00531484,4.97946926
41.02117257,15.95419718,4.97476880
40.99474876,15.90306579,4.97007408
40.96831777,15.85192047,4.96538474
40.94188665,15.80077486,4.96070168
40.91545037,15.74961923,4.95602367
40.88900663,15.69844907,4.95134996
40.86255865,15.64727063,4.94668077
40.83610957,15.59608992,4.94201630
40.80965273,15.54489409,4.93735504
40.78318806,15.49368294,4.93269663
40.75672490,15.44247454,4.92804236
40.73025463,15.39125220,4.92339036
40.70377624,15.34001394,4.91874012
40.67729491,15.28876974,4.91409220
40.65081086,15.23752003,4.90944628
40.62431840,15.18625379,4.90480102
40.59781811,15.13497210,4.90015617
40.57131991,15.08369416,4.89551312
40.54481302,15.03239907,4.89086962
40.51829734,14.98108662,4.88622532
40.49178029,14.92977114,4.88158116
40.46525860,14.87844631,4.87693622
40.43872784,14.82710351,4.87228936
40.41219046,14.77574748,4.86764066
40.38565360,14.72439202,4.86299103
40.35910736,14.67301793,4.85833887
40.33255138,14.62162458,4.85368969
40.30599554,14.57023112,4.84904636
40.27943251,14.51882336,4.84440698
40.25285938,14.46739568,4.83977040
40.22628078,14.41595707,4.83513679
40.19970049,14.36451483,4.83050616
45.57328612,24.76418130,6.06998656
45.54865872,24.71652017,6.06156619
45.52378529,24.66838287,6.05312201
45.49865722,24.61975269,6.04465083
45.47351669,24.57109830,6.03623323
45.44835113,24.52239534,6.02786322
45.42299424,24.47332196,6.01948437
45.39762444,24.42422340,6.01115457
45.37224160,24.37509937,6.00287220
45.34692962,24.32611224,5.99466292
45.32165178,24.27719092,5.98651306
45.29636048,24.22824322,5.97840585
45.27103564,24.17923027,5.97033371
45.24562347,24.13004794,5.96227861
45.22021020,24.08086307,5.95426697
45.19479582,24.03167563,5.94629774
45.16932209,23.98237284,5.93835179
45.14383918,23.93305180,5.93044402
45.11836566,23.88374840,5.92257930
45.09279625,23.83425884,5.91472451
45.06704977,23.78442597,5.90685459
45.04131230,23.73460990,5.89902607
45.01558372,23.68481037,5.89123820
44.98969536,23.63470086,5.88343963
44.96380390,23.58458462,5.87567735
44.93792096,23.53448411,5.86795429
44.91190113,23.48411779,5.86022664
44.88574948,23.43349537,5.85249430
44.85960612,23.38288813,5.84479802
44.83345708,23.33226902,5.83713315
44.80716269,23.28136778,5.82945854
44.78087615,23.23048102,5.82181872
44.75459733,23.17960854,5.81421320
44.72826196,23.12862601,5.80662308
44.70190052,23.07759246,5.79905692
44.67554635,23.02657252,5.79152400
44.64918986,22.97554771,5.78402126
44.62280890,22.92447517,5.77654217
44.59643477,22.87341559,5.76909537
44.57006734,22.82236876,5.76168057
44.54370675,22.77133503,5.75429759
44.51735264,22.72031376,5.74694610
44.49100479,22.66930461,5.73962586
44.46466636,22.61831372,5.73233756
44.43833929,22.56734495,5.72508159
44.41201807,22.51638768,5.71785626
44.38570255,22.46544168,5.71066142
44.35939298,22.41450752,5.70349704
44.33308886,22.36358425,5.69636289
44.30679002,22.31267165,5.68925883
44.28049279,22.26176266,5.68218382
44.25419739,22.21085776,5.67513788
44.22790686,22.15996290,5.66812178
44.20162020,22.10907623,5.66113522
44.17533053,22.05818448,5.65417638
44.14904534,22.00730214,5.64724718
44.12276462,21.95642899,5.64034736
44.09648276,21.90555414,5.63347511
44.07020252,21.85468294,5.62663083
44.04392648,21.80382038,5.61981487
44.01765263,21.75296256,5.61302640
43.99137701,21.70210182,5.60626410
43.96510530,21.65124917,5.59952914
43.93883739,21.60040443,5.59282119
43.91256730,21.54955596,5.58613844
43.88629955,21.49871255,5.57948177
43.86003533,21.44787651,5.57285119
43.83377188,21.39704250,5.56624575
43.80750774,21.34620767,5.55966481
43.78124683,21.29537966,5.55310909
43.75498907,21.24455827,5.54657831
43.72872836,21.19373171,5.54007069
43.70247041,21.14291105,5.53358741
43.67621532,21.09209648,5.52712823
43.64995990,21.04128182,5.52069212
43.62370455,20.99046786,5.51427895
43.59745177,20.93965943,5.50788908
43.57120086,20.88885517,5.50152210
43.54494775,20.83804723,5.49517679
43.51869692,20.78724428,5.48885399
43.49244828,20.73644614,5.48255346
43.46619849,20.68564634,5.47627416
43.43994926,20.63484820,5.47001626
43.41370192,20.58405431,5.46377988
43.38745525,20.53326234,5.45756467
43.36120711,20.48246827,5.45137055
43.33496049,20.43167786,5.44519810
43.30871532,20.38089090,5.43904710
43.28246842,20.33010120,5.43291664
43.25622223,20.27931343,5.42680709
43.22997726,20.22852851,5.42071840
43.20373212,20.17774370,5.41465006
43.17748618,20.12695775,5.40860175
43.15124123,20.07617407,5.40257370
43.12499721,20.02539245,5.39656572
43.09875138,19.97460758,5.39057699
43.07250629,19.92382431,5.38460794
43.04626189,19.87304252,5.37865838
43.02001688,19.82225964,5.37272782
42.99377146,19.77147598,5.36681614
42.96752650,19.72069320,5.36092338
42.94128171,19.66991066,5.35504927
42.91503578,19.61912579,5.34919337
42.88879010,19.56834121,5.34335580
42.86254457,19.51755671,5.33753638
42.83629830,19.46677048,5.33173473
42.81005170,19.41598328,5.32595077
42.78380504,19.36519556,5.32018440
42.75755804,19.31440676,5.31443537
42.73131035,19.26361611,5.30870345
42.70506236,19.21282435,5.30298855
42.67881400,19.16203128,5.29729048
42.65256505,19.11123641,5.29160902
42.62631552,19.06043978,5.28594423
42.60006525,19.00964123,5.28029642
42.57381427,18.95884086,5.27466548
42.54756252,18.90803856,5.26905124
42.52130971,18.85723379,5.26345350
42.49505574,18.80642636,5.25787207
42.46880131,18.75561769,5.25230696
42.44254550,18.70480599,5.24675781
42.41628821,18.65399106,5.24122446
42.39003010,18.60317423,5.23570690
42.36377084,18.55235489,5.23020490
42.33750978,18.50153176,5.22471818
42.31124709,18.45070522,5.21924663
42.28498393,18.39987752,5.21379033
42.25871865,18.34904548,5.20834879
42.23245113,18.29820891,5.20292184
42.20618297,18.24737092,5.19750965
42.17991300,18.19652925,5.19211185
42.15364047,18.14568248,5.18672813
42.12736614,18.09483208,5.18135848
42.10109102,18.04398005,5.17600297
42.07481302,17.99312235,5.17066103
42.04853203,17.94225880,5.16533248
42.02225088,17.89139487,5.16001775
41.99596693,17.84052552,5.15471616
41.96967968,17.78964973,5.14942745
41.94339074,17.73877069,5.14415180
41.91710039,17.68788892,5.13888912
41.89080642,17.63700020,5.13363882
41.86450898,17.58610463,5.12839762
41.83821253,17.53521047,5.12316125
41.81191262,17.48430918,5.11792975
41.78560908,17.43340050,5.11270413
41.75930463,17.38248976,5.10748596
41.73299815,17.33157483,5.10227608
41.70668750,17.28065166,5.09707509
41.68037344,17.22972175,5.09188420
41.65405930,17.17879163,5.08670509
41.62774046,17.12785244,5.08153790
41.60141677,17.07690389,5.07638366
41.57509239,17.02595415,5.07124421
41.54876428,16.97499739,5.06612002
41.52243079,16.92403044,5.06101180
41.49609375,16.87305695,5.05592097
41.46975529,16.82208110,5.05084898
41.44341092,16.77109423,5.04579602
41.41706045,16.72009606,5.04076310
41.39070984,16.66909819,5.03575241
41.36435352,16.61808989,5.03076395
41.33799059,16.56706948,5.02579860
41.31162431,16.51604334,5.02085802
41.28525498,16.46501212,5.01594334
41.25887853,16.41396798,5.01105484
41.23249509,16.36291127,5.00619363
41.20611171,16.31185567,5.00136204
41.17972068,16.26078633,4.99655973
41.15332183,16.20970300,4.99178773
41.12692015,16.15861535,4.98704800
41.10051428,16.10752024,4.98232775
41.07410158,16.05641201,4.97761422
41.04768366,16.00529370,4.97290737
41.02126591,15.95417577,4.96820781
40.99484106,15.90304412,4.96351390
40.96840902,15.85189856,4.95882530
40.94197684,15.80075272,4.95414291
40.91553950,15.74959686,4.94946549
40.88909469,15.69842649,4.94479230
40.86264564,15.64724784,4.94012356
40.83619547,15.59606693,4.93545948
40.80973755,15.54487092,4.93079856
40.78327177,15.49365959,4.92614042
40.75680750,15.44245102,4.92148638
40.73033611,15.39122852,4.91683456
40.70385659,15.33999011,4.91218445
40.67737411,15.28874577,4.90753662
40.65088889,15.23749593,4.90289075
40.62439526,15.18622957,4.89824550
40.59789378,15.13494778,4.89360063
40.57139438,15.08366973,4.88895753
40.54488627,15.03237455,4.88431396
40.51836936,14.98106202,4.87966956
40.49185105,14.92974647,4.87502528
40.46532810,14.87842159,4.87038020
40.43879604,14.82707874,4.86573320
40.41225735,14.77572267,4.86108435
40.38571917,14.72436718,4.85643455
40.35917158,14.67299307,4.85178222
40.33261424,14.62159972,4.84713278
40.30605703,14.57020627,4.84248910
40.27949262,14.51879853,4.83784928
40.25291809,14.46737089,4.83321217
40.22633809,14.41593233,4.82857797
41.65078297,24.49281365,5.81074469
41.60787895,24.52245999,5.83065951
41.72160176,24.67257444,5.85674499
40.98680992,23.29726575,5.58856622
41.11424078,23.20420911,5.56028351
40.99502646,23.04247166,5.53564810
39.16155312,21.19364037,5.32400486
39.11204977,21.22855271,5.34650529
39.24598286,21.40547822,5.36946787
42.68002931,25.75650294,6.04342720
42.62549623,25.79495084,6.06439127
42.72411145,25.92791316,6.09519655
40.37491830,22.47562994,5.46660920
40.50670874,22.37913378,5.43775224
40.38074087,22.20767780,5.41319370
39.29505822,21.37090850,5.34714435
39.36525700,21.32038934,5.32349105
39.23236935,21.14263015,5.30018297
38.82626990,20.59945819,5.23077967
38.92890581,20.52443485,5.20370617
38.79256250,20.34026931,5.18066824
42.09801196,25.08690726,5.91800759
42.15711417,25.04510153,5.89672958
42.04747017,24.89777620,5.86911500
40.02405126,22.20055515,5.44325380
39.95668991,22.24880416,5.46613782
40.08676761,22.42123968,5.49038652
41.36774869,23.99054582,5.71248133
41.30519218,24.03497080,5.73419921
41.42115148,24.18855587,5.75940257
42.55734789,25.42217312,5.95905184
42.47753415,25.47943734,5.98321337
42.58010077,25.61962076,6.01311016
39.37943412,21.58175496,5.39264145
41.09674921,23.94143079,5.77016466
35.84797296,17.04553184,4.94393934
36.00204064,17.24790732,4.96175048
36.15554330,17.44954114,4.97979365
36.30847616,17.65042640,4.99807096
36.46055516,17.85019164,5.01652187
36.61183290,18.04890746,5.03515617
36.76254004,18.24687572,5.05403138
36.91272418,18.44415816,5.07318294
37.06220518,18.64051769,5.09261652
37.21087641,18.83581370,5.11234496
37.35889918,19.03025729,5.13241536
37.50626319,19.22383378,5.15285122
37.65266611,19.41614603,5.17360830
37.79794841,19.60698720,5.19463430
37.94224317,19.79653418,5.21591819
38.08570731,19.98499479,5.23745458
38.22826324,20.17226874,5.25920454
38.36960885,20.35796089,5.28109446
38.50939782,20.54161786,5.30304217
38.64812020,20.72388219,5.32510913
38.78594738,20.90497558,5.34733141
38.92293385,21.08496916,5.36971735
39.05874589,21.26342446,5.39221148
39.19311675,21.43999081,5.41476666
39.32699661,21.61591490,5.43754014
39.46109446,21.79212698,5.46065675
39.59404476,21.96683424,5.48388677
39.72667886,22.14112807,5.50737419
39.85871822,22.31464270,5.53106300
39.98949694,22.48650177,5.55483335
40.11825914,22.65571093,5.57854502
40.24465822,22.82181365,5.60212840
40.36962113,22.98602591,5.62575281
40.49345960,23.14875616,5.64948059
40.61681487,23.31084554,5.67344340
40.73844476,23.47066244,5.69741066
40.85878986,23.62878532,5.72147560
40.97825747,23.78575075,5.74572846
41.21390893,24.09535904,5.79472827
41.33045722,24.24848256,5.81959305
41.44629699,24.40067511,5.84477065
41.56131796,24.55179357,5.87027482
41.67537784,24.70165384,5.89611775
41.78840859,24.85017107,5.92233487
41.90045602,24.99741179,5.94899596
42.01166471,25.14358107,5.97617709
42.12195302,25.28857932,6.00393435
42.23106806,25.43207212,6.03230124
42.33843354,25.57329525,6.06121727
42.44357634,25.71161517,6.09062808
42.54616175,25.84657756,6.12049677
42.64636719,25.97840123,6.15092443
42.74439683,26.10734366,6.18202908
42.84050857,26.23373805,6.21396028
42.93494259,26.35789934,6.24688061
43.02791633,26.48011772,6.28095944
43.11952521,26.60054564,6.31627478
43.20977307,26.71920218,6.35291367
43.29858861,26.83599817,6.39094962
43.38579259,26.95070028,6.43039519
43.47118223,27.06304150,6.47122570
43.55465426,27.17288321,6.51343502
36.33073093,17.63590007,4.97144363
36.48273218,17.83575090,4.99003538
36.63392826,18.03455606,5.00880850
37.38052922,19.01643715,5.10679332
37.23260932,18.82187537,5.08656803
37.81922991,19.59354176,5.16953031
37.67407076,19.40257364,5.14832197
38.39032663,20.34503435,5.25679378
39.61337371,21.95507829,5.46148595
39.74586941,22.12949057,5.48516181
40.75671073,23.45982407,5.67645278
41.11470729,23.93085152,5.74961220
40.99631881,23.77508585,5.72504274
41.57883878,24.54156098,5.85025106
41.46393267,24.39035408,5.82461394
42.02858071,25.13378469,5.95672765
41.91756383,24.98747952,5.92939613
42.13862832,25.27895385,5.98463494
42.94916870,26.34994674,6.22918316
42.85497224,26.22563779,6.19604324
43.04193316,26.47228499,6.26348724
43.13333147,26.59283295,6.29901293
43.31190410,26.82857699,6.37405101
43.48389986,27.05599232,6.45466246
36.02444804,17.23321301,4.93484143
35.87045487,17.03075393,4.91688770
36.17787522,17.43493074,4.95302592
36.93464651,18.43000128,5.04711415
36.78455058,18.23261874,5.02782236
37.08403524,18.62646697,5.06669122
37.52778365,19.21013617,5.12739202
37.96339386,19.78321706,5.19100505
38.10671996,19.97180707,5.21273980
38.24913129,20.15921123,5.23469440
38.66852521,20.71122089,5.30123596
38.52996101,20.52882347,5.27895438
38.80619342,20.89244753,5.32367493
38.94302121,21.07257394,5.34627825
39.07867551,21.25116126,5.36898852
39.21289042,21.42785841,5.39175676
39.34661760,21.60391106,5.41473924
39.48056724,21.78024858,5.43805968
40.00842831,22.47508713,5.53297355
39.87777627,22.30311898,5.50903101
40.13706932,22.64440102,5.55684950
40.26335213,22.81060456,5.58058995
40.38820330,22.97491389,5.60436564
40.51193379,23.13773797,5.62824000
40.63518412,23.29991826,5.65234584
40.87695355,23.61803420,5.70065492
41.23176204,24.08486545,5.77430788
41.34820316,24.23807485,5.79930439
41.69277627,24.69151328,5.87622928
41.80567184,24.84012913,5.90258644
42.35449947,25.56410165,6.04225242
42.24745697,25.42265009,6.01316132
42.45929783,25.70266318,6.07185526
42.56153562,25.83786672,6.10192991
42.66140786,25.96991834,6.13257189
42.75913188,26.09906607,6.16389401
43.22334697,26.71162534,6.33584018
43.39882196,26.94345564,6.41366506
43.63615099,27.28014529,6.55701670
43.64818177,27.27353221,6.54079785
43.56703752,27.16604565,6.49704184
36.06246313,17.20653216,4.90896017
35.90861785,17.00393595,4.89085493
36.21574101,17.40838740,4.92729309
36.52029627,17.80948694,4.96459617
36.36844547,17.60949524,4.94585647
36.67133645,18.00843748,4.98351128
36.82179707,18.20665181,5.00266272
37.26932474,18.79641539,5.06181114
37.41704661,18.99116565,5.08217247
37.85507823,19.56888438,5.14535588
37.71015387,19.37770472,5.12398930
37.99899546,19.75877653,5.16699771
38.14206379,19.94758775,5.18890764
38.42512814,20.32126747,5.23333227
38.28420779,20.13521664,5.21104455
38.56448202,20.50528693,5.25568602
38.70276053,20.68791636,5.27816213
38.84014086,20.86937568,5.30079739
38.97668107,21.04973446,5.32359820
39.51311560,21.75831074,5.41614880
39.64566264,21.93335233,5.43975523
39.77790922,22.10796881,5.46360468
39.90957792,22.28179282,5.48764091
40.04000233,22.45394795,5.51174311
40.16842568,22.62344083,5.53577140
40.29449975,22.78981624,5.55965730
40.41914989,22.95429103,5.58357283
40.54268554,23.11727521,5.60758223
40.66574576,23.27961110,5.63181922
40.78708521,23.43966942,5.65605315
40.90714279,23.59802975,5.68037910
41.14452607,23.91114423,5.72957466
41.02632329,23.75523024,5.70488760
41.26139287,24.06530696,5.75438505
41.49317608,24.37109744,5.80491390
41.37764269,24.21866624,5.77949401
41.83426370,24.82136369,5.88320949
41.87649455,24.79222290,5.86345640
41.94589292,24.96890646,5.91012926
42.05661141,25.11543044,5.93758662
42.16630766,25.26085341,5.96562687
42.27472659,25.40484399,5.99429072
42.38130500,25.54662911,6.02351899
42.58731218,25.82113633,6.08344685
42.48559870,25.68555419,6.05325273
42.68666309,25.95356476,6.11419376
42.78388688,26.08307353,6.14560541
42.97301260,26.33460346,6.21103156
42.87925719,26.20998247,6.17782955
43.06535874,26.45723376,6.24539148
43.15635560,26.57806199,6.28098127
43.24596215,26.69713544,6.31786688
43.33409155,26.81437878,6.35613185
43.42055598,26.92956657,6.39579679
43.50515242,27.04243237,6.43684250
37.12093697,18.60082835,5.04180021
36.97172468,18.40419394,5.02208941
37.56408966,19.18506213,5.10291074
41.76418225,24.64317249,5.83691252
43.66840040,27.26068156,6.52307321
43.58778338,27.15283295,6.47926966
35.96545689,16.96287396,4.86485919
36.42457995,17.56903690,4.92036705
36.50499419,17.51020132,4.89335205
36.35287277,17.30860324,4.87442144
36.11906870,17.16567034,4.88313798
36.27211171,17.36772622,4.90163941
36.80670729,17.91014635,4.93174477
36.91931036,17.82711053,4.90197751
36.76937042,17.62723805,4.88242744
36.57619478,17.76923370,4.93927499
36.72699382,17.96839495,4.95835125
36.87720517,18.16682709,4.97765557
37.17581481,18.56147053,5.01707886
37.02687372,18.36459670,4.99722812
37.32391639,18.75731034,5.03722486
37.47133413,18.95232724,5.05771744
37.76377507,19.33944136,5.09979673
37.90833963,19.53092702,5.12130631
38.33629279,20.09823319,5.18747283
38.19455531,19.91027188,5.16516907
38.05187986,19.72113556,5.14309964
38.47679583,20.28462265,5.20993395
38.61572422,20.46898529,5.23246670
38.75357052,20.65196124,5.25512292
38.89051445,20.83376876,5.27793760
39.02661811,21.01447568,5.30091851
39.42809018,21.54752157,5.37049191
39.49768369,21.49748479,5.34700335
39.56136375,21.72440506,5.39416948
39.69351631,21.89976439,5.41794019
39.82538381,22.07468695,5.44194822
40.21485923,22.59100079,5.51455438
40.34061499,22.75763360,5.53857324
40.46495827,22.92235626,5.56261616
40.53043045,22.87562453,5.54023065
40.58819619,23.08558038,5.58674799
40.77558305,23.20210060,5.58893068
40.86676271,23.13618136,5.56402999
40.74501584,22.97279916,5.53947480
40.71096553,23.24814973,5.61110310
40.83201873,23.40843695,5.63545048
40.95179307,23.56702291,5.65988627
41.07069149,23.72444706,5.68450115
41.13407263,23.67937670,5.66261414
41.01558361,23.52162975,5.63790751
41.18861127,23.88058417,5.70929055
41.25158198,23.83583593,5.68749057
41.53638753,24.34121627,5.78491284
42.20719721,25.23270596,5.94615533
42.31502645,25.37712573,5.97493187
42.42094287,25.51939072,6.00427206
42.52452195,25.65883328,6.03410978
42.82062423,26.05793930,6.12662739
43.10014860,26.43352723,6.22619029
43.00842732,26.31043454,6.19195186
42.91531756,26.18534165,6.15882495
42.96686383,26.14907085,6.13774379
43.19053846,26.55480687,6.26166637
43.27953513,26.67432833,6.29845209
43.45283881,26.90768605,6.37621505
43.36703423,26.79202690,6.33662847
43.61865135,27.13195612,6.45955187
43.53674311,27.02104342,6.41719088
43.58203380,26.98934553,6.39479635
43.49910541,26.87528342,6.35401276
37.61805320,19.14650472,5.07858414
37.98457488,19.47558216,5.09595183
37.84053143,19.28366832,5.07429875
41.98773461,24.94005568,5.89045471
42.87311851,26.02097904,6.10562999
43.23947638,26.52045024,6.24006316
36.04690766,16.90318312,4.83721476
36.31477761,17.02160218,4.82485196
36.20017507,17.10626279,4.85571063
36.65626131,17.71068862,4.91246649
36.95655529,18.10888433,4.95123874
37.25439313,18.50417818,4.99100677
37.10584662,18.30697161,4.97098924
37.40207872,18.70036815,5.01130896
37.69530556,19.09032167,5.05295107
37.54905535,18.89575434,5.03194779
37.65881508,18.81504628,5.00327096
38.41082943,20.04426451,5.16259624
38.26967817,19.85583142,5.14012572
38.96258543,20.78176392,5.25376963
39.06433205,20.70744184,5.22688462
39.09805984,20.96296924,5.27692470
39.46435285,21.24816068,5.29714041
39.33233968,21.06970945,5.27365953
39.63036804,21.67483878,5.37084111
39.72777157,21.60395397,5.34481843
39.76195065,21.85065428,5.39476573
39.89326995,22.02601653,5.41892125
40.28123799,22.54354138,5.49193351
40.40653234,22.71054480,5.51607312
40.89622063,23.36271808,5.61337701
41.34042214,23.77175691,5.66292048
41.71204430,24.44938508,5.78924029
41.79845708,24.38717713,5.76489837
41.68513678,24.23475920,5.73895724
41.59809322,24.29744855,5.76334321
41.82497691,24.60009689,5.81546731
41.91072818,24.53839090,5.79115987
41.93678708,24.74952507,5.84206539
42.13172275,24.83720196,5.84485218
42.02182737,24.68835642,5.81778365
42.26556828,25.19144339,5.92495000
42.37255771,25.33648282,5.95380155
42.75695137,25.70136926,6.01925147
42.77760613,25.89022371,6.07423596
43.14993406,26.39854447,6.20479078
43.05907577,26.27481764,6.17073664
43.32761763,26.64060228,6.27664721
43.41423052,26.75894945,6.31462311
36.61860378,17.42634284,4.86304611
36.46697973,17.22434171,4.84384440
38.09222288,19.39657758,5.06775731
37.94892004,19.20406855,5.04594337
38.12756995,19.66623566,5.11789683
38.37574743,19.77808870,5.11227832
38.23444381,19.58785098,5.08987181
38.51606771,19.96718247,5.13493381
38.68904583,20.41598780,5.20794253
38.55073082,20.23113580,5.18523070
39.19891583,20.88934933,5.25022293
39.98908856,21.95639555,5.39319810
39.85854644,21.78041298,5.36889658
40.15362694,22.37339408,5.46763783
40.49955784,22.64315670,5.49086511
40.63042497,22.54739279,5.46213839
40.62282394,22.80874071,5.51513163
40.65323615,23.03919444,5.56447153
41.48328734,24.14445704,5.73776164
36.92858896,17.50902070,4.84791845
36.77853486,17.30755429,4.82817330
37.06863844,18.02627546,4.92172486
37.21739095,18.22480537,4.94171075
37.51246647,18.61914899,4.98244853
37.36537411,18.42247391,4.96194596
38.65511662,20.15472979,5.15775966
39.34082392,20.78484390,5.21989727
40.11912549,22.13152896,5.41767179
40.25288147,22.03347167,5.38852977
40.12389464,21.85750388,5.36390714
41.10558849,23.45663813,5.61318064
41.22349584,23.61484176,5.63796844
41.57094179,24.08129811,5.71332234
42.56780569,25.19533979,5.90164295
42.46366583,25.04816913,5.87281047
42.34789125,25.13231662,5.90073863
42.45369544,25.27823798,5.92961918
42.95920415,25.75919462,6.02156721
42.86513651,25.62288551,5.99098787
43.14188304,26.02287425,6.08428490
43.05133709,25.89243488,6.05262720
42.94717672,25.96794306,6.08129668
43.03959107,26.09700629,6.11325119
43.22019548,26.34828554,6.17980189
43.49096973,26.52302023,6.22018868
43.40571642,26.40072582,6.18448005
43.30855073,26.47106820,6.21475242
43.48085855,26.71137034,6.28864419
43.39549185,26.59210608,6.25100524
43.56442708,26.82866170,6.32769214
43.65632474,26.76223305,6.29574686
43.57458880,26.64358353,6.25726769
36.16200480,16.81812515,4.80606228
37.07780831,17.70947250,4.86783750
37.80439920,19.01015316,5.02444143
38.66415214,19.85782815,5.10349011
39.59592211,21.42593631,5.32081978
40.24798906,22.30493735,5.44218907
41.34928059,23.52306998,5.60985989
41.23219463,23.36422630,5.58498851
41.45600055,23.92692464,5.68798033
42.24047038,24.98520171,5.87248654
42.65849119,25.56340671,5.98895376
42.85307001,25.83615972,6.05000540
43.13054456,26.22367240,6.14602507
36.62761789,17.10499073,4.80859106
36.47611987,16.90169378,4.78920011
36.32405027,16.69766204,4.76999258
37.22639831,17.90923313,4.88793578
37.37438627,18.10837961,4.90824354
37.81328313,18.70064644,4.97060444
37.66782289,18.50403981,4.94954134
38.24370811,19.28454289,5.03568532
38.10145180,19.09120610,5.01368450
38.38483582,19.47667931,5.05799905
38.93821942,20.23282246,5.14968105
38.80199888,20.04632045,5.12654186
39.07332090,20.41796202,5.17295260
39.20749504,20.60195121,5.19635490
39.99444851,21.68065089,5.33945228
39.60378013,21.14560826,5.26719248
39.73414046,21.32433894,5.29104745
40.87412599,22.87842373,5.51098558
40.75279981,22.71368213,5.48652745
41.46538378,23.68062402,5.63489018
41.58013168,23.83643383,5.66001873
41.69422949,23.99145618,5.68541799
41.80756205,24.14557724,5.71109659
41.91999226,24.29867306,5.73706586
42.03133028,24.45059474,5.76333840
42.14142747,24.60131922,5.78995562
42.35769868,24.89995922,5.84459560
42.25021335,24.75100449,5.81700056
42.76874234,25.48338854,5.96081769
43.31902849,26.27670521,6.15003157
43.23107089,26.15084085,6.11669167
37.52157087,18.30669091,4.92877235
37.95792621,18.89650136,4.99199087
38.52500391,19.66781192,5.08061560
39.47299966,20.96618546,5.24352754
39.86481268,21.50328855,5.31521398
42.66959939,25.34066453,5.93100845
39.67943099,15.67937873,4.89630320
39.53565921,15.56285366,4.87304273
39.53313565,15.72516837,4.87324293
39.72055002,15.52825971,4.90123209
39.63994190,15.40020907,4.88791901
39.35396111,15.70319079,4.84404802
42.64543894,21.22323566,5.47189823
42.65543717,21.40937489,5.47969054
42.75269450,21.29599691,5.49248505
42.79410314,21.38770788,5.50259089
44.05999634,23.50181381,5.81601524
43.94066172,23.57959507,5.80008428
44.10104765,23.60702585,5.82927429
44.01583085,23.72156808,5.82146184
43.96531420,22.82190891,5.75846101
44.08925303,22.77879362,5.77004011
44.03386066,22.71629686,5.75892376
43.92370382,22.71682872,5.74556412
44.74610964,24.37374818,5.98706406
44.85666227,24.29122435,5.99382207
44.72922286,24.27337789,5.97597447
44.82006771,24.21042987,5.98150742
42.63764988,19.62347724,5.38263702
42.59818184,19.54801940,5.37406401
42.56099008,19.62664262,5.38194684
42.50630335,19.59642734,5.37697763
42.48936283,19.52508925,5.36982832
39.19239263,16.69843099,4.83096850
39.27955493,16.81085911,4.84523618
39.36010925,16.69793825,4.85361750
39.29831706,16.92184477,4.85068071
39.40157283,16.84890042,4.86252381
38.86126786,15.99038020,4.77099769
39.00207829,15.98641542,4.79072104
38.91309360,15.82131899,4.77561857
38.92233545,16.13294765,4.78208516
39.53168425,17.05042020,4.88497424
39.41113410,16.98923573,4.86715807
39.42352974,17.14641567,4.87311692
39.27384895,17.05030954,4.85166391
38.46019822,15.65738396,4.71179044
38.47902825,15.51724874,4.71070850
38.30549978,15.57551809,4.69130619
38.55167644,15.78003603,4.72621283
38.59721910,15.62507049,4.72841925
38.39077329,15.27877348,4.69426051
38.22353079,15.35343897,4.67517048
38.38173893,15.41749483,4.69604595
39.53744359,16.91744470,4.88306885
39.66271177,16.84619305,4.90061751
39.54291947,16.73464501,4.88090322
39.70139999,17.01107487,4.90882582
38.98468604,16.46661309,4.79834218
39.11350461,16.56491126,4.81729853
39.13981441,16.42055666,4.81747197
39.27704954,16.53303078,4.83877300
40.12522922,17.88800900,4.98770948
39.99938595,17.91548627,4.97065859
40.07949371,18.02649065,4.98461405
39.90010691,17.85425709,4.95565568
39.88392787,18.01189422,4.95878067
38.73223714,15.57558964,4.74625631
38.72413496,15.75220567,4.74790004
38.82847910,15.42849144,4.75910702
38.63559558,15.46789221,4.73099305
39.40567952,16.40076501,4.85592867
39.26506563,16.38168493,4.83457705
39.18563533,16.26729600,4.82131456
38.04100913,15.29897956,4.65316494
38.05873189,15.52165945,4.66359327
38.51703293,15.36262976,4.71282170
40.25689565,17.84880592,5.00677275
40.16133614,17.73773793,4.99026250
40.39001051,17.88974889,5.02829316
40.36632844,17.71692098,5.02234920
38.65381906,15.89619353,4.74185782
38.52026634,15.94228759,4.72739241
38.71145878,16.08482544,4.75404951
39.02893221,16.28671273,4.79962621
38.76901651,15.91286932,4.75707153
39.08925054,16.13275432,4.80538877
39.75161323,17.65026592,4.93020155
39.87955028,17.72052261,4.94912589
39.87297748,17.55154129,4.94407252
40.01420885,17.79169222,4.96958910
40.02602801,17.62989901,4.96794201
39.70783677,17.50401586,4.92022733
39.83484786,17.37790722,4.93496944
39.56046873,17.46065910,4.90010629
39.57338002,17.63800731,4.90800584
39.27144931,17.27078676,4.85962679
39.59003482,17.18248621,4.89606547
39.14963914,16.88197259,4.83125714
38.99082706,16.68176107,4.80593274
38.54876942,15.19024214,4.71497546
38.49153725,16.13893214,4.73166831
38.33445017,15.95817237,4.70860854
38.65476479,16.31751350,4.75559243
38.81111933,16.50271863,4.77939859
38.85132606,16.30002404,4.77719553
38.39146785,15.78167619,4.70767689
38.19813635,15.75960073,4.68701331
37.86873534,15.33228921,4.63773831
40.01392735,18.18598501,4.98102758
40.12628558,18.29878516,4.99912716
40.19378846,18.16213112,5.00404307
40.15646874,18.41561975,5.00705440
40.29106555,18.32500664,5.02198102
40.40378640,18.48394280,5.04211910
40.25516582,18.47719448,5.02179362
40.29470924,18.58751773,5.03072951
40.13545763,18.57220232,5.01075137
38.71549368,15.17142682,4.73996123
38.67168200,15.05490370,4.73247721
38.83707112,15.08176293,4.75879735
41.01617931,19.45650698,5.15824818
41.15833642,19.56778050,5.18250482
41.19398510,19.39297291,5.18314477
41.17343913,19.70972771,5.18936086
41.29853646,19.66160872,5.20644908
40.55394774,18.62054613,5.06722169
40.39775264,18.64782345,5.04624417
40.47695631,18.78415549,5.06134628
40.28101127,18.75632124,5.03565425
38.86756121,15.62111845,4.76665772
38.99965262,15.66239272,4.78715377
39.00724279,15.50302610,4.78750184
39.06044008,15.74766236,4.79717131
39.15906806,15.61550222,4.81220911
38.68197190,15.30339748,4.73584627
39.51028289,16.25665329,4.87127220
39.33992579,16.25633329,4.84439213
39.25633439,16.11703040,4.83028011
40.62352282,18.76938583,5.08121579
40.72151150,18.68208592,5.09373152
40.73472199,18.82256776,5.09892278
40.98146052,19.14368798,5.14411577
41.04271170,19.30828660,5.15768964
41.13722349,19.23567296,5.17053350
39.65311629,17.34558419,4.90867528
39.76734602,17.20525645,4.92186067
40.26010351,17.99531865,5.00984876
39.06344009,15.86510204,4.79852773
40.39751884,18.13604509,5.03333574
39.99310666,18.38513593,4.98639845
39.73728509,17.82418611,4.93424158
39.16814087,15.96882925,4.81546232
39.46663327,16.56168923,4.86708519
39.40765860,17.47436075,4.88284951
39.48252990,17.31544470,4.88574490
40.04926660,17.40953456,4.96801062
39.09401497,17.08607429,4.83305169
38.93689995,16.90175987,4.80900602
38.77545340,16.71402271,4.78470761
38.61394357,16.52833268,4.76083985
38.45841506,16.33370388,4.73738969
38.29862261,16.14789138,4.71428753
38.14150108,15.95024395,4.69108311
37.99451488,15.74411978,4.66847313
37.83900853,15.53569937,4.64525286
37.67243661,15.34173646,4.62218839
39.83798760,15.62453593,4.91944424
39.17973428,15.79492251,4.81622864
41.79678767,20.68090495,5.31622213
41.75789638,20.56801051,5.30604667
41.63477511,20.66162519,5.29260269
41.80344277,20.46340802,5.30924725
41.65377782,20.45166197,5.28621985
42.41934733,21.35749888,5.43849718
42.52940694,21.33617646,5.45591730
42.45730751,21.20850235,5.43955255
42.49387485,21.47429278,5.45501889
41.29562059,19.52460255,5.20236904
41.41253432,19.40915206,5.21875035
40.86686789,18.76197681,5.11801556
40.98396064,18.84831414,5.13831941
41.04108674,18.68238815,5.14501840
41.02820100,18.97525395,5.14777505
41.15228616,18.85524428,5.16599243
41.59047820,20.10213009,5.26455839
41.62122431,20.25839292,5.27432662
41.76777171,20.13648890,5.29386630
41.46801964,19.95639674,5.24117072
41.42978037,20.17593959,5.24320777
39.95099790,17.22379242,4.95018643
39.87310462,17.09062610,4.93631935
39.91212244,16.93922922,4.94093305
38.84641136,15.23791806,4.76084948
39.66196320,16.56270483,4.89758611
40.85222614,18.94875169,5.11968373
40.63014649,18.93751172,5.08714512
39.79078004,16.84895136,4.92064837
39.35952691,17.66916219,4.88676447
38.42561422,16.52868422,4.74511246
38.26981544,16.33188700,4.72208117
37.64052434,15.53700550,4.63152120
37.79864760,15.73707075,4.65393978
41.11992166,19.84301883,5.18708722
41.29600468,19.82181874,5.21099202
40.49864749,18.31150483,5.05210413
40.56542417,18.45095065,5.06506117
41.26606574,19.99848372,5.21327348
41.44943667,19.76153902,5.23274535
40.76003758,19.13800656,5.11164189
40.55234249,19.14081865,5.08473874
40.69146603,19.32207401,5.10970853
40.88435011,19.31252725,5.13479266
40.83418106,19.48886903,5.13484400
41.00253954,19.65578110,5.16372115
40.41609793,18.95554190,5.06027466
39.74846919,16.71777884,4.91268994
38.80100848,14.93770902,4.75259492
41.18562367,19.06965612,5.17504647
39.82367653,18.21247099,4.96001435
40.39611736,18.00071061,5.03085515
40.21325653,17.56108479,4.99589603
39.66892835,18.03501689,4.93543420
39.51560184,17.85124641,4.91103831
39.32051095,15.98590694,4.83955674
39.43844813,16.08473491,4.85892130
39.58072301,16.40710063,4.88346779
38.11333488,16.13428237,4.69920544
37.95624998,15.93616998,4.67650136
39.20462966,17.48461797,4.86278732
39.05030562,17.29337780,4.83881133
38.89403716,17.10226022,4.81495433
38.74006918,16.90858500,4.79143676
39.29352594,15.87092343,4.83474455
38.58081723,16.72395105,4.76826845
42.90638382,21.87758982,5.53938166
43.04461383,21.89192828,5.56362794
42.96937196,21.73448387,5.54476754
42.78539065,21.95351412,5.52214793
42.94560175,22.01733200,5.55163579
40.70721787,18.51141596,5.08821511
40.86727226,18.58770264,5.11511790
39.00676410,15.32162206,4.78679470
39.17862141,15.40808824,4.81486635
40.54483752,17.96929874,5.05427632
39.45201109,15.87919475,4.86045717
39.94534127,16.74445308,4.94482895
42.64034809,22.03127518,5.50282768
42.65837214,22.18853179,5.51396943
42.81197350,22.13780013,5.53484472
42.47925394,21.93598045,5.47406343
42.47832566,22.13918940,5.48596814
39.00432814,15.13775279,4.78598282
40.68031431,18.33363081,5.08105542
42.41828270,21.64040336,5.45012320
42.31061168,21.46103968,5.42566413
39.57722286,15.97254659,4.88112384
39.62676047,16.10371485,4.88959476
39.73583639,15.95611599,4.90673497
38.93708657,14.80623203,4.77434515
39.15590189,14.82538382,4.80935310
39.07246535,14.65923725,4.79527523
38.98475870,14.96648360,4.78245879
41.90722541,20.57759061,5.32930673
41.92745915,20.76357878,5.33897558
39.78318492,16.40618330,4.91632860
41.44227844,19.58972247,5.22743815
39.87889477,16.56162681,4.93280635
42.07475298,20.83396340,5.36446358
42.16971446,20.96533111,5.38415372
42.24459402,20.77480012,5.39049551
41.95125731,20.98740473,5.35160617
40.14900904,17.21847215,4.98190860
40.50116270,19.32838840,5.08796247
40.62285623,18.15209263,5.06924257
39.16140910,17.67716869,4.86978378
39.00925603,17.48651538,4.84635683
41.78456039,20.32618758,5.30192061
41.48230212,20.51051181,5.26518031
41.50666273,20.35241507,5.26121563
41.35049440,20.35742313,5.24072290
42.11738587,21.11187591,5.38148807
42.28727367,21.12623855,5.40871272
42.01250305,21.18444266,5.36941030
42.16571624,21.29583758,5.39662809
41.21761838,20.18548787,5.21547488
41.07597239,20.02383780,5.18997686
41.29913561,19.24388067,5.19687616
39.18070910,15.21248041,4.81481122
40.93131030,19.85279937,5.16398447
41.59410671,19.84584410,5.25815911
41.66929732,19.97587009,5.27364300
40.12452501,16.88197607,4.97513643
39.34902937,15.49830371,4.84278815
40.85434120,18.39352447,5.11024503
39.69942333,16.25061408,4.90196178
40.79149800,19.67383272,5.13848245
40.52119871,17.80180563,5.04854483
39.31268804,17.86558838,4.89326742
40.03999304,17.06561311,4.96277534
41.63408298,19.67902991,5.26099690
38.85639067,17.29441961,4.82305639
38.70325620,17.10151953,4.79995166
40.27571425,17.36973896,5.00402407
40.35542610,19.14661953,5.06271906
40.21873553,18.95873228,5.03845457
40.07090995,18.77650038,5.01368844
38.24007135,16.51569186,4.73147501
38.08435852,16.31814348,4.70891661
39.92198666,18.59756757,4.98935151
40.41761003,17.50769671,5.02861068
39.77308562,18.41299136,4.96505597
37.61344466,15.72096452,4.64214660
37.45537521,15.52033625,4.62019009
39.62040040,18.22976319,4.94081943
39.47018634,18.04437914,4.91700784
38.54951323,16.90770758,4.77700895
38.39509898,16.71244552,4.75418398
37.92793012,16.12005847,4.68652095
37.77094905,15.92098788,4.66426343
40.59776737,17.63154798,5.05941944
40.64647300,19.49686826,5.11282975
42.87502662,21.28679247,5.51259942
43.68103062,23.20867084,5.73444244
43.52859078,23.24153935,5.71021733
43.68059244,23.39040476,5.74439571
43.81082304,23.15900403,5.75418878
43.70947958,23.06335495,5.73167151
40.15803859,16.54264828,4.97760587
40.03361681,16.49296982,4.95748207
40.02759555,16.60788893,4.95734124
40.27390702,16.47800076,4.99436917
40.15334734,16.35324926,4.97477126
42.49971204,21.77953038,5.46903155
42.63597010,21.63316677,5.48444224
42.63621486,21.85467075,5.49370303
41.93144054,20.39224859,5.32761872
42.32447131,21.29278535,5.42081765
40.14593395,16.69714455,4.97712763
41.03835460,18.47172552,5.14166041
41.44032831,18.79261190,5.21227670
41.30505283,18.78143038,5.19013833
41.32619212,18.92271474,5.19587531
41.22809775,18.67744563,5.17587457
41.58540596,19.34888647,5.24632218
41.49204450,19.23428932,5.22868729
41.68566960,19.22373870,5.26023041
41.84982777,19.96809468,5.30338998
41.93340062,20.07716594,5.31993736
42.01954840,19.95294367,5.33136924
41.93108050,20.22275728,5.32308858
42.09099754,20.09430409,5.34670431
42.43490030,21.05249990,5.43082154
42.34410181,20.93913329,5.41206531
42.57986793,21.06348846,5.45574834
42.52363458,20.89881216,5.44123300
40.34772930,17.19677064,5.01427223
40.23851802,17.05293016,4.99515398
40.31187439,16.91714375,5.00575470
39.36887179,15.29759445,4.84535860
39.48965943,15.40981134,4.86500267
39.56057968,15.26876424,4.87475413
40.84009083,18.17591623,5.10520911
39.16049546,15.02241039,4.81101556
39.25549632,14.66286889,4.82292430
39.92521832,16.24638246,4.93847138
42.79168345,21.78176753,5.51620564
40.76194572,17.99247234,5.09022567
39.83788788,15.79631379,4.92152379
39.63705699,15.82938045,4.89036395
41.76419399,20.83325667,5.31827206
41.43972145,20.69642200,5.27000867
40.45718432,19.51193529,5.09421757
38.36362722,16.89599953,4.76484251
38.20939954,16.69929317,4.74242808
39.27636796,18.04921479,4.90199835
37.42818978,15.70415492,4.63260321
38.51719206,17.09124916,4.78736477
38.67022974,17.28507504,4.81000819
39.57631163,18.42136569,4.94877192
42.23909295,21.66438178,5.42561200
42.35203500,21.81243894,5.44934954
42.76713139,22.30713077,5.53668376
43.01447162,22.18127434,5.57024190
42.91686609,22.29376704,5.55926462
42.89856256,22.44478262,5.56425491
43.09886508,22.39056682,5.59391891
42.08036158,20.66372307,5.35993762
41.72158093,21.02401866,5.32265731
41.85305749,21.19065108,5.34850863
42.11250157,21.50178506,5.39955795
41.97779248,21.34615245,5.37320530
41.75238125,19.82851437,5.28395382
39.95284642,16.40866974,4.94392596
41.39213741,19.08839308,5.20954044
41.16696638,18.55889513,5.16407354
40.71711615,17.80151910,5.08076400
39.81381040,16.10265194,4.91990573
41.60005219,19.48938826,5.25146746
40.60144230,19.68218266,5.11880108
40.47014804,17.33352974,5.03554766
40.31325229,19.33024760,5.06930488
40.16778322,19.14753681,5.04455886
41.57677111,20.86279024,5.29583927
41.01625914,18.27524403,5.13543656
40.02051439,18.96952686,5.02033893
38.05446794,16.50180197,4.72016401
37.74250737,16.10472032,4.67609983
37.89881872,16.30375761,4.69806589
41.30639645,20.53332303,5.24509928
39.87283775,18.78923343,4.99631528
39.72503568,18.60582641,4.97244197
41.16715547,20.37187076,5.21991814
41.02698853,20.20868995,5.19485368
40.88629601,20.03796884,5.16959259
39.32392597,15.10329208,4.83728645
40.74221277,19.86688783,5.14429012
39.12592183,17.86069793,4.87885804
38.97492119,17.67006026,4.85579942
38.82297538,17.47800106,4.83282873
40.61185251,17.43650658,5.05956465
40.29954775,16.78270164,5.00232801
37.58563282,15.90473930,4.65427077
44.18282101,23.49956897,5.83593678
43.96334552,23.44323802,5.79617507
43.91975970,23.12453453,5.77052313
43.92082567,23.23993507,5.77733939
44.02354378,23.15148977,5.78866919
43.86024792,23.02324187,5.75496639
39.43209128,14.85852064,4.85086188
39.45785284,14.98355125,4.85633142
39.57592934,14.86098634,4.86996215
39.33359342,14.78145879,4.83576522
39.31056399,14.92909824,4.83395955
43.26397910,22.30837028,5.61850833
43.18183008,22.20436600,5.59988263
43.39705501,22.31611358,5.64158263
43.34838947,22.18401431,5.62739603
41.30928322,18.53440245,5.18669679
41.21813112,18.42852457,5.17037798
41.14360523,18.33128317,5.15689175
43.38342936,22.91456270,5.66789979
43.57590263,22.94967145,5.70271498
43.50236864,22.74720035,5.67992368
43.43635203,23.08624357,5.68606378
42.08431098,20.48016752,5.35540233
42.24432574,20.56476374,5.38460464
42.08593894,20.29276267,5.35082311
39.91791606,15.95438900,4.93511498
42.77010332,21.49824250,5.50226377
42.84394733,21.61468984,5.51895825
42.92730842,21.44286876,5.52695098
44.42039146,24.86154161,5.97121391
44.49658514,24.97864434,5.99420466
44.57732845,24.85573969,5.99760711
44.46566360,25.13342992,6.00362445
44.64260222,25.02951004,6.02363039
41.37521503,18.38469424,5.19369374
41.03673832,18.10702064,5.13638605
43.30237235,22.43860156,5.63091227
39.49382002,15.13654869,4.86344302
40.03292220,15.81899290,4.94957115
41.81796874,19.69421429,5.29199330
41.80425358,19.53032148,5.28613947
40.92277234,18.01787395,5.11683855
40.91602785,17.86685108,5.11366911
41.57743934,19.09169091,5.24007236
42.18110106,21.85009146,5.42959003
41.39878224,18.64709988,5.20291548
43.13125775,22.04370391,5.58451910
41.94819010,19.79847054,5.31588767
41.11436726,20.55761375,5.22667844
40.41174909,19.69519266,5.10264795
39.97929796,19.15342386,5.02956292
38.33116882,17.07932570,4.77708912
38.17778875,16.88267291,4.75495184
39.53746508,18.60484714,4.95870694
38.78843507,17.66134275,4.84424034
38.93924383,17.85334075,4.86688168
39.42663204,18.23511597,4.92523908
39.08943188,18.04399886,4.88963960
39.23936821,18.23264410,4.91251133
41.92386831,21.53940647,5.37863097
40.83675795,20.22230045,5.17715003
40.97595426,20.39316614,5.20203288
41.65124075,21.21930509,5.32682658
43.58016917,23.10999396,5.71176865
43.96235840,23.86155746,5.82071079
44.09700279,23.82702136,5.84191920
43.78742455,23.88275328,5.79281520
43.91069922,24.03475939,5.82336411
43.68090436,23.73218284,5.76549572
43.75564686,23.57703867,5.76804119
43.57374106,23.57377331,5.73791955
43.84029067,23.47061969,5.77645254
43.21237884,22.59237056,5.62268714
43.14569441,22.76334856,5.62064901
43.31332504,22.74881126,5.64751639
44.10767766,23.97922392,5.85323363
44.05176963,24.18899456,5.85753267
43.85515851,23.72390062,5.79384494
43.78981261,23.27456930,5.75684261
43.38511625,22.58640768,5.65199096
43.23329961,22.88671890,5.64160909
43.34348605,23.25082941,5.68095349
43.23834218,23.07038015,5.65332981
39.97831681,16.08377091,4.94549111
43.03307019,22.60085704,5.59379358
42.83691658,22.62911894,5.56627283
43.46367442,23.40567584,5.70961916
40.44646802,17.01730974,5.02815426
40.45057422,16.85081811,5.02636397
43.08521220,22.93632259,5.62180250
42.96347643,22.78415031,5.59427331
40.54690186,17.17040327,5.04585841
42.41302220,20.79851869,5.41961494
42.40256332,20.64279215,5.41338669
40.65450806,17.28590054,5.06418385
40.76283123,17.49499970,5.08413326
42.24452542,20.37237935,5.37947435
42.71297793,22.47676077,5.53922706
42.59352664,22.32705049,5.51335907
40.69643166,20.04990930,5.15235389
40.26890106,19.51358900,5.07794946
40.12509385,19.33161472,5.05350475
41.74185764,19.37874354,5.27265284
42.05503532,21.69718983,5.40438051
37.71328769,16.28825093,4.68944065
37.55709434,16.08831882,4.66787423
37.40029034,15.88778007,4.64646684
38.02366705,16.68524222,4.73296276
37.86881053,16.48724023,4.71113713
39.83242465,18.97284535,5.00576593
41.52232618,21.05117828,5.30169253
39.38899142,18.41873221,4.93548180
41.78969174,21.37454510,5.35244463
41.38687019,20.89045694,5.27669902
41.17135597,18.19360510,5.15895367
40.87934453,17.73159923,5.10587542
41.50921692,18.93213886,5.22596505
38.63663665,17.46845297,4.82171928
38.48403516,17.27458037,4.79933855
41.25045214,20.71943897,5.25120566
40.80144927,17.63042933,5.09218787
39.18713980,14.51800034,4.81115729
40.55418119,19.86688506,5.12693514
40.10799658,16.14539419,4.96540713
42.31395049,21.99644517,5.45559813
40.34215078,16.26733462,4.99952951
40.33025945,16.38733642,5.00071416
40.47349641,16.35369964,5.01774026
40.25007851,16.18674436,4.98578800
41.52614233,18.57223796,5.22032448
41.45406893,18.49328400,5.20787670
41.64242381,18.57985822,5.23627152
41.59155726,18.46601063,5.22568990
43.98118254,23.34083465,5.79327905
43.86114136,23.36280189,5.77403655
44.06303360,23.26072343,5.80172825
40.40890532,16.48447534,5.01340803
40.49237017,16.57995290,5.02668788
40.55157695,16.46839758,5.03039037
40.45845561,16.71226109,5.02506482
40.59981855,16.64804523,5.04200330
40.80898949,17.23703923,5.08567403
40.72488687,17.14508777,5.07183637
40.90277857,17.29141641,5.09959609
40.92550370,17.19256832,5.09905016
41.01444708,17.41032603,5.11736406
40.89186358,17.39873035,5.10110923
40.90952577,17.51190227,5.10628391
40.77143412,17.35822527,5.08303485
42.98077341,21.58322098,5.54108321
41.05865089,17.95500869,5.13728293
41.06708641,17.83912915,5.13622151
41.21350410,18.03215014,5.16178233
41.00894985,17.73587796,5.12552342
40.95351757,17.62335244,5.11506078
39.85727947,15.49591479,4.91993188
39.96175546,15.54431993,4.93438581
39.96361774,15.39778430,4.93048365
42.14842279,19.93969613,5.35193218
42.11880991,19.82013536,5.34382933
42.25066908,19.99702230,5.36960243
42.26248094,19.83414555,5.36568352
44.21471823,24.22989924,5.88821602
44.22388512,24.10646976,5.88161601
44.30068007,24.29890315,5.90785693
44.34583186,24.18484283,5.90796251
42.66526427,20.81068391,5.46168019
42.56463006,20.71427783,5.44227432
42.79135208,20.83150500,5.48181349
42.75198625,20.70363225,5.47060923
40.70260747,16.79330355,5.05891947
40.58525024,16.77060897,5.04372695
40.59403317,16.89751409,5.04797955
41.18483551,17.88796206,5.15403014
41.32539286,17.92538452,5.17314312
41.85610048,19.26257938,5.28769466
41.91096201,19.38864016,5.29951669
42.00894887,19.28268780,5.31002276
40.10944286,15.96853430,4.96269514
39.63493397,15.13789012,4.88344672
39.60687195,15.00940743,4.87723602
39.73692908,15.23058118,4.89877295
39.77334446,15.02819026,4.89775653
42.26350628,20.17444699,5.37705303
44.86794135,25.27641489,6.08535049
44.73040286,25.29957892,6.06381867
44.80194907,25.42084471,6.08833512
44.61019918,25.22540036,6.03625278
44.60127336,25.41791455,6.05502991
44.41186640,24.56900835,5.94649126
44.34439503,24.41889950,5.92384346
44.24227582,24.54968745,5.91601088
44.45590128,24.29004019,5.93410681
44.98336443,25.39754576,6.11734657
44.89378196,25.56598114,6.11965581
44.77029355,25.15717828,6.05720537
41.54184779,18.68041473,5.22546670
41.82906568,19.13521863,5.27999802
40.32124683,16.61639741,5.00344354
39.39079532,14.51540737,4.83852409
42.69088360,20.93631349,5.47016219
43.68634041,22.79267308,5.71359754
41.95850526,19.62613731,5.31330029
39.39307275,14.66851182,4.84218824
39.47513045,14.75162720,4.85467045
41.09439828,17.62576002,5.13440063
42.40959263,20.45471922,5.40897446
42.52794401,20.55554731,5.43112853
42.81114088,21.18098367,5.49831147
41.56122877,18.79191433,5.23110085
41.67256531,18.96655012,5.25220036
43.26543601,22.09718580,5.60962849
43.28994051,21.99055119,5.60905457
43.38537809,23.59027929,5.71088250
41.59882411,21.40392488,5.33527088
43.49193325,23.75010186,5.73818414
43.26689164,23.43293564,5.68248087
41.33619815,21.07509767,5.28567253
43.02143883,23.11920695,5.62577628
44.29233204,23.97906034,5.88513800
44.36057277,24.07470180,5.90306709
44.15739782,24.37070140,5.88828420
43.13486973,21.76272640,5.57378886
40.78515836,20.40601412,5.18696991
40.64652616,20.23247623,5.16241947
39.93622238,19.33694588,5.04080155
40.08033587,19.51529485,5.06451833
39.79088084,19.15618702,5.01720108
38.45029727,17.45771758,4.81293512
37.68319014,16.47155463,4.70425641
37.52779268,16.27168556,4.68294322
37.99194515,16.86844997,4.74727727
41.05866979,20.74264603,5.23574577
39.68513262,18.78936776,4.98210818
39.34990226,18.60204143,4.94750470
39.49737301,18.78806152,4.97049674
42.76911565,22.80777001,5.56997555
42.89408121,22.96881343,5.59792262
42.51973714,22.50782284,5.51704872
41.86234701,21.72160313,5.38541389
41.99568791,21.88297355,5.41140847
40.22306891,19.69668306,5.08875500
40.36454490,19.87810089,5.11325150
42.26726297,22.18667662,5.46373192
43.66478803,22.63882530,5.70194434
44.73733188,24.85448835,6.02530367
44.84452122,24.98952877,6.05516846
44.92055605,25.13104100,6.08085151
44.32695958,24.71370529,5.94322615
44.56611254,24.57030382,5.97339816
44.50499669,24.43846481,5.95313041
44.49647215,24.70947480,5.97188500
44.67041886,24.70071778,6.00138548
44.04981675,24.54776093,5.88497262
43.94352980,24.37788933,5.85450467
44.71188647,25.58013668,6.09125521
44.16343183,23.72350518,5.84697769
44.24183806,23.84379097,5.86781946
39.97990350,15.67652496,4.93970660
44.24063834,24.87618309,5.94364239
44.34708486,25.02130892,5.97395972
42.74218355,21.06488964,5.48294613
41.71632870,19.08634691,5.26186051
41.28046117,18.28495908,5.17737886
40.24862662,16.05069478,4.98241336
42.09120304,19.68167063,5.33542371
43.09012456,21.62399832,5.56078696
43.20455593,21.88922110,5.59058313
45.01047296,25.23743753,6.10618007
42.38549056,20.27909078,5.39958163
40.64625558,17.02397412,5.05808315
43.45675462,22.43775855,5.65732634
44.14596243,24.71218914,5.91408256
43.54263424,22.55640031,5.67751682
43.83606875,24.21999264,5.82542763
43.71702094,24.06164390,5.79510101
43.60405938,23.90506082,5.76630060
42.12330235,22.03799209,5.43672325
43.14683504,23.27416098,5.65414326
42.39816172,22.34603823,5.49062387
40.50748940,20.05123367,5.13748994
39.80295846,15.38474291,4.91056106
40.92251350,20.57715153,5.21149989
38.29790830,17.26243235,4.79091511
41.19649099,20.90536137,5.26019122
41.73050845,21.56073026,5.35999489
43.75376853,22.92522751,5.73190941
42.64329878,22.65993465,5.54334204
37.37168055,16.07119841,4.66178635
37.83791066,16.67049406,4.72570189
39.64447515,18.97267909,4.99372038
39.20150410,18.41583689,4.92479753
39.05227028,18.22709114,4.90216474
38.90261072,18.03638236,4.87964983
38.75259817,17.84440595,4.85728308
38.60192491,17.65157216,4.83505573
44.38003952,23.76526451,5.88472138
44.28249213,23.71871267,5.86630352
44.46656119,23.70528515,5.89231952
44.37898789,23.64057914,5.87527536
40.61493334,16.55028377,5.04028108
40.68347157,16.46945683,5.04323731
40.68256760,16.69815589,5.05320211
40.78588760,16.69655243,5.06336678
40.73974743,16.58243286,5.05366457
42.11931300,19.46747193,5.33186468
42.06441138,19.38668521,5.32140107
41.99216059,19.49084129,5.31471752
42.19568448,19.39308299,5.33768439
40.86927871,17.11790696,5.08979189
41.00402574,17.09617654,5.10285270
42.29794728,19.59493365,5.35957335
42.18661119,19.60854457,5.34647290
42.21831718,19.70244388,5.35448706
42.09776558,19.56138882,5.33242469
40.99081141,17.32563111,5.11153829
41.09757350,17.31435192,5.12240819
41.03506420,17.21909566,5.11182464
41.36421922,18.02761793,5.18160734
41.46331234,18.08674216,5.19537879
41.48407462,17.95615265,5.19095688
43.39722532,21.95799866,5.62451590
43.34494060,21.87719541,5.61249605
43.50230035,21.99221522,5.64173581
43.46425709,21.87321005,5.62952320
43.58489498,22.08730114,5.65876007
43.46173455,22.10365619,5.64183844
43.49135223,22.20201884,5.65149054
43.37776480,22.05650322,5.62632013
44.65171278,24.45787509,5.97926685
44.61283509,24.34572382,5.96428867
44.61368463,24.22895653,5.95534395
43.29315478,21.51055258,5.58551063
43.17533713,21.53794140,5.57042048
43.22312169,21.64134086,5.58252723
43.07328200,21.50010118,5.55296503
44.43321694,23.99059908,5.90921085
39.62525357,14.71611560,4.87137964
39.51595984,14.62425276,4.85639481
39.54628134,14.50896806,4.85576048
41.77584005,18.83518125,5.26271100
41.63975365,18.84693047,5.24420345
42.59873268,20.42630119,5.43689879
41.32408335,18.14234702,5.18012998
43.67405214,22.50167259,5.69596428
43.59189046,22.41704680,5.67851124
43.77880837,22.55604496,5.71483843
43.78408411,22.43499936,5.70776287
43.83034121,22.80900830,5.73782154
43.80511834,22.67914948,5.72623228
43.87184541,22.90631156,5.75004944
41.82812224,18.98834814,5.27510651
42.40761432,20.15094388,5.39843462
40.27222651,15.90902601,4.98079344
41.52411796,18.35537923,5.21322008
40.82121958,17.00927443,5.08030185
40.39897973,16.11716192,5.00145295
40.46089709,16.22974123,5.01199165
42.89967457,21.05035098,5.50719253
44.39592682,23.88173866,5.89554775
41.17117733,17.74247943,5.14787185
41.30002229,17.80732615,5.16552139
41.68037681,18.71667214,5.24600866
44.51951743,24.10913981,5.93153110
44.99061374,25.01121465,6.08135787
44.10251627,23.38530494,5.81585099
44.43491615,25.31322405,6.01792911
44.39025420,25.48638044,6.03275012
39.68353932,14.56361894,4.87032687
42.37855572,20.03730030,5.38990271
42.50351408,20.32591356,5.41911502
42.50909881,20.20295935,5.41488523
41.04746162,17.51102654,5.12480668
43.28211123,21.76932194,5.59762819
40.05717522,15.47380725,4.94300342
40.08459567,15.57456758,4.94940463
43.09510336,21.37566815,5.55083597
42.06991765,22.22519087,5.44724714
42.32464156,22.53379485,5.49849309
43.85337342,24.55955734,5.85803570
43.18404117,23.61761009,5.68699411
42.83107385,23.15483803,5.60573482
43.41725337,23.92791863,5.74305769
38.41545076,17.64057941,4.82813019
38.26405520,17.44532964,4.80634228
40.03412202,19.69860220,5.07768135
42.57312596,22.84548674,5.55093703
43.52705711,24.08424499,5.77100547
38.14521945,17.06581506,4.76901691
37.80610469,16.85350154,4.74177838
39.30963625,18.78504737,4.96137354
39.45650144,18.97103447,4.98422368
38.86531064,18.21920357,4.89410875
39.01421884,18.40993139,4.91641895
41.46058051,21.23493072,5.30933215
41.14214986,21.09086677,5.27178231
40.86705791,20.76061928,5.22332677
41.00451761,20.92736754,5.24754729
41.80181745,21.90514599,5.39538855
44.04489828,24.88741595,5.91679710
44.13740784,25.07637962,5.94976377
44.69578252,24.55939059,5.99447362
44.81278347,24.59655528,6.01619147
44.80895217,24.73263118,6.02718740
42.66318458,20.57175568,5.45221887
43.53631984,22.31239710,5.66424795
42.96073388,21.16350498,5.52122588
44.24388369,23.61621772,5.85329327
44.89540339,24.82769082,6.04935789
42.37231900,19.90663535,5.38362934
40.12984622,15.69467697,4.95827232
40.74496271,16.90440132,5.06770282
39.69859836,14.91038664,4.88576765
45.05704036,25.10910302,6.10133834
41.92485789,19.06758462,5.29069316
41.96077724,19.16657574,5.29921416
44.95534519,24.91576946,6.06685105
43.95524979,24.71600997,5.88710626
43.74378792,24.40111130,5.82836844
43.63575033,24.24252909,5.79945871
43.01761047,21.28040892,5.53491193
39.90991894,15.24068188,4.91949883
44.28943680,25.20155054,5.98446301
41.67007321,21.73664552,5.36949221
41.53758729,21.58771248,5.34565779
41.93128129,22.06762985,5.42093522
43.06798428,23.46282201,5.65967412
39.85715375,15.12558091,4.90996799
43.98855173,23.04473229,5.77654127
43.96803624,22.93970595,5.76672733
41.40610696,21.42063171,5.32061167
40.19288783,15.81358960,4.96903718
40.37922318,15.97489742,4.99389818
44.51533084,25.60657797,6.06544103
39.89118238,19.52004390,5.05411290
39.60262775,19.15568602,5.00731653
39.74748347,19.33914403,5.03066018
42.94169317,23.30815701,5.63157820
42.70050251,22.99602516,5.57758945
39.16223739,18.59870934,4.93884304
40.45697075,20.23481570,5.15008963
40.31724872,20.06084026,5.12615170
38.71584819,18.02721962,4.87196089
40.59452063,20.41477663,5.17472607
38.56596264,17.83439955,4.84998598
42.44771835,22.68803202,5.52426776
42.19496803,22.37484998,5.47204724
38.11187653,17.24872586,4.78465403
40.73126248,20.58909758,5.19905532
37.49762806,16.45481448,4.69946751
37.34231973,16.25439369,4.67853978
37.95928978,17.05140682,4.76313082
37.65221545,16.65461713,4.72055604
42.83645437,20.94392962,5.49323335
39.72448570,14.79093492,4.88412569
41.45245985,18.22917599,5.19973856
43.29795094,23.77399795,5.71459392
43.71006980,21.84541302,5.65211937
43.67079368,21.93290247,5.65740391
43.76319661,21.93687415,5.66445649
43.60719769,21.98161616,5.65456421
43.68614663,22.01468968,5.66560605
42.67560772,19.98957211,5.41976419
42.76629375,19.98092215,5.42317128
42.70314641,19.91676929,5.41480270
42.69787279,20.06320776,5.42716510
43.53766256,21.66704143,5.62327350
43.57800015,21.58868710,5.61882466
43.47600688,21.60965975,5.61302034
43.63136757,21.68667609,5.63161839
44.69203493,23.75429927,5.92052727
44.60718292,23.74896456,5.91266263
44.61767550,23.83720121,5.92236018
44.55680538,23.69161053,5.90185043
44.50742337,23.79027577,5.90474642
44.06236347,22.86981207,5.77451680
44.13920604,22.69835509,5.76656510
44.94727538,24.33481113,6.00784499
44.86038011,24.39085783,6.00418282
40.39790483,15.63671674,4.97618636
40.44720836,15.68811537,4.98158501
40.49084384,15.62173372,4.97674243
40.44566315,15.76652824,4.98713074
40.52318734,15.69544592,4.98342495
45.02698758,24.38012888,6.01979664
44.93975124,24.40998250,6.01539692
44.98450562,24.46862290,6.02650805
44.88609866,24.48067850,6.01616059
40.93437038,16.95028101,5.08919530
40.88182452,16.87986936,5.08099786
41.01445191,16.86866136,5.08960525
43.99957134,22.63675000,5.74863828
43.91117434,22.63553478,5.73819210
43.86858075,22.58312326,5.72898904
40.01710112,15.17426787,4.92647989
40.10083972,15.16792188,4.93148054
40.07727241,15.08428919,4.92492638
40.04999837,15.26006332,4.93328381
44.67656906,23.91846416,5.93666406
44.59139340,23.92874422,5.92749603
44.61744599,24.00537381,5.93753702
44.51337346,23.90327265,5.91476675
44.53523985,23.99140681,5.92489334
43.31502085,21.36974038,5.57897521
43.20887497,21.33839825,5.56462747
43.19420743,21.43847639,5.56822362
43.15623481,21.25894312,5.55333738
42.40595265,19.79121239,5.38210693
42.46926250,19.85331334,5.39247409
42.51951171,19.77437712,5.39199987
42.47996486,19.94163607,5.39858629
42.55951574,19.85660262,5.40111492
45.05334381,24.91654190,6.08174210
45.00073844,24.84931816,6.06749270
45.01136811,24.76618814,6.06084253
42.86589557,20.75160235,5.48839736
42.91905764,20.84314136,5.50004916
42.98472216,20.73817853,5.50124625
40.53591571,16.15492661,5.01549565
40.57516285,16.25809532,5.02377254
40.66891847,16.16884732,5.02422991
44.92927438,24.68389332,6.04137268
41.17505590,17.51076327,5.13932046
41.13824634,17.40967049,5.13093016
41.27034410,17.51144347,5.14797469
41.26456731,17.41455710,5.14152159
42.51322869,20.06483248,5.40894371
41.22945059,17.60782005,5.14929375
41.32493307,17.68470088,5.16221632
41.35422634,17.55832723,5.15679493
41.80296087,18.70781129,5.26067582
41.77100032,18.59726466,5.25194338
41.89635888,18.74659747,5.27225887
41.89746691,18.62018663,5.26461888
42.63033718,20.26453590,5.43346548
44.77537515,24.47646691,6.00019413
44.25108033,23.38694738,5.83828837
41.97300481,18.96740635,5.29173510
43.05392999,21.03641153,5.52772078
40.93178161,17.02751578,5.09280161
42.16052522,19.28718985,5.32827514
42.11071799,19.17323960,5.31690966
43.66488518,22.30502165,5.68316350
44.16012462,23.15403254,5.80858760
44.10008938,23.05615424,5.79334072
39.92150871,15.01906808,4.91140095
40.16598362,15.47694322,4.95300406
40.32845946,15.79281126,4.98126436
44.65315416,24.14476305,5.95429571
42.88808607,20.66318188,5.48613300
42.22829450,19.50242753,5.34693071
40.52004059,16.07060409,5.00988750
44.24195461,25.38193955,6.00026934
44.19964872,25.55305480,6.01936446
43.99057520,25.19796651,5.94731591
44.10840813,25.28229245,5.97142903
43.83052447,25.22188275,5.93509708
43.91611071,25.37554255,5.96532888
45.10690802,24.82419907,6.07929798
43.36381190,21.64371680,5.60255440
43.41083537,21.76901997,5.61618733
43.91137765,25.56562954,5.99541279
44.04796105,25.60572828,6.01302666
44.06878653,25.45751409,5.99176763
44.12686990,25.73061230,6.04076036
44.33569263,23.50590147,5.85892671
43.93698959,25.05176549,5.92270767
44.66811592,24.07263330,5.95007804
42.75082525,20.46072314,5.45850773
42.72577686,20.34635876,5.44907599
42.61514348,20.13267365,5.42437826
42.34677962,19.69439826,5.37029064
40.12417801,15.36114704,4.94400113
40.21356961,15.58134449,4.96184855
42.80880123,20.57373902,5.47170599
41.66150954,18.34640578,5.22822411
41.73685313,18.46093728,5.24150381
40.48253194,16.00215272,5.00355358
44.06822499,22.96341049,5.78232539
44.94480119,24.56162256,6.03166082
44.72677081,24.19062857,5.96829802
44.19561666,23.27346432,5.82223314
43.75443429,24.73932537,5.86514018
41.26857202,21.25791141,5.29584007
40.94774120,21.11138067,5.26175026
43.85197214,24.89119960,5.89371667
43.65059355,24.58196590,5.83591007
42.98211728,23.64726177,5.66806358
41.21250992,21.44208729,5.30983557
41.47538951,21.77137849,5.35890308
41.07658247,21.27481526,5.28525645
40.81237808,20.94383960,5.23776168
40.26641642,20.24295516,5.14115420
42.63074394,23.18336929,5.58846674
40.17570157,19.87948278,5.10173454
39.84472142,19.70274353,5.06958024
39.41438880,19.15368047,4.99994025
39.26856714,18.96776447,4.97718619
40.82893946,16.79175067,5.07189268
37.31211037,16.43733927,4.69673915
38.82710005,18.40175244,4.91030313
38.67843129,18.20979458,4.88832762
43.43447894,24.26641504,5.77826931
41.60831035,21.92434332,5.38285658
41.73882582,22.08910650,5.40820875
38.22910328,17.62793767,4.82334745
38.37939490,17.82313659,4.84490821
41.57140202,18.13350598,5.20845267
41.87419404,22.25265123,5.43415081
42.13541434,22.56292889,5.48482354
40.40014879,15.86208254,4.99021679
41.60341929,18.24164716,5.21717958
40.62385786,16.36845988,5.03323837
39.96264920,15.10894096,4.91902848
40.28153454,15.68937200,4.97249563
39.81287131,14.86256141,4.89513196
42.97629138,20.93757736,5.51244869
43.09401511,21.15787981,5.53965600
42.03706540,19.06445495,5.30348926
39.76670825,14.67276593,4.88211276
43.62368849,22.20594420,5.67136095
45.10833003,25.00279208,6.09839260
41.41872303,17.83958289,5.17883865
41.91801417,18.86457242,5.28070489
42.86758750,23.49375523,5.64152589
42.74469634,23.33846651,5.61439715
43.32544196,24.11081830,5.75037509
43.21552733,23.95644386,5.72298070
43.54271570,24.42378648,5.80677949
41.38874609,17.75559906,5.17159731
43.09250999,23.80089456,5.69458700
43.89137685,22.48037922,5.72420378
42.25110303,22.72241305,5.50998484
42.37737265,22.87504668,5.53563611
42.50408058,23.03135157,5.56207498
39.55894096,19.33827800,5.02295212
39.12185043,18.78126569,4.95474998
41.34436445,21.60519853,5.33407799
39.98653521,19.88151088,5.09304177
39.70220809,19.52167450,5.04620782
38.97480684,18.59243602,4.93245130
40.54035140,20.59672667,5.18932719
40.40439419,20.41777118,5.16495200
38.52912275,18.01696305,4.86654299
40.12780551,20.06206848,5.11698780
38.07793097,17.43141305,4.80186119
40.67587975,20.77164679,5.21352449
37.92588683,17.23412135,4.78052915
37.46660073,16.63769041,4.71746308
37.77339037,17.03624686,4.75937243
37.62035002,16.83742134,4.73834992
39.90826787,14.91109366,4.90481259
43.70154137,22.39278369,5.69371305
41.88396309,18.33267996,5.24117761
41.88071375,18.25715313,5.23377633
41.82290855,18.27762355,5.23454196
41.91321164,18.20277480,5.22747566
41.83503718,18.21245105,5.22889100
41.60063141,17.96063842,5.19944216
41.58273792,17.90386849,5.19425849
41.66743587,17.91034852,5.19756697
41.57556106,18.03413701,5.20291922
41.64972889,18.07535659,5.21055946
41.68474770,17.99288807,5.20545917
41.68032709,18.14790656,5.21756729
41.75023775,18.06376003,5.21337658
44.72260067,23.99129351,5.94881277
44.76077002,24.04964356,5.95873105
44.82901963,23.98834922,5.95767260
44.74248204,24.11528760,5.96323476
44.84207214,24.08106442,5.96964166
44.80398421,24.14982337,5.97356549
44.88537715,24.14566725,5.98061680
42.34375456,19.24359196,5.33851820
42.25786280,19.23974221,5.33367626
42.27590284,19.31370121,5.34032515
42.20763506,19.20199449,5.32733678
40.49094010,15.83240358,4.99355671
40.54843872,15.76952795,4.99007293
44.13635367,22.89765583,5.78522777
44.16725474,22.96459265,5.79428792
44.22903448,22.87108989,5.79081475
40.79970258,16.46617901,5.05073766
40.85548365,16.52901600,5.05773202
40.91230414,16.44520222,5.05212400
40.86912175,16.60756704,5.06393959
40.94356613,16.53171410,5.06024055
40.63131622,15.92500768,5.00420553
40.54888997,15.93844192,5.00328144
40.57445641,16.00263682,5.00878631
40.47768328,15.91001892,4.99794256
45.19605089,24.98959676,6.10865250
45.16240467,24.91408685,6.09600861
45.25526746,25.02920256,6.12027266
45.28655319,24.92269615,6.10996118
39.83028579,14.58254530,4.88018037
39.87128785,14.65012650,4.88652347
39.92980924,14.58797964,4.88297503
39.84452105,14.74034815,4.89101080
39.96829558,14.67239207,4.89058430
45.11202270,24.73085812,6.06947089
45.04013397,24.68718325,6.05642350
45.02990816,24.61204622,6.04714608
41.48667981,17.74886894,5.17779733
41.42202185,17.69269448,5.17010866
41.41452333,17.62645156,5.16504412
39.92401841,14.79383842,4.89859875
39.98954430,14.83954627,4.90436522
40.02276829,14.75530948,4.89818559
43.53871322,21.76193098,5.63097814
43.46458903,21.68861191,5.61766739
43.79329721,22.30538998,5.69966044
44.50057554,23.62146868,5.88914408
44.44450200,23.55163077,5.87645730
44.46302809,23.46065762,5.87002550
43.59228811,21.88123416,5.64558952
42.61689821,20.03894073,5.41870618
42.59880131,19.94982475,5.41099841
42.74764175,20.25447244,5.44535379
42.73129277,20.16210920,5.43727514
42.80855297,20.29457640,5.45339510
40.37888637,15.71662441,4.98055920
40.24079445,15.38644449,4.95247603
40.28094790,15.47883285,4.96044267
40.35333211,15.39115482,4.95579067
44.20552796,23.04390865,5.80526109
44.25460637,23.10605793,5.81593945
44.30270723,23.03079474,5.81286678
42.88844266,20.47032766,5.47319720
40.01503952,15.02114102,4.91774448
44.32117412,23.28448276,5.83891298
40.95366858,16.77890773,5.08016123
42.37999586,19.49358004,5.36098526
41.18602216,17.20819932,5.12272634
43.10046065,20.92188772,5.52543442
42.04089260,18.87388014,5.29228215
43.74802977,22.20376879,5.68687446
41.02131152,16.97847652,5.09740750
41.53130027,17.84269032,5.18704696
40.22776565,15.30376237,4.94621018
41.73671567,18.24448960,5.22786294
41.78043044,18.34559914,5.23776759
43.28439762,21.24943712,5.56709770
44.32840523,25.65666316,6.04903043
45.12869554,24.64556456,6.06097560
43.70827947,22.10911209,5.67530422
45.16679528,25.07478438,6.11422013
42.21513658,19.13467216,5.32298693
40.74979357,16.37788915,5.04225923
42.47735600,19.68084208,5.38193785
43.95932653,22.56206050,5.73818428
41.85979799,18.50825697,5.25434282
40.18505040,15.21902652,4.93860324
42.84275476,20.20517506,5.44792910
44.55050573,23.52616524,5.88444321
45.04258623,24.52726379,6.03893780
41.33802822,17.46476539,5.14925063
43.65221997,24.91577210,5.87690373
43.15659853,20.97757073,5.53470447
42.93226434,20.56918098,5.48430598
41.84107800,18.41196138,5.24620294
41.41351717,21.95495498,5.37507971
40.21355323,20.42459270,5.15843467
39.22621536,19.15010395,4.99500919
42.78073873,23.67744505,5.65395894
43.12281361,24.13921066,5.73471626
42.41610328,19.59508434,5.37102417
38.64008951,18.39207505,4.90643086
38.78756949,18.58395010,4.92828677
38.04289699,17.61379644,4.82064007
38.19298019,17.81022934,4.84193463
39.65554881,19.70379942,5.06394808
39.79697886,19.88502690,5.08727465
41.01916518,21.45912833,5.30205462
42.00094858,22.41049199,5.45928383
41.67915828,22.27372437,5.42426686
40.61284225,16.07785004,5.01558655
42.30671921,23.06117034,5.55024735
42.43003404,23.21659136,5.57613030
43.38801216,21.44379199,5.59174951
43.41849377,21.53084700,5.60134508
41.99182943,18.67658185,5.27469941
42.00797531,18.77570676,5.28309537
43.88453083,22.36521959,5.71407550
41.12658865,17.11952471,5.11321657
41.11497731,17.01804758,5.10529973
43.21825441,21.15913858,5.55402901
43.18772699,21.05998986,5.54378837
42.08979631,18.96855825,5.30238131
42.16654767,19.05453429,5.31385321
42.98554327,20.64312628,5.49439619
41.22160585,17.31358061,5.13207925
44.38435127,23.38334910,5.85466411
40.70468851,16.27847411,5.03335101
43.55234241,24.76174674,5.84789672
43.44751577,24.60464065,5.81875417
42.54630947,23.36845706,5.60147586
43.74570101,25.06281337,5.90513903
41.28201131,21.78924322,5.35036464
42.18065787,22.90696690,5.52468452
40.88389916,21.29409292,5.27820342
42.05504035,22.74826134,5.49900433
40.62055634,20.95385862,5.23050570
40.75420822,21.12627945,5.25454847
42.66670361,23.52334485,5.62781289
43.01299817,23.98563109,5.70774722
43.34027462,24.44819200,5.79011987
43.23192173,24.29321147,5.76213723
37.58759973,17.01995240,4.75764773
44.29521706,25.81845708,6.07134081
37.43469758,16.82029620,4.73694118
37.28105233,16.62001947,4.71640122
37.12666565,16.41910427,4.69602377
41.93582652,22.59555031,5.47472313
41.80612309,22.43627828,5.44942826
39.08063228,18.96351264,4.97260723
38.93431987,18.77461156,4.95035422
41.54557765,22.11075229,5.39905540
39.93806995,20.06404328,5.11067493
39.51345121,19.52041882,5.04072363
39.37045464,19.33588851,5.01773882
38.49161550,18.19926864,4.88478426
40.34984888,20.60009007,5.18212150
40.07657954,20.24404712,5.13441286
38.34249324,18.00541702,4.86330686
37.89187174,17.41659627,4.79948216
40.48495560,20.77837897,5.20632802
37.73995115,17.21873866,4.77849567
39.81385692,14.49432684,4.87323584
40.33474161,15.56748126,4.96880721
40.90857014,16.69298849,5.07185737
44.27942016,23.18695595,5.82575626
40.02708317,14.92283966,4.91170607
37.15689670,16.23636259,4.67617538
44.95978024,24.26221460,6.00026702
45.04126806,24.28375655,6.00774905
45.02540947,24.20090830,5.99527913
45.22531952,24.63312921,6.06567131
45.18143345,24.58776090,6.05706217
45.18929947,24.52057315,6.04754201
45.11250882,24.56630273,6.04971147
42.22804978,18.91616311,5.30392778
42.17483550,18.96289602,5.30696482
42.24754530,18.98998206,5.31169034
42.21928230,18.84221139,5.29594502
42.14691738,18.88863150,5.29937866
44.17604242,22.75266127,5.77471758
44.25405092,22.77456721,5.78095123
44.23847667,22.69316368,5.77014854
44.15767977,22.82298445,5.78048195
40.27941622,15.18184167,4.93679360
40.28443139,15.24222160,4.94233786
40.34676824,15.18591590,4.93564651
40.25547744,15.12930672,4.93199916
43.35260445,21.05193884,5.55273113
43.28017446,21.02665346,5.54751386
43.27188830,21.08541895,5.55254400
43.24510722,20.97156551,5.54037610
42.58468018,19.69321049,5.38912480
40.42876460,15.40538279,4.95654072
40.47600126,15.44176614,4.95900498
40.49856278,15.36070653,4.94823401
40.38712296,15.47404128,4.96321517
40.11290867,14.86953027,4.90851074
40.07197646,14.82192526,4.90425740
40.16454468,14.80529676,4.90045780
43.19193612,20.77032728,5.51761679
43.23617637,20.81286328,5.52327378
43.25645932,20.74682291,5.51505474
43.14883148,20.83390280,5.52208382
42.04037965,18.51573934,5.26100163
42.09823203,18.55536475,5.26467763
42.10845626,18.46791142,5.25314490
42.00859099,18.58580749,5.26764588
45.11550581,24.50239621,6.04157631
45.16142679,24.44704332,6.03558765
39.97544876,14.44049864,4.86734181
39.89262691,14.44526073,4.87002443
39.90832383,14.51369265,4.87630568
40.16321484,14.95392344,4.91610794
40.17133510,15.02156335,4.92235008
40.24160846,14.95415487,4.91397855
40.11685780,14.92187565,4.91331199
40.09495006,14.98666681,4.91846659
45.22776342,24.83209532,6.09309662
45.18976903,24.76701633,6.08148346
45.20221667,24.69981076,6.07373979
42.28623719,19.06783773,5.32015151
40.17526929,15.11119394,4.93004713
40.26177194,15.04567330,4.92334729
44.01754451,22.47501277,5.73530564
43.90898904,22.26598682,5.70687124
42.83258865,20.37421804,5.46135431
42.93792004,20.37645083,5.46842739
43.43738429,21.35785270,5.58819422
45.07196416,24.45130503,6.03202365
41.96091775,18.51792179,5.26011556
41.03028202,16.68269513,5.07481070
41.38718210,17.37506666,5.14332159
41.62986240,17.84064289,5.19042376
41.22040422,17.11912388,5.11708766
44.09780855,22.63022906,5.75668285
40.71347444,16.07269992,5.01767121
43.04074546,20.84054210,5.51386695
43.21316196,20.89741415,5.53156884
43.82060606,22.11362612,5.68578812
43.50739020,21.53246444,5.60907387
44.40447151,23.19602101,5.83776254
43.11096804,20.76106190,5.51321362
41.12878190,16.91067600,5.09681242
42.12428075,18.79136348,5.28979055
43.04352903,20.57875246,5.49262995
40.82957968,16.29371953,5.03792066
42.30091756,19.16441641,5.32974710
42.65733734,19.84934741,5.40661570
40.57863860,15.85270454,4.99747759
41.06628532,16.76490798,5.08273043
45.33463124,24.99448506,6.12359413
44.12764752,25.91674938,6.07455760
43.78252397,25.51627145,5.97809687
43.61590570,25.54853132,5.97489629
43.73354992,25.68504285,6.00618439
43.71958763,25.38590169,5.95199538
43.85819472,22.19673918,5.69651469
43.97929068,22.39494517,5.72458568
43.97473211,22.31373963,5.71570729
43.93268028,25.72121651,6.02429051
42.31628543,19.40666881,5.34994787
42.42764045,19.39797797,5.35576713
41.20619176,17.04652728,5.11033650
41.31492407,17.23003871,5.12880265
42.62087986,19.77161510,5.39788121
41.42503375,17.46664447,5.15238889
41.47792557,17.54719456,5.16068818
42.29048191,18.93648171,5.30591798
44.78276600,23.90632821,5.94468072
44.72610447,23.83030717,5.93176397
43.39824740,21.27753207,5.57820484
43.38625417,21.19504062,5.56936530
44.60426301,23.60878296,5.89763016
41.78438088,18.14845728,5.22193839
41.31721434,17.32159321,5.13706000
41.19375267,16.97143504,5.10314642
40.45450650,15.53753021,4.96909401
42.90429727,20.29023170,5.45867590
44.92166810,24.20889562,5.99094625
44.50195663,23.36591296,5.86317487
44.56471616,23.42963722,5.87426498
44.05849437,22.55318370,5.74607696
41.59080168,17.76450096,5.18268007
44.43808820,23.29468386,5.85088602
40.84671799,16.38432644,5.04603121
40.31073519,15.31225956,4.94863414
40.66947881,15.99784987,5.01082812
42.38221836,19.32092340,5.34700627
44.34098251,23.10623787,5.82362246
42.80107300,20.07254854,5.43346453
44.26499804,22.95588715,5.80227135
43.09043477,20.66645754,5.50327448
43.78718888,22.02995927,5.67533237
43.45117554,24.93888843,5.86460356
42.47631014,19.45347642,5.36259806
41.94189895,18.42297793,5.25085836
43.49158544,21.44169834,5.59945393
41.56631908,17.69485036,5.17576340
41.50370518,17.64349504,5.16994065
40.56155721,21.13523215,5.24983593
40.42900309,20.95976004,5.22578390
43.24429834,24.62884100,5.80658389
40.15887990,20.60574915,5.17801281
43.02909057,24.32102301,5.75085454
42.92008794,24.16799384,5.72380783
41.15058732,21.62548044,5.32619921
41.08824500,21.80858228,5.34533265
41.48369445,22.29626276,5.41811395
41.61084671,22.45744188,5.44269054
41.35110412,22.13825704,5.39405667
37.09559881,16.60156891,4.71732178
40.82553233,21.47696215,5.29763202
37.55414406,17.20221768,4.77847992
37.40193102,17.00261739,4.75792279
42.89380439,23.83094351,5.68033757
42.57952489,23.70685843,5.64425043
38.45317343,18.38125490,4.90478391
39.03809656,19.14535322,4.99250284
42.10828698,23.09129859,5.54248777
38.00672769,17.79584878,4.84102831
38.15603958,17.99223026,4.86216164
42.22983525,23.24595174,5.56768643
42.34656167,23.40038655,5.59296184
39.60764364,19.88550316,5.08391317
39.74806453,20.06687779,5.10721355
41.73781269,22.61967073,5.46771551
43.64173293,21.78056289,5.64147381
44.65129975,23.67813391,5.90888088
42.81081780,20.13902917,5.44028900
42.08174785,18.70104636,5.28022517
41.21987219,21.97287811,5.36947146
41.98380741,22.93365119,5.51712790
43.13728263,24.47455508,5.77842429
43.63706784,25.23128431,5.92156944
43.34955592,24.78422735,5.83541306
40.29423750,20.78187124,5.20166524
40.02336948,20.42553637,5.15411534
42.46536829,23.55331597,5.61851098
40.95702964,21.64243839,5.32129512
40.69149845,21.30771077,5.27373945
42.81018509,24.01487606,5.69715556
37.24913239,16.80241752,4.73753892
39.32478752,19.51762715,5.03769861
39.18206888,19.33195954,5.01494739
38.89297491,18.95645425,4.97023195
38.74700061,18.76580097,4.94816920
39.88647826,20.24588892,5.13050371
39.46661517,19.70212963,5.06069677
38.30492311,18.18741997,4.88340744
37.85677956,17.59874967,4.82002800
37.70589095,17.40097356,4.79918402
42.06292703,18.62977024,5.27295412
41.27817852,17.15354466,5.12118489
43.98493205,25.85202528,6.05230162
43.31961432,21.14268259,5.56080364
40.78136239,16.20431904,5.02966615
40.76502024,16.12958430,5.02287295
43.00300184,20.49896151,5.48309712
42.69361352,23.86079510,5.67041585
43.54692960,25.08860100,5.89342727
38.60046676,18.57398421,4.92635374
41.11344640,16.82320980,5.08854329
40.97820577,16.60875949,5.06755010
42.98385657,20.43212304,5.47574850
42.99918420,20.12022884,5.43659379
43.02858006,20.07227722,5.42597963
42.95368747,20.07751418,5.43296302
43.05732981,20.12129857,5.43139812
44.63581939,23.32940463,5.86133010
44.57328795,23.31916912,5.86008755
44.58481640,23.36812723,5.86705093
44.52078507,23.29368701,5.85536695
42.40113267,18.85183027,5.28644951
42.34370504,18.84899544,5.29174621
42.35469628,18.90757135,5.29955145
42.29928288,18.80441706,5.28841091
42.28928128,18.87729268,5.29869306
40.31146318,15.08526790,4.92579573
40.34796460,15.03269764,4.91697228
43.27881775,20.68845939,5.50599926
43.31322547,20.72542330,5.50962805
43.34599161,20.67984425,5.49896999
43.31523884,20.78275458,5.51822056
43.36932671,20.72993562,5.50544075
43.42732372,20.99207536,5.54407166
43.47462582,21.03127073,5.54748218
43.50345690,20.98459369,5.53689960
43.48393479,21.09000381,5.55609078
43.52970147,21.03538956,5.54329681
41.63372536,17.47903177,5.14754207
41.68952461,17.48124658,5.14196656
41.66495778,17.43192155,5.13679716
41.64063498,17.53593318,5.15514191
43.35106124,20.83870900,5.52481954
43.28550769,20.84556158,5.52746775
43.30309785,20.89970285,5.53416785
42.55921824,19.46554758,5.36470367
42.64329600,19.46849672,5.36222871
45.37274729,24.93861729,6.11810141
45.39818966,24.86854431,6.10783808
42.87225362,20.11684735,5.43966443
40.11500505,14.73968159,4.89514928
40.08428763,14.66887628,4.88848147
40.06017492,14.60691982,4.88251216
42.37345476,19.10243037,5.32417309
42.36546153,19.04349583,5.31720294
42.40148614,19.17180961,5.33193562
42.45633717,19.10970766,5.32203573
44.94229503,24.07997674,5.97540043
40.00523940,14.58444539,4.88197656
40.07307441,14.53330028,4.87286820
40.39852415,15.30780140,4.94711417
40.43112682,15.35254570,4.95085173
40.47627544,15.29820623,4.94181586
42.79245492,19.89351034,5.41353668
41.16977914,16.75467522,5.08026725
41.87554656,18.14670930,5.22182495
43.50425282,21.27475274,5.58118858
43.02691363,20.37743385,5.47063513
43.99508153,22.23775570,5.70734771
41.07370434,16.59612585,5.06535769
44.65681997,23.53333101,5.89124936
44.78807526,23.75171102,5.92479677
44.08090941,22.39460293,5.72877583
43.40476781,21.11587154,5.56103066
40.68790463,15.83706940,4.99468354
41.77737340,17.98697709,5.20553530
42.68894149,19.56155672,5.37296984
41.36079359,17.14402613,5.11929563
41.31272201,17.06801343,5.11193494
44.36611863,22.94952687,5.80627696
41.61758217,17.62059508,5.16724217
43.11295705,20.50563825,5.48595162
40.80723694,16.06579213,5.01548877
41.24449988,16.89910831,5.09449431
42.17464893,18.70676839,5.28095388
40.87958795,16.21052163,5.02880872
41.69508818,17.76245023,5.18158993
40.58666786,15.62032325,4.97450243
44.19112260,22.62435215,5.76032898
41.39797754,17.27526200,5.13322847
43.57806453,21.49036683,5.60816685
43.72749544,21.74416115,5.64145521
40.37112885,15.24463106,4.94119856
42.44928801,19.24306120,5.33970701
39.99110013,14.52038675,4.87560550
42.53231088,19.39005871,5.35603321
42.72200600,19.76090198,5.39823794
42.67509390,19.69115676,5.39034741
40.32762650,15.13212015,4.93041102
43.85352241,21.96146498,5.67031207
40.72040770,15.91483984,5.00204952
40.92919334,16.34269086,5.04167438
44.39302924,23.02772928,5.81713242
41.48468500,17.38867533,5.14407233
41.52167730,17.45650895,5.15089881
43.34383268,20.96493135,5.54226494
44.69628021,23.60308278,5.90182949
42.93806413,20.21537598,5.45135824
42.93641302,20.15226166,5.44367625
44.80302634,23.82609343,5.93551328
42.02682097,18.45252417,5.25410175
42.75041565,19.83634735,5.40703936
42.33480377,18.98636849,5.31095652
40.55129811,15.54916482,4.96796416
40.54979289,15.46805569,4.95829602
43.95024146,26.00206027,6.08090736
43.79403491,25.88488767,6.04906695
43.19347902,20.70048715,5.50965935
41.27444498,16.98278607,5.10326075
43.83912759,21.90393444,5.66279647
43.80177536,21.85793983,5.65662690
44.86288868,23.91921995,5.95031521
41.83677312,18.01870547,5.20769653
44.97746638,24.14002670,5.98506820
43.92096334,22.11316833,5.69037888
43.95343006,22.18118041,5.69946386
45.11506091,24.38482384,6.02496292
45.09426401,24.32866301,6.01600827
41.03657019,16.53421237,5.05956923
41.12470413,16.64042776,5.06853697
43.46148565,21.16054951,5.56667940
43.45655873,21.22330769,5.57450334
42.99153500,20.24751680,5.45485578
40.61125984,15.70057885,4.98248632
43.14015374,20.58273730,5.49534758
43.17864761,20.63433580,5.50156187
41.00978773,16.46622356,5.05280865
43.89712054,22.03273230,5.67987965
41.46949020,17.30987685,5.13519353
40.91780638,16.26732669,5.03371245
41.19749161,16.82896615,5.08794589
40.77297818,15.98786441,5.00813961
44.49476319,23.14918556,5.83534380
44.51254469,23.22765118,5.84644527
45.32173491,24.83162139,6.09949153
40.99799849,16.39268799,5.04475822
43.06320910,20.43799095,5.47788867
44.63823461,23.46567578,5.88157975
44.32432021,22.88189934,5.79650773
44.30509991,22.82142127,5.78818711
43.67460171,21.60198197,5.62318122
43.72656025,21.66007866,5.63069565
40.19128178,14.88574434,4.90839097
44.74760533,23.67080453,5.91249453
45.30046135,24.74876529,6.08602008
44.04573632,22.27949106,5.71322029
40.85333206,16.13199112,5.02104073
43.77873697,21.79767836,5.64875294
43.53537653,21.35230729,5.59100677
43.59111214,21.40715376,5.59802316
43.65133331,21.52899084,5.61372669
42.14707522,18.62706816,5.27203742
42.84326837,20.00181518,5.42620381
42.88601680,20.04486342,5.43094050
41.64948309,17.69391063,5.17490402
45.27187188,24.67795497,6.07413916
44.11246048,22.47146885,5.73918346
42.22522954,18.76672295,5.28690725
41.72321371,17.84170385,5.19011757
41.76689148,17.91501337,5.19750324
41.95669197,18.26462096,5.23363657
43.43897058,25.25792412,5.91486121
41.28765061,22.32115925,5.41575616
43.04145128,24.65454792,5.79931644
41.85806591,22.77855504,5.49237482
41.78611260,22.96177310,5.51356318
40.23762879,20.96311291,5.22360982
42.71731384,24.19687405,5.71747053
39.83297460,20.42715019,5.15260883
39.41853649,19.88339035,5.08290545
39.27780633,19.69891234,5.05988124
38.70554860,18.94729250,4.97005222
38.55983650,18.75552528,4.94820180
37.52006128,17.38420969,4.80087946
37.36847794,17.18465965,4.78044454
41.02596598,21.99136485,5.36720131
42.02952944,23.27460048,5.56325874
41.54043129,22.64072740,5.46401464
38.99379591,19.32668413,5.01454971
38.11842939,18.17393658,4.88409850
38.26641231,18.36908160,4.90528293
40.63246893,21.48922038,5.29568588
40.76340753,21.65887213,5.31952158
41.98266470,18.34099736,5.24204726
43.34700296,25.11257542,5.88605921
43.24930961,24.96139750,5.85683002
42.37801016,23.73668285,5.63891756
42.26366814,23.58382842,5.61356150
42.49239926,23.89004070,5.66472786
42.14640383,23.42926081,5.58823227
42.93447658,24.50176042,5.77150133
42.60714553,24.04388398,5.69103172
43.52699723,25.39748300,5.94333002
39.69621433,20.24802625,5.12936997
39.55834813,20.06673331,5.10611870
38.41348840,18.56284892,4.92662944
41.15714070,22.15601627,5.39129590
37.96976670,17.97759660,4.86306114
37.67076704,17.58287076,4.82147086
37.82058734,17.78055763,4.84219349
41.41470947,22.48022712,5.43964915
41.66152407,22.80179141,5.48865636
43.14671456,24.80775085,5.82774652
40.10316358,20.78649802,5.19994933
39.96848389,20.60653171,5.17611834
41.90956584,23.11789120,5.53825216
40.89464006,21.82517541,5.34321484
40.49956087,21.31580240,5.27162485
40.36948670,21.14037773,5.24760792
37.21637090,16.98451749,4.76018992
37.06368484,16.78373679,4.74010673
38.85028545,19.13786204,4.99217968
42.02065456,18.39221415,5.24715575
44.65017236,23.39228645,5.87095637
40.16442866,14.67671312,4.88457435
44.85939062,23.85890560,5.94160143
41.41450189,17.19895375,5.12387877
45.26284887,24.56654954,6.05600192
41.11647309,16.70357584,5.07614624
44.03511015,22.33983230,5.72095216
44.16486998,22.54449195,5.74949948
41.56273696,17.57062127,5.16292060
45.48621538,24.80632079,6.09387108
45.43682896,24.81463865,6.09802506
45.46076202,24.84355385,6.10283171
45.38273161,24.79490697,6.09514461
45.38862729,24.74457814,6.08609224
45.37419157,24.70727640,6.07952974
45.42991663,24.70882541,6.07725279
44.68058487,23.28035558,5.85049002
44.62328650,23.28479738,5.85445582
44.57820807,23.26158973,5.85171123
44.58544597,23.21123796,5.84364215
44.56360648,23.16648801,5.83705619
44.62812736,23.17124603,5.83407336
40.20595151,14.62388424,4.87265357
40.14902254,14.63017084,4.87961377
40.11503598,14.60970155,4.87962819
40.11402631,14.57057069,4.87455878
40.14970737,14.52118680,4.86373240
45.22287475,24.41698847,6.03048064
45.18902621,24.37748557,6.02426124
45.28024450,24.41875750,6.02792750
45.25503359,24.36968286,6.01975934
45.33868969,24.67288646,6.07394244
45.30514060,24.62205312,6.06533973
45.40512917,24.66416650,6.06965033
45.09354120,24.16966284,5.99012633
45.05818998,24.13148915,5.98438389
45.12513449,24.12538070,5.98014592
44.96865743,23.92350276,5.95095160
44.92927764,23.88249347,5.94506247
44.91439048,23.95153596,5.95610978
44.99999999,23.87826176,5.94068370
45.16001265,24.32471237,6.01562420
45.12964372,24.27537181,6.00765373
45.10264009,24.22132514,5.99887242
44.91618569,23.82678418,5.93595172
44.97407995,23.82871818,5.93295978
44.94527390,23.78018861,5.92571129
44.86029137,23.72559563,5.92045024
44.82888473,23.68193648,5.91402731
44.89623177,23.67920564,5.90985305
44.99921631,24.02586165,5.96765800
45.02589236,24.07860328,5.97603466
45.06953339,24.02694583,5.96474418
42.60360368,19.35795623,5.34855516
42.56622906,19.31756726,5.34511393
42.66365068,19.35970396,5.34307629
42.63514063,19.31069360,5.33791424
42.39555242,18.95056788,5.30294587
42.45364313,18.95342089,5.29763670
42.42738820,18.90262629,5.29203460
42.40794508,19.00008347,5.30936597
42.94547762,20.01960895,5.42482934
43.00211439,20.02183881,5.42006227
42.90848318,19.98130621,5.42140021
42.29001745,18.74477340,5.28036300
42.34861755,18.75022970,5.27532918
42.32235788,18.69942569,5.26979370
42.26983474,18.59780925,5.25877100
42.21049146,18.59523494,5.26435211
42.22424254,18.64742613,5.27096941
42.17696645,18.55498820,5.26097661
43.10769752,20.22052273,5.44333013
43.05078719,20.21687790,5.44796530
43.06004821,20.26570243,5.45480638
43.00930700,20.17787963,5.44464369
43.18145967,20.47371143,5.47897813
43.19443763,20.52579445,5.48614624
43.24102480,20.47671984,5.47411007
43.14633708,20.43270312,5.47486867
42.02445314,18.23702380,5.22620576
42.08375574,18.24007730,5.22061811
42.05967611,18.19121778,5.21529789
42.03599431,18.28613850,5.23245641
41.95203891,17.98634858,5.19397701
41.89401444,17.98424870,5.19966494
41.90520183,18.03334722,5.20589736
41.84812288,17.94519909,5.19752454
41.83938013,17.88398521,5.18947353
41.89838387,17.88757938,5.18400077
41.87264904,17.83633454,5.17858258
43.47720930,20.93379417,5.53052364
43.41587928,20.93112158,5.53537733
43.38194721,20.89095086,5.53111272
41.76325155,17.72959336,5.17321646
41.72833336,17.68926909,5.17021004
41.79678957,17.68263356,5.16223770
43.52269622,21.13362045,5.56070367
43.52960663,21.19516425,5.56978862
43.58219417,21.13699712,5.55615887
41.68492447,17.58001615,5.15795871
41.74418147,17.58085385,5.15177649
41.71553850,17.53149809,5.14711306
43.57460777,21.23701946,5.57392812
43.60844120,21.18780410,5.56262323
43.58756965,21.28914123,5.58132944
43.63468959,21.23861610,5.56911038
43.71343570,21.39106431,5.58870739
43.65495617,21.38548729,5.59272528
43.66165028,21.44833007,5.60213341
43.61959009,21.34375663,5.58813286
43.70780032,21.49169231,5.60656639
43.73968412,21.44188917,5.59528626
43.72427602,21.54237781,5.61367413
43.76593577,21.49271869,5.60188830
41.52696181,17.27398647,5.12671068
41.48105451,17.23285805,5.12449638
41.58337422,17.27683940,5.12114680
41.55718265,17.22643197,5.11603773
41.43909718,17.13462062,5.11390638
41.47437849,17.17362735,5.11659951
41.50606780,17.12646713,5.10583463
41.53113979,17.17603067,5.11092208
43.78661542,21.63677308,5.62523739
43.79306978,21.68888957,5.63313285
43.84313779,21.64277505,5.62154422
43.75342028,21.59650431,5.62066292
41.31486141,16.86468413,5.08561144
41.37560470,16.86788953,5.07947519
41.34925105,16.81692062,5.07441660
41.32726416,16.91940158,5.09237481
43.93174002,21.96035930,5.66914152
43.96847227,21.99993144,5.67368736
44.00001885,21.95317400,5.66313936
43.97856650,22.05184926,5.68142085
44.02562329,22.00178404,5.66962515
41.29652998,16.71496047,5.06436021
41.23719055,16.71412121,5.07074688
41.25075645,16.76695724,5.07709991
41.19227578,16.67145795,5.06845478
41.18544129,16.61334441,5.06088570
41.24175658,16.61536129,5.05505450
41.21782590,16.56519758,5.04992389
43.84838631,21.80003348,5.64785799
43.81922200,21.74595313,5.64077407
44.10096773,22.25492078,5.70814904
44.06783761,22.21704597,5.70360242
44.13284949,22.20794354,5.69751996
42.05998005,18.34327167,5.23889616
42.08387171,18.39865408,5.24509190
42.13216454,18.34478321,5.23244667
41.11186079,16.35787022,5.02991952
41.05561801,16.35844151,5.03630126
41.06772716,16.40987781,5.04243443
41.01618788,16.32257218,5.03471835
44.10578785,22.31442647,5.71731707
44.15029964,22.35688206,5.72227497
44.18296795,22.30821247,5.71143585
44.16503199,22.40911261,5.72997183
44.20934167,22.35851464,5.71833092
44.29106227,22.51033000,5.73908399
44.23226815,22.50910659,5.74315106
44.24469419,22.56071827,5.75092652
44.19538616,22.46714310,5.73797077
40.92127359,16.10154218,5.01260544
40.88457862,16.06004669,5.01014343
40.95336541,16.05142362,5.00147473
40.84140642,15.94840676,4.99864214
40.80270888,15.90703338,4.99637392
40.87404487,15.89806286,4.98741231
44.30942225,22.66038411,5.76432880
44.27415903,22.61846917,5.75900089
44.34360092,22.61226736,5.75338165
40.62321081,15.54735825,4.96301186
40.65513358,15.58722251,4.96562229
40.68877885,15.53991554,4.95471083
40.66800135,15.64154517,4.97192976
40.71526055,15.59110253,4.95937448
44.55210218,23.11832991,5.82951052
44.60682011,23.12271792,5.82662785
44.58045211,23.07168122,5.81917772
44.43917720,22.91486265,5.80048107
44.40464982,22.87441725,5.79519662
44.49835934,22.91868073,5.79730497
44.47505944,22.86741411,5.78964634
40.30976359,14.92104587,4.90511885
40.37055036,14.92483581,4.89881557
40.34399156,14.87350841,4.89415663
40.32069353,14.97587557,4.91163504
40.29085997,14.77082023,4.88483409
40.23208834,14.76996808,4.89134805
40.24528759,14.82223157,4.89733311
40.19535743,14.72873774,4.88896948
43.08137432,20.32236377,5.46201957
43.11017165,20.37811300,5.46871420
43.15452656,20.32510378,5.45668656
44.34370733,22.76694900,5.78010521
44.37622875,22.82018418,5.78749486
44.41814165,22.76579805,5.77554897
41.11802201,16.52523585,5.05419569
41.08931268,16.47020424,5.04894388
41.14972969,16.57619940,5.05868605
41.18872795,16.51685935,5.04579197
43.24713719,20.63725043,5.49999662
43.22156210,20.58209864,5.49310711
43.31661740,20.63325541,5.49383484
40.98549346,16.26748250,5.02974522
40.96055142,16.20863343,5.02384879
41.05599304,16.25997147,5.02141210
44.03303812,22.16595407,5.69698167
44.00162457,22.11233119,5.68985679
44.10406783,22.15809890,5.69102505
42.82717308,19.82613469,5.40335324
42.80032124,19.77244358,5.39707704
42.85573243,19.86725990,5.40770470
42.89553990,19.81858240,5.39640136
41.92669447,18.08953952,5.21230509
41.95553439,18.14402559,5.21796942
41.99922729,18.09082415,5.20576755
43.90286684,21.90598153,5.66192092
43.97268288,21.90375156,5.65670090
40.42132595,15.18711665,4.93152409
40.39746473,15.13249409,4.92621249
40.37274361,15.08065476,4.92133213
40.64100629,15.77013896,4.98903040
40.72227802,15.75766638,4.98299584
40.69292481,15.70268949,4.97805587
40.75613961,15.79735104,4.98548582
40.78987678,15.74867654,4.97466299
44.74186892,23.53564602,5.89210888
44.71547148,23.47781517,5.88334492
44.69888681,23.42970340,5.87592537
45.26209149,24.50759846,6.04577417
45.34523630,24.56777695,6.05382030
42.71796019,19.62115624,5.37988970
42.76289845,19.56331439,5.36697973
42.75348731,19.67963333,5.38629971
42.78874048,19.71973881,5.38999208
42.82134489,19.66809557,5.37853570
42.48507882,19.16866132,5.32869803
44.77606286,23.59285228,5.90064517
40.54146401,15.40214422,4.95035934
40.57559809,15.34604255,4.93874247
41.35613034,16.98225048,5.09892535
41.39222036,17.02689867,5.10235752
41.42607804,16.97232066,5.09035806
42.53226091,19.26105626,5.33905633
42.60649336,19.25926098,5.33235943
42.48078253,19.32138251,5.34855329
42.15507992,18.50479108,5.25529644
42.18538626,18.45081958,5.24396948
40.77061514,15.84999127,4.99137470
40.84267749,15.84756694,4.98348764
41.56405431,17.39014529,5.14035398
41.59852838,17.44106823,5.14493942
41.63256195,17.38307599,5.13269718
42.85839717,19.93039968,5.41659113
44.72933060,23.38395174,5.86627235
41.40511106,17.07983090,5.10881940
41.47438376,17.07764165,5.10171532
44.47848881,23.03112765,5.81786266
44.51467306,23.08230461,5.82499035
44.55141540,23.02470925,5.81277707
44.43471709,23.09917736,5.82753829
44.97850389,23.97159390,5.95894458
44.91771893,24.01688066,5.96571320
43.42844609,21.05493384,5.55303317
41.57371132,17.50661531,5.15507295
41.84584336,18.08344900,5.21516755
42.99761819,20.31451028,5.46312537
43.87754696,21.85243536,5.65470918
42.67566255,19.50903478,5.36611198
41.53761226,17.32792167,5.13359828
44.31678718,22.71100245,5.77215537
44.86990388,23.78565657,5.93023184
41.69855225,17.63267717,5.16444992
42.25489401,18.70373659,5.27695318
41.99074735,18.19660775,5.22293095
41.80380137,17.83910119,5.18579195
45.23600762,24.46505207,6.03874250
44.45057154,22.96861196,5.80875227
42.61576401,19.40910955,5.35530365
40.85480153,16.00423686,5.00511124
40.93386190,16.15317268,5.01858258
41.28007828,16.82407359,5.08274999
40.05152227,14.46356139,4.86543708
45.44585896,24.92995039,6.11891119
44.84213111,23.58404877,5.89570402
44.81299901,23.63158409,5.90603060
42.55273756,19.16171381,5.32180099
42.51936567,19.20846139,5.33225548
40.60241678,15.50086429,4.95849181
40.62968016,15.44711477,4.94771094
40.44894048,15.24279065,4.93667620
45.20064054,24.27281358,6.00412872
40.46904211,15.13187738,4.91874582
43.89332674,21.74693951,5.63566756
43.88256336,26.33289442,6.15746718
43.79371697,26.24168718,6.13218840
43.72475165,26.36925587,6.16631636
43.75693693,26.09128272,6.09419762
43.64287606,26.24384636,6.13190166
43.63513594,25.98680671,6.06718490
43.55972093,26.11717793,6.09873621
45.46746955,24.87986176,6.10961378
43.50849722,25.70617686,6.00254282
43.58921055,25.85071119,6.03540704
43.31562614,25.72313905,6.00407201
43.40097018,25.85933482,6.03548335
43.41629922,25.56217318,5.97083714
42.94226382,19.92316284,5.40943239
43.92936297,26.17184178,6.11829735
40.27493904,14.88030717,4.90264315
41.77598992,17.78358223,5.17999440
43.23987280,25.28249533,5.91243813
42.94427983,24.83285249,5.82498698
42.82630517,24.34923281,5.74423620
42.73178230,24.52934677,5.76925468
41.21813007,22.50293049,5.44017392
41.82935591,23.30054880,5.56254009
42.51445913,24.22553912,5.71564046
39.22956607,19.87971382,5.08432307
38.51830069,18.93667395,4.97209954
42.17620905,23.76605576,5.63786198
40.04608068,20.96674681,5.22432550
39.64252774,20.42857019,5.15383435
37.18294015,17.16632523,4.78438365
40.96279328,22.17362539,5.39184819
41.58859638,22.98406592,5.51303632
41.46486683,22.82296480,5.48832735
40.57040222,21.66985823,5.32020607
40.70109512,21.84021958,5.34413156
41.71035387,23.14397271,5.53788177
43.14629044,25.13537188,5.88309531
42.83888264,24.68117989,5.79683968
43.32930028,25.42457632,5.94162861
42.40391404,24.07251898,5.68934697
42.06211154,23.61178391,5.61254822
41.94584864,23.45675803,5.58745591
42.62359178,24.37759893,5.74222580
37.63457697,17.76440635,4.84540754
37.48492858,17.56584734,4.82489656
39.08915811,19.69415430,5.06146231
39.13625588,19.51330552,5.03707971
38.80586357,19.31873300,5.01632849
38.94789005,19.50748324,5.03883023
39.91253140,20.78706607,5.20051755
39.50628243,20.24725263,5.13058822
39.36890719,20.06412186,5.10737750
41.34294118,22.66303625,5.46412043
38.37282274,18.74404888,4.95045065
38.22669534,18.55032846,4.92905603
38.07987658,18.35527815,4.90785501
41.09229459,22.33843819,5.41588872
40.83217014,22.00732730,5.36789442
37.93213562,18.15902831,4.88683969
37.78362725,17.96204323,4.86603383
40.30795033,21.32036989,5.27199603
40.44003656,21.49634084,5.29612530
37.03095050,16.96559380,4.76440533
42.43100059,19.05427234,5.31568197
44.78678012,23.48004064,5.88007807
40.17773796,21.14345602,5.24800436
38.66273302,19.12831610,4.99405709
45.44753168,24.76301592,6.08735972
44.64457689,23.23003679,5.84383018
40.17167688,14.57641858,4.86954704
43.39222773,20.78315982,5.51253543
43.42241543,20.83405064,5.51843314
43.91962494,21.79896969,5.64262560
43.94679489,21.85086475,5.64949274
42.87057306,19.76823317,5.39042380
42.97559062,19.97231314,5.41433186
41.84583441,17.78524756,5.17333942
41.82309023,17.73351395,5.16748446
44.36744583,22.66184479,5.76053903
44.44616510,22.81805024,5.78290010
45.22764055,24.32264149,6.01221866
45.30247913,24.46631232,6.03605131
45.32148936,24.51613130,6.04489230
42.47713540,19.00320926,5.30341678
42.37487550,18.80103074,5.28088102
40.31473925,14.82364277,4.89008913
40.23442686,14.67198794,4.87655886
43.65814038,21.29033313,5.57609449
43.68718799,21.34024816,5.58215257
42.57711829,19.20855021,5.32702688
42.68716368,19.41125815,5.34929641
42.02994329,18.14175729,5.21059631
41.97535926,18.03873758,5.19992964
42.71339644,19.46189133,5.35504934
42.79017300,19.61878996,5.37350964
41.32004818,16.76764983,5.07003349
42.29609695,18.64861858,5.26427431
42.24357059,18.54699622,5.25328342
45.17384531,24.22287428,5.99605009
42.84617509,19.71842370,5.38449211
45.15115650,24.17258526,5.98764034
45.37525513,24.61823245,6.06217261
42.50155421,19.05571437,5.30956625
42.21664091,18.49967405,5.24849302
42.15563074,18.40083334,5.23907458
41.45189130,17.02506526,5.09583669
44.23556765,22.41017240,5.72552169
44.31438883,22.56260110,5.74675371
40.49409447,15.18586265,4.92401425
40.41884557,15.02853879,4.90894008
40.39368440,14.97675042,4.90402437
45.09864183,24.07636891,5.97236689
45.02345304,23.92616236,5.94832003
44.76107183,23.42960166,5.87246244
40.92419406,16.00273208,4.99753569
40.90049078,15.94918919,4.99209556
40.81592870,15.79783602,4.97907376
40.66167302,15.49233686,4.95071279
40.60147140,15.39880112,4.94371735
44.15680439,22.25798859,5.70455953
43.12838206,20.27196509,5.45015836
41.76776395,17.63335930,5.15762271
40.12279135,14.46798903,4.85883704
41.39936043,16.92178387,5.08538012
44.91925459,23.72990638,5.91792859
44.87013036,23.62912912,5.90219242
44.52456765,22.97242038,5.80519266
44.04820555,22.05510458,5.67731533
40.73826866,15.64402622,4.96478280
41.92496045,17.93780551,5.18915615
40.52077245,15.23972836,4.92905721
43.26444544,20.52807897,5.48072041
41.13531281,16.41119924,5.03552027
41.02968929,16.20778852,5.01647063
41.15953450,16.46614238,5.04130076
43.45096601,20.88300152,5.52416991
44.70261948,23.33268445,5.85864924
40.76234538,15.69893019,4.97035241
43.18509145,20.37659708,5.46245669
43.79218587,21.54354872,5.60851338
43.81843730,21.59438614,5.61516262
41.00348595,16.15450247,5.01137437
40.97979440,16.10252534,5.00617000
43.13073512,25.44940759,5.94435982
43.22697067,25.58521416,5.97346056
43.04725019,24.98444060,5.85376283
42.94542403,25.15813681,5.88489847
42.74218552,24.85895984,5.82721506
42.42090489,24.40574552,5.74493331
42.31151972,24.25370509,5.71844890
37.59764412,17.94559602,4.87108791
37.44876524,17.74710065,4.85063951
39.85498584,20.96698806,5.22751948
39.98605355,21.14617418,5.25136711
40.11649720,21.32310847,5.27516554
41.62917865,23.32478151,5.56582024
38.33123271,18.92482008,4.97638166
37.89356545,18.34006681,4.91250479
42.29036524,23.91931283,5.66340781
41.97442126,23.79303702,5.64097732
42.08796048,23.94744745,5.66651708
39.04077664,19.87446232,5.08817269
40.63849528,22.02093225,5.37172976
40.76844985,22.18867741,5.39559256
39.77791839,20.60783187,5.17704830
39.45245624,20.42714301,5.15747934
39.58738129,20.60850701,5.18075763
40.24804281,21.50020950,5.29924789
40.37802340,21.67605134,5.32346295
43.80577461,26.48564008,6.19979500
43.47567769,25.98894769,6.06662286
42.20064394,24.10084016,5.69230335
41.26778045,22.84455330,5.49196281
41.14567390,22.68379697,5.46788963
41.39081631,23.00483014,5.51626107
40.89680243,22.35499355,5.41955509
41.02209212,22.51959379,5.44359214
41.86059903,23.63800402,5.61572511
41.51142378,23.16529613,5.54093950
40.50815486,21.84994917,5.34767239
43.04002216,25.30528677,5.91447522
42.84561663,25.00906706,5.85577766
38.75989217,19.49904559,5.04277601
38.61822019,19.30877138,5.02032838
42.63645520,24.70808171,5.79920968
37.33439271,17.36641187,4.80454143
37.29927526,17.54778546,4.83032824
37.14887660,17.34781754,4.81021909
36.99756608,17.14713664,4.79031077
39.31665850,20.24411169,5.13422592
39.17965860,20.05992450,5.11111193
38.90072194,19.68775573,5.06542424
39.72174756,20.78793456,5.20401781
38.47538970,19.11731661,4.99818272
38.18602232,18.73115402,4.95486705
38.04015424,18.53618046,4.93357594
37.74599988,18.14318479,4.89168563
36.84574454,16.94549126,4.77054289
36.87842816,16.76389564,4.74455835
36.69340464,16.74277356,4.75089424
44.07525229,22.10809922,5.68452226
42.10792568,18.29182609,5.22643041
44.26479772,22.45937874,5.73197730
41.26773995,16.66578490,5.05998318
42.73768187,19.51195046,5.36094699
40.26428793,14.71946500,4.88017082
40.44345643,15.07971169,4.91382833
45.04703169,23.97597240,5.95636026
43.55594700,21.08619225,5.54971683
41.08584476,16.31004688,5.02558308
41.60887527,17.32989484,5.12679677
42.52824094,19.10910202,5.31561530
40.54700208,15.29424323,4.93425676
43.08357180,20.17206871,5.43743914
43.29067803,20.58078289,5.48727188
43.21478179,20.42594066,5.46794710
44.81495394,23.53257917,5.88793423
44.38987962,22.71293422,5.76813368
43.86680620,21.69451827,5.62868382
42.52927608,24.55712503,5.77182327
41.74523770,23.48174821,5.59064965
45.44003847,24.61681750,6.05552325
45.26384401,24.27368958,5.99758452
45.28867303,24.32300029,6.00583012
45.36296326,24.46964327,6.03057120
45.23669467,24.22487479,5.98984230
45.21282535,24.17497268,5.98140856
45.18688247,24.12630857,5.97361885
45.10942212,23.97867801,5.95006404
45.08538917,23.92912828,5.94194668
45.06057030,23.87987173,5.93405436
45.00898991,23.78057269,5.91849914
44.98260008,23.73099726,5.91089064
44.95773385,23.68059250,5.90288653
44.93060619,23.63123439,5.89552179
44.87846987,23.53168541,5.88037453
44.82420747,23.43081540,5.86539711
42.75033413,19.41250653,5.34003011
42.72458660,19.36161261,5.33414228
42.77617180,19.46315851,5.34586720
42.67138901,19.26018679,5.32281952
42.64383907,19.20969899,5.31741007
42.59188761,19.10904008,5.30611649
42.61749266,19.15961138,5.31187456
42.85585865,19.61670327,5.36341405
42.88232353,19.66753637,5.36924435
42.54002522,19.00588169,5.29435293
42.51460583,18.95500771,5.28854665
42.95891283,19.81918921,5.38719432
42.93371258,19.76858185,5.38111908
42.43629653,18.80278327,5.27170340
42.46255278,18.85358437,5.27728407
43.03971825,19.97087871,5.40452834
43.01190614,19.92048823,5.39893423
42.38378038,18.70117441,5.26059136
42.35751917,18.65036888,5.25506037
43.09204556,20.07257978,5.41659520
43.11933143,20.12285533,5.42231932
42.33125024,18.59957767,5.24955006
42.30494109,18.54888467,5.24408392
42.25110681,18.44887862,5.23371546
42.27839870,18.49879514,5.23880328
43.22225396,20.32641801,5.44713326
43.19645668,20.27516095,5.44083319
43.24917666,20.37727428,5.45315471
43.27555522,20.42807950,5.45928787
42.17104478,18.29486167,5.21732113
42.14687360,18.24299818,5.21129906
43.35328941,20.58165819,5.47832973
43.38127409,20.63134512,5.48399899
42.09482940,18.14205647,5.20057773
42.06638806,18.09180813,5.19574852
43.40747731,20.68178763,5.49018906
43.43312545,20.73258119,5.49658266
42.04050448,18.04038789,5.19020438
42.01523904,17.98903389,5.18456837
43.45835949,20.78394932,5.50320104
43.48639874,20.83412186,5.50904932
41.98870727,17.93858938,5.17937586
41.96398762,17.88756919,5.17372840
41.91039962,17.78632331,5.16344196
41.88511414,17.73495842,5.15787416
43.53824429,20.93591620,5.52192830
43.56552678,20.98621767,5.52801011
43.59130637,21.03724672,5.53456119
43.61700704,21.08831710,5.54115788
41.85788797,17.68453099,5.15288866
41.83251912,17.63319259,5.14736888
43.66959098,21.18989883,5.55407020
43.69679003,21.24026110,5.56029253
41.75314486,17.48073246,5.13180490
41.72592571,17.43106807,5.12701048
43.72209983,21.29153154,5.56709837
43.74930119,21.34189867,5.57336711
41.62100947,17.22648665,5.10594815
41.64774642,17.27744291,5.11106152
43.77508461,21.39294891,5.58008035
43.80078918,21.44404146,5.58684049
41.54048118,17.07561261,5.09114325
41.56872697,17.12493087,5.09559777
43.88033512,21.59564661,5.60642773
43.90470042,21.64656223,5.61349069
43.98308882,21.80069459,5.63415457
44.01089500,21.85136936,5.64062701
41.43602880,16.87051143,5.07026452
41.41090260,16.81856106,5.06476205
44.03699373,21.90227573,5.64748881
44.06376843,21.95245727,5.65408599
41.30547124,16.61459748,5.04469779
41.33230041,16.66537247,5.04954354
44.16788018,22.15691933,5.68213221
44.14222787,22.10588686,5.67503394
41.25218071,16.51441067,5.03527693
41.22536886,16.46330839,5.03043811
44.79852124,23.38043113,5.85774662
44.76976231,23.33118804,5.85086946
41.17248195,16.36032168,5.02054902
41.14771334,16.30872012,5.01529904
44.22159231,22.25760146,5.69565525
44.24723373,22.30881426,5.70287535
41.09262183,16.20806987,5.00648213
41.12035851,16.25866600,5.01089169
44.27414731,22.35942853,5.70975536
44.30090363,22.41012617,5.71670928
41.04048195,16.10457827,4.99665295
41.06749853,16.15561634,5.00123594
41.01559629,16.05276879,4.99150616
40.98824201,16.00211093,4.98707742
44.74545975,23.27941385,5.84275286
44.32613585,22.46155945,5.72413210
44.35288680,22.51227259,5.73114515
44.37910239,22.56318257,5.73832547
44.40494321,22.61385267,5.74554279
40.90769583,15.84890665,4.97328328
40.88131618,15.79740728,4.96852022
40.85407160,15.74709303,4.96415899
40.77655282,15.59295216,4.94966105
40.75111733,15.54124873,4.94469177
44.48234373,22.76785713,5.76783510
44.69077326,23.17640465,5.82768949
44.64243648,23.07369487,5.81180190
40.66923957,15.39043548,4.93173135
44.56237800,22.92124097,5.78979326
44.61565861,23.02333539,5.80455674
40.56084262,15.18561091,4.91359987
40.48402659,15.02920833,4.89862631
40.43249096,14.92625056,4.88895407
40.40548777,14.87530279,4.88446230
40.37996444,14.82349145,4.87951353
40.32685340,14.72078217,4.87019545
40.29982207,14.66964000,4.86566971
40.18899206,14.46733390,4.84854264
45.49132055,24.71259366,6.07188740
45.46674171,24.66413151,6.06338767
45.38612975,24.51908644,6.03927052
45.31538835,24.37116155,6.01357318
45.33971156,24.42019018,6.02192218
42.56591112,19.05739897,5.30022174
44.11523805,22.05499674,5.66823518
44.19579343,22.20647295,5.68850774
43.14475663,20.17346855,5.42849129
43.16926750,20.22441412,5.43492640
43.82807353,21.49438117,5.59315759
43.85334191,21.54560100,5.60007567
41.80528864,17.58275349,5.14240425
41.77991532,17.53140584,5.13689684
41.59571985,17.17500777,5.10045775
41.51520022,17.02386552,5.08564350
41.48886155,16.97286027,5.08051215
43.30258440,20.47839443,5.46521053
43.32781783,20.52982676,5.47173949
40.21507647,14.51961863,4.85345016
40.24288170,14.57027965,4.85773429
40.27060946,14.62095158,4.86203555
42.90806713,19.71808129,5.37516808
42.91469933,19.87045029,5.40329658
42.98434853,19.86997095,5.39328044
44.71648680,23.22888261,5.83568104
45.13638168,24.02778150,5.95767765
44.08876356,22.00389938,5.66132188
43.64428244,21.13863478,5.54731087
41.93723377,17.83692964,5.16856743
40.58704458,15.23821291,4.91856498
40.50850284,15.08124655,4.90381772
44.85164545,23.48118128,5.87280419
40.69714523,15.44033138,4.93585889
40.61367073,15.29049064,4.92339004
40.80150865,15.64525803,4.95484115
40.72344370,15.49135188,4.94051843
45.03528094,23.83007691,5.92614485
42.22425148,18.39812297,5.22838623
42.19864183,18.34617433,5.22259213
40.93584060,15.89963278,4.97755417
40.82827855,15.69641769,4.95944940
42.82855167,19.56527645,5.35763490
43.06622536,20.02158950,5.41045645
43.95741674,21.74896028,5.62707750
41.35773032,16.71682017,5.05482256
41.27846004,16.56473263,5.04009205
42.12010441,18.19274841,5.20612055
43.51249201,20.88489535,5.51541831
41.19949709,16.41127917,5.02526190
42.69862350,19.31074554,5.32831863
44.43092702,22.66445937,5.75274724
44.45621222,22.71592986,5.76029780
41.46254585,16.92166419,5.07535529
41.38501566,16.76735413,5.05957670
42.80185732,19.51388844,5.35176715
40.96274073,15.95053483,4.98210871
42.48880806,18.90438315,5.28288131
42.41003912,18.75197996,5.26613921
43.93179506,21.69747133,5.62006999
41.69906068,17.38080601,5.12203199
41.67244802,17.32963871,5.11683061
44.51042536,22.81851765,5.77478004
44.53766580,22.86906855,5.78186962
44.58941745,22.97233102,5.79710330
40.45686003,14.97828197,4.89416853
43.47942224,26.26092879,6.13906659
43.30738457,26.00658298,6.07346613
43.21959209,25.87623752,6.04195829
43.12950038,25.74378961,6.01122775
43.04036067,25.60649814,5.98046443
42.85285214,25.32311429,5.92032838
42.65225585,25.02928771,5.86189314
42.32691814,24.58462250,5.77953015
38.71268062,19.67878425,5.07169489
38.57221430,19.48862343,5.04905405
38.14441420,18.91150192,4.98293599
37.99950352,18.71662014,4.96148674
41.88560682,23.97318350,5.67420856
41.77267586,23.81793449,5.64863413
39.92511535,21.32498705,5.28148891
39.79485825,21.14602845,5.25750519
41.99757954,24.12759612,5.70007471
40.05630690,21.50236212,5.30546162
36.66080146,16.92409002,4.77870292
36.81243771,17.12673519,4.79829612
39.12727914,20.23934016,5.14049307
41.07072012,22.86363043,5.49948681
41.19270508,23.02517139,5.52378724
41.42940342,23.34512691,5.57304226
41.54470488,23.50431171,5.59813492
40.44540014,22.02934765,5.37847553
40.57428179,22.20072119,5.40272260
43.64796748,26.50599227,6.20841403
43.39394999,26.13470864,6.10577853
42.54029004,24.88513330,5.83468037
43.72830788,26.62725739,6.24550651
42.75420642,25.17713795,5.89085319
41.65930839,23.66167379,5.62328038
42.43432011,24.73515002,5.80682102
42.21826483,24.43335634,5.75270667
39.39724388,20.60637792,5.18706755
40.82606401,22.53499398,5.45086997
40.70152869,22.36882847,5.42676726
39.26273139,20.42341359,5.16371858
38.85224439,19.86743131,5.09451441
38.99065432,20.05409220,5.11741811
42.10849235,24.28102184,5.72623566
37.85386759,18.52062553,4.94029311
37.11380738,17.52889086,4.83791185
36.96355795,17.32832298,4.81802097
41.31238730,23.18529665,5.54823370
40.94910378,22.69962615,5.47505717
39.66386187,20.96727266,5.23386677
39.53106117,20.78779162,5.21046355
40.31580644,21.85517231,5.35408158
40.18608468,21.67921399,5.32969625
38.43082412,19.29734212,5.02668601
38.28826701,19.10503241,5.00464955
37.41188988,17.92796952,4.87828970
37.26316908,17.72873639,4.85801078
37.70744644,18.32388882,4.91938433
37.56005430,18.12639951,4.89873957
45.41414593,24.56794403,6.04722213
45.16184892,24.07724740,5.96564299
40.35248060,14.77259883,4.87512605
44.90430959,23.58174994,5.88803338
44.66768636,23.12424900,5.81937499
42.94807380,25.46642079,5.95022268
40.64205550,15.34026305,4.92740938
40.16515843,14.41386638,4.84298587
40.53625575,15.13257362,4.90824165
45.51654143,24.76095644,6.08033401
43.56363690,26.38551114,6.17351236
36.50859538,16.72071353,4.75928593
45.54223648,24.80756367,6.08834148
