X,Y,Z
28.69686368,6.92668261,4.77747180
28.55017904,7.03995559,4.72726925
28.32716399,6.71959940,4.73331186
29.12954003,7.57104268,4.76593672
28.99726699,7.67316569,4.71880624
28.77246478,7.35627380,4.72239701
29.76118623,8.48488134,4.75801137
29.92761176,8.35640879,4.80019714
30.12140644,8.64437877,4.79871995
29.97285099,9.18321578,4.67525336
30.04653858,9.12591288,4.71706210
30.23743492,9.38598929,4.71920992
28.90706825,7.74290340,4.67010825
28.84960540,7.78752687,4.61964285
28.61687606,7.47668563,4.61951850
30.80159074,10.29042214,4.69252042
30.86704872,10.23932680,4.73037900
30.95883314,10.36658249,4.73177987
29.35315966,8.34857100,4.66968523
29.43546183,8.28482423,4.71522315
29.64494434,8.57474697,4.71497152
30.61811728,10.17941524,4.61132139
30.61283684,10.18438747,4.57822055
30.45882234,9.98217514,4.57248489
26.91412079,5.32809222,4.50015924
26.93068728,5.31489577,4.56873128
27.16343707,5.62390229,4.56735874
28.58492989,7.50174502,4.56699588
28.57605185,7.50911999,4.52100612
28.34178964,7.20186170,4.51730717
27.38648172,5.94897006,4.50561202
27.40032375,5.93790113,4.56627227
27.64012370,6.25520409,4.56547538
26.26336471,4.42586896,4.57225276
26.24270060,4.44233189,4.49194712
26.04169264,4.17494249,4.48877154
26.68323610,5.02408982,4.49745322
26.70126383,5.00975247,4.57018992
28.10524044,6.89176144,4.51406225
28.11576987,6.88321374,4.56503902
28.35143840,7.19394908,4.56565767
30.73994030,10.33969203,4.61539825
29.89670160,9.24417825,4.55337491
29.90279523,9.23867369,4.58972754
30.09804302,9.49553135,4.59503567
28.81957077,7.81117429,4.56926529
28.81134926,7.81810292,4.52539522
27.86633761,6.57857110,4.51111624
27.87785756,6.56928675,4.56500937
27.14827639,5.63599483,4.50285728
26.45874803,4.72796912,4.49472177
26.47819017,4.71250193,4.57148555
26.06324633,4.15774833,4.57165239
25.86696144,3.94011866,4.48505281
25.88867059,3.92266495,4.56907938
25.72480840,3.74766487,4.48147222
25.52279015,3.47240192,4.47571431
25.53973203,3.45840430,4.55096932
25.63209472,3.57934530,4.55870979
25.61272778,3.59517148,4.47836068
25.74580969,3.73065534,4.56475096
25.45074402,3.37383744,4.47351665
25.46479474,3.36206702,4.54187862
25.39308959,3.29484419,4.47171787
25.40420756,3.28540233,4.53204751
25.34691092,3.23151004,4.47025645
25.35542871,3.22426574,4.52221082
25.30991791,3.18073891,4.46907510
25.31641143,3.17547579,4.51301853
25.28535237,3.13651640,4.50483709
25.28027425,3.14003493,4.46812299
25.25649046,3.10736629,4.46735628
25.26065188,3.10539676,4.49765592
25.24073187,3.08024758,4.49111369
30.28078122,9.74843256,4.56611282
30.28639861,9.74323744,4.60060496
30.46426025,9.97709705,4.60623452
30.09220938,9.50086663,4.55968103
29.69349652,8.97734476,4.54723147
29.69989825,8.97163817,4.58473044
29.48350292,8.70152072,4.54133710
29.49026666,8.69557451,4.58014431
29.26688974,8.41684335,4.53569396
29.27407007,8.41061723,4.57598815
29.04243327,8.12179025,4.53033847
29.05009443,8.11523982,4.57231508
27.62749802,6.26533081,4.50835713
25.23723449,3.08091064,4.46673407
25.21794271,3.05440080,4.46610969
30.63926923,10.16218622,4.65013481
30.76059444,10.32283267,4.65356349
30.48590505,9.95950838,4.64577282
30.12090327,9.47706868,4.63637667
30.30859680,9.72524966,4.64098298
29.72448462,8.95193788,4.62840936
29.51594644,8.67509087,4.62522109
29.30100805,8.38922762,4.62264040
29.07847255,8.09280415,4.62073402
28.38560289,7.16723790,4.62049655
28.15246237,6.85461278,4.62240236
27.91739278,6.53854240,4.62513474
27.68283604,6.22204991,4.62861331
27.44654246,5.90208305,4.63269071
27.21345387,5.58517862,4.63731578
26.75952390,4.96474645,4.64762349
26.98476198,5.27307150,4.64239953
26.54050605,4.66441827,4.65254991
26.32919068,4.37513504,4.65657170
26.13173270,4.10532387,4.65839430
25.95789679,3.86989607,4.65734810
25.69525563,3.53121238,4.64578222
25.59607754,3.41535741,4.63481333
29.92644769,9.21964333,4.63216458
30.68114616,10.12911341,4.68968903
30.35238527,9.69075212,4.68207650
30.52867905,9.92576482,4.68603442
30.16589111,9.44168456,4.67841167
29.77253779,8.91429551,4.67267767
29.56591044,8.63604550,4.67080082
29.13311130,8.05029920,4.66940938
28.67754244,7.42963617,4.67192011
28.44991904,7.11741687,4.67494127
28.22090092,6.80166440,4.67903553
27.99045187,6.48208272,4.68412801
27.76105040,6.16166893,4.69013534
27.53044910,5.83736867,4.69692207
26.86301874,4.88510791,4.72064988
27.08145265,5.19859149,4.71247116
27.44134109,5.40953037,4.76731262
27.30353863,5.51573676,4.70443473
26.65060200,4.57981905,4.72842409
26.44520751,4.28637567,4.73496009
26.25211552,4.01378755,4.73879050
25.93340542,3.58883357,4.73623998
26.07993143,3.77767314,4.73937940
27.88154827,6.06871588,4.74857037
28.10344416,6.39486824,4.74044848
27.02036252,4.76402958,4.78783199
27.22888205,5.08503033,4.77754377
25.81333051,3.67923854,4.65323766
30.89484434,10.41656052,4.69439176
31.02864472,10.46720081,4.73208483
30.74792369,10.07701700,4.72809525
30.96371018,10.16434080,4.76729865
30.42209741,9.63643499,4.72196548
30.59683001,9.87262754,4.72511690
30.34288665,9.30429398,4.75901242
29.84870999,8.85513410,4.71561110
29.21912126,7.98375388,4.71645726
29.55639842,8.19139614,4.75952468
28.26831784,6.26757061,4.79366959
27.64160835,5.25502311,4.82451920
27.84662719,5.59345566,4.81355066
26.81764593,4.45161905,4.79757788
26.62095267,4.15210092,4.80561750
26.43432049,3.87548136,4.81082490
30.69736054,9.79468407,4.76322651
30.84646744,10.00059266,4.76554103
27.65923011,5.73807231,4.75755491
30.98768073,9.89142297,4.80273831
30.52489598,9.55675952,4.76087225
30.67216810,9.44292933,4.79945451
29.96083658,8.76838096,4.75748573
29.34538156,7.88625841,4.76212434
28.91151295,7.24890978,4.77106844
27.05957247,4.26585781,4.85674100
27.24849379,4.58838882,4.84670579
30.15508550,9.04186935,4.75785173
30.31055525,8.92176048,4.79815451
30.49394503,9.18755963,4.79842532
28.48242757,6.59970331,4.78504058
28.05712997,5.93318263,4.80320463
27.44286718,4.92003026,4.83572101
30.84139587,9.68334303,4.80105559
29.72949999,8.05780914,4.80268666
30.16345045,8.17448396,4.83986522
30.34894077,8.46884035,4.83801655
29.52605492,7.74683766,4.80627799
29.31876860,7.42499006,4.81107160
28.90660909,6.76467067,4.82423918
28.30792107,5.73938733,4.85069117
28.50391028,6.08552008,4.84121901
29.11039182,7.09534995,4.81710981
28.70436701,6.42822486,4.83232914
28.11418143,5.38670906,4.86065934
30.53084834,8.75178552,4.83699711
30.70797133,9.02240651,4.83673717
29.78208767,7.54928662,4.84630618
29.97480164,7.86858226,4.84261111
30.73481525,10.34455339,4.58290406
33.55664739,8.74992181,4.85430871
33.46114409,8.95013880,4.87191546
33.34219636,8.80549196,4.86901571
33.40636887,8.61819399,4.85395742
33.24748447,8.67996880,4.86611132
33.77465723,8.46234661,4.81926367
33.97330810,8.54033360,4.81125358
33.83031077,8.63304849,4.82883436
33.70441658,8.62996477,4.83691380
37.02460112,3.09426043,3.58724598
37.02729876,3.10580550,3.58920055
37.01703435,3.10121996,3.59119108
34.11844770,7.00162240,4.64331914
34.02003599,7.12613114,4.66828319
33.91872178,6.96226747,4.66081431
34.30301724,7.01466644,4.62379882
34.20131143,7.19913764,4.65687394
33.93054622,6.58374704,4.61584334
33.84013955,6.67701806,4.63702841
33.74008615,6.52165418,4.63045546
34.02043093,6.73800458,4.62363078
33.83127505,6.80507687,4.65261218
33.66672847,6.74029419,4.66321710
33.70230627,6.92716748,4.67993559
33.55343559,6.61665304,4.66175898
34.22499171,6.83801014,4.61172420
34.07248887,6.88153604,4.63452123
33.94803460,6.43230278,4.59578562
33.51967350,6.89275438,4.69504225
33.72763162,7.10093210,4.69598842
33.97243269,7.62461205,4.72638143
34.10556556,7.61123784,4.71206773
34.07456099,7.74283948,4.72869535
33.85363225,7.48507180,4.72352430
34.04324347,7.48178193,4.70460890
33.82136292,7.32166297,4.70983477
33.73288276,7.25056325,4.71115710
33.87301090,7.17195653,4.68875559
33.65809116,7.40495331,4.73394873
34.19880441,7.51737173,4.69261969
34.37050005,7.57030485,4.68047067
34.24312617,7.70796087,4.70860705
33.54957159,7.06192490,4.70968214
33.40569727,7.01754251,4.71917358
33.99160119,7.30378459,4.69080321
34.38778062,7.13929452,4.62884621
34.49299496,7.03194598,4.60338696
34.53253789,7.18063127,4.61684551
33.45446320,6.74313578,4.68588274
34.24261678,6.62820340,4.58399854
34.09136389,6.53042407,4.59041629
33.82097197,6.31769836,4.59726243
33.97200387,6.27763135,4.57421772
34.42908004,6.87588970,4.59185502
33.63361124,6.32772775,4.62030526
33.51181407,6.47161776,4.65024098
33.43599461,6.31078901,4.64072326
33.38718126,6.60073308,4.67769373
33.32039070,6.45233667,4.66882481
34.27687916,6.42076803,4.55382139
33.58461848,7.23901782,4.72431784
34.40679503,6.70633205,4.57341255
32.82050860,6.09690301,4.68424670
32.71412540,6.18945572,4.70450455
32.70879875,5.97814806,4.68383127
32.93630928,6.11245487,4.67365049
32.86215533,6.23918586,4.69443350
34.80452713,7.54993586,4.62931083
34.86351244,7.65958823,4.63557363
34.72039064,7.66904510,4.65329832
34.79985414,7.38961020,4.61026932
34.95748146,7.51503948,4.60645885
34.14518095,7.37461262,4.68258361
34.07863751,6.15596752,4.54592980
34.11430905,6.33406613,4.56350502
33.72577159,6.15873854,4.58982595
34.40887919,7.27025850,4.64192341
34.29959098,7.39085198,4.66793775
34.55040877,6.76338129,4.56249974
33.26079804,6.74369176,4.70557100
33.19502565,6.59039408,4.69642906
34.54926307,7.30506034,4.62988567
33.24711315,6.28994879,4.65917250
33.35419653,6.15415047,4.63242739
33.12724834,6.42800514,4.68653443
33.05105585,6.23525110,4.67434139
34.61606071,6.90142124,4.57178894
34.69616302,7.07990587,4.58437731
33.53696885,6.15643117,4.61179313
33.89794817,6.14823881,4.56764398
34.31555555,6.17712423,4.51779235
33.33835885,6.89233376,4.71305818
34.42464158,6.51262039,4.54653583
34.44798372,6.33298294,4.52029816
34.49307978,7.43722863,4.65190920
34.64021565,7.38013658,4.62823675
34.67805370,7.25677994,4.60870396
34.83961659,7.20119782,4.58169889
34.97446619,7.30597630,4.57787967
34.73732151,6.73745809,4.53476473
32.25126944,6.08953097,4.74015637
32.30820642,5.93693958,4.72053624
32.39266999,6.05665033,4.72355937
32.36774515,5.77595189,4.69908293
32.50018203,5.91109328,4.69874908
34.44059784,7.75039981,4.69302495
34.34609687,7.90341227,4.71903484
33.24651333,7.05311441,4.73770203
33.62783936,5.98457375,4.58111563
34.59896414,6.59433665,4.53431972
33.81434394,7.69921221,4.74846137
33.94869246,7.75139953,4.74133931
33.06617636,6.01569379,4.64934531
32.93478382,6.39964963,4.70327058
33.00235121,6.57172787,4.71377448
33.06420805,6.74113008,4.72450392
33.19311198,6.14057651,4.64887151
33.25858033,5.99332732,4.62536143
34.56085364,5.91424356,4.44975433
34.49312543,6.05656762,4.47803207
34.37438799,5.94989359,4.48054497
34.53222593,6.19267729,4.49053600
34.54871402,7.62661464,4.66757315
34.67150255,7.51184597,4.64033729
33.68009356,7.58021661,4.74903986
33.46786527,7.60072983,4.76941899
33.62006170,7.75006479,4.77018939
33.44394963,7.38462031,4.75147211
34.17931433,5.98610863,4.51155493
34.57668982,6.39997363,4.51179312
34.56173220,6.29490759,4.49997329
33.99046337,5.98368097,4.53589405
33.43815889,5.99274030,4.60458663
33.80776090,5.98413961,4.55902727
33.14280751,6.90397143,4.73292945
33.38343410,7.19828532,4.73912116
34.69231844,6.26066135,4.47734357
32.88849366,5.96811278,4.66366790
32.74848551,6.37386099,4.71919497
32.64568550,5.76609727,4.66887593
32.50859297,5.72753389,4.67958957
32.58372071,5.58478696,4.65695127
32.81685848,5.79389361,4.65316639
34.17065282,7.89008434,4.73455309
34.51906436,7.93320503,4.70486108
34.43430516,8.07124298,4.72793442
35.11687684,7.04603491,4.52473495
35.12512779,7.20442580,4.54481706
34.98715142,7.12427698,4.55262380
35.25664542,7.08404463,4.51058476
33.42052134,7.97180355,4.80518035
33.44338587,7.81798803,4.79057137
33.57626252,7.95088247,4.79157445
33.32527724,7.74780185,4.79379687
33.27223844,7.64628264,4.78934166
33.27796335,7.50369455,4.77654771
33.17421177,7.76526135,4.80655162
33.10095773,7.61642086,4.79998988
32.35677838,6.20570673,4.74082936
32.44654045,6.30841434,4.74182942
32.29026822,6.40279842,4.76432207
32.58553054,6.33393826,4.73110178
32.45070100,6.47659166,4.75658672
33.87953927,7.83533032,4.75575250
34.00676957,7.87187789,4.74789277
33.88633889,8.00260114,4.77090917
34.74591233,6.43086828,4.49273829
34.78457567,6.57201847,4.50636713
34.88374451,6.63581948,4.50130412
34.87638574,6.14764350,4.43569083
34.86914719,6.30929382,4.45887089
34.95673866,6.46180278,4.46727106
33.74852599,7.87687059,4.77097248
32.53550230,6.13864334,4.71736216
34.68494931,6.05561533,4.45086005
34.26332905,5.79351551,4.47576236
32.86585163,6.72182481,4.74128949
32.91808867,6.91874451,4.75479866
34.86845834,7.05231536,4.55879601
33.89396145,5.80894847,4.52690109
33.52133089,5.81214501,4.57389325
33.71062906,5.81160709,4.55050766
33.15975001,5.82553441,4.61807748
33.34099163,5.82130428,4.59651491
35.00649958,7.71965616,4.62576683
34.82979560,7.83310469,4.66009421
32.14260353,5.97197773,4.73975300
32.79995282,6.54596845,4.73081017
34.62130947,7.79762499,4.67910393
34.64422247,5.75923906,4.41725935
34.44707650,5.77553441,4.44778311
34.07858290,5.81030599,4.50287761
32.98153795,5.81726912,4.63738790
33.04725775,7.08036215,4.75817424
34.92324108,6.77792667,4.51506691
34.81022243,6.91871277,4.54895830
33.17085283,7.22531761,4.76064051
33.27369778,7.34650132,4.76281671
33.09445710,7.41324195,4.78359334
32.95308598,7.93042704,4.83382666
32.85200339,7.96027334,4.84192203
32.80464446,7.82744835,4.83585653
33.07400949,8.02439846,4.83289406
32.88862957,8.10698011,4.84933948
32.61763558,6.51685416,4.74510875
31.94528555,6.14810135,4.77279330
31.97197471,6.01397810,4.75918269
32.08632327,6.12116294,4.75813147
32.00765009,5.85786347,4.74223737
32.99742563,8.29309198,4.85517882
33.06183199,8.16820572,4.84355937
33.13188145,8.26567603,4.84603535
32.84795951,8.30259156,4.86317375
34.58576226,8.10863328,4.71694285
34.26993365,8.08444229,4.74482400
32.19462014,5.81657548,4.72041065
35.00265995,6.94243013,4.52636872
35.06002990,8.25441955,4.68301719
35.00160223,8.10260753,4.67206340
35.14941860,8.10101637,4.65486100
34.86859802,8.03618964,4.67923632
35.04087377,7.93414820,4.64767042
32.74365153,7.01274157,4.77797281
32.71669434,6.86583289,4.76758336
32.57313647,7.00126546,4.79071106
34.72892432,5.89336365,4.42271511
34.15907024,5.62678296,4.46910839
33.42201760,5.64017062,4.56613691
35.07454147,6.78847556,4.49553367
32.23937707,5.64971159,4.70000581
32.06505638,5.69651543,4.72200685
32.85493326,7.12203990,4.77814500
33.25831182,7.92900355,4.81346725
32.41505334,5.60506051,4.67722257
35.03568821,6.63943975,4.48051180
32.97953099,7.26063832,4.77982856
35.18877096,7.78537005,4.61145524
35.24103908,7.96149243,4.62688240
32.75581643,5.60126488,4.63963129
32.18536840,6.24787964,4.76022513
33.48253834,8.08145015,4.80955460
33.34900076,8.10858120,4.82109626
33.79666527,5.63100868,4.51798241
34.88532818,5.96718539,4.40969663
34.86918839,5.77060800,4.38546056
34.53625651,5.59809330,4.41202519
34.75877605,5.57922842,4.37667259
31.96186265,5.55227474,4.71886053
31.86231687,5.72743254,4.74436035
31.87075904,5.40850327,4.71462536
32.06364402,5.37346674,4.69147792
32.12125687,5.54741914,4.70228341
35.15693017,7.59120847,4.59093234
34.34142834,5.61257281,4.44187634
34.69690120,7.97484305,4.69088990
35.13210803,7.39382224,4.56874229
33.07277582,5.65355392,4.60917606
32.91281271,5.63531178,4.62555868
32.66356984,6.69205098,4.75684232
33.23831468,5.65217658,4.58960538
33.60569106,8.14048091,4.80533626
35.05628390,6.25059570,4.42354540
33.71902519,8.03030537,4.78718753
34.07956949,8.04492630,4.75816291
33.60697737,5.63026459,4.54208279
34.29526099,8.28683362,4.76236330
34.38823325,8.20823028,4.74624824
34.44722842,8.38758427,4.75858408
34.15786446,8.22310318,4.76828898
33.78742289,8.21574438,4.79790894
32.48304362,6.65893216,4.76963692
31.64422813,5.55170422,4.74949734
31.56621562,5.69424555,4.76856813
31.44503951,5.55271512,4.76776184
31.71356151,5.66724589,4.75299309
31.27853874,5.64526012,4.78935036
31.23507132,5.48034876,4.78036338
31.21560939,5.79645895,4.80538268
31.10573431,5.65258513,4.80377119
33.46111675,8.23561328,4.82321733
34.49434937,8.21114400,4.73657747
34.61518303,8.28406390,4.73247212
33.09227497,7.88212326,4.82133169
33.00682734,7.78148112,4.81957392
32.67882574,5.39425858,4.62640023
35.06471684,6.05860269,4.39556415
35.24604426,6.13777805,4.37934158
35.20292217,6.89191731,4.49171186
32.91969879,7.67319914,4.81741425
32.93458886,7.53072959,4.80544586
32.91796297,7.39453468,4.79582671
32.77618744,7.46399839,4.81167195
34.74391231,8.16268654,4.70666799
34.90392874,8.21703268,4.69582323
34.77730238,8.35291417,4.72372307
34.94256274,8.40957933,4.71296613
34.92662359,5.60826175,4.35515736
34.90697709,5.48876896,4.34242586
35.04190899,5.51814436,4.32561708
33.19384061,8.13563973,4.83329430
35.16396053,6.51511008,4.44476196
35.20060936,6.68340779,4.46303619
35.29780821,6.39758376,4.40839093
35.34094722,6.55845309,4.42487101
33.00145670,5.50154402,4.60079456
33.97954809,5.63306085,4.49419433
34.06551006,5.45024614,4.46009835
31.80073438,5.56004951,4.73537256
31.81148162,6.08719192,4.77922367
32.79825609,7.29719688,4.79709672
33.98567758,8.19764448,4.78047580
32.52647558,6.83846480,4.78114267
35.34615244,7.65644281,4.57471103
33.69698268,5.43411710,4.50741785
33.32077751,5.46837250,4.55886327
33.50715145,5.45242108,4.53386947
32.08824331,6.41282274,4.78230809
32.31365694,6.61139356,4.77987033
31.73076577,5.43555326,4.73099323
31.58636727,5.39701256,4.74151864
33.11163823,8.41116443,4.85654692
33.28165625,8.30387283,4.83979785
35.29942604,8.09984745,4.63673946
35.25899911,8.26082890,4.66101272
35.42058911,8.01501296,4.61104298
35.43692055,8.17612492,4.62914600
31.39107953,5.74433818,4.78754554
32.86830061,5.45156999,4.61083280
35.38281959,7.84016652,4.59364973
34.81256217,5.38650725,4.34349784
34.62695805,5.41870919,4.37557619
32.00948632,6.26777499,4.77713026
31.68390680,5.81191698,4.76783865
31.82706293,5.91662445,4.76387621
32.27238643,5.45688273,4.67762591
35.05570436,5.86216622,4.36976129
35.05625956,5.68456584,4.34555906
35.30765312,7.46705518,4.55501547
32.47758755,5.42992250,4.65264591
35.28326743,7.27264808,4.53246557
34.43159870,5.43637334,4.40657836
33.88535508,5.45963766,4.48565805
34.24207006,5.44573396,4.43491732
32.63746155,7.17594622,4.79964318
33.61175252,8.33479372,4.82057375
33.14371372,5.47949390,4.58154413
34.98714687,5.36720528,4.31428564
35.09555713,5.21966352,4.27840613
35.16441771,5.39534100,4.29055110
31.40607609,5.36087412,4.75536853
31.50460965,5.85851488,4.78688589
32.76570477,7.98207614,4.84819302
32.59176549,7.95097787,4.85545121
31.84154433,6.25733621,4.79012473
32.14504870,6.57743726,4.79077951
32.34228770,6.80119150,4.79283223
33.01251751,5.31621072,4.57904841
33.93886195,8.73917597,4.82969177
31.73764671,5.26654626,4.71485678
32.76306546,8.77265486,4.88940864
32.88835962,8.64841335,4.87976350
32.95294370,8.78519133,4.88401651
32.91674082,8.47200345,4.86948957
33.07797747,8.61684096,4.87035661
31.62947468,6.00762506,4.78808618
32.02748107,6.70020482,4.80891167
31.97397797,6.57536687,4.80378289
31.98739384,6.82290114,4.82027903
31.87059805,6.75584393,4.82362877
33.44059587,8.42565272,4.83867416
34.89549831,5.22656134,4.31019873
33.92514403,8.35617685,4.79932798
34.51801969,5.26527918,4.37219293
33.57241964,5.26279800,4.50333717
33.26397287,8.51571021,4.85507687
32.77202733,7.62958123,4.82413254
35.14149431,6.38083798,4.42920548
35.23257641,6.27919656,4.40135300
32.37509616,5.27120102,4.64763632
34.07520608,8.37230423,4.78888954
34.20212912,8.37547326,4.77873127
34.29467294,8.44170890,4.77706111
35.37066073,6.74798031,4.44743033
33.21135036,5.29418844,4.55250276
32.38597849,6.97068242,4.80260255
32.42707785,7.13174911,4.81163280
35.22280335,5.76677960,4.33113255
35.43108453,7.14412367,4.49430378
31.53851702,5.22293403,4.73071294
31.25344671,5.31579745,4.76558276
31.07757142,5.33718266,4.78278375
31.17355127,5.18926617,4.76243384
35.57142252,7.91308570,4.57825361
35.54317930,7.72160514,4.55686819
34.32925488,5.26961308,4.40040098
34.14215000,5.27544604,4.42785766
30.86493275,5.27256591,4.79575283
30.77665612,5.46532310,4.81607151
30.65864302,5.29389847,4.81355053
31.00787358,5.17967058,4.77653012
35.42924287,8.32592331,4.64846779
35.32323288,8.46085639,4.67707279
31.06183781,5.49439412,4.79591200
30.94607656,5.42842470,4.80046201
32.15082690,6.77065630,4.80502936
35.60523897,8.09405948,4.59720708
35.61611748,8.28898737,4.62055679
35.12967803,8.46400190,4.69909918
35.20315239,5.57843583,4.30873327
33.96376428,5.28552864,4.45389755
33.39560997,5.28307968,4.52830042
35.24140789,5.95610304,4.35451221
32.83156800,5.28351239,4.59687665
35.49725993,7.53354860,4.53806289
32.68700026,5.14669372,4.59895305
32.54029849,5.26748026,4.62872676
31.92034953,5.24553273,4.69409457
32.62295439,7.37099884,4.81545861
31.67094823,6.20827506,4.79987374
31.90093076,6.42074909,4.79786747
31.32730396,5.91998180,4.80551767
35.46065477,7.34128366,4.51718399
32.44565116,7.29762929,4.82221424
32.21086395,5.26565338,4.66511058
34.70243242,5.24488446,4.34198041
32.06408895,5.13086072,4.66752263
33.58713152,8.53263805,4.83723155
34.17158736,8.54466377,4.79644901
32.20708820,6.94476561,4.81361242
30.31726867,4.99760754,4.81960066
30.42077450,5.11962817,4.81986898
30.27558671,5.17696496,4.83354863
30.38402388,4.83517007,4.80329380
30.48574662,4.99312683,4.80635043
32.59937293,7.54652706,4.82944622
35.41870243,6.24074418,4.36779076
33.83562436,5.12284771,4.45168629
33.81802275,5.30602119,4.47613483
33.71431745,5.24166724,4.48224073
34.64232035,8.48165958,4.75003656
32.53235653,8.33050328,4.87759955
32.44151988,8.21217963,4.87545535
32.57023510,8.14517541,4.86711815
32.32951684,8.19257181,4.87843559
32.42681522,8.07470377,4.86953705
32.44873900,7.96097694,4.86282321
32.41426394,7.84605390,4.85824435
30.72517836,5.15330462,4.79850114
30.57331270,5.45828476,4.83004128
30.45157898,5.28941597,4.82825916
30.93592928,5.73821945,4.82210060
31.05758806,5.82465735,4.81897975
30.91766797,5.94034525,4.83536408
30.93686715,5.57270519,4.81121770
32.25186642,7.09551907,4.82110438
32.27181362,7.24320572,4.82975223
32.13405896,7.19987179,4.83544510
32.27567732,7.39583516,4.83927485
32.11088876,7.33448445,4.84490813
30.79481285,5.65742425,4.82691811
30.65557879,5.60262536,4.83299254
30.65043525,5.77832272,4.84291333
31.49327577,6.16623986,4.81027000
31.69779612,6.41974806,4.81292913
31.35138030,5.20020564,4.74678495
31.07455392,5.03806185,4.75897426
35.40303148,5.85496310,4.31551473
32.27666313,5.10801368,4.64177994
31.65909062,5.06744850,4.70424322
32.90161758,5.12496222,4.57115826
32.70539694,8.08115714,4.85733003
33.47123381,5.09709392,4.49700655
35.23699068,8.59742213,4.70234381
31.79429999,6.59167529,4.81786442
32.71579539,8.23198323,4.86533271
34.41138759,5.09711092,4.36674200
33.64602304,5.09179738,4.47345187
33.29069028,5.10567979,4.52107861
34.79903849,5.07670909,4.30578941
35.39815625,6.95134637,4.47213382
35.51873564,6.62031447,4.40728458
35.76634076,7.97452340,4.55997724
35.34943133,5.45576030,4.26972927
35.65113637,7.40562324,4.49910784
35.61253675,7.21418753,4.47809701
31.85745085,5.08904800,4.68556042
31.46378685,5.04821262,4.72230927
30.86512323,5.05017179,4.77884799
34.52434112,8.59957641,4.77217388
32.74024928,8.58585158,4.88204485
35.18909266,5.06208425,4.24354522
34.99783262,5.06903646,4.27417152
30.56711431,5.14598991,4.81056079
30.66101465,5.00898923,4.79319207
32.43870073,7.46827378,4.83418005
35.37735149,5.66436616,4.29328046
35.30935452,5.23279880,4.24682490
35.73033432,7.78899917,4.54016153
34.80526715,8.54991469,4.74153061
32.72110265,8.40902403,4.87433156
31.44803344,6.01574483,4.80308167
31.26776864,5.03920015,4.74078493
33.09778946,5.11871615,4.54661632
35.69127984,7.59319640,4.51911564
32.59748083,7.73579254,4.84205801
35.57969749,7.01698079,4.45507729
35.42028221,6.03938746,4.33884758
35.54866477,6.82071491,4.43164008
34.23018077,5.09784110,4.39327106
32.03867612,6.94058384,4.82474023
34.03580647,5.09907705,4.42109669
31.12567047,5.98514563,4.82439650
34.60204759,5.08588489,4.33688889
35.48239740,6.43204024,4.38561624
34.35703269,8.61412800,4.78768883
32.47013395,5.10798650,4.61989429
32.24417265,8.08728482,4.87682873
32.35562261,7.97439889,4.86752832
32.08008212,8.15914496,4.88424389
32.07141305,8.01807280,4.87946712
31.28532949,6.12652452,4.82238467
32.75955608,9.22498226,4.90504707
32.89604700,9.30295121,4.90557770
32.79576717,9.40169297,4.90933261
32.82407624,9.04567195,4.89834190
32.92732241,9.16414508,4.90042342
32.42300211,7.64381367,4.84613760
34.66706586,8.68201594,4.76749566
33.40436135,9.13404664,4.88466535
33.24046525,9.00714306,4.88445981
35.27892570,4.89758931,4.20836340
35.35691631,5.04272636,4.21485264
35.49693144,5.12379554,4.20342555
31.73344033,6.87540444,4.83953601
31.85842678,6.95037110,4.83662258
31.64381665,7.03704213,4.85309481
31.69182627,6.75302467,4.83479123
31.38346809,6.81233754,4.85476435
31.30298029,6.67237966,4.85198508
31.46446263,6.67491754,4.84355531
31.24144730,6.82849754,4.86192887
33.14029373,8.81647142,4.87853694
32.46491974,8.78244315,4.89630436
32.43984563,8.94000483,4.90087494
32.28479883,8.80754880,4.89906696
32.59426514,8.85485630,4.89634986
32.08501256,7.08301377,4.83105302
34.96972199,8.61529212,4.73220061
30.48250411,5.65392413,4.84636638
35.60590943,6.11620941,4.32130679
31.54207089,6.32050802,4.81723847
31.61212757,6.62064762,4.83171389
34.21547641,8.75598377,4.81124348
34.35213006,8.82178034,4.80643445
34.24328880,8.95069447,4.82523686
34.50734592,8.79877089,4.79205523
34.41527953,9.00789022,4.81739257
35.11012436,8.67780995,4.72460384
30.80932746,5.80767551,4.83475142
33.74459085,4.91891789,4.43947127
32.98740093,4.94125354,4.54016926
34.32081518,4.91902274,4.35772875
33.76019376,8.79355416,4.84533466
31.94311728,7.07198854,4.83892286
32.59396300,8.68827061,4.89054155
32.85302333,8.90192034,4.89220724
32.71854268,8.94424380,4.89695274
33.62893802,8.91552109,4.86124733
31.17093993,4.87415368,4.73562360
35.55456651,5.73776707,4.27578265
34.99027900,8.81361341,4.75066966
34.83236067,8.75831366,4.75996814
31.96662176,4.92509009,4.65748786
31.56551000,4.89342049,4.69743087
32.16488233,4.93194574,4.63611782
32.37476931,4.94056773,4.61311039
35.66827666,6.49898169,4.36721741
35.70007279,6.69145210,4.39043066
33.36868366,4.91863592,4.48939277
35.72451845,6.89635830,4.41648654
35.80311575,7.27746252,4.45937669
35.84342899,7.46695762,4.48004887
35.88083553,7.65925329,4.50130899
32.25859295,7.56287476,4.85017937
35.79895982,8.15556884,4.57937756
35.92280698,7.84894758,4.52132644
35.96020956,8.03629145,4.54141277
30.57668151,4.84108856,4.78764386
33.89628862,8.90016046,4.84459186
34.06634864,8.88907959,4.83266438
34.07622373,8.69626121,4.81658058
35.08760577,4.90911262,4.23970308
30.14349154,5.04127348,4.83454264
30.77022226,4.85781430,4.77193736
35.63383317,6.31156076,4.34522718
35.76301356,7.08601473,4.43806093
32.56495155,8.52473506,4.88492555
35.49857776,5.33575831,4.23069822
34.89791539,4.91738558,4.27020149
35.99010487,8.22519079,4.56245208
35.82901991,8.34621335,4.60004163
34.69842102,4.91657158,4.30074930
31.37509767,6.31669933,4.82825947
31.46458975,6.50110470,4.83369244
30.40363219,5.48401313,4.84233015
32.78641753,4.94981620,4.56562873
32.57926275,4.95626619,4.59099273
30.17131716,4.84426083,4.82046388
31.77016741,4.90904901,4.67725111
31.36936410,4.88202310,4.71656013
30.97094693,4.86928420,4.75441326
34.12956137,4.92099718,4.38580092
33.55635979,4.92063469,4.46500915
33.18300666,4.93014318,4.51449142
35.52335457,5.54339923,4.25427973
32.09902929,7.49509545,4.85450838
35.58009871,5.93092778,4.29884103
35.48258070,4.90168891,4.17703878
33.00411093,8.98117416,4.89124857
32.34377221,8.32220629,4.88323086
34.68424324,8.88293286,4.78499500
31.96354780,7.23244851,4.84706106
32.24496333,7.74508169,4.86076590
30.72668173,5.95330385,4.84738947
32.69220380,9.08074180,4.90176497
32.58286555,9.02088796,4.90147546
32.59189547,9.18953880,4.90560303
30.34723849,5.77719040,4.85907392
30.46908545,5.85787218,4.85654085
30.28547645,5.94883868,4.86804024
30.26328772,5.62699540,4.85690962
30.60417782,6.10796859,4.86050386
30.58300482,5.94474760,4.85463425
31.53922446,6.78335885,4.84530274
32.17394146,8.27341736,4.88585536
35.46674775,4.57118545,4.13655085
35.63404063,4.61557752,4.11611657
35.52072193,4.71870051,4.14738474
35.77937343,4.50600953,4.07869451
35.79615370,4.69141659,4.10061371
32.08393577,7.66301385,4.86376271
31.79870938,7.14694895,4.85100929
29.83885953,4.84724570,4.84361863
29.99173912,4.78538662,4.82978187
29.99353091,4.94217554,4.83884257
30.07996379,4.65836752,4.81502003
29.89883662,5.22643245,4.85837410
29.98914224,5.09530459,4.84726268
30.09090302,5.22035234,4.84750303
32.23265047,7.91798134,4.86976917
33.07048892,4.76319596,4.50949198
30.67667408,4.68164367,4.76600933
33.76281453,8.99332728,4.85901597
33.93785062,9.07780777,4.85471022
30.22927128,5.39371351,4.84804103
32.38182290,8.48343412,4.88820877
31.10800101,6.16743595,4.83634228
31.61273442,6.88378013,4.84672979
34.50125029,4.91738793,4.33069775
34.22525730,4.74452434,4.34985556
35.76710040,5.99808913,4.27954295
33.93595724,4.92068599,4.41322835
33.64715435,4.74714211,4.43198411
35.82160629,6.38016887,4.32658282
34.03061487,4.74431916,4.37806000
35.70661210,5.62055307,4.23615680
31.87352116,4.74272438,4.64926769
31.27429938,4.71192744,4.71042670
35.66001749,5.21735970,4.19008599
34.85252916,8.98538674,4.78005811
32.68112626,4.78449750,4.56000449
31.47369127,4.72539598,4.69092920
31.67575730,4.73309626,4.67003257
36.03359535,7.53146907,4.46154735
35.87938242,6.77120145,4.37515319
35.91668148,6.96003384,4.39713797
35.95471367,7.14961324,4.41892862
34.78835800,4.75016094,4.26566760
36.11396820,7.91135302,4.50273343
36.14980152,8.10332547,4.52383833
33.83552495,4.74256568,4.40544852
33.45861230,4.75071101,4.45776984
35.64996355,5.00806073,4.16458480
35.37059128,4.73278984,4.17273678
30.27915190,4.66555852,4.79954618
33.58913184,9.09711718,4.87455132
35.99473345,7.33973587,4.44018921
36.07355094,7.72040163,4.48214925
35.18673212,4.73716301,4.20207758
34.59748495,4.74399401,4.29411466
30.48218976,4.66998185,4.78254399
34.40762509,4.74056596,4.32233188
34.98570093,4.74140537,4.23397829
31.18123350,6.30874769,4.83980017
35.79270761,6.19071356,4.30339002
35.84821143,6.56826960,4.35010334
34.56601018,8.98744552,4.80407408
35.73555625,5.81250756,4.25808535
30.87806209,4.69118368,4.74791382
31.25726280,6.48314925,4.84481615
32.27198055,4.76618106,4.60644491
35.67682772,5.42587202,4.21475487
32.47455204,4.77629311,4.58381201
31.07561829,4.70096706,4.72948645
33.26501378,4.75149452,4.48323896
31.92686845,7.59026677,4.86684707
30.98203935,6.10602218,4.84055084
30.80414460,6.14618591,4.85246024
31.93803701,7.42428917,4.85850284
32.87687283,4.77101664,4.53458113
34.12025735,9.09716330,4.84486091
31.78151702,7.33672531,4.86127899
30.96781973,6.28879651,4.85066654
34.68293639,9.07751994,4.80264871
31.46210098,6.96888739,4.85840827
32.07124330,7.84061439,4.87235600
29.68136262,4.60363197,4.84046482
29.77084458,4.48314158,4.82685931
29.86011914,4.66005951,4.83145030
29.50898663,4.65923766,4.85425407
29.57915779,4.48408739,4.84054889
31.11934709,6.63533946,4.85907219
31.15568629,6.76999918,4.86311587
31.00172350,6.78152460,4.86939208
31.09350841,6.92806139,4.87118744
33.49660268,9.23366779,4.88625998
33.38770203,9.30483072,4.89383572
33.60984605,9.28926508,4.88461951
31.31122911,7.12426823,4.87068780
31.27148400,6.95981781,4.86601406
31.46713290,7.16506764,4.86664128
31.34363840,7.27300659,4.87468403
31.30711395,7.42610410,4.88000880
31.18281792,7.29324058,4.87927773
33.75920809,9.19329329,4.87208044
32.20283576,8.44998502,4.89084687
32.02379459,8.42833775,4.89289039
33.00444667,9.28153783,4.90304088
33.11905405,9.34113026,4.90284113
32.97029223,9.43353207,4.90853259
33.09236260,9.16364474,4.89648393
35.64640045,4.79981460,4.13823048
34.12406876,4.56502149,4.34202955
32.42010404,8.65148159,4.89304305
32.23837992,8.61992150,4.89501887
32.63114500,9.36122280,4.90907117
31.76329962,7.52302535,4.87015893
31.91072908,7.75831761,4.87448640
35.92195538,5.88240687,4.23916472
35.79998063,4.89339837,4.12632103
33.15690923,4.58562579,4.47775743
30.10063121,5.55080250,4.86166195
29.98856829,5.40557684,4.86125690
31.38009808,4.54666467,4.68346785
35.85893229,5.50801274,4.19737354
33.54540894,4.57527346,4.42498084
30.78499774,4.51504576,4.74140977
31.05725209,6.46876303,4.85457999
35.08538902,4.57497501,4.19682825
32.06662537,4.75323838,4.62865068
31.78125259,4.56623000,4.64147313
31.97336529,4.57263832,4.62035958
32.17681158,4.58904682,4.59856830
35.97787548,6.26413567,4.28577537
35.83669848,5.31158790,4.17485802
33.73371010,4.57134022,4.39857966
32.76860815,4.60369990,4.52900677
34.69229068,4.57030337,4.25725077
30.38427724,4.49827492,4.77751662
36.18559348,7.40361649,4.42128876
36.22564177,7.59326903,4.44232668
32.37564290,4.60059092,4.57637378
30.18263566,4.49183039,4.79463699
36.10871418,7.02370355,4.37783620
36.03313530,6.64537674,4.33351617
30.21126875,5.79720541,4.86587687
30.43851386,6.04609665,4.86529468
31.61983428,7.25070689,4.86420695
32.24713168,9.04345224,4.90336651
32.43137134,9.12990829,4.90495168
29.97618152,4.49130527,4.81161692
35.89062387,5.69559534,4.21787837
31.17534169,4.54301337,4.70468695
31.58577728,4.55839987,4.66236269
35.59472531,4.40643992,4.09445379
30.58639468,4.50481177,4.75951640
34.03240388,9.22700205,4.85949315
33.89764086,9.29015228,4.87108589
36.07120431,6.83469733,4.35570860
36.14678273,7.21283166,4.39966965
33.35318343,4.57933583,4.45128438
33.93311314,4.57229954,4.37055481
34.49704490,4.56970448,4.28700868
34.31333436,4.56392607,4.31391759
32.96481327,4.59339526,4.50325186
34.88255873,4.57304545,4.22818664
36.00608937,6.45081827,4.30890602
33.25353434,9.22517319,4.89447043
35.94877591,6.07644207,4.26289899
31.75751887,7.68671534,4.87658086
35.81799935,5.10284530,4.15061397
36.30320172,7.97692804,4.48472199
36.26456047,7.78401650,4.46347578
32.57629870,4.61051864,4.55334801
30.06177004,5.72902084,4.86954205
29.68157429,4.75160331,4.84843994
29.81880919,5.04640723,4.85471369
29.67034328,4.92252233,4.85728150
31.60548873,7.44313223,4.87248197
29.84483355,5.49673887,4.87064439
29.79722692,5.37661223,4.86874042
29.72092588,5.49720845,4.87505466
31.90019234,7.94009302,4.88137505
29.38433633,4.78122040,4.86629854
29.31019286,4.67206542,4.86576662
29.35198831,4.92451461,4.87276049
29.20744046,4.83263308,4.87592533
32.45421185,9.31956425,4.90802104
31.61604574,7.77011845,4.88272771
31.73565961,7.85229865,4.88252577
31.53218948,7.93493193,4.88776474
31.60342833,7.62412014,4.87873953
32.06094817,9.05811450,4.90203773
32.09554160,9.19597749,4.90313820
31.91869795,9.14197149,4.89966082
32.09210371,8.91745805,4.90112127
30.09846697,5.90406952,4.87329842
29.97819281,6.02952458,4.87918059
29.92035170,5.87231230,4.87766568
29.88613873,6.15353040,4.88215139
29.76596752,6.02302309,4.88253419
33.26768720,9.41476923,4.90222652
29.52075145,4.83435672,4.86148320
32.05499896,8.58141268,4.89590873
31.88427749,8.55326897,4.89600535
32.08566411,8.74577803,4.89874883
31.90760956,8.70280744,4.89786733
33.74739051,9.39229139,4.88445665
31.97753891,8.28290483,4.88993367
30.13649319,6.04772008,4.87569810
30.25786148,6.16995045,4.87517006
31.46101199,7.35338556,4.87386102
29.93976608,5.58870221,4.86983120
31.13247519,7.10162559,4.87536290
30.86618335,6.46672110,4.86318354
30.98076569,4.52802923,4.72317536
30.48959876,4.33248937,4.75366850
34.40849037,4.38548636,4.27650913
30.89040635,4.35030881,4.71569522
36.07454245,5.77009575,4.19984685
34.02418223,4.39525377,4.33499122
36.13225745,6.15312757,4.24600812
36.19373926,6.52509869,4.29149881
36.01901112,5.38691095,4.15647229
35.27941163,4.56888633,4.16564798
34.98184072,4.40174241,4.19016824
32.85678014,4.42364080,4.49723555
36.22667948,6.71006686,4.31397818
36.37752886,7.46627567,4.40212281
36.41633420,7.65731265,4.42366751
36.05253312,5.57144313,4.17594716
35.99579350,5.18839134,4.13403821
33.24572467,4.41047138,4.44523993
32.47192907,4.43617204,4.54653331
36.30092721,7.08730230,4.35859862
34.59408795,4.39351016,4.24923847
33.44415774,4.40772451,4.41827353
33.63542714,4.39557355,4.39046178
30.07842827,4.32566621,4.79064173
30.28601656,4.32662508,4.77218476
32.66593405,9.52867056,4.91206948
32.27285248,9.25198279,4.90585417
32.28079148,4.42372639,4.56825544
32.07984247,4.40536054,4.59011341
30.64229653,6.28636640,4.86561210
30.46035765,6.23979568,4.87078720
35.95735393,4.78481497,4.08751849
35.97274657,4.98689255,4.11143908
29.68492520,5.23344146,4.86870154
29.38072185,4.51648756,4.85497911
29.23153788,4.56149987,4.86540087
29.20198127,4.38858524,4.85949194
35.77831473,4.34867225,4.05747640
35.92661138,4.40203256,4.04126578
29.66098393,4.32971099,4.82501800
30.79098211,6.33150136,4.86109678
31.88252043,4.39400511,4.61189681
31.68989702,4.38711638,4.63318606
31.48977444,4.38124704,4.65496189
36.45456158,7.84912421,4.44518925
31.28541719,4.37535919,4.67668165
35.94334056,4.58075719,4.06277158
29.86980546,4.32697188,4.80835109
36.11150158,5.95100505,4.21987627
30.68637341,4.34485129,4.73568653
32.66409917,4.42981523,4.52214726
33.83054384,4.39814322,4.36329107
36.26355154,6.89853598,4.33637274
35.37365748,4.39681458,4.12800025
33.05208792,4.41517091,4.47119147
31.90245804,8.13176747,4.88714675
29.63508616,5.07667369,4.86538688
34.78727356,4.39557645,4.21966729
35.17566646,4.39828330,4.15933005
36.16589288,6.33347011,4.26736900
30.93883150,6.62874740,4.86633714
29.50392319,5.00438346,4.86880783
30.68104013,6.46395930,4.87010397
31.71777619,8.03478254,4.88763657
31.73881355,8.66543732,4.89625084
31.73662347,8.53054948,4.89536272
31.66516872,8.40548454,4.89391717
31.85225469,8.41320764,4.89393220
36.09914440,4.16971043,3.97976178
36.25431809,4.15097473,3.95124920
36.22097955,4.32560088,3.98306143
35.98167870,4.03263582,3.97768573
36.18735641,3.99376705,3.93724372
31.29220862,7.72428831,4.88632638
31.26702944,7.58280311,4.88417063
31.42274116,7.56243329,4.88113171
31.15563671,7.49896948,4.88400806
29.46201074,5.49875215,4.88208861
29.48758308,5.34216042,4.87876541
29.62541323,5.41418455,4.87612320
29.49728904,5.17672570,4.87443877
31.82177395,8.28686948,4.89183553
31.69435450,8.21769454,4.89146642
36.08423480,4.46903037,4.02525434
30.05467742,6.18124564,4.88001863
31.92737977,8.99512555,4.89988061
31.75947101,9.06571592,4.89607175
31.93356372,9.29755453,4.89931823
31.72781985,9.23807325,4.89326726
30.99934936,7.25639279,4.88176611
30.95461114,7.09125996,4.87924766
30.82495221,7.25188008,4.88354160
32.49581172,9.48885910,4.91038090
32.98548819,9.60851822,4.91323709
32.84163076,9.57171759,4.91301949
30.88731500,6.94173729,4.87729232
30.81550884,6.78540327,4.87518920
30.68957481,6.94256279,4.88097068
30.76023387,7.10001055,4.88231318
32.30949863,9.46272513,4.90767963
31.93059915,8.85194779,4.89930311
33.12593560,9.52823696,4.90930214
30.74482079,6.62452566,4.87282559
34.21308215,4.38870789,4.30629668
33.92099298,4.21991456,4.32685455
36.15139871,5.06953342,4.09426462
36.10730170,4.66935111,4.04859291
33.34267100,4.22955531,4.40948519
31.60379945,4.21415489,4.62387814
36.23545729,5.65054370,4.15854175
32.37903898,4.25540469,4.53692653
34.11185719,4.21563644,4.29820295
34.50176747,4.21135360,4.23867126
36.29232275,6.03301566,4.20413541
35.27421380,4.22902837,4.12044853
35.07597068,4.22546722,4.15120220
34.88495444,4.22291954,4.18082484
36.35471313,6.40610152,4.24957041
31.09180787,4.35875928,4.69564016
30.59448725,4.16747951,4.72732085
29.88153489,5.72732342,4.87559858
29.75159572,5.62904760,4.87717814
36.60679044,7.72195106,4.40524863
36.17405453,5.26287011,4.11606263
36.20921392,5.45367594,4.13590837
36.56849590,7.53073193,4.38347916
36.33850592,7.27674217,4.38062691
36.53065763,7.34026932,4.36156927
30.99737214,4.18416944,4.68738788
32.75283291,4.25017683,4.48959176
32.94659116,4.24534807,4.46409370
32.11570657,9.38115347,4.90366431
29.45237421,4.34418518,4.84108904
29.13961453,4.68601124,4.87433035
29.10452590,4.55651630,4.87158271
33.53100676,4.22514415,4.38302757
33.13461827,4.24383186,4.43923884
28.82741595,4.20855127,4.87197586
28.95689772,4.15217151,4.86196925
28.98360813,4.29741377,4.86762704
28.72822767,4.13936199,4.87403441
28.82406750,4.04024182,4.86373202
31.46363980,7.75329989,4.88495238
30.51290343,6.42894287,4.87434994
30.31293342,6.39399620,4.87847098
28.97358313,4.47454936,4.87491042
28.81410994,4.37446706,4.87887893
29.12509660,4.17550499,4.85282048
33.72895836,4.22240721,4.35482392
29.33820142,4.17960464,4.83854227
35.90097476,4.22097238,4.01958702
36.04645495,4.31741063,4.01019541
35.68516893,4.22433692,4.05460904
34.69134513,4.21789445,4.21030530
34.30626738,4.21244602,4.26862037
36.42042631,6.77487683,4.29461566
36.38701300,6.58907769,4.27193224
36.45633268,6.96265844,4.31717208
36.32589866,6.21552614,4.22574487
29.55275519,4.16702336,4.82152186
36.12133598,4.87427579,4.07344156
32.18785917,4.24442125,4.55887187
31.99234056,4.23138403,4.58069799
31.79132274,4.21771523,4.60269391
36.49312592,7.15133465,4.33955623
31.39327093,4.20614883,4.64669769
30.12140531,6.35030900,4.88109763
36.26776859,5.83438040,4.17926692
30.79339751,4.17823538,4.70815641
30.38972991,4.16246685,4.74706300
30.18132312,4.16125613,4.76679634
35.48248663,4.23954670,4.08899741
29.76229229,4.16388975,4.80425342
29.97189553,4.16190805,4.78595300
29.33556461,5.10496917,4.87830926
31.53515722,8.13748509,4.89087698
29.73605322,5.82101025,4.88090927
29.01975821,4.82601407,4.88252999
29.05587404,4.95818007,4.88390553
28.90141973,4.97235850,4.88767789
29.17797716,5.02200684,4.88153541
28.98388399,5.12730013,4.88733237
30.55913581,6.60930406,4.87735025
28.94912826,4.67191123,4.88153328
29.59010287,5.56846091,4.88025122
31.80251493,8.93555238,4.89762853
31.76080080,8.81373219,4.89692452
31.14693082,7.84969497,4.88782319
31.14146649,7.67386681,4.88648876
31.00145549,7.60409360,4.88603929
28.31674643,4.21521671,4.89273784
28.15167446,4.17529717,4.89604102
28.22479336,4.03830252,4.89167962
28.02981050,4.22998226,4.89802782
28.03355775,4.05075449,4.89689899
31.01616368,7.42431079,4.88421833
29.90746483,6.33037465,4.88279875
31.56704710,8.60603778,4.89374531
31.61825413,8.94840910,4.89306878
35.37900419,4.06606939,4.08006820
32.56013808,4.25563603,4.51454759
32.09616206,4.06647636,4.54795653
36.33971176,5.15065683,4.07538632
36.28044798,4.75857627,4.03289773
34.98107337,4.04886057,4.14064238
35.17714372,4.05683221,4.11079121
32.46585735,4.07490019,4.50348760
31.20027019,4.19149189,4.66633876
31.30679968,4.02509103,4.63508306
31.10826769,4.01417491,4.65587792
36.54804839,6.47000614,4.22996482
36.45257025,5.91232542,4.16218473
30.69902514,4.00318811,4.69863072
34.59627843,4.03912010,4.19949097
36.39403391,5.52913185,4.11747666
29.23411523,4.00938170,4.83393812
29.44391533,4.00505833,4.81720456
36.72214272,7.40509110,4.34289691
36.64924887,7.02720285,4.29812596
33.62308902,4.05011106,4.34623741
33.81629795,4.04364846,4.31760994
30.28450057,3.99771675,4.74029700
30.49328449,3.99883899,4.71943966
31.90261987,4.05689775,4.56999510
31.70082717,4.04161036,4.59190270
30.37146701,6.58343446,4.88041222
30.16371557,6.56167792,4.88235975
30.88501046,7.37612146,4.88444793
28.47611780,4.33608723,4.89036104
28.49113130,4.17194850,4.88594521
28.65737484,4.24782958,4.88157631
28.40030166,4.03505604,4.88511616
28.61500202,4.05081797,4.87583184
28.63292416,4.44036539,4.88740642
31.32199992,7.89831522,4.88845878
29.32174501,5.44082674,4.88411771
29.56634875,5.74163088,4.88289737
28.78788254,4.55859210,4.88464298
33.22800746,4.06698970,4.40331386
33.03569030,4.06664664,4.42902847
32.84266406,4.07151135,4.45499804
33.42736484,4.05295894,4.37407642
31.35845829,8.07594568,4.89006915
30.61828360,6.78022113,4.87944686
36.61409285,6.83972596,4.27540225
36.75962064,7.59529190,4.36495243
29.32635733,5.27605671,4.88195203
34.00416679,4.03615760,4.28901928
30.89963371,4.01250782,4.67839089
30.07456423,3.99797950,4.76069417
29.65402934,4.00165748,4.79930680
29.86429050,3.99929441,4.78042103
29.02462945,4.01464083,4.84931666
34.20198074,4.04177336,4.26026522
34.78876885,4.04463040,4.17026821
36.25750929,4.55093397,4.00856675
35.78018257,4.05462766,4.01396266
35.57225694,4.06291074,4.04870585
34.39927396,4.03945072,4.22993017
36.58029589,6.65340766,4.25256517
36.51556427,6.28689206,4.20758577
36.42683070,5.71796852,4.13844558
36.30471268,4.95414505,4.05498178
36.48596938,6.09706363,4.18403302
32.28652303,4.07497651,4.52577675
31.50317922,4.04094804,4.61472002
31.80127627,9.38813790,4.89387879
29.99516021,6.48502399,4.88271648
31.52376617,8.30985876,4.89246674
36.71842513,3.41781778,3.73236029
36.77639730,3.38818300,3.71393389
36.80582224,3.45017131,3.72072705
36.82098033,3.39494104,3.70574053
36.44762929,3.76686400,3.85267711
36.39555382,3.64612377,3.83985931
36.54550393,3.65609631,3.81395803
36.30987920,3.63251821,3.85288445
36.32468719,3.55397215,3.83555675
29.15960129,5.20898960,4.88484613
29.18106839,5.54868161,4.88599480
29.32301821,5.57299449,4.88493927
29.23347648,5.72200933,4.88508151
29.15623361,5.38274983,4.88613138
30.43090227,6.76328741,4.88178621
29.42411443,5.65394138,4.88416536
30.86057206,7.52964662,4.88533057
29.54065388,5.93955114,4.88393946
30.99401534,8.10647627,4.88494331
30.93322917,8.20657520,4.88188591
30.84486457,8.09669587,4.88095388
31.15479031,8.04303691,4.88823518
31.05827114,8.20961040,4.88541319
31.33352703,9.29048113,4.87274415
31.37649770,9.15626998,4.87938879
31.50408209,9.27142561,4.88291660
31.17007396,9.20764834,4.86513044
30.11998219,6.89400694,4.88140000
30.08761585,6.73755247,4.88227722
30.24912972,6.74347297,4.88269142
29.96504808,6.64937011,4.88191186
31.37907225,8.24703596,4.89097419
31.37502637,8.38284295,4.89089641
31.23899908,8.36472984,4.88829940
31.46067101,8.47387721,4.89214403
31.27754198,8.49820979,4.88803778
31.57138901,9.11791162,4.88918855
31.63480485,9.40793913,4.88613074
31.58295482,8.78064696,4.89344770
28.86491897,4.83508802,4.88704489
30.98552644,7.78339337,4.88651031
30.83429275,7.70489079,4.88494501
30.99022931,7.96429257,4.88603054
30.82764064,7.89620649,4.88333530
31.21548911,8.21672104,4.88870353
30.63442692,7.26385022,4.88393174
30.71309838,7.43300090,4.88439261
30.49005119,6.93560535,4.88276514
28.60084686,4.63684715,4.89088498
36.43326005,4.63728885,3.99178551
32.37236715,3.89439642,4.49107898
32.19366269,3.89495779,4.51341584
35.27969076,3.89008785,4.06912386
32.64990999,4.07550845,4.48032330
32.55425036,3.89486444,4.46813912
31.41266218,3.85988837,4.60213839
36.36455399,5.33347859,4.09573656
36.52825868,5.21901691,4.05468744
30.55882756,7.10296131,4.88342407
33.12683207,3.88991037,4.39231859
36.67624580,6.16738221,4.16540228
36.70895776,6.35082600,4.18778557
32.74095059,3.89567627,4.44422282
30.80315314,3.83940920,4.66791540
36.61344707,5.79209119,4.12012185
36.68552436,7.21554782,4.32060712
36.77357806,6.71813045,4.23326165
36.91392419,7.46982363,4.32418130
28.70603624,3.85866073,4.86023658
28.91493550,3.85296190,4.84570213
34.69167443,3.86813973,4.15914572
34.88597136,3.87268215,4.12921530
35.08247276,3.88087732,4.09924865
33.51640227,3.87861156,4.33687206
29.54520520,3.84007727,4.79366106
29.33472108,3.84354772,4.81219649
36.84214425,7.09213621,4.27912544
30.17745468,3.83481378,4.73295526
30.38758085,3.83464058,4.71148852
36.20406067,3.83158387,3.90708024
36.05343986,3.86532984,3.93846855
29.73671675,6.22234467,4.88314841
29.81050214,6.53707229,4.88140364
28.11146666,3.87350146,4.89096195
28.13715865,4.34988294,4.89696683
28.30763059,4.42086892,4.89497547
28.45328785,4.52391071,4.89296882
36.39300418,4.22287590,3.93919596
36.37065940,4.04333866,3.91430215
36.58419535,5.59875098,4.09746885
36.55300800,5.40894569,4.07635524
30.59668623,3.83568719,4.68966511
36.64591115,5.97807652,4.14210950
36.49311900,5.02636211,4.03454027
29.12457850,3.84788914,4.82961611
34.29643842,3.86804538,4.22039659
34.10196626,3.86690484,4.24971003
34.49387211,3.86770175,4.18994012
28.74669066,4.74854004,4.88879606
31.21192555,3.85056754,4.62390445
31.81096208,3.88188787,4.55819745
31.00510072,3.84741829,4.64672026
36.46357583,4.83504167,4.01366813
36.40894841,4.43262136,3.96739286
28.49792735,3.86489559,4.87298177
28.30090611,3.87026622,4.88316727
35.86559247,3.87859937,3.97201779
35.66993420,3.88742574,4.00558805
29.38833000,5.82612097,4.88455302
32.93286275,3.89283727,4.41867706
36.80748689,6.90475585,4.25625213
29.96680032,3.83574348,4.75389239
33.90289211,3.86469266,4.27903098
29.75596496,3.83746554,4.77417519
33.70997536,3.87154638,4.30819677
36.74135652,6.53423133,4.21042138
32.00344021,3.88879496,4.53590354
31.77575940,9.53294584,4.89018531
31.42856561,8.74540904,4.88960509
31.60594903,3.86940848,4.58086113
37.04834413,3.06240879,3.57197129
37.04659261,3.06284823,3.57265651
37.04698966,3.06117644,3.57211560
37.04536269,3.06307762,3.57311662
37.04523364,3.06160718,3.57279852
37.04580347,3.06439796,3.57329571
37.04457045,3.06566422,3.57400960
37.04389572,3.06344485,3.57368658
37.04436071,3.06761319,3.57455524
37.04673513,3.06691315,3.57360661
37.04569012,3.07051540,3.57483170
37.02697533,3.07952081,3.58296860
37.02873577,3.08666483,3.58414913
37.02086706,3.08394147,3.58590041
37.03180121,3.09260701,3.58463514
37.01362755,3.08995036,3.58951100
36.95432930,3.27708184,3.64898221
36.93356013,3.28447036,3.65575638
36.92469493,3.24251781,3.64849050
36.91113099,3.28559462,3.66140635
36.92641729,3.30928335,3.66303219
36.89974667,3.31900927,3.67150039
36.86007054,3.32861012,3.68273815
36.87348646,3.27527396,3.66796572
36.89432396,3.36903461,3.68375032
36.84979438,3.37144858,3.69434634
36.80712072,3.34224156,3.69749208
36.73314041,3.32867288,3.71057808
36.65700979,3.35871179,3.73278521
36.65942150,3.27401783,3.71462514
36.65737598,3.41534039,3.74438811
36.60225330,3.39809971,3.75199439
36.58302681,3.31129571,3.73811555
36.56085796,3.45117870,3.77091715
36.49863909,3.36782313,3.76643292
36.48903174,3.46817468,3.78824245
36.56035780,3.53457119,3.78756797
36.65757010,3.48376608,3.75830246
36.44956382,3.54581722,3.81084959
36.21981104,3.60248545,3.86352688
36.76042953,3.93387989,3.82539508
36.67546900,4.02314006,3.85711933
36.65532539,3.89666783,3.83833168
36.87680459,3.87127678,3.79098696
36.86563857,4.06772040,3.82934988
36.12925531,3.70899998,3.89860524
36.04697171,3.52445516,3.87999458
36.29577562,3.72176414,3.87167852
28.98781506,5.32754247,4.88756178
30.71980304,7.61378704,4.88379680
29.56980439,6.13186837,4.88321175
29.71586822,6.38239610,4.88206415
29.56623689,6.31847099,4.88111386
36.59469617,3.79536048,3.83099031
36.33608752,3.87618265,3.89193412
31.11079300,8.32457878,4.88546242
31.09066060,8.48195317,4.88237592
30.95062079,8.34984571,4.87979491
28.71354725,4.95242017,4.89034859
28.05530493,4.50372938,4.89537407
27.91564763,4.39933154,4.89598570
27.94965852,4.58566985,4.89182683
30.30179023,6.91869969,4.88278146
30.83070304,8.25691866,4.87717808
30.68404141,8.21519327,4.87188583
29.42425009,6.07744812,4.88271585
36.51719826,3.92720899,3.86890027
27.95592243,3.87652975,4.89579659
27.99373605,3.71746132,4.89033064
29.76130648,6.88391721,4.87346678
29.81140029,7.02043066,4.87119123
29.62542387,7.00482364,4.86358631
29.80077628,6.73195171,4.87820862
29.93256792,6.84289775,4.87898980
31.41328842,9.43906563,4.87259262
30.53500410,7.41024160,4.88249340
31.45003958,9.02436039,4.88598090
28.17461713,4.50689189,4.89574300
27.88600160,4.18249858,4.89881232
27.84776881,3.99265548,4.89921051
29.36203088,5.97846342,4.88333671
29.40097407,6.23553651,4.87977462
37.00493106,3.09717861,3.59378450
36.96377818,3.14710908,3.61683219
36.94659916,3.15619158,3.62339198
36.94841739,3.13164625,3.61728333
36.97144373,3.16859570,3.61977626
36.86792123,3.21841700,3.65668234
36.82645895,3.24556592,3.67222537
36.83068578,3.29585269,3.68223936
36.78366174,3.27887789,3.68901725
36.74634426,3.49307937,3.74214887
36.74205833,3.56906153,3.75854814
36.65720992,3.59983188,3.78159874
30.36163676,7.09175890,4.88255759
32.45965591,3.71431265,4.45480069
32.27898190,3.71421639,4.47765783
31.90899347,3.71138611,4.52304168
35.75827517,3.71614531,3.96291841
35.47273098,3.89165235,4.03828193
35.18271800,3.71238582,4.05674882
36.71463303,5.29122118,4.03458724
36.90227486,6.41507210,4.16781982
36.93461205,6.59882559,4.19071151
36.83669593,6.04750778,4.12277782
36.65086910,4.90586687,3.99261819
36.87757611,7.28069609,4.30182381
37.03477765,7.15767534,4.26001397
33.31720872,3.88710314,4.36592202
33.02414561,3.71476794,4.38089902
32.64416628,3.71521199,4.43119418
36.77279521,5.67103415,4.07794726
34.58966208,3.69709213,4.14886968
34.39188125,3.69606267,4.17954131
34.19589653,3.69447341,4.20940936
29.64711619,3.67621603,4.76735572
29.43604713,3.67890868,4.78744258
30.06948153,3.67287079,4.72505923
30.28026517,3.67207510,4.70309681
33.40799950,3.70937860,4.32726593
33.60334891,3.70131423,4.29828386
29.01507266,3.68645489,4.82473466
28.80552282,3.69108284,4.84152724
34.98640437,3.70517713,4.08719786
34.78840389,3.69872898,4.11776097
31.31529309,3.68649388,4.59028365
31.51551739,3.69279360,4.56768841
30.69983171,3.67284299,4.65806760
30.90680021,3.67593919,4.63549536
29.66556324,6.66335466,4.87637147
29.57230767,6.52227423,4.87730745
27.66816962,3.96653864,4.90002911
27.72543031,4.13171519,4.89864819
31.58685501,9.57786735,4.87884680
31.42654647,8.88720437,4.88754006
36.53882592,4.11754918,3.89745764
36.68221852,5.09676627,4.01340988
36.61763825,4.71242598,3.97162065
35.37494889,3.71626371,4.02616291
36.58692074,4.51629435,3.94940666
28.19151894,3.70753569,4.88128627
36.96683705,6.78330885,4.21379557
37.00060715,6.97015363,4.23696003
33.21602407,3.71118130,4.35423512
28.38881955,3.70190559,4.87031092
29.21788116,5.91912862,4.88261883
31.71613181,3.70761310,4.54584641
28.99031743,5.53174168,4.88601346
29.07872303,5.67330015,4.88481462
31.10973996,3.68268583,4.61344034
36.74341640,5.48002555,4.05589171
30.49053756,3.67195445,4.68071169
28.59676618,3.69624100,4.85680206
29.22530058,3.68235442,4.80663471
28.42000605,4.71266776,4.89336074
28.27566493,4.60419189,4.89467757
28.56810305,4.83053564,4.89187384
36.80573697,5.85868553,4.09974594
33.99904076,3.69521559,4.23927639
33.79890769,3.69547658,4.26899446
36.56099932,4.31410290,3.92458613
35.94590900,3.70566815,3.92951648
30.41774752,7.27944407,4.88185805
35.57012688,3.72105021,3.99494641
29.85835174,3.67422705,4.74651396
28.78045472,5.11488786,4.88943105
30.53608919,7.59535052,4.88036711
32.09982536,3.71538971,4.50016868
32.83262142,3.71598958,4.40662882
37.04607932,3.06013414,3.57215954
37.04610377,3.05876318,3.57181516
37.04742629,3.05943990,3.57154530
37.04239695,3.07156315,3.57615956
37.04287749,3.06889823,3.57535240
37.04007222,3.07173452,3.57695201
37.03987858,3.06877876,3.57629336
37.04094101,3.07450385,3.57734779
37.03815347,3.07684505,3.57881222
37.03717676,3.07196820,3.57793709
37.02892622,3.06886291,3.57978817
37.02647143,3.07346148,3.58166186
37.02261315,3.06775384,3.58147379
37.03327705,3.06944354,3.57856227
37.03253727,3.07540702,3.58024215
37.04305354,3.07994236,3.57799359
37.03724468,3.08175864,3.58029665
37.03217668,3.08214188,3.58198683
37.03523384,3.08774653,3.58238583
37.04203912,3.08721103,3.58009318
37.03936737,3.09570942,3.58301309
37.01473473,3.07803389,3.58633117
37.01453027,3.08342732,3.58768299
37.00888493,3.08178905,3.58896649
37.02104843,3.07552018,3.58382159
37.03219945,3.09902682,3.58606251
37.03784814,3.10628507,3.58605769
37.00738184,3.07282150,3.58727146
37.01505138,3.07004955,3.58432343
37.00439673,3.08727004,3.59158621
36.99833232,3.07805216,3.59115635
37.01957310,3.11272589,3.59318546
37.03267205,3.11897982,3.59072890
36.99619157,3.08939327,3.59445700
36.99636070,3.09741481,3.59630495
36.98774211,3.09458461,3.59807475
37.00935913,3.11717129,3.59724602
37.00947772,3.10712931,3.59482587
36.99646330,3.10737336,3.59862745
36.98562778,3.08153236,3.59559677
37.01927297,3.12466359,3.59612506
37.01085204,3.12605064,3.59892055
37.03017042,3.13609181,3.59560275
36.96848625,3.10546950,3.60591811
36.96845159,3.11626887,3.60843966
36.95618232,3.11374438,3.61112083
36.98114322,3.10267376,3.60181066
36.98154375,3.11722830,3.60510735
37.01417450,3.13555574,3.60021229
37.00141991,3.14402838,3.60586698
37.00017547,3.12602289,3.60197492
37.02262648,3.15571418,3.60253539
36.95266768,3.09409534,3.60750307
36.97144960,3.08873939,3.60121306
36.93135753,3.10657371,3.61592704
36.98300510,3.14972057,3.61229524
36.98708262,3.13318111,3.60731619
37.00132285,3.16323106,3.61041005
36.98744656,3.16586341,3.61485071
36.96938177,3.12942966,3.61124808
36.99406853,3.18216200,3.61684602
36.97630153,3.19778423,3.62523837
36.95308082,3.21410874,3.63498675
36.95646115,3.23530106,3.63896134
36.95005774,3.18329989,3.62871608
36.97829183,3.22786225,3.63164746
37.00884550,3.21260990,3.61989210
37.00569592,3.25201636,3.62993996
36.96922238,3.25547970,3.64031627
36.95343542,3.31001682,3.65663265
36.99270984,3.29488070,3.64327177
36.98451699,3.35097242,3.65812465
36.93071214,3.19970927,3.63733466
36.92354967,3.17044647,3.63247810
36.90021253,3.19120263,3.64290504
36.93416265,3.34737267,3.66965434
36.95120893,3.42365812,3.68246653
36.89037054,3.49109698,3.71100269
36.86879182,3.41668486,3.69985925
36.82139483,3.54286588,3.73678940
36.92735476,3.59698049,3.72523842
36.82258842,3.64133019,3.75670861
36.73796127,3.65198983,3.77598822
36.79266092,3.73711981,3.78186224
36.72664195,3.82182481,3.81105580
36.67623119,3.71114295,3.79963423
31.01520909,8.62742526,4.87585167
30.90155325,8.54013625,4.87277427
31.16233280,8.64329344,4.88193233
31.02449463,8.78263398,4.87165896
29.06136341,5.82997138,4.88182681
29.24315960,6.11123577,4.87917274
31.25765727,9.01193759,4.87721406
27.78277212,4.59877638,4.88606738
27.73531905,4.44607687,4.89058089
27.73409403,4.75192865,4.87574771
27.63461115,4.69796243,4.87273461
31.35200465,8.63340129,4.88863723
31.24310236,8.80625755,4.88177756
30.16977821,7.07026767,4.88008751
28.65776119,5.40050617,4.88421382
28.64252650,5.24796085,4.88740458
28.81169962,5.28191441,4.88811761
28.65584468,5.55628501,4.87949467
28.51237941,5.50912409,4.87618357
28.81843923,5.45511013,4.88563375
30.21997378,7.24073839,4.87846140
30.25039009,7.38407585,4.87646363
30.09851169,7.37587327,4.87143961
30.37371743,7.47953011,4.87809397
30.17367102,7.54439191,4.86936996
27.61735700,4.24073598,4.89414275
27.60054793,4.38454861,4.88805693
27.44924464,4.28038501,4.88593779
27.74933448,4.29772979,4.89568832
27.55653840,4.11418244,4.89621845
28.08898824,4.66279116,4.89245307
28.04819980,4.87736132,4.88450290
27.88958304,4.76294873,4.88315862
28.23564034,4.80009923,4.89145377
29.20535793,6.34827771,4.87070452
29.39097906,6.43322465,4.87452272
30.64439782,7.79410765,4.88008983
37.04476855,3.05963981,3.57246882
37.04215786,3.06592270,3.57485866
37.04318597,3.06090754,3.57329712
37.04125239,3.06245823,3.57430571
37.03888438,3.06437349,3.57553895
37.03598432,3.06674014,3.57704534
36.92382046,3.13781807,3.62498683
36.89675585,3.15108298,3.63471099
36.86418007,3.16830650,3.64641512
36.82397940,3.18873771,3.66032019
36.77899391,3.21359495,3.67592957
36.72526326,3.24414777,3.69429775
36.37059391,3.42594711,3.80254768
29.98534704,7.03962573,4.87637387
28.52152816,5.01586364,4.89026919
32.54837296,3.53466080,4.41722887
32.36566205,3.53397673,4.44060968
35.47012806,3.54301147,3.98188902
36.77221041,4.59048477,3.92809622
31.81871528,3.53865930,4.50951774
37.12776022,6.66379237,4.17049672
37.09548488,6.47976150,4.14736306
36.86967773,6.23145454,4.14515729
36.99682212,5.92714214,4.07937338
36.90294726,5.36107903,4.01337161
31.00983514,3.51252890,4.60166920
30.80260333,3.51012174,4.62495073
30.59326064,3.50948843,4.64831374
30.38295129,3.50966808,4.67146075
32.92447033,3.53667195,4.36790548
37.19350078,7.03600720,4.21718616
29.74942134,3.51322346,4.73868817
29.53795952,3.51532004,4.76008333
36.83852714,4.97624068,3.97079970
36.71465899,4.19651820,3.87923371
29.32672207,3.51797237,4.78077509
29.11596567,3.52114876,4.80060945
35.08442990,3.53602585,4.04422093
28.69651099,3.52887896,4.83689994
28.48795705,3.53344473,4.85294000
34.68703911,3.52819751,4.10687866
34.48829416,3.52570263,4.13786091
34.09275961,3.52372697,4.19863779
34.29090911,3.52363075,4.16826417
31.21341623,3.51798157,4.57885080
31.41791988,3.52171771,4.55532126
33.69413418,3.52676988,4.25852861
33.49772980,3.53096774,4.28756307
29.63650999,6.81935861,4.87098445
29.50572941,6.73160988,4.86880159
28.92742092,5.73404541,4.88137633
27.21602750,3.58130152,4.90030088
27.39038660,3.63020452,4.90114037
27.25822619,3.76673375,4.89757580
27.51245903,3.53301621,4.89957577
27.55944000,3.68474293,4.90042860
27.67135482,3.55113304,4.89629509
27.59031033,3.83404425,4.90056237
27.43455649,3.80179123,4.90010547
27.77648085,3.76725930,4.89800024
36.21622708,3.45702646,3.83715847
35.83837476,3.53361019,3.91796834
35.65499176,3.54027069,3.95040053
31.39721674,9.62993109,4.86388305
31.25791872,9.53635685,4.85712140
36.74120091,4.39567115,3.90538584
27.86824555,3.54978654,4.88941060
30.17209052,3.51038874,4.69429093
29.96087358,3.51159119,4.71672463
32.73543094,3.53583013,4.39294581
37.16004714,6.84909203,4.19385008
33.30640961,3.53334575,4.31500676
33.11447626,3.53548100,4.34192915
32.18492834,3.53441814,4.46355218
32.00460617,3.53629306,4.48631925
35.27755908,3.53911638,4.01312579
27.49278005,3.95768883,4.89847245
34.88727146,3.53167719,4.07541699
28.90587176,3.52479012,4.81938430
33.89425775,3.52564507,4.22881310
28.62961969,5.10734593,4.88955800
36.86964143,5.16886867,3.99222697
37.03014254,6.11191597,4.10174624
37.06295224,6.29577737,4.12440630
29.37323746,6.62796880,4.86699901
36.96488874,5.73852501,4.05676918
36.93298550,5.55100520,4.03510564
28.07362544,3.54390542,4.87950203
28.28025501,3.53845733,4.86723573
31.62208428,3.53053345,4.53218941
29.02321357,6.02527187,4.87548681
28.79868357,5.63614610,4.88099476
28.38232473,4.91320706,4.89087486
37.04955473,3.05615156,3.57003208
37.04919138,3.05588230,3.57008656
37.04966218,3.05567290,3.56987860
37.04981411,3.05651785,3.57003597
37.04917188,3.05655531,3.57025855
29.22800914,6.54658592,4.86344946
29.04665804,6.22497988,4.86887076
26.03167635,3.28751439,4.81819815
26.11551908,3.18342757,4.84547349
26.17646367,3.32471918,4.83854238
25.95339428,3.18070856,4.81833710
27.31627998,3.93723544,4.89442129
30.04327733,7.21656596,4.87386661
28.49231508,5.18893924,4.88638411
28.19448709,4.99568594,4.88489645
26.69897364,3.74513464,4.86405432
26.69440140,3.62645543,4.87290594
26.86013763,3.70716460,4.88101678
26.56498462,3.71592747,4.85113532
28.49750597,5.35531659,4.88151551
28.50312693,5.64129394,4.86968440
28.42139059,5.59514343,4.86770494
29.56612479,7.16034940,4.85272408
29.43634572,7.08878095,4.84774117
29.44719202,7.23715567,4.83915578
27.61879735,4.82124789,4.86286433
27.54938187,4.77901618,4.86021600
29.08266049,6.51262311,4.85684549
29.08680713,6.64893632,4.84909413
29.00421132,6.61269737,4.84514495
30.83096579,8.82066093,4.85793223
30.70192864,8.81172538,4.84849824
30.73820248,8.65186979,4.85898263
30.93267762,8.95557695,4.85915155
26.76383854,3.37300825,4.89205125
26.67844310,3.49170657,4.88061826
26.58062521,3.37615167,4.88025332
26.52097129,3.55091938,4.86141454
30.99111283,9.19430693,4.85221895
31.05367145,9.06800614,4.86283373
30.90737033,9.09745239,4.85030518
30.46410770,7.77105316,4.87469021
30.49083363,7.93923904,4.87120812
30.33869930,7.66685241,4.87259103
29.32029195,6.83203263,4.85443947
29.30789898,6.99727952,4.84367359
29.22116111,6.94700865,4.83996410
29.47195887,6.91237688,4.85951694
31.20317244,9.39135773,4.85960406
31.06563935,9.54959323,4.83881764
27.84122423,5.11549608,4.85891993
27.85178133,4.97160367,4.86971219
28.00784918,5.05826651,4.87405436
27.73417535,4.87269066,4.86808894
28.90734854,5.89640911,4.87597770
28.74105755,5.84837051,4.87136196
30.89714440,8.68902902,4.86759312
30.99775175,9.34445760,4.84462595
30.66664969,8.01869879,4.87635523
30.32960128,7.85475849,4.86627262
37.04866136,3.05605350,3.57030456
37.04850984,3.05670810,3.57051572
37.04963374,3.05717053,3.57025648
37.04798896,3.05631926,3.57059270
37.04881133,3.05733596,3.57057012
37.04799423,3.05724633,3.57081876
37.04830446,3.05821957,3.57095523
37.04718629,3.05674748,3.57096336
37.04936254,3.05805871,3.57056498
37.04719499,3.05794244,3.57125395
37.04615443,3.05723858,3.57142436
37.04900765,3.05915874,3.57095315
37.04864602,3.06062703,3.57143376
37.04485521,3.05784554,3.57200054
37.04782104,3.06442214,3.57263825
37.04322608,3.05858332,3.57271496
37.04120233,3.05946868,3.57359113
37.04505587,3.07483487,3.57609593
37.03580579,3.06203348,3.57595671
37.03886272,3.06066010,3.57463986
37.03175511,3.06424373,3.57778092
37.02707983,3.06420283,3.57923632
36.90078097,3.11456666,3.62546015
37.01927880,3.18197487,3.60973782
36.86790527,3.12423701,3.63566853
36.83028073,3.13636685,3.64728990
36.49925466,3.24254699,3.74095593
36.59034827,3.21430140,3.71653151
36.78600601,3.15113348,3.66073419
36.73295942,3.16861390,3.67639503
36.91525742,3.72562689,3.75438616
36.24516323,3.30512646,3.80278475
36.66755680,3.18716141,3.69456576
36.96817400,3.51428421,3.69828146
35.91955942,3.35178424,3.87115053
29.70728430,7.16424194,4.86102566
29.87494570,7.18606848,4.86832488
27.01329754,3.55632349,4.89594551
27.07807511,3.73746629,4.89219499
27.13145803,3.91352992,4.88710338
26.93889027,3.89774835,4.87481410
32.27146079,3.35396998,4.42590021
32.08971183,3.35500146,4.44903993
32.45346827,3.35415667,4.40256460
32.63877399,3.35539255,4.37857444
36.80510340,4.78335560,3.94964780
36.90109735,4.27965389,3.85837881
37.25600735,6.36067966,4.10267024
37.28850000,6.54479395,4.12587781
37.19019728,5.99208119,4.05705455
37.22332912,6.17647208,4.07968136
27.76171402,3.38333687,4.88758570
27.96639686,3.37871614,4.87688796
31.11216790,3.34898008,4.56672882
32.82721179,3.35654136,4.35372112
28.37974688,3.37012843,4.84874170
28.58798602,3.36626137,4.83192699
37.02559478,5.04753110,3.94816922
33.78957436,3.35615697,4.21787856
37.32072480,6.72939979,4.14929764
37.15655480,5.80629704,4.03475250
37.12443908,5.61850481,4.01258511
29.85183385,3.35076524,4.70806918
30.06332878,3.34930387,4.68518305
34.58590075,3.35709424,4.09546754
34.38705869,3.35431639,4.12640538
30.27457063,3.34818107,4.66194070
30.48540014,3.34741632,4.63839459
29.42869062,3.35457095,4.75246891
29.21752655,3.35695485,4.77374415
29.00695539,3.35967781,4.79421019
28.79708820,3.36277623,4.81367254
34.98341688,3.36213027,4.03215534
31.52141324,3.35801380,4.51937780
36.38513714,3.27784411,3.77063626
28.80681733,6.02274271,4.86649176
28.67063819,5.99268495,4.86032271
28.87961628,6.17208458,4.86294216
28.72714257,6.17241052,4.85320064
26.82634661,3.52297685,4.88872554
26.94859551,3.38267391,4.89864707
28.61603988,5.94296323,4.85975205
26.75601322,3.84812844,4.86130553
37.35314057,6.91545744,4.17288933
33.20574264,3.35699861,4.30204062
31.90762060,3.35770869,4.47214650
31.71967171,3.35966367,4.49555677
27.38036744,4.10376866,4.89073396
35.37033439,3.36460104,3.96836799
35.17797545,3.36309373,4.00026158
34.78528100,3.36041449,4.06406718
33.59104914,3.35614922,4.24703425
34.18771933,3.35364511,4.15726203
33.98830085,3.35452578,4.18784426
28.34330117,5.10262909,4.88550536
37.09177410,5.43033178,3.99104335
37.05822821,5.23893005,3.96958870
27.61237802,4.54915312,4.88032981
36.99270762,4.85435350,3.92652969
27.14444467,3.39740605,4.90147261
36.08976014,3.33055851,3.83648897
27.36810470,3.42010565,4.90049421
35.55626111,3.36275639,3.93649348
35.73651885,3.35937445,3.90477188
30.90485681,3.34730547,4.59062544
30.69562126,3.34705450,4.61459531
31.31635273,3.35337184,4.54325223
28.17248891,3.37428677,4.86382510
27.56938612,3.38700368,4.89519343
31.10085034,8.92573664,4.87123075
36.96010601,4.66200069,3.90473936
36.92861628,4.47041570,3.88243908
33.39736063,3.35581889,4.27485271
29.64022160,3.35251280,4.73052822
31.22276932,9.68581039,4.84606108
31.36569642,9.79547095,4.85327655
29.20838617,6.70942355,4.85395134
30.51158118,8.13927179,4.86563677
28.62458077,5.71212613,4.87217039
30.74088113,8.41621184,4.86834163
33.01558517,3.35712208,4.32831614
37.05050343,3.05499085,3.56943070
37.05041971,3.05482226,3.56941710
37.05064218,3.05481888,3.56934211
37.05047141,3.05519752,3.56949225
37.05029872,3.05504280,3.56951169
37.04947838,3.05483647,3.56973392
37.04926234,3.05513470,3.56987910
37.04903007,3.05484319,3.56988456
37.04932663,3.05545577,3.56993671
37.04887386,3.05538895,3.57007065
37.05053551,3.05634020,3.56975219
37.05088972,3.05655496,3.56968703
37.05034765,3.05684172,3.56993817
37.05081611,3.05603871,3.56958447
25.33699924,3.13934514,4.58222598
25.34909040,3.10777895,4.61354524
25.38547817,3.16748912,4.60868373
25.30863737,3.14133272,4.54508324
25.29844958,3.09884850,4.57157883
25.34843940,3.18102740,4.56116972
25.39830921,3.22828448,4.58013095
25.41913911,3.12526874,4.65337573
25.46554916,3.21554075,4.64242025
29.01140228,6.38983634,4.85914697
28.88845119,6.31234422,4.85574098
27.19596276,4.08741272,4.88169326
29.92724985,7.35848372,4.86443893
27.44475533,4.47501083,4.87427237
30.16298818,7.75622297,4.86109801
28.15539540,5.17437537,4.87565603
30.53367847,8.33890203,4.85901858
28.32735302,5.28155875,4.87836598
30.34285544,8.05034408,4.85938401
26.61930238,3.82162144,4.84738615
31.19289568,9.86947476,4.83120400
25.69591358,3.32707366,4.71795822
25.56834501,3.23117893,4.69255015
25.64137238,3.16886049,4.73951511
25.53782582,3.30875046,4.64638402
37.05021586,3.05532004,3.56960753
37.05044995,3.05550529,3.56957516
37.05011075,3.05563681,3.56972049
37.05002524,3.05509989,3.56961681
37.04993148,3.05538593,3.56971841
37.04964333,3.05520002,3.56976852
37.04996108,3.05604522,3.56987080
37.05040852,3.05592279,3.56969173
37.05021548,3.05634287,3.56985940
37.04819151,3.05552291,3.57032988
37.05029403,3.05768723,3.57016409
37.04740816,3.05569209,3.57063079
37.05020485,3.05868875,3.57044017
37.04643751,3.05592479,3.57100855
37.05011468,3.05998049,3.57078791
37.04521694,3.05620570,3.57147953
37.03943933,3.05745801,3.57367163
37.04999111,3.06373871,3.57175308
37.05009812,3.06162854,3.57119874
37.04368825,3.05654811,3.57206521
37.03301164,3.05896445,3.57610077
37.04948662,3.06947024,3.57332821
37.03658881,3.05817121,3.57476489
37.04935640,3.07358009,3.57438009
37.01707379,3.06195014,3.58176844
37.02350300,3.06060636,3.57947628
37.04908834,3.07863993,3.57570947
37.02859408,3.05955322,3.57763804
37.04881730,3.08503512,3.57736558
37.04750023,3.11539375,3.58520876
37.04800393,3.10283140,3.58198245
37.04849780,3.09308946,3.57944134
37.00913832,3.06339639,3.58450054
36.97309004,3.07030363,3.59645127
37.04578668,3.15027457,3.59422116
37.04659125,3.13062908,3.58920495
36.98764880,3.06762985,3.59174909
36.99956753,3.06541717,3.58779924
36.90877583,3.08189173,3.61602953
36.95552109,3.07329259,3.60192085
36.93475368,3.07758696,3.60838936
37.04482194,3.17407137,3.60026464
37.04374272,3.20340730,3.60763598
37.04251130,3.23855504,3.61638591
36.87805863,3.08598689,3.62459634
37.04178680,3.28168927,3.62680254
36.84243428,3.09111208,3.63435240
36.80050397,3.09741398,3.64559897
37.03698186,3.47677570,3.67308393
37.03573476,3.39721983,3.65534188
37.04116403,3.33380802,3.63919160
25.51579343,3.14170732,4.69756172
25.45118028,3.28143204,4.59519503
36.75062962,3.10497746,3.65865079
36.61848251,3.12449014,3.69175771
36.69084586,3.11408920,3.67390737
37.03411086,3.68245288,3.71883626
37.03616133,3.56597169,3.69315163
36.15115822,3.17572373,3.79550552
30.84992212,9.37601450,4.82761159
30.85175325,9.24675415,4.83656067
29.59756678,7.31029517,4.84646827
29.77533535,7.31688711,4.85796000
27.27564713,4.22125798,4.87896648
29.99481966,7.49964670,4.86232557
36.42332470,3.15230980,3.73783364
36.53114471,3.13782682,3.71288547
37.03465358,3.82057127,3.74743228
35.81891833,3.18959893,3.85945973
27.04169437,4.05192075,4.87251993
26.88554636,4.07034265,4.85558044
32.35866176,3.17382277,4.38753048
32.17627048,3.17439872,4.41099179
31.99355474,3.17585438,4.43428950
35.26831047,3.18765906,3.95531835
33.49185021,3.18152389,4.23401196
34.68321697,3.18867208,4.05241750
37.41605547,6.24189073,4.05567510
37.44865347,6.42593362,4.07890783
37.48115956,6.61047600,4.10238844
28.89838062,3.19782309,4.78754254
29.10867299,3.19563118,4.76643996
37.28206843,5.49737376,3.96614002
37.31571665,5.68547950,3.98798739
37.34950477,5.87170645,4.01008219
29.95418405,3.18860823,4.67588458
30.16565078,3.18723103,4.65225200
29.53096730,3.19187099,4.72213517
29.31958984,3.19367496,4.74459319
37.18020257,4.92582169,3.90139413
37.11769711,4.54344166,3.85660256
30.58748037,3.18512454,4.60420902
30.79747556,3.18444205,4.57986184
28.27239778,3.20602259,4.84427316
28.06579669,3.20911484,4.86013465
33.10775838,3.17852372,4.28801405
34.08374435,3.18460330,4.14622735
33.88458518,3.18473173,4.17652471
27.05655201,3.21828269,4.90195596
31.21364425,3.18503790,4.53096012
31.41734973,3.18749940,4.50688844
31.61554018,3.18527208,4.48248973
26.28865202,3.20020051,4.86593517
26.36949355,3.38102543,4.85917173
26.32241771,3.55637594,4.83390677
26.27467547,3.69720531,4.80586989
26.14153528,3.57902343,4.79615416
26.66849356,3.21393925,4.89384917
26.48010584,3.21028872,4.88273940
26.42380688,3.67448942,4.83568707
25.84749303,3.43634326,4.74437294
25.88887331,3.30979682,4.78288533
26.02563415,3.42507008,4.79560091
27.75215874,5.08657257,4.85342702
37.03746091,3.98217666,3.77866663
35.64044338,3.19178936,3.89166456
26.20684203,3.45345265,4.82759140
36.29712180,3.16527335,3.76540272
35.98936328,3.18402042,3.82734525
37.08979968,4.35490114,3.83318791
37.05460588,4.16424788,3.80846861
37.51332908,6.79610939,4.12613430
37.14818223,4.73401685,3.87921609
37.24730673,5.30790775,3.94470219
37.21374754,5.11736248,3.92309770
37.38318540,6.05716658,4.03265939
32.54323547,3.17481833,4.36365193
32.73012024,3.17634665,4.33913155
27.86052538,3.21225189,4.87398445
34.88040284,3.18982759,4.02047683
34.48412869,3.18621665,4.08393001
28.48011606,3.20305683,4.82669422
28.68882654,3.20030357,4.80770115
34.28390513,3.18484779,4.11526880
32.91853089,3.17715454,4.31383476
26.86097568,3.21657670,4.90009368
33.29839654,3.17974686,4.26144510
35.45696854,3.18494037,3.92249837
35.07559209,3.18895276,3.98800017
26.63502309,3.93641944,4.83689012
30.37680611,3.18606507,4.62834870
29.74257437,3.19017146,4.69919973
31.00646881,3.18419878,4.55538059
29.08658611,6.74383594,4.84283511
27.25457341,3.21932526,4.89985274
26.76868511,3.98238835,4.85015580
28.36182004,5.48095770,4.87052173
31.80734704,3.17984227,4.45808929
27.65677445,3.21539603,4.88547608
28.88476860,6.41335489,4.84918954
28.79476193,6.27050787,4.85179972
27.48815960,4.66752110,4.86371683
28.49703091,5.73532044,4.86434197
27.29372621,4.36828414,4.87032893
27.45473186,3.21851605,4.89426140
29.32502222,7.18998313,4.83160358
29.29482732,7.09291916,4.83601165
31.05789236,9.73364676,4.82534260
27.95071736,5.20109356,4.86133868
30.57385479,8.53068586,4.85294969
30.38002690,8.23441973,4.85344188
30.01469937,7.64648125,4.85711609
30.18843531,7.94248373,4.85437406
37.04178645,3.05696156,3.57278781
31.04446832,10.32195339,4.76212792
31.13679100,10.23348081,4.79149216
29.14486111,6.85204496,4.84015569
27.61836320,4.90520838,4.85613773
27.67470695,5.00355120,4.85314476
28.93513842,6.52276659,4.84576868
28.67706413,6.06839636,4.85622814
28.54886761,5.84498929,4.86122612
25.78886738,3.18410777,4.78060090
37.05071302,3.05531568,3.56944082
37.05015668,3.05482624,3.56950570
37.05075872,3.05563624,3.56950450
37.04984600,3.05483093,3.56961028
37.04578668,3.05489099,3.57096939
37.04776989,3.05486194,3.57030710
37.04847043,3.05485154,3.57007237
37.05098443,3.05721910,3.56981898
37.05110643,3.05807467,3.56998896
37.04689066,3.05487488,3.57060112
37.05126375,3.05917784,3.57020813
37.04440160,3.05491095,3.57142996
37.05146693,3.06060260,3.57049119
37.05172834,3.06243556,3.57085533
37.04267103,3.05493552,3.57200309
37.04972634,3.06619057,3.57244336
37.04052642,3.05496539,3.57270969
37.05206040,3.06476377,3.57131785
37.03072410,3.05509387,3.57588575
37.05247658,3.06768149,3.57189746
37.03466902,3.05504374,3.57461838
37.03789205,3.05500121,3.57357202
37.05299574,3.07132072,3.57262035
37.05364321,3.07585882,3.57352173
37.05445092,3.08151894,3.57464586
37.05545859,3.08857865,3.57604775
37.02589275,3.05515241,3.57741718
37.01996634,3.05522001,3.57926629
36.99271986,3.05546793,3.58742212
37.01267951,3.05529669,3.58150076
37.00372017,3.05538080,3.58419289
37.05671594,3.09738502,3.57779613
37.05828686,3.10838330,3.57997906
37.06025272,3.12213958,3.58270825
37.06577812,3.16075882,3.59036159
36.97923962,3.05555155,3.59127680
36.96283473,3.05562585,3.59583222
37.06271169,3.13933485,3.58611762
37.06957394,3.18724712,3.59560172
36.94320894,3.05568080,3.60111482
25.25504597,3.08642442,4.51920199
25.26434250,3.08012662,4.54423737
25.27697219,3.10906161,4.53065743
25.23723038,3.05391659,4.53020717
36.82135294,3.05521406,3.63135567
36.89241674,3.05564188,3.61416549
36.91994410,3.05569446,3.60718992
25.26170895,3.05352823,4.56631432
36.85986494,3.05549395,3.62216792
37.07421106,3.21955472,3.60198044
37.08655628,3.30525189,3.61881288
37.09468206,3.36137487,3.62974864
37.07981292,3.25850116,3.60964772
36.77570082,3.05474031,3.64192612
25.30198475,3.05307248,4.60668972
37.11666851,3.51188065,3.65860782
36.65605962,3.05285886,3.66838649
36.72134563,3.05399173,3.65414295
25.36180580,3.05255336,4.64977287
37.10453334,3.42907039,3.64282286
37.13192742,3.61499293,3.67787591
36.57668185,3.05119002,3.68518433
36.47991879,3.04884074,3.70504871
25.44714647,3.05187075,4.69528787
37.15108436,3.74266097,3.70101304
25.70460702,3.04996736,4.78393669
35.90118138,3.03203580,3.81508024
32.26358526,3.01574841,4.37573672
32.08195655,3.01628890,4.39903815
35.54668196,3.02591083,3.87854520
31.70938149,3.01759868,4.44589884
31.89811396,3.01690095,4.42230778
32.44673365,3.01526923,4.35189008
32.63265845,3.01485661,4.32728410
37.62215703,6.49476043,4.05335286
37.58952833,6.31083723,4.02992699
37.52418304,5.94135680,3.98361403
37.49144411,5.75550265,3.96096033
32.82040669,3.01452072,4.30199792
33.00942003,3.01427171,4.27606492
25.56262163,3.05084946,4.74141316
37.39217889,5.18936582,3.89434137
34.97525462,3.02097383,3.97642335
31.31291117,3.01929150,4.49460315
28.16619983,3.04083677,4.83958528
28.37316823,3.03899436,4.82126143
33.68737113,3.18430218,4.20586794
33.78174240,3.01460615,4.16483917
34.58079384,3.01796013,4.04089969
34.38076897,3.01681166,4.07275797
36.36133053,3.04567696,3.72867018
29.84486946,3.02807839,4.66649307
30.05639660,3.02660363,4.64250131
29.63331874,3.02957547,4.69020923
29.42192064,3.03102504,4.71358890
30.26772099,3.02518299,4.61827324
30.47866183,3.02383633,4.59383516
27.75630302,3.04423198,4.87082809
36.22202808,3.04172684,3.75560505
36.06747667,3.03691756,3.78460883
30.88345116,9.47786628,4.82396519
37.20063265,4.06232023,3.75439822
37.17420009,3.89378332,3.72715560
35.72701172,3.02845981,3.84651878
37.22961380,4.24155115,3.78074987
35.16951844,3.02269180,3.94380312
35.36033382,3.02430585,3.91111769
33.58572511,3.01427172,4.19387709
33.19879230,3.01412294,4.24958061
33.39070048,3.01411329,4.22222080
34.18023289,3.01586792,4.10414071
33.98028216,3.01513453,4.13487426
37.42535752,5.37918490,3.91642202
37.35893085,4.99831856,3.87217675
37.32574877,4.80663541,3.84984409
37.55692578,6.12672597,4.00668086
37.65501937,6.67978847,4.07699275
28.58127484,3.03717882,4.80154916
28.79036244,3.03545760,4.78070456
31.10699141,3.02029183,4.51948997
30.89862517,3.02138667,4.54440579
30.68903545,3.02256960,4.56920468
34.77912314,3.01937339,4.00876496
31.51427468,3.01839234,4.47000261
37.45857314,5.56856335,3.93865946
37.26062853,4.42674617,3.80469878
27.55370114,3.04570778,4.88311399
37.68805719,6.86571815,4.10068798
37.54566509,6.98250728,4.14988028
37.29287909,4.61556542,3.82733536
27.96052394,3.04260006,4.85620204
29.00027366,3.03388214,4.75896601
29.21084884,3.03243136,4.73654689
31.13706057,10.05179600,4.80957649
37.72119893,7.05227505,4.12426729
37.05067470,3.05504696,3.56938743
25.22393794,3.05420480,4.49828363
25.23780179,3.08125201,4.44218489
28.09751353,6.40340072,4.26098627
27.87180333,6.08009082,4.24040994
27.75880812,6.16639562,4.32014522
27.39940136,4.95854748,4.04098539
27.19633887,4.63410075,4.00359592
26.98969930,4.79240798,4.13994633
30.70976751,9.03602791,4.22367629
30.53047143,8.76659928,4.20319741
30.31610406,8.92941719,4.28326881
26.47503228,4.71642055,4.41655773
26.25946109,4.43061962,4.40992506
28.55063833,7.04420019,4.29763089
28.32462328,6.72576202,4.27999412
28.22313126,6.80313411,4.34843859
25.74050417,3.73770619,4.39591404
26.05867265,4.16344286,4.40387023
26.69885680,5.01291811,4.42362663
29.49258677,8.69539490,4.50305386
27.16237996,5.62583597,4.43780528
27.64013684,6.25620559,4.45109511
27.39983422,5.93933834,4.44461927
25.28217180,3.13959553,4.43095325
25.25759941,3.10740387,4.43676241
25.39990799,3.29126589,4.41012957
25.35160834,3.22931188,4.41736636
25.46002223,3.36860873,4.40354587
25.53458943,3.46541857,4.39852383
25.62676071,3.58655030,4.39583529
25.88363104,3.92919953,4.39880230
26.92899484,5.31740523,4.43078429
29.05211695,8.11513527,4.48881878
28.82137734,7.81113085,4.48193047
29.27625971,8.41046854,4.49589520
30.74267286,10.33951025,4.55100425
25.31297693,3.17958000,4.42446538
27.87831396,6.56993706,4.45723630
28.11662590,6.88359041,4.46322950
28.35265302,7.19412607,4.46920772
28.58646444,7.50178894,4.47535370
29.70232667,8.97144080,4.51027832
29.90531511,9.23846832,4.51758557
30.10063863,9.49532345,4.52490370
30.28905669,9.74302961,4.53220963
30.46696636,9.97689151,4.53933298
30.62084984,10.17921780,4.54572008
25.58210506,3.43245149,4.30517927
25.68049871,3.54885521,4.29796007
25.79849738,3.69655604,4.29602842
25.90157320,3.62167262,4.18093848
26.11908387,4.11938383,4.30705148
26.31868024,4.38681759,4.31722938
26.22444347,4.04121023,4.19694702
26.04942377,3.80843342,4.18557319
26.75342272,4.97207045,4.34134101
27.21127651,5.58909835,4.36600372
26.98074578,5.27857094,4.35387497
27.44595975,5.90466418,4.37752728
27.91945606,6.53901381,4.39828798
28.15563488,6.85431631,4.40776223
28.38977540,7.16634564,4.41687691
28.85537751,7.78590521,4.43495078
28.62193797,7.47535050,4.42585531
29.52293652,8.67310375,4.46190650
29.73171870,8.94990610,4.47061790
30.31629286,9.72321993,4.49598010
30.49368115,9.95750028,4.50395592
25.94377884,3.88597033,4.29938761
27.68366242,6.22347555,4.38828753
29.08477483,8.09100394,4.44404795
29.30770026,8.38731399,4.45305661
30.12848371,9.47502466,4.48768452
29.93387624,9.21759580,4.47922901
26.42158329,4.30975382,4.21256635
26.53218679,4.67381668,4.32888612
26.84768731,4.90066889,4.24967678
27.07004891,5.21079236,4.26880063
27.29562989,5.52502292,4.28712698
27.52555487,5.84419503,4.30429980
27.99056671,6.48502724,4.33477223
28.45404207,7.11771012,4.36131329
28.68332919,7.42901939,4.37365762
28.91419228,7.74165721,4.38572639
29.14125783,8.04862959,4.39740506
29.36208487,8.34660395,4.40865977
29.57545367,8.63385761,4.41947735
29.78259874,8.91193661,4.42993180
30.17667738,9.43916306,4.44981268
29.98332053,9.18075022,4.44005478
30.53987472,9.92321566,4.46817833
30.36341087,9.68820652,4.45923480
30.64708322,10.16021050,4.51105957
26.63113702,4.59916503,4.23054847
26.78056205,4.48570046,4.11258419
26.57728897,4.19219943,4.08670213
26.38433478,3.92146303,4.06423880
27.20434477,5.10822606,4.16725989
27.42236451,5.42817677,4.19341278
27.81832535,5.61993315,4.11055524
27.60612537,5.28712117,4.07685153
28.47124562,6.61358530,4.19589345
28.25211243,6.28496634,4.16993837
28.69009262,6.93769396,4.21969505
28.77554400,7.35900430,4.31420764
28.90855775,7.25763410,4.24167744
29.00250211,7.67477718,4.33005636
29.22606148,7.98455539,4.34503649
29.12977009,7.57800925,4.26234107
29.44374544,8.28501932,4.35916233
29.65431444,8.57446730,4.37248005
29.76789200,8.48855607,4.31626595
29.85899371,8.85446758,4.38513539
29.96900609,8.77134047,4.33185072
30.05755679,9.12496422,4.39717811
30.12514315,8.65297746,4.26529255
29.92915692,8.36616440,4.24589781
30.24903325,9.38484766,4.40858770
30.35320893,9.30627563,4.36008532
30.43414679,9.63516059,4.41943674
30.76054947,10.07559514,4.43852175
30.60921743,9.87126140,4.42960401
30.87983454,10.23787223,4.44591008
30.69244645,10.12657922,4.47608502
27.64516251,5.75280567,4.21791325
28.03525437,5.95475781,4.14163839
30.53598460,9.55841571,4.37286474
30.70904648,9.79608648,4.38469251
30.85860054,10.00180937,4.39498245
26.99832680,4.31938363,3.96615475
29.34821862,7.89187075,4.28163242
29.56135763,8.19593796,4.29958608
30.16444741,9.04427236,4.34645406
30.97617341,10.16542076,4.40349110
30.50097905,9.19446117,4.29987845
30.97171882,10.36509537,4.45220300
28.06634973,5.42866939,3.97552691
28.26895238,5.77475781,4.01707259
28.47281904,6.11522142,4.05488250
28.68027727,6.45308931,4.08946768
28.88868664,6.78551128,4.12104157
29.09784180,7.11290188,4.15002839
29.52186604,7.75966034,4.20197527
29.31078570,7.43990457,4.17704183
29.76785472,7.57174033,4.10063576
29.72844285,8.06894791,4.22488190
30.68041223,9.44921545,4.31527633
30.85060922,9.68912596,4.32937775
30.99764266,9.89681871,4.34155849
30.15731972,8.19246100,4.15649622
29.96496959,7.88859569,4.12987018
30.34594678,8.48509054,4.18085431
30.35299096,6.29451554,3.73379686
30.14285673,6.25848010,3.75279893
30.17728832,6.42890113,3.78288944
30.24329063,6.11447926,3.71110288
30.39268150,6.09956018,3.69142579
30.32567035,5.99786446,3.67874811
31.01674328,7.65533898,3.91208686
30.93192405,7.51773086,3.89693141
30.90325947,7.67219293,3.92883151
30.78065329,7.59887744,3.93088295
30.79765766,7.76704494,3.96048362
30.52797281,5.36800316,3.54063330
30.72971671,5.26666566,3.51040575
30.57375539,5.20485670,3.50730216
30.66871674,5.46732723,3.55003219
30.84038423,5.41206740,3.53106945
30.77830029,5.56834658,3.56185245
32.03848709,7.00195276,3.74131146
32.21323369,6.97200374,3.73479902
32.13591758,6.83417127,3.71672218
31.94654760,6.86572917,3.72393166
33.61134623,6.76878186,3.75473904
33.71942661,6.66881190,3.75183271
33.57877111,6.60735670,3.73549044
33.73685420,6.85937517,3.77277939
33.96571749,7.03385898,3.80735067
33.82027459,6.99902043,3.79293080
33.79842797,7.17460596,3.80893108
34.13543781,7.07609652,3.82527054
34.09894002,6.86539392,3.80170036
33.55093574,6.95140064,3.77000145
33.44182132,6.76031862,3.74311130
33.84247713,6.72854292,3.76719169
33.91376871,6.86489047,3.78651713
33.98375518,6.69594587,3.77515415
33.69962128,7.03399099,3.78806556
33.85978170,6.56809279,3.75206930
32.90823969,6.43792083,3.67978327
32.87138814,6.29101245,3.66075599
32.71876230,6.38991324,3.66692005
33.07634518,6.48549168,3.69284868
33.05142467,6.28590941,3.66854087
32.74402126,6.20443390,3.64513327
32.76317265,6.05635516,3.62779315
32.61127621,6.09716251,3.62699987
32.92124180,6.11189338,3.64164248
33.28663829,6.81646282,3.74057265
33.28474531,6.68411787,3.72587830
33.17411275,6.78333633,3.73134365
33.35067222,6.93932249,3.75730938
34.28751383,6.94323085,3.82590958
34.28383473,6.77357996,3.80913294
34.31450962,6.63026187,3.79789360
34.15761607,6.66028523,3.78649705
33.41591520,6.55288930,3.71907630
33.99193471,7.22060617,3.82755665
34.41244482,6.84130458,3.82782125
34.19041148,7.27804673,3.84903676
33.55850857,6.40674056,3.71261505
33.24393998,6.51488386,3.70483168
34.24822794,6.50238519,3.77893077
34.04141165,6.48718968,3.75883163
33.39985966,7.10136876,3.77729082
33.19770314,6.37073016,3.68603464
33.23233485,6.20441717,3.66916723
34.34219996,7.44113708,3.87716918
34.37919850,7.26314959,3.86434382
34.49768892,7.50591973,3.89719813
34.53937651,7.34453382,3.88686840
34.32259954,7.11246557,3.84517716
34.03565619,7.37988110,3.84610741
34.14766465,7.47424027,3.86371048
33.71774958,6.48369718,3.73232059
33.85471928,7.39254029,3.83421879
33.57632858,7.17744121,3.79501566
34.70242996,7.55573179,3.92158131
34.83841947,7.56475892,3.93642862
34.75513956,7.40001948,3.91347426
34.58302607,7.63628404,3.91669945
34.74272476,7.69232796,3.93731511
33.87274691,6.37515849,3.73308141
33.39413136,7.57897729,3.82771523
33.54109167,7.59150725,3.83565744
33.48793178,7.39957501,3.81318581
33.31996916,7.71282220,3.83919420
33.48183452,7.75910361,3.85028741
33.42000741,7.24600246,3.79368197
33.33600880,7.33994683,3.79975967
33.27609523,7.22109779,3.78431435
33.11917047,6.65872108,3.71469402
33.36964994,6.33712781,3.69246970
33.55349115,6.16608164,3.68614083
33.10106471,6.09863970,3.64944519
34.51049889,7.14439116,3.86588378
33.22325652,7.06754757,3.76519210
34.03690683,6.27511214,3.73659975
34.19892082,6.34035053,3.75793056
34.19471134,6.15728465,3.73870500
34.34466168,6.38117778,3.77583297
34.44153159,6.51451278,3.79863344
33.18177700,6.91508467,3.74643976
33.67733279,7.33482257,3.81707629
32.91964994,6.62650804,3.70250080
32.78971249,6.53431301,3.68685114
34.46462727,6.97624169,3.84572906
34.11027815,7.62151545,3.87435833
34.24957285,7.61472472,3.88483960
33.71715753,6.27587457,3.71023939
33.37929049,6.13142797,3.67021240
33.25657432,5.98245114,3.64541893
33.99343744,7.53383217,3.85749439
34.35136408,6.22645670,3.76074677
33.00824634,6.82621326,3.72915021
34.44127371,6.70047873,3.81695480
34.59777273,6.81384578,3.84349086
33.95429887,8.10725644,3.90867101
34.06282981,8.02349190,3.90780829
33.95428493,7.92801173,3.89187457
34.19459826,8.01395542,3.91624803
34.10364977,7.88921245,3.89838005
33.31826143,7.45523670,3.81140024
33.17768535,7.37766805,3.79765257
34.48311801,7.88834143,3.92898283
34.49498494,7.75568157,3.91869332
34.34602227,7.78764834,3.90830488
34.41459330,7.62160242,3.89972237
33.67306571,7.50768752,3.83416151
34.84003162,7.84478764,3.96003588
34.89135534,7.70058406,3.95350219
34.99160953,7.60240334,3.95610392
34.51856857,6.31186727,3.78596871
33.88053797,6.17561721,3.71275603
34.64045676,6.15273842,3.78224194
34.71237162,6.02768671,3.77691831
34.55847349,6.01069982,3.75925859
34.72987861,6.29116804,3.80559806
34.83885241,6.12856606,3.80057539
34.23804099,7.88840866,3.90838477
34.17419703,7.75926614,3.89184171
34.36538507,7.99275723,3.92778344
33.75342184,5.87695249,3.67022582
33.62512255,5.96919098,3.67000245
33.73332434,6.07002799,3.68944694
33.46401398,5.94393360,3.65518355
33.99281917,7.73200359,3.87606720
33.21350535,7.77554549,3.84277303
33.06156219,7.76355778,3.83795076
33.15115680,7.95679604,3.86157585
33.19270892,7.58515549,3.82111517
32.74309688,6.65260013,3.69970885
32.63094618,6.55435668,3.68460506
32.58566545,6.74517234,3.70738857
32.57245487,6.27286174,3.64783276
32.51446432,6.43409485,3.66674021
33.04366215,5.90834922,3.62399199
33.03681054,7.02425540,3.75294470
33.09421542,7.20388143,3.77534525
34.71821399,7.18952184,3.89089208
32.79123179,6.78980685,3.71765522
34.61554291,7.48850724,3.90705591
32.85068515,5.92439832,3.61572905
32.67698175,5.92760411,3.60833075
34.61321092,6.62427837,3.82668246
34.48453672,6.14638435,3.76570408
34.03765106,6.07390576,3.71565587
34.36670579,6.02159195,3.74115764
32.40373631,6.32251872,3.65011755
32.41182282,6.15384091,3.62840662
32.49376005,5.96010346,3.60571542
33.82687437,7.61212006,3.85369951
34.65497048,6.45436640,3.81417990
32.84622808,6.97257597,3.74099375
32.96687068,7.36602261,3.79017075
33.07262214,7.47714244,3.80557408
32.97054745,7.57409681,3.81439473
31.95830603,5.52788098,3.53468134
32.07825591,5.59592305,3.54639457
32.07330042,5.39160270,3.51809011
31.93373208,5.68997990,3.55722115
34.66445161,5.70885863,3.73900074
34.63339760,5.56894973,3.72124439
34.53638600,5.64711779,3.71934724
34.79332798,5.56993836,3.73813773
33.66395908,7.69763047,3.85266732
33.89085437,5.97375893,3.69219386
34.50031575,5.82226792,3.73384509
34.68640692,5.88387142,3.75938842
32.29251771,6.46759052,3.66751227
34.63563042,7.84289812,3.93934813
33.34636490,5.81342109,3.63221533
33.19779067,5.76143099,3.61630030
33.46017604,5.75255383,3.63357223
33.34763282,5.62259016,3.61074390
32.24223374,6.12615410,3.62142355
32.22737851,6.28391184,3.64235896
32.31962946,5.99957330,3.60607521
32.17576560,6.02929578,3.60736053
34.15598203,5.78815827,3.69647845
34.03741021,5.87431058,3.69457721
34.18406131,5.95818907,3.71698015
34.04270803,5.68342403,3.67483892
32.91202627,5.77322240,3.60067845
34.66438319,6.99738335,3.86765769
34.94011496,7.23142275,3.91822556
34.79489677,6.56908163,3.84016009
32.06928224,6.15774153,3.62384061
32.36588071,5.82151476,3.58384113
32.55199108,5.74223034,3.58003871
33.61574603,5.78299489,3.64886915
32.89203821,7.16300659,3.76467075
32.49041526,6.90363891,3.72604421
32.65150001,6.93168915,3.73174261
32.36858456,6.97298604,3.73435362
32.49612251,7.06908870,3.74716226
34.30232740,5.80663620,3.71247955
34.95396886,7.43250643,3.93746307
35.04393436,7.79859771,3.97816271
34.89964424,7.01926957,3.89446624
34.75276488,6.70987172,3.84947298
34.83968912,6.41274436,3.82939999
32.43529950,6.60603163,3.68728727
33.81267543,7.81060033,3.87206291
34.81372995,6.84767047,3.86914052
32.75438497,5.75766934,3.59078677
32.69928198,7.10946269,3.75436733
35.20173633,7.24835079,3.94878941
35.11050928,7.20403920,3.93454753
35.09359891,7.32321456,3.94331342
35.08142681,7.09064982,3.92096316
31.40284899,5.53895043,3.53545101
31.47061548,5.40647604,3.51408035
31.28497440,5.44312592,3.52214404
31.52520105,5.54716492,3.53539592
35.08368000,6.96051760,3.90909745
35.00733510,6.85397055,3.89061601
35.17758768,6.85165042,3.90916850
33.64734115,7.89085197,3.87118743
33.89234380,5.78283184,3.67190356
34.57714056,8.05162870,3.95126359
35.23446787,7.57838195,3.98132728
35.22970740,7.71785383,3.99246264
35.36229182,7.61148381,3.99887661
35.13464368,7.47976691,3.96156596
35.12154663,7.63605072,3.97336557
34.94416179,6.69443418,3.86838836
33.69298022,5.59037066,3.63407188
33.76497148,5.71969162,3.65416883
33.87228701,5.58089641,3.64846884
33.52706037,5.59973619,3.62168522
34.91540954,6.27616370,3.82374626
34.99081700,6.38081127,3.84241075
35.09088709,6.28026424,3.84309207
34.97108315,6.51466602,3.85364279
35.12559428,6.43701897,3.86269622
32.58216158,5.38632615,3.53632352
32.51389332,5.55007669,3.55408150
32.67295644,5.57510089,3.56437123
32.37852453,5.62287524,3.55830324
32.75395779,7.29992494,3.77834667
32.81606145,7.46315227,3.79884682
32.76225236,7.60252793,3.81516964
31.93098744,5.83775192,3.57812661
32.02895566,5.96984292,3.59747010
32.06361065,5.78566987,3.57230247
34.28412447,8.13641022,3.93377785
34.43446651,8.18271546,3.94974921
34.30018876,8.33007518,3.95179820
34.85184904,5.94281516,3.78289353
35.01999381,6.16414700,3.82359898
32.22101283,5.69959544,3.56375616
32.19581689,5.88430286,3.58806688
32.35201518,6.80838069,3.71278141
31.80848345,5.58227977,3.54065099
31.87459612,5.40375948,3.51568983
31.77782483,5.78289830,3.56969755
34.39388037,5.64085064,3.70423690
34.12382129,8.19087460,3.92709929
32.11972838,6.42017133,3.66012558
32.09905878,6.54968417,3.67791518
33.02686925,5.68068275,3.59623695
33.32782016,7.87094931,3.85650085
33.31985020,8.06671363,3.87746316
32.95270517,7.93715201,3.85664387
33.01308228,8.12030271,3.87859473
32.87353965,7.75882812,3.83483550
32.85483696,5.61267937,3.57828789
31.84326484,5.95637159,3.59486088
35.15750613,8.06785327,4.01241842
35.10317659,7.94784252,3.99681498
34.96911223,8.01217714,3.98725435
35.25332525,7.90812698,4.01068713
33.15989821,5.55571908,3.59006145
34.83682525,5.76095674,3.76252262
34.21293496,5.60866928,3.68304161
34.76405549,8.01709164,3.96635734
33.48167001,7.97677449,3.87294419
32.22690028,6.65495775,3.69209568
33.79931455,8.00532493,3.89018403
32.02239112,6.32556760,3.64704101
32.23496032,5.50985915,3.53872076
31.00616776,5.40946501,3.52390693
30.90964885,5.51776024,3.54637177
31.03593375,5.55143620,3.54690218
30.95315772,5.25600382,3.49941210
34.50098224,5.48232227,3.69851571
33.63781013,8.09136880,3.89090962
31.86989053,6.37444809,3.65494627
31.94932561,6.47130947,3.66793111
31.79232077,6.46412636,3.66910610
34.39266773,8.49027688,3.97238816
34.48363697,8.37267545,3.96973944
31.85668322,7.04006524,3.75142863
31.95830456,7.19359099,3.77045626
31.16865625,5.55462683,3.54299684
31.09866490,5.71924304,3.57267135
31.13475527,5.44362983,3.52563833
35.22526399,6.98988588,3.92762702
35.37195607,6.85189797,3.93089042
31.76350229,6.20046908,3.63096465
31.72374694,6.07553680,3.61304297
31.61006342,6.20397009,3.63413431
31.89008649,6.25347851,3.63740035
31.88647162,6.10231107,3.61576774
31.80621919,6.59081017,3.68730771
31.94859158,6.60555356,3.68696167
32.03835661,6.70146415,3.69935413
35.10037962,6.74271622,3.89012651
33.19426006,5.24829133,3.55658054
33.12711087,5.38643836,3.56810807
33.27337898,5.42005139,3.58227965
32.97770219,5.45869344,3.56696440
32.27051456,7.30735645,3.77933022
32.40879386,7.22412649,3.76705887
32.28961271,7.12411729,3.75458556
32.56683609,7.25576263,3.77116484
33.16097173,8.17219738,3.88604936
33.31000876,8.26879275,3.89927326
33.04632802,8.27858712,3.89727110
32.76757412,7.92376810,3.85453656
32.59930881,7.62431475,3.81769631
32.68194804,7.75984713,3.83444730
32.49820159,7.75342377,3.83516742
34.60316986,8.24904971,3.96990081
34.33447760,5.45284798,3.67855965
34.27110277,8.51353430,3.96561029
34.11424613,8.44116197,3.94901783
34.91979778,5.46329301,3.74046415
34.81384233,5.40445871,3.72304426
35.01418857,5.60667289,3.76547634
35.33210588,7.44759872,3.98130103
31.69740798,5.93650703,3.59270040
32.62327316,7.45206021,3.79599534
35.22933471,7.13875261,3.94193818
33.79547789,8.20347317,3.90921938
35.02111599,6.01932231,3.80886913
33.95251628,8.30301999,3.92689316
35.30812651,8.08168075,4.03077517
35.43057285,7.98563706,4.03759754
35.45472456,8.17840166,4.05555479
31.44666504,5.69590605,3.55930424
31.28254130,5.62192319,3.55091672
31.63882915,5.64565447,3.54967367
31.66005557,5.43936446,3.51882499
33.44224076,5.43200915,3.59630574
33.60878119,5.42628896,3.60901356
33.75951699,5.44426732,3.62375500
35.38677365,7.77014468,4.01499521
35.22345893,7.34977081,3.96029114
35.12235732,6.60397574,3.87896340
35.40407083,7.87362630,4.02548072
35.05040010,8.20836715,4.01147892
35.25184625,8.24507095,4.03687266
31.59206892,5.83125284,3.57800963
34.70805373,8.16315133,3.97270362
32.77715251,5.42631821,3.55134943
34.85971663,8.18030025,3.98912253
34.05023786,5.48276946,3.65418145
33.47510691,8.16959253,3.89287545
33.15671608,8.36347438,3.90772183
32.39790156,5.43505064,3.53453587
32.26459507,5.32154640,3.51448503
33.89639253,5.36621345,3.62738998
35.40463516,6.67881987,3.91756224
35.25045807,6.70955187,3.90347918
35.51086258,6.56340028,3.91773751
35.30900598,6.52431685,3.89157748
35.54361798,7.84949173,4.04003224
34.75816973,8.31392115,3.98960756
35.35522185,7.24993243,3.96638008
35.01548965,5.83645632,3.78939204
35.20034198,6.12201058,3.83879828
34.16977975,5.22102442,3.63746712
34.04656323,5.28438975,3.63246325
34.18497367,5.38929995,3.65707286
34.24588204,5.08995142,3.63069126
34.07525264,5.07673467,3.61243251
33.62838956,8.28964978,3.91054463
34.67479538,5.42987855,3.71104416
34.74109203,5.27010880,3.70118337
34.93144826,5.29217704,3.72376658
35.51514845,7.36863867,3.99547607
35.47764005,7.51938615,4.00441678
35.65342565,7.50782976,4.02393949
31.54261482,6.03237036,3.60947090
30.44905739,5.24037912,3.52182443
30.46345092,5.08050324,3.49037292
30.35642556,5.34421557,3.54858122
32.57225250,5.21423902,3.51387576
32.65637144,5.08473999,3.50178975
32.47982700,5.08945095,3.49299025
32.71233161,5.25677933,3.52673746
33.30058636,8.46537376,3.92072424
32.99175148,8.46724903,3.91958446
35.03049789,5.42509122,3.74831001
35.15322758,5.46265855,3.76538809
35.13822269,5.27416426,3.74399429
33.53388012,5.26115106,3.58431990
33.93205889,8.50426438,3.94472208
35.52822521,8.35906055,4.07810899
35.64822065,8.23194739,4.08302600
31.71733837,6.34555953,3.65309830
32.41957278,7.37950945,3.78726074
34.64517569,8.43389545,3.98864966
33.01484162,5.24061526,3.54322931
32.84063598,8.10147679,3.87609619
32.57887710,7.91289374,3.85470016
31.56946365,5.25192994,3.49018022
35.26942639,6.31809010,3.86638751
33.72710280,5.25751498,3.60030677
35.19341158,5.91719119,3.81690422
33.78271858,8.40146976,3.92791264
34.42134394,5.32769974,3.67405935
34.29272107,5.26821495,3.65472543
35.52526448,7.66140656,4.02218204
31.15968910,5.28160872,3.49823790
35.39587254,7.05307154,3.95280685
31.37577129,5.25416395,3.49081191
35.60417654,8.03664894,4.06239615
35.27882641,8.44609066,4.05509406
35.39200471,8.33991621,4.06038572
34.56455344,5.29183787,3.68498888
35.18653480,5.58902175,3.78212467
35.17890617,5.73316746,3.79627086
31.41155072,5.89389919,3.59096924
31.27367781,5.79190655,3.57850963
33.35801195,5.25324433,3.56938445
31.76513771,5.25158428,3.49193548
32.86213732,5.30393120,3.54124135
34.92796007,8.35986108,4.01017186
32.41997914,7.57771969,3.81323313
32.43368661,5.26241917,3.51349553
35.11361817,8.39733164,4.03284689
31.86085690,6.73077869,3.70642924
33.46141308,8.37101878,3.91369354
32.90300959,8.27853062,3.89734537
32.12635918,7.10904905,3.75459124
32.13220176,7.25322546,3.77438004
32.65295338,8.08659204,3.87589990
32.72719195,8.26658237,3.89761830
34.53907079,8.57673405,3.99109126
31.96036960,5.23359578,3.49310924
32.13843434,5.19463285,3.49282036
32.19916560,5.04664458,3.47462169
32.04394024,5.06178923,3.47111253
32.14746820,4.90556966,3.45283829
33.90272358,5.17027444,3.60643935
31.61887094,6.53818200,3.68445640
30.93138004,5.81791536,3.59720279
31.01863116,5.88560131,3.60427283
30.78785002,5.82918690,3.60770094
30.87690753,5.98487920,3.62947160
34.80825460,8.48987524,4.00826569
33.61652146,8.48839598,3.93032914
34.43641308,5.13919678,3.65539914
35.28014732,5.50288312,3.78318050
35.29563529,5.36129454,3.76998307
35.31934301,5.62875780,3.80049661
35.44602197,5.47270836,3.79766666
32.14493640,7.37909739,3.79152645
32.23636786,7.47742318,3.80296589
32.08084730,7.48264401,3.80782717
33.09934692,8.85956530,3.96534313
33.17015048,8.72520000,3.94924747
33.02787359,8.68310927,3.94508564
33.29397060,8.65909309,3.94213095
33.14965560,8.55856466,3.93004017
32.09654446,7.60744471,3.82497929
32.24095521,7.62781100,3.82344653
32.31662210,7.74800391,3.83793124
30.51024199,5.56247981,3.57836950
30.63355750,5.64290483,3.58438428
35.18081638,5.09083551,3.72907578
35.29022647,4.98478681,3.72935956
35.12788229,4.94379988,3.70757267
35.41226430,4.88655548,3.73173359
35.26838462,4.77583404,3.70433590
30.89393618,5.66768278,3.57314432
33.11431990,5.10389280,3.53364441
32.96883529,5.03907690,3.51557209
35.58411504,7.16096683,3.98434839
35.67766245,7.32532809,4.01031848
32.30921531,5.13544729,3.49123544
31.36334019,6.04855122,3.61677618
34.69790932,8.58636660,4.00551826
30.24216851,5.04499560,3.49860846
30.37667300,4.89359760,3.45950123
30.18477203,4.86969732,3.46764811
30.31498579,5.20627929,3.52492457
35.41841694,6.17928528,3.86835631
35.54881920,6.74178813,3.93981306
33.27296527,5.09046637,3.54380600
33.77058835,8.59515708,3.94639116
35.16177494,8.58826207,4.05237686
32.79173163,8.44185903,3.91861460
32.83290179,8.65067558,3.94397931
32.83153523,5.13927058,3.51906370
31.76031413,6.88679988,3.73206373
35.74817806,7.90472798,4.06904264
31.66712208,5.08239830,3.46529464
32.39251831,7.89734541,3.85620828
35.35057125,5.79669518,3.82131263
35.57115512,6.93620262,3.96141558
31.51043258,6.36363833,3.66127646
35.03261311,5.10505898,3.71469931
31.67633855,6.73087895,3.71163916
31.13928235,5.87563427,3.59705882
34.84410787,5.10309996,3.69433318
35.30314845,5.16779069,3.75034415
32.95896239,4.87663839,3.49458842
32.78424778,4.92599373,3.48916421
33.14358026,4.92758989,3.51435936
30.67436251,5.07302662,3.47780984
31.24152754,5.96480701,3.60763024
35.68654789,8.45079156,4.10429173
35.83221395,8.29996661,4.11083656
30.86994023,5.08436103,3.47220349
33.44847205,8.57335596,3.93490544
31.27456475,5.08769355,3.46477950
31.06786137,5.09550474,3.46895264
31.85980822,5.08000169,3.46856610
35.79132996,8.10040497,4.09014719
31.47372132,5.08205722,3.46350256
33.75282268,5.06273034,3.58067691
35.70634325,7.71428770,4.04807913
35.46460496,6.37033576,3.89303094
33.45822326,5.09852223,3.55945723
33.61276375,5.12488990,3.57545424
34.98059294,8.54904643,4.03005236
34.63920843,5.11680024,3.67408304
35.38174721,5.98206049,3.84395071
31.42116766,6.19695819,3.63829589
32.46578188,8.06821409,3.87721039
32.53771127,8.24614872,3.89891756
31.21521027,6.16646173,3.64164393
33.60697773,8.68547384,3.95024619
34.83956873,8.69603909,4.02715903
31.06267141,6.03315417,3.62699109
32.00479387,7.37458987,3.79491648
32.60778082,8.86415164,3.97851765
32.75691128,8.85175526,3.97145031
32.64155202,8.71472217,3.95743972
32.47654569,8.94505130,3.99574675
32.64935658,9.03335062,3.99931182
34.02721416,4.90054634,3.58795736
33.90408671,4.97801293,3.58499542
34.08948106,4.75311687,3.57712090
33.88921618,4.77588999,3.56024125
30.22568451,5.31627279,3.55400005
30.15336555,5.21070376,3.53925031
30.07365634,5.37629960,3.58071201
32.34632062,4.93695631,3.46601018
32.13750574,7.74969160,3.84365848
32.20562545,7.89066447,3.86101580
31.96637433,7.73552447,3.84876707
32.02634071,7.89404007,3.86911694
35.44081542,5.05225063,3.75259555
34.53830424,4.94464639,3.64470361
35.72282746,6.80745555,3.96559269
33.77027054,4.90396057,3.56404988
30.74529402,5.70348179,3.58796394
33.59176650,4.94449972,3.55278331
34.17804290,4.91898751,3.60490678
31.39121576,6.53890758,3.69347888
34.35288786,4.93523685,3.62445017
35.64938310,6.42701563,3.91891242
31.66921934,7.05802664,3.76130076
35.56993702,6.04573667,3.87077055
34.94681292,4.93755781,3.68741163
33.44121845,8.77565356,3.95647584
31.76227555,4.91728612,3.44214259
32.27039507,8.04702053,3.88045113
31.57229494,4.91119369,3.43766601
31.38000240,4.90829800,3.43547141
33.37170721,4.91961612,3.53126970
32.56618809,4.91868211,3.47506237
36.02260385,8.35804007,4.13885058
35.98052927,8.15438391,4.11751178
35.82764359,7.38847089,4.03336528
35.79612369,7.19542254,4.01168485
35.84980112,7.58253669,4.05349088
35.89548461,7.77652991,4.07581505
30.63296101,5.80890612,3.61486584
30.48148384,5.94800244,3.65354876
30.67432899,5.98700187,3.64426761
32.67876149,8.56388030,3.93662595
33.27990841,8.86548691,3.96520462
32.60988864,8.42266238,3.92015063
30.58730558,4.90272857,3.45016113
30.36560099,5.49732836,3.57747508
30.78337607,4.90579527,3.44310551
31.56738102,6.88909117,3.74008145
35.93475928,7.97481946,4.09726335
34.74483175,4.94201513,3.66625755
31.30408461,6.35757938,3.66854976
31.48063049,6.71351179,3.71682595
35.45272762,5.25127984,3.77503759
35.49714168,5.66991291,3.82372764
35.53083101,5.86070513,3.84725230
30.98193257,4.91238528,3.43919892
31.17647200,4.91444531,3.43688666
31.95833655,4.91003500,3.44652539
35.75441600,7.00299353,3.98843271
35.60977934,6.23298795,3.89455677
32.92999820,8.84450311,3.96606701
32.34615460,8.22974107,3.90288955
30.48480079,5.74311745,3.61442727
31.92119483,7.55718370,3.82462452
29.89590327,5.10284086,3.54221526
29.96871859,4.99724584,3.51239875
29.80786078,4.96054166,3.52108541
29.97890870,5.23504047,3.56131958
30.06092389,5.09179038,3.52338622
32.49884980,8.58406631,3.94531847
29.80107475,4.78329945,3.48312223
29.93281894,4.70662604,3.45398392
29.79345330,4.59331158,3.44207142
29.98545954,4.85981140,3.48187555
30.09364987,4.97079999,3.49554153
30.09480649,4.72321107,3.44427633
30.22140661,5.44562929,3.58015751
30.21196698,5.59981126,3.61184446
32.87028049,4.73473874,3.47018249
33.17657934,9.03360214,3.98499612
31.78963330,7.37396125,3.80343211
31.76973808,7.19014037,3.77681009
30.92049886,6.14890523,3.65524742
33.01286915,9.01948708,3.98581584
35.65331785,5.53279829,3.82571578
32.10597021,8.02134133,3.88377758
35.72335683,5.91792799,3.87354839
33.68483082,4.75892053,3.53915601
35.68925546,6.61287594,3.94227950
35.86716832,6.67750519,3.96810993
33.26183101,4.74999439,3.50163274
31.86633593,4.74372340,3.41889482
35.93937444,7.06001517,4.01451097
36.13139733,8.02341137,4.12483189
31.27964712,6.70883490,3.72677931
31.27920158,4.73872332,3.40723888
31.47743562,4.73881467,3.40900788
31.08276333,4.73669162,3.40731812
35.98021373,7.26062189,4.03859124
36.01194757,7.45864555,4.06089747
34.64873679,4.76857493,3.63678997
34.45282912,4.76033089,3.61512125
31.47388843,7.06442365,3.77241046
31.58458931,7.25225863,3.79553480
32.06034855,4.74594263,3.42636637
32.25961048,4.74323259,3.43489914
32.48208509,8.77443186,3.97197326
35.47177218,4.73249241,3.72123400
35.58626349,4.90057576,3.75145624
35.79787597,6.28880870,3.92038461
35.76015979,6.10276231,3.89687159
35.61175661,5.13562517,3.77932703
32.84265110,9.01623454,3.98978755
35.83282710,6.48689360,3.94476094
31.10667306,6.34855354,3.67757412
31.03561034,6.20357787,3.65736125
33.47793449,4.75553721,3.52038001
34.27034676,4.75817976,3.59597088
32.42779580,8.40201766,3.92337707
33.06088831,4.74154084,3.48488884
30.49272649,4.73474193,3.42249074
30.28987162,4.72808843,3.43196741
32.11757503,8.20472222,3.90976545
32.46396407,4.74291191,3.44560786
31.18909088,6.52611935,3.70220810
34.84668964,4.77034270,3.65823383
30.69481099,4.73103824,3.41387914
36.16758145,8.21918725,4.14545274
31.37825830,6.88016632,3.74863789
36.04363442,7.64049090,4.08115766
30.34697322,5.66811083,3.61223697
35.68738460,5.73232095,3.85025627
30.89201456,4.73061102,3.40881208
31.67237414,4.73989455,3.41286035
35.62654202,5.33797606,3.80237882
30.74332514,6.19147602,3.67583522
35.90311367,6.86756668,3.99133090
36.09035631,7.84243640,4.10446470
32.66640005,4.74448776,3.45791222
30.33248540,5.85173039,3.64944190
30.90250790,6.32721053,3.68759050
29.81378764,5.54590602,3.64693874
29.96216571,5.49679166,3.61799602
29.88744566,5.38671890,3.60358739
30.08003886,5.54409624,3.61444161
30.53738635,6.14279726,3.68510449
32.03208734,9.40578485,4.09815802
32.17530093,9.39876023,4.08332261
32.12810843,9.27612630,4.06882544
32.31628031,9.45718466,4.07993215
32.25838277,9.31318329,4.06328590
30.05867293,5.70300228,3.64950043
30.18808975,5.77396838,3.64923677
29.92917870,5.63697190,3.65149244
29.91163781,5.78459997,3.68500486
32.32449061,8.52591005,3.94509122
35.62562895,4.71079771,3.73490374
35.55598406,4.56599113,3.71177732
35.76244631,4.79004812,3.75745281
35.75176001,4.56496638,3.73181577
31.91401895,8.06558703,3.90084241
32.93821008,9.18711265,4.00839973
31.70072994,7.57111096,3.83825860
31.59936341,7.43695351,3.82356696
31.48917522,7.60872821,3.85870930
31.78449804,7.72097543,3.85630472
34.36232501,4.58438266,3.58532627
32.77033175,9.20492085,4.01673745
35.78866033,5.21324072,3.80562111
33.98096894,4.58952583,3.54702632
36.01462883,6.55189694,3.97058444
32.97240832,4.57212625,3.45623057
36.08488222,6.92608360,4.01671836
32.57024659,4.57010892,3.42807659
35.84377578,5.59974758,3.85225048
35.94899820,6.16169583,3.92259187
34.74903277,4.60212560,3.62866700
32.16407925,4.57325126,3.40571556
31.96914852,4.56768752,3.39610489
31.18175948,6.88244200,3.76200183
30.99377025,6.50595832,3.71187585
35.87759428,5.79087282,3.87593348
36.12409529,7.12550240,4.04106063
31.57616684,4.56769147,3.38325601
31.37465438,4.57062792,3.37998378
31.18387328,4.56308033,3.37705423
36.23611745,7.70328182,4.10882451
33.37646901,4.58335271,3.49027344
30.79082524,4.56002641,3.37966764
30.98986567,4.55861892,3.37667498
36.31919086,8.08785962,4.15244934
36.28359132,7.89311437,4.13132604
31.28269517,7.04448163,3.78162880
31.36294588,7.22101234,3.80486595
32.26388442,9.15357946,4.03920844
32.45479099,9.11131393,4.02016073
32.33711516,9.01367862,4.01367704
32.58411387,9.24165446,4.03074642
32.32137175,8.85704358,3.99221153
29.66739848,4.70527106,3.48003577
29.59405225,4.56809982,3.45701840
29.51339935,4.72140335,3.50179493
29.77932705,5.24816101,3.58687165
29.74668803,5.10153924,3.55883387
29.99655077,4.56704315,3.41887950
35.36345795,4.58057744,3.69295933
32.23371459,8.39048165,3.93047663
30.58909981,4.56468438,3.38587118
30.38701002,4.56858684,3.39485680
36.16471971,7.32553773,4.06521793
36.20476166,7.51498655,4.08781199
32.32018715,8.68096285,3.96720973
31.83236502,7.88318337,3.87819074
35.90757306,5.98295352,3.89937716
33.57349886,4.58264035,3.50754497
32.77011669,4.57147815,3.44152038
32.36706265,4.57130480,3.41610863
35.97878517,6.36339067,3.94702961
30.18782392,4.57195361,3.40649457
36.05149921,6.73951515,3.99399691
34.17343484,4.58460894,3.56578169
33.17807612,4.57552233,3.47273813
33.77901482,4.58889289,3.52738216
35.04851486,4.76880180,3.67985659
35.15139938,4.59047460,3.67113811
35.76613225,5.00609886,3.78115480
34.94189564,4.60316997,3.64975275
31.05855261,6.69843942,3.74005813
34.56078764,4.59204648,3.60724479
31.77284839,4.56725459,3.38874784
35.81425749,5.40794988,3.82892513
30.18999592,5.95164994,3.68474135
29.63730888,4.85110121,3.51628608
29.61645691,5.02253520,3.55738914
32.40149457,9.28341920,4.04809760
32.15210001,8.97277066,4.02085876
32.14204992,8.57161287,3.96198117
30.86651911,6.78263871,3.77111684
30.89493931,6.63057301,3.74152094
30.71600301,6.68242851,3.76771623
30.98776530,6.90875413,3.78230375
29.25797642,4.57807917,3.50179075
29.15167403,4.68452862,3.54352365
29.32660437,4.73528776,3.52987410
29.28162477,4.40890843,3.45746759
29.08915597,4.51034085,3.51002895
28.72598421,4.51182793,3.57200641
28.80800286,4.39901625,3.52767717
28.66865430,4.36474334,3.54364639
28.95088964,4.37204314,3.49674926
28.80732497,4.24251688,3.48653417
29.04723453,4.81471621,3.59259714
29.19111640,4.81531012,3.56933627
29.27926942,4.88914445,3.57354674
30.03493735,6.08721933,3.73198199
29.45320427,5.28221399,3.63937082
29.61234933,5.31590734,3.62376267
29.61045553,5.17900834,3.59331742
29.70292768,5.42400562,3.63525390
29.44735492,4.90391312,3.55269932
29.41766613,4.56612935,3.47754724
31.50787509,7.99778957,3.92097243
31.69854257,8.02514652,3.90953079
31.64738098,7.85820661,3.88686690
31.76135992,8.17473374,3.92835362
32.08179147,9.13713255,4.05161334
31.92407731,9.04147952,4.05123759
31.94108540,9.24118667,4.08132056
30.56941505,6.33604358,3.71827192
30.72772006,6.37393773,3.71021524
30.81115360,6.50416260,3.72631633
32.14549034,8.77174475,3.99134628
36.03669513,5.65628678,3.87725706
36.16915179,6.42254911,3.97242818
35.96523580,5.28268896,3.83038629
33.47737324,4.41626996,3.47774325
33.87139679,4.41129045,3.51431450
36.10303948,6.03442959,3.92425622
32.67398330,4.40065415,3.41118868
34.66350821,4.41852756,3.59801773
34.46828484,4.41529133,3.57648427
34.26901287,4.41044643,3.55472651
33.08156678,4.40994575,3.44308063
36.24055371,6.79886027,4.01952030
32.26896175,4.40173208,3.38583290
32.07326538,4.39550024,3.37455662
30.68542675,4.39401074,3.35048314
30.28338994,4.40039396,3.36582715
35.45453738,4.41476408,3.68423029
31.67491802,4.39462076,3.35796250
35.04419560,4.42826315,3.64099069
30.88780338,4.38964596,3.34666889
31.08844667,4.38773877,3.34581695
31.10397407,7.05320890,3.79717846
36.35536104,7.38163477,4.09113803
36.39531674,7.57387149,4.11418741
35.64425859,4.40245180,3.70290097
35.90992548,4.67306731,3.75922366
35.91803488,4.46672785,3.73739573
32.52230098,9.42304228,4.05971474
29.49344348,4.40517559,3.43050108
31.28447706,4.39027156,3.34799997
36.27275106,6.99271784,4.04303724
31.87810257,4.38969762,3.36476395
36.31128185,7.18886901,4.06714393
32.70664453,9.39329860,4.04469663
36.00321757,5.47155511,3.85426322
35.92175830,4.88738418,3.78364176
35.94429256,5.08636350,3.80728623
29.68837594,4.40547536,3.41001414
31.61659987,7.70824845,3.86526606
30.08482090,4.40234690,3.37748251
36.43159559,7.75971259,4.13574140
29.88583633,4.40410448,3.39227127
36.47080309,7.95600646,4.15811193
34.85075645,4.42457002,3.61925665
35.24992407,4.42036968,3.66269072
32.47546333,4.39646432,3.39741343
36.13470158,6.23078303,3.94846642
36.06691306,5.85613993,3.90159461
32.03707009,8.40502373,3.94404263
36.19883330,6.61536252,3.99594223
31.90553836,8.26697773,3.93205447
34.07479438,4.41397930,3.53504453
30.03158914,5.87775372,3.68892700
33.28015679,4.41399545,3.46011781
33.67741962,4.41537993,3.49611025
31.42309445,7.41105946,3.83151072
31.71773294,9.01883870,4.06899771
31.80547332,8.91012774,4.04189310
31.63231030,8.86091697,4.05220819
31.78207200,9.14745523,4.08308814
29.75700453,5.73733034,3.69633682
30.62202347,6.51064800,3.74556555
36.06333325,4.15640707,3.71206649
36.04886448,4.00109428,3.68688498
35.88531255,4.07440529,3.68326573
36.22181661,4.23209959,3.73606020
36.21581913,4.01831296,3.70373563
29.44760269,5.10890136,3.60018056
35.79799660,4.38601834,3.71671976
35.74227866,4.24292644,3.69337746
35.91549999,4.27439908,3.71463247
29.91878046,6.48651596,3.83325550
29.86860990,6.35199313,3.81242499
29.74724245,6.51320529,3.86783339
30.02807406,6.39159295,3.79637893
31.45389691,7.81124338,3.89486835
28.53282868,4.33698075,3.56202566
28.43509322,4.22272649,3.54990103
28.38799684,4.41745721,3.61354136
28.61151859,4.21185731,3.51289777
31.33382187,7.70718725,3.88821842
31.28254955,7.82221716,3.91280554
31.28746885,7.56314969,3.86805383
31.16496243,7.71660779,3.90658830
30.62468876,6.97102447,3.83173997
30.80167577,6.95462959,3.80864178
30.71536867,6.83888909,3.79661834
30.91977635,7.10026381,3.82271095
32.25599766,9.65723288,4.11523060
32.13509811,9.53914602,4.10872136
32.04863609,9.72581529,4.14715755
31.95900040,9.55994841,4.13055418
31.96402309,8.54400767,3.97025372
29.81533784,5.96371099,3.73694057
30.30334996,6.48669870,3.77780939
30.44457006,6.48728037,3.76061561
36.07764566,4.76153622,3.78455202
31.97388550,8.68675891,3.99142031
31.97322974,8.85976962,4.01822702
36.39461249,6.67014115,4.02064784
32.87791909,4.39834691,3.42561643
33.18492110,4.24335148,3.42789862
33.77659534,4.24174530,3.48204411
36.32991492,6.28726694,3.97298649
34.17227738,4.23965453,3.52197509
36.46307851,7.05571593,4.06843051
36.26299054,5.90986205,3.92568188
32.78107058,4.23432871,3.39410849
36.62134506,7.82315329,4.16192073
36.58686553,7.63091072,4.13969477
36.54550832,7.43958774,4.11638314
32.37339382,4.23029894,3.36528917
32.17732361,4.22503834,3.35271150
30.18058001,4.23162219,3.33521554
30.48383517,4.39813369,3.35689956
30.38039515,4.23009318,3.32606862
34.95455279,4.24905830,3.60865263
31.20911414,7.18319613,3.81048027
31.05254715,7.23034409,3.83260560
30.78278729,4.22399371,3.31560481
30.58082205,4.22756381,3.31961937
34.56974464,4.24203350,3.56501566
31.47668451,4.39591704,3.35258545
31.77600966,4.22284468,3.33264603
35.35056011,4.25016009,3.65272305
35.14759890,4.25390321,3.63081217
32.98726249,4.23939376,3.41091786
33.38382749,4.24474106,3.44551930
30.98565575,4.21994984,3.31404488
31.18699276,4.21721399,3.31514552
36.22578341,5.72701942,3.90245424
36.13002734,5.16077270,3.83259769
29.28790564,5.03653342,3.60737108
29.13206542,4.95936346,3.61399150
29.63147294,5.59301539,3.68295275
29.49386074,5.45323289,3.67236745
29.10942812,4.34848278,3.46644770
29.01024929,4.21923050,3.44806124
28.89226753,4.51572146,3.54338124
28.98100719,4.66336211,3.56588731
29.19655169,4.22200298,3.42242006
32.45038190,9.60963939,4.09152074
29.39217041,4.23299508,3.40077445
36.06764335,4.34698924,3.73775782
36.06570300,4.55529361,3.76089278
34.76365085,4.24282372,3.58654716
29.58729517,4.23365631,3.37989337
31.38435853,4.21789366,3.31895895
31.57796796,4.22174463,3.32510321
36.50319973,7.24638069,4.09232308
36.42869626,6.86420376,4.04475720
36.15847246,5.34646453,3.85522519
31.97947290,4.22093507,3.34153598
29.98195161,6.25457096,3.77441471
31.85286613,8.44172715,3.96307949
36.10122019,4.96091145,3.80836277
35.55525474,4.24548683,3.67422932
36.29292781,6.10092294,3.94924882
32.57792133,4.22850977,3.37853825
29.78338285,4.23418151,3.36225632
29.98147150,4.23349981,3.34731035
36.35826185,6.48682916,3.99737035
34.37312008,4.24121969,3.54353501
33.97550358,4.24166350,3.50191586
31.71948367,8.32591797,3.95581219
31.56948493,8.18949221,3.94699846
31.21096048,7.36427239,3.84108582
33.58055223,4.24447794,3.46360047
29.84320089,6.18217014,3.77985399
31.81735222,8.60416741,3.99169628
31.10746870,7.53571970,3.88078531
30.97729275,7.81799987,3.94647786
31.03315866,7.39652901,3.86387857
30.86874792,7.30700218,3.86566436
30.50770086,6.65819200,3.78609954
29.28599924,5.21151136,3.64924371
28.83165051,5.12482515,3.71025581
29.00681548,5.07994234,3.66558997
28.94990358,4.95588576,3.64497248
29.13334329,5.13516860,3.65664636
31.88452841,9.68694122,4.16001349
31.87600572,9.82117216,4.18331751
31.74386958,9.73396998,4.18593636
28.24908074,4.25195293,3.59695672
28.33082955,4.05819761,3.52456421
28.14099278,4.06174555,3.56590974
30.18792391,6.59740556,3.81571741
30.33217098,6.63554543,3.80363101
30.20901769,6.76438325,3.84671992
30.04911040,6.54385568,3.82505382
31.59492071,9.14821958,4.10529903
31.56085518,9.00094977,4.08430812
31.73291104,9.28700693,4.11189850
29.56428377,5.75853357,3.73053463
31.31421638,7.96162106,3.93358449
31.68283021,8.49940468,3.98718000
31.80876599,8.76580784,4.01830916
32.19137256,9.85693999,4.15236427
30.56592359,6.81600763,3.80934590
31.54792398,8.38938417,3.98225790
31.35832876,8.13097890,3.95811832
32.88491659,4.07575236,3.37634907
28.87815831,4.80908523,3.62093792
33.68049233,4.07194495,3.44645936
33.28421839,4.07754269,3.41039017
36.20105630,5.53640226,3.87958000
36.42045621,5.78290291,3.92519680
36.25949094,4.83558919,3.80838823
36.48649555,6.16200389,3.97268943
34.07561587,4.06909488,3.48588869
36.69492171,7.30538464,4.11642459
36.65636184,7.11462161,4.09248424
36.61991509,6.92606796,4.06875090
31.87935732,4.05303921,3.30667895
31.68055000,4.05015861,3.29723227
31.48430084,4.04656769,3.28933824
28.70773465,4.05853525,3.45379430
28.90123017,4.05952579,3.42253032
29.48612744,4.06227918,3.34841730
29.29071570,4.06135519,3.36982457
30.47771316,4.06002931,3.28659717
32.47936498,4.06124660,3.34369567
30.07778312,4.06315778,3.30295151
30.88091187,4.05455005,3.28062782
30.67870641,4.05777583,3.28244056
35.45281576,4.07988105,3.63925839
31.08372595,4.05041067,3.28109653
31.28546318,4.04698128,3.28395522
34.67013787,4.06815923,3.55007805
34.86602720,4.06991404,3.57224969
36.58477455,6.73533686,4.04472907
36.55306063,6.54410239,4.02082829
36.28462609,5.03069726,3.83180584
36.32122981,5.22185134,3.85565999
29.45155648,5.64206904,3.72248094
29.29390690,5.38931256,3.69003813
28.21904767,4.43057363,3.65402749
28.15132648,4.33813940,3.64320874
28.51454173,4.05741601,3.48825399
28.56006635,4.48709958,3.59729316
36.73617837,7.49789771,4.14047392
32.08202922,4.05264529,3.31725771
32.28131262,4.05558891,3.32964255
28.80192440,4.65902179,3.59638986
29.09546648,4.06039200,3.39453458
29.68240708,4.06309170,3.33030129
30.27759212,4.06183906,3.29334951
33.48805111,4.07747908,3.42899518
36.22407895,4.43895132,3.76160920
35.65617790,4.07588566,3.66038015
33.88286583,4.07496181,3.46704964
33.09283947,4.07509695,3.39332974
36.23679473,4.63993387,3.78498521
29.62465759,6.00963272,3.77704143
29.64844961,5.87934567,3.74411151
35.05876744,4.07527195,3.59476047
31.85426755,9.41901774,4.11952595
35.25218181,4.08075612,3.61727924
34.47394327,4.06876180,3.52851103
34.27578532,4.06993527,3.50720264
36.51630633,6.35721989,3.99693488
36.45329160,5.97430510,3.94906956
36.35295253,5.40693468,3.87844923
36.38768990,5.60322971,3.90276469
29.30092843,5.55343911,3.72759687
31.38225213,8.30499312,3.98551688
32.38319051,9.80076883,4.12515268
36.78847249,3.48223150,3.63703704
36.76632245,3.43481805,3.62709465
36.71978922,3.47645716,3.63399493
36.79278998,3.38925778,3.61866495
36.71804509,3.38139004,3.61500586
31.39886797,8.45875076,4.01022295
31.14852291,7.90578594,3.94187282
29.91985084,6.77547223,3.89505000
29.85931947,6.90558163,3.93392554
30.04898849,6.90108464,3.90010072
29.75655851,6.73589657,3.91533540
29.66918436,6.14025847,3.79872140
29.48144752,5.92684529,3.78273975
31.65076342,8.67240068,4.01880555
28.62084841,4.65107792,3.62903074
30.38200979,6.80339577,3.83024470
29.12147310,5.30948481,3.70117808
31.07538431,8.33913946,4.02954039
31.02494607,8.19577653,4.00992806
30.88626216,8.34088203,4.05703615
31.20636554,8.24476285,3.99547606
30.37188456,7.29743278,3.93039963
30.55148580,7.26659934,3.89802901
30.50116791,7.12503849,3.87730967
30.67304175,7.34625063,3.89702434
30.70449401,7.14668348,3.85523376
29.13898463,5.65181783,3.78094206
29.11967083,5.48265291,3.74361098
28.94431775,5.60850553,3.80924156
29.29269065,5.71572394,3.76738127
29.29909054,5.88150971,3.80531183
29.41682559,5.78607015,3.76163972
29.32173645,6.04807072,3.84021703
29.49798892,6.10576132,3.82072765
29.90694885,6.62591183,3.86506440
29.70474711,6.31465037,3.83135626
28.02593884,4.60606954,3.74960752
28.15131755,4.55863099,3.70574114
28.06757590,4.43178515,3.68948854
28.28528368,4.59220967,3.68426682
27.94413414,4.35286953,3.69657913
27.80930005,4.36752657,3.73495356
27.90762465,4.49076159,3.74598223
27.87512445,4.22382952,3.67567453
32.00812876,9.92247095,4.18354992
28.05490660,4.24523320,3.63872374
27.94451786,4.06144864,3.61071847
31.78623450,9.57508617,4.15359316
30.77924481,7.45693489,3.90429000
31.50898064,8.56216343,4.01552016
31.33250584,8.60180383,4.04323928
31.22598849,8.43261307,4.02663580
31.66825957,9.44748038,4.14708890
28.44964079,4.62186725,3.65643068
28.97365559,5.22856563,3.70875346
28.77449993,4.95824476,3.67889307
28.69718809,4.80959999,3.65561023
30.44395956,6.96977188,3.85466952
36.41442710,4.71802865,3.80729144
36.44251679,4.90281317,3.82982379
32.13187393,10.04873238,4.18916750
36.71042129,6.41697589,4.01863915
32.68466083,4.06381420,3.35884602
32.99171946,3.90718019,3.35548993
36.40075319,3.78247076,3.67665292
36.26364594,3.83370652,3.67618914
36.37703188,3.93832267,3.70241089
36.11399014,3.86694038,3.66994312
33.97936315,3.89847684,3.44696967
36.77550218,7.69261171,4.16413616
36.64549315,6.03731243,3.97062163
33.58430577,3.90153180,3.40802944
36.81331895,6.98558859,4.09094459
35.35707276,3.90823984,3.60057355
35.76618929,3.90300431,3.64343965
34.37684167,3.89783172,3.48909068
28.60389887,3.88816540,3.42439218
28.79801872,3.88902282,3.39224778
29.18842228,3.89088803,3.33801723
29.38457141,3.89161841,3.31581572
30.97932435,3.88527493,3.24542761
30.77719130,3.88852351,3.24521924
31.98353742,3.88414751,3.27992190
29.87944530,4.06373873,3.31522302
30.17515970,3.89361961,3.25897576
36.88659041,7.36554112,4.13885166
32.18580990,3.88507479,3.29201902
32.38726928,3.88878944,3.30589835
31.18214606,3.88116097,3.24776024
31.38473227,3.87777892,3.25235638
36.58285932,5.65928826,3.92355325
31.85022653,9.96478320,4.21073526
31.92143256,10.11825379,4.22692301
30.05074703,6.69975547,3.85744049
28.02543773,3.88452058,3.53936775
27.74152090,4.08309022,3.66707133
28.21756137,3.88569038,3.49799854
35.95017182,3.88443592,3.65825914
36.37717609,4.12545668,3.73227461
31.17044284,8.08000743,3.97038687
31.54006533,9.32286422,4.14259894
31.58574812,3.87748163,3.25948666
31.78434438,3.88087264,3.26894951
34.57465517,3.89632086,3.51059099
34.17878382,3.89901836,3.46799085
36.67568820,6.22949147,3.99469855
36.74367768,6.60817854,4.04292402
34.96916185,3.89826782,3.55525278
35.16338898,3.90295027,3.57799601
35.55523722,3.90857112,3.62231126
34.77237604,3.89654390,3.53275256
36.51353524,5.28228900,3.87681128
36.54424180,5.47227126,3.90002402
36.61269594,5.84796824,3.94684244
36.47707297,5.09227972,3.85323700
28.41048177,3.88694824,3.45962264
36.38639754,4.32159883,3.76003274
36.39973270,4.52093141,3.78414520
36.77742222,6.79711853,4.06693711
36.92551488,7.55946646,4.16297995
32.58828935,3.89602438,3.32155873
28.99281054,3.88991860,3.36346258
29.58123388,3.89251394,3.29705496
29.77846913,3.89332370,3.28140629
30.37515473,3.89234420,3.25179665
30.57585216,3.89070027,3.24728238
33.19171480,3.90298873,3.37197503
33.38836589,3.90649955,3.39038617
33.78446156,3.90278214,3.42790167
32.79385362,3.90107274,3.33824337
37.04378925,3.05736403,3.55644738
37.04360457,3.05888682,3.55673803
37.04492013,3.05825798,3.55665582
37.04357420,3.05988989,3.55693230
37.04478495,3.05976348,3.55694447
37.04241966,3.05977079,3.55687439
37.04154197,3.06103707,3.55709485
37.04348761,3.06113838,3.55717266
37.03809405,3.06651371,3.55806308
37.03566015,3.06622565,3.55793899
37.03516774,3.06858516,3.55838672
37.04082769,3.06530230,3.55790504
37.03891879,3.06359086,3.55751619
37.03150656,3.06793984,3.55816298
37.03228792,3.07201028,3.55898045
37.03849456,3.06944956,3.55864744
37.03587899,3.07600400,3.55985652
37.03698271,3.07211316,3.55912576
37.03938751,3.07475228,3.55970756
37.01726453,3.10764419,3.56565599
37.01265655,3.11593738,3.56720962
37.02093082,3.11710088,3.56759441
37.00361449,3.11914286,3.56768859
37.01619938,3.12724571,3.56951084
36.99428341,3.12105549,3.56791966
36.99213234,3.10874094,3.56543404
36.99975696,3.13281362,3.57034342
36.98672478,3.14802043,3.57318563
36.97537763,3.16819264,3.57706886
36.99516031,3.16837433,3.57735680
36.96535066,3.18200635,3.57971642
36.98719951,3.18991982,3.58155455
36.91739986,3.18240940,3.57920138
36.88643790,3.18288785,3.57884055
36.89852408,3.20709351,3.58391981
36.86567633,3.18158049,3.57822569
36.86052171,3.20568070,3.58301926
36.92182847,3.33255482,3.60944021
36.87454591,3.33504965,3.60934948
36.92268852,3.38049824,3.61901178
36.90775804,3.30269858,3.60330166
36.78032369,3.28634321,3.59764140
36.77573916,3.33451635,3.60725486
36.82409326,3.30603155,3.60262584
36.75674593,3.24763566,3.58915391
36.72522052,3.30081036,3.59898846
36.82433030,3.35130244,3.61174302
36.82336874,3.24772775,3.59082050
36.85449186,3.39174449,3.62038371
36.82416656,3.44602017,3.63064204
36.89561063,3.45010376,3.63253106
36.85395921,3.52138117,3.64598644
36.77814355,3.53263744,3.64667343
36.71871070,3.56754135,3.65179266
36.81087757,3.60765257,3.66193034
36.61335232,3.42418027,3.61958738
36.64765932,3.51425668,3.63886211
36.62121077,3.59965387,3.65437449
36.56181348,3.50867628,3.63394104
36.48824562,3.42381511,3.61318104
36.45347773,3.52154519,3.63051523
36.84764818,3.71105834,3.68213180
36.95110591,3.72652159,3.68591259
36.92770361,3.61790317,3.66540154
36.77566079,3.78986896,3.69518544
36.90136839,3.83722602,3.70578401
36.52756175,3.58137191,3.64636967
36.55066146,3.65074906,3.66085342
36.53721086,3.75211165,3.67909336
36.61889652,3.69510695,3.67240501
36.44362438,3.63747130,3.65235530
36.65871463,3.79792116,3.69293915
36.57922000,3.83797733,3.69668345
36.61905243,3.92767900,3.71410343
36.72329591,3.68043023,3.67351129
36.75644493,3.90985665,3.71594029
36.52088111,4.02962484,3.72617819
36.70539016,4.08878492,3.74382315
31.72111917,9.89243343,4.21623272
36.50521626,3.87744208,3.69981505
27.42861164,4.19248906,3.78575251
27.60067455,4.20524187,3.74137987
27.54641312,4.05192930,3.70880505
27.73645244,4.24656387,3.71773220
28.65810750,5.22211963,3.77137300
28.67165084,5.07822410,3.73094788
28.50107140,5.12840279,3.78146343
28.79750186,5.31346730,3.76531048
28.95191881,5.40750015,3.75757668
31.47078742,8.73427360,4.04939135
28.51860712,4.79352858,3.68806791
30.25292384,6.94819889,3.87766333
31.61553008,9.61491143,4.18304382
30.63566297,7.68115667,3.96696447
30.64218828,7.51432278,3.93355576
30.99080499,8.02206136,3.98235408
28.05082250,4.90219710,3.82816458
27.99640733,4.75249268,3.79921269
27.87335247,4.85176473,3.86093276
27.84812620,4.66323114,3.81217747
29.52996591,6.26457528,3.85113496
29.35154696,6.22065163,3.87493280
36.28497662,3.65949992,3.64578790
29.56484981,6.43762014,3.88400653
31.15507254,8.61232432,4.06868673
31.27089427,8.79414931,4.08564559
31.42330314,9.05562284,4.11151106
31.39205141,9.21140572,4.14349927
31.44020972,8.90831250,4.08341164
31.29878141,8.96345006,4.11225071
29.39436435,6.38749131,3.90547965
29.42892268,6.52707191,3.93108197
29.19057537,6.36982032,3.94372738
31.48740934,9.49356180,4.17999801
29.15301029,5.81076587,3.81661168
27.64868372,3.93932581,3.64694325
36.95673951,3.16874745,3.57695423
36.93539104,3.15913830,3.57474955
36.94460884,3.18265518,3.57960086
36.96109079,3.15208399,3.57366284
36.95893231,3.20085345,3.58342435
36.93029162,3.20418120,3.58375758
36.94519853,3.22879390,3.58888060
36.91508895,3.22837751,3.58844182
36.91881982,3.26291490,3.59544076
36.87089655,3.28208834,3.59864153
36.88140647,3.23905219,3.59012064
28.59351893,4.95679128,3.71557952
30.31449355,7.11850560,3.90296054
33.09324567,3.73405712,3.33168811
33.48756306,3.73147300,3.36723297
36.63612611,4.96527858,3.84905816
36.73947173,5.53167982,3.91862995
32.89801339,3.73279817,3.31480787
32.69725738,3.73140118,3.29830665
36.80499214,5.91233526,3.96594060
36.86956630,6.29090037,4.01391864
33.88295787,3.72836889,3.40569570
36.97127964,6.85756203,4.08656870
36.58036811,4.59849055,3.80432442
34.28018043,3.72734910,3.44727091
34.87533466,3.72598727,3.51313859
34.67699113,3.72564073,3.49070179
29.47955229,3.72274930,3.26276825
29.67722471,3.72352947,3.24639648
27.81213589,3.88218517,3.58853833
28.11213868,3.71644611,3.46998732
27.91953851,3.71530912,3.51231884
28.69410370,3.71951586,3.36136472
28.49955721,3.71856941,3.39437943
30.67453955,3.72184063,3.20799871
30.47353302,3.72345888,3.21046384
31.68844387,3.71020058,3.22938315
31.88866557,3.71299739,3.24017932
31.28173993,3.71298015,3.21422666
31.07831163,3.71647512,3.21002382
36.84916220,7.17474992,4.11485984
37.07748701,7.42789478,4.15887577
35.85700919,3.73365927,3.62217674
35.07273747,3.72752447,3.53584614
35.26768989,3.73115584,3.55858896
36.16724691,3.73521389,3.65071096
27.65020537,3.81867865,3.60925533
27.54343710,3.70079185,3.59983104
27.49078081,3.86797497,3.66638601
28.33941346,4.77205093,3.72166203
28.15909461,4.73209365,3.75281282
36.03025088,3.72858767,3.63763898
27.72805389,3.70089427,3.55328277
31.71272447,10.05902003,4.24633755
31.71412285,10.25830837,4.28109022
29.28224792,3.72202732,3.28236183
29.97619671,3.89382159,3.26884958
30.07381457,3.72470453,3.22290492
29.87527110,3.72416837,3.23319846
33.29316959,3.73254892,3.34928957
33.68689374,3.73136092,3.38655053
36.90223772,6.48076861,4.03818250
37.00635111,7.04649643,4.11071981
32.49555969,3.72477268,3.28170365
32.29207295,3.71971783,3.26633480
34.47822587,3.72618812,3.46868863
29.55140159,6.63846283,3.93235596
32.08887334,3.71672115,3.25260313
36.55671236,4.40920182,3.78117111
31.48571336,3.71038946,3.22065669
36.67008005,5.15418912,3.87220392
30.27314321,3.72448815,3.21538955
30.87601121,3.71955192,3.20792865
28.30554159,3.71757290,3.43062441
28.88949815,3.72035723,3.33167005
29.08561227,3.72125072,3.30536090
31.03377648,8.48109920,4.06168709
34.08220069,3.72837716,3.42634681
36.77363498,5.72321183,3.94236304
30.81716778,7.95017706,3.99262620
35.46113464,3.73533559,3.58092201
36.54178541,4.21428270,3.75521743
30.50735074,7.41687177,3.93386891
35.65716831,3.73599065,3.60218681
36.70491980,5.34517300,3.89563181
37.04150362,7.23625438,4.13478982
31.57449593,9.78735628,4.21920865
36.60758647,4.78239964,3.82679798
37.04831868,3.05591828,3.55630707
37.04868602,3.05565798,3.55626817
37.04837983,3.05540573,3.55620951
37.04905354,3.05562059,3.55627257
37.04884884,3.05526584,3.55619723
37.03985913,3.06160636,3.55715637
37.04018055,3.05939611,3.55673495
37.03704650,3.06090029,3.55693769
37.03603588,3.06418744,3.55755116
37.03317375,3.06196381,3.55703781
37.03342761,3.06552658,3.55774154
37.02792366,3.06922417,3.55832368
37.02902141,3.06425648,3.55737709
37.02299469,3.06601951,3.55757539
37.04017033,3.07848173,3.56045732
37.03568895,3.08120134,3.56086818
37.04181271,3.08423959,3.56162656
37.03137282,3.07715745,3.55996553
37.02826734,3.07342642,3.55915675
37.02569340,3.07719430,3.55983540
37.02028048,3.07564825,3.55940764
37.02090620,3.08231688,3.56073494
37.03534174,3.08682521,3.56195997
37.03097261,3.08808056,3.56209797
37.03319706,3.09230300,3.56297988
37.02346373,3.07169015,3.55870133
37.04059564,3.09152849,3.56301682
37.02947816,3.09696880,3.56380861
37.03771846,3.10002341,3.56460393
37.01654460,3.06966959,3.55814678
37.01479426,3.07736879,3.55962771
37.01476425,3.08243369,3.56062690
37.02910905,3.10395297,3.56517320
37.02346774,3.10528769,3.56531546
37.02647485,3.11139935,3.56658193
37.01509077,3.08889428,3.56190933
37.02949494,3.08325246,3.56111503
37.00888648,3.08150471,3.56032419
37.00406470,3.08937520,3.56179061
37.02150928,3.09862072,3.56396068
37.02585650,3.08993997,3.56234521
37.01055825,3.09836731,3.56369322
36.99977496,3.09865944,3.56355602
36.99253242,3.09838743,3.56337946
37.03651266,3.11051078,3.56662911
37.03195078,3.12269410,3.56891926
36.99722066,3.07838348,3.55948419
36.99320831,3.09044708,3.56181096
36.98400415,3.09597079,3.56275973
36.97714933,3.10555904,3.56456758
37.00621684,3.10768156,3.56545905
37.01401125,3.14342123,3.57267492
37.03017208,3.13872250,3.57203666
36.98018603,3.12316575,3.56813058
36.96248230,3.10909417,3.56505784
36.96694174,3.09082193,3.56146365
36.94533573,3.09663657,3.56230862
37.00764945,3.15712912,3.57529357
37.01788561,3.17868949,3.57971936
37.00203568,3.14534702,3.57286973
36.96005110,3.12346204,3.56790559
36.94690120,3.11451841,3.56592689
36.94447607,3.13268140,3.56954662
36.92216102,3.11072112,3.56479961
36.96687164,3.13581068,3.57047436
36.91749998,3.13727291,3.57009020
36.90245489,3.15825385,3.57410594
36.88631183,3.12665184,3.56744919
36.87063154,3.16029021,3.57399633
36.81989182,3.20105127,3.58127282
36.84201924,3.17486879,3.57641694
36.78237334,3.21036680,3.58227183
36.79344841,3.16223655,3.57275251
36.72328298,3.18996764,3.57638297
36.53611655,3.34224233,3.59939241
36.53563430,3.24765063,3.58013106
36.41793887,3.30449715,3.58482293
36.63316627,3.31009000,3.59746383
36.36335586,3.43621316,3.60780333
36.35716850,3.54926321,3.62973100
36.24056600,3.49203295,3.60990593
36.12624910,3.59099365,3.61993766
36.25231146,3.33404632,3.57905854
36.06490908,3.39272503,3.57518778
29.02266585,5.74869432,3.82779161
28.77302816,5.49546353,3.81706670
28.41174682,4.94888539,3.75344921
30.12649717,7.09837717,3.92875078
30.47944468,7.59401394,3.97342369
30.58357990,8.29157323,4.09645881
30.51280701,8.40823313,4.13276415
30.68196753,8.43865217,4.10894307
30.52356968,8.13805327,4.07584293
30.41041993,8.26419099,4.12202944
30.65003044,7.86402505,4.00062465
26.67844194,3.50721325,3.79270495
26.77268243,3.62964752,3.80385818
26.85532818,3.51930355,3.73844089
26.78500872,3.77849816,3.85197763
26.92991296,3.66948636,3.76600232
27.63581316,4.37240867,3.78285229
27.50670389,4.31154625,3.80050631
27.49985366,4.42213939,3.83694661
31.31226661,9.54139322,4.21543655
31.16582927,9.58610850,4.24835987
31.26358134,9.70541538,4.25403121
31.02674955,9.53846146,4.26415786
31.08142233,9.71746989,4.28905059
29.71385963,6.90352071,3.96070416
29.76726904,7.04821144,3.98271156
29.60080548,6.99714790,4.00454667
29.15430940,5.97643899,3.85634605
29.01093843,5.88965596,3.86502314
29.17104754,6.16585869,3.89862131
30.07100077,7.40532174,4.00353713
30.22392548,7.40708202,3.97691390
30.18494439,7.26668275,3.95419537
30.34102927,7.49654412,3.97584136
30.82401334,8.14600137,4.02909181
27.70286140,4.78212360,3.88837142
27.67936203,4.64014202,3.85200589
27.51728531,4.70005673,3.91874140
27.74486328,4.51714768,3.79665246
27.57810007,4.53202989,3.84812546
31.35083139,9.37395589,4.17881721
31.20328430,9.26471144,4.18168467
28.88528364,5.79659385,3.86899505
28.74140627,5.68544606,3.87291329
28.69198979,5.89220429,3.93813345
29.58580406,6.83023444,3.96937281
28.96952245,6.07156758,3.91921117
37.04586201,3.05882364,3.55679476
37.04705552,3.05857717,3.55678383
37.04630758,3.05761865,3.55657435
37.04643969,3.05976799,3.55699613
37.04466225,3.06302614,3.55757541
37.04565951,3.06121327,3.55725311
37.04182408,3.06307481,3.55750015
37.04356462,3.06528370,3.55798188
37.04173682,3.06804790,3.55846660
37.04073802,3.07175920,3.55916149
36.96790377,3.25498761,3.59435984
36.95270220,3.30093092,3.60340846
36.98015566,3.22146561,3.58777524
36.95576162,3.34347978,3.61192053
29.28125313,6.52040308,3.96033779
28.62744913,5.38457601,3.82062577
28.52306809,5.28506575,3.81820185
29.93924299,7.07307796,3.95589266
28.22686616,4.92690095,3.79092769
36.77314923,4.66359914,3.82067741
35.94808508,3.56472235,3.59869784
36.83007758,5.02836981,3.86499097
35.56382493,3.56157333,3.55862370
32.60271641,3.55978782,3.25623528
32.40000776,3.55595343,3.24022611
36.93111887,5.59637769,3.93426010
36.89854850,5.40600191,3.91096262
36.86308612,5.21729820,3.88792392
37.16460011,6.91942665,4.10285353
37.19892071,7.10894239,4.12713917
30.17202077,3.55610472,3.17744821
36.99668794,5.97748098,3.98181146
36.96491464,5.78741927,3.95794789
36.93664604,6.66965674,4.06244997
37.13045129,6.73081591,4.07854936
33.19538336,3.56222936,3.30664580
34.38212239,3.55640078,3.42475062
29.77397847,3.55519427,3.19645957
29.57541936,3.55461219,3.21044386
30.77368977,3.55333936,3.16881523
28.58959007,3.55087799,3.32993968
28.39439256,3.55006036,3.36400305
28.19985637,3.54916138,3.40129089
28.00596869,3.54814546,3.44170980
29.17935413,3.55329053,3.24812409
28.98214831,3.55255763,3.27203456
31.79202381,3.54422130,3.19903025
31.99411133,3.54698120,3.21121490
31.17860725,3.54885787,3.17466471
30.97557404,3.55124980,3.17065993
34.77996712,3.55574058,3.46901318
34.97853862,3.55594895,3.49164436
31.54646260,9.95454217,4.25329705
31.50585653,10.13396305,4.29248559
29.33912262,6.66357299,3.98197908
29.22338750,6.61532882,3.99590237
29.16656695,6.71481701,4.03324192
27.03934701,3.53382104,3.68642663
29.10262107,6.56668862,4.01168346
31.43811327,9.66002059,4.21720218
27.14015603,3.71544919,3.71662393
27.23672179,3.54401326,3.63247724
27.12739658,3.88216154,3.77548943
27.28038037,3.86549385,3.72439171
27.42800577,3.54520657,3.58060504
27.35306744,3.70669681,3.65273640
36.83618726,6.10321180,3.98997289
37.02982344,6.16559154,4.00576141
36.80111508,4.84448830,3.84272280
36.72732390,4.29663209,3.77477183
27.36921253,4.02230346,3.74900360
35.75786765,3.56173705,3.57921605
32.19612706,3.55165823,3.22510374
35.17592123,3.55677564,3.51431226
33.98568956,3.55827546,3.38281015
29.97286256,3.55575834,3.18547548
34.18388154,3.55725437,3.40349138
30.57247659,3.55498588,3.16926711
30.37184879,3.55594552,3.17214381
33.59004912,3.56038513,3.34336758
33.78678748,3.55839371,3.36246368
33.39266376,3.55972791,3.32431873
28.78548943,3.55174590,3.29929499
29.37714898,3.55399319,3.22766827
27.62006751,3.54627040,3.53149205
27.81274610,3.54721250,3.48516017
29.44025734,6.78109823,3.98806704
32.80123263,3.56203008,3.27257263
32.99900137,3.56118433,3.28906542
37.06228088,6.35457693,4.02998118
37.09592501,6.54268318,4.05423635
34.58093345,3.55601095,3.44666522
31.58806070,3.54442321,3.18889416
31.38305557,3.54638593,3.18075747
31.17310727,9.43727579,4.21890825
31.06073610,8.76581267,4.11087615
30.99924253,8.62389036,4.09358096
30.66109366,8.04262896,4.03402167
30.47554077,7.77799331,4.01107758
30.86199457,8.54446798,4.09987173
31.24059484,9.10219461,4.14593175
36.74735227,4.48122711,3.79828818
31.53265848,10.31370838,4.32104425
25.30620191,3.13045936,4.35889248
25.30088271,3.14996929,4.39563828
25.34035770,3.18119529,4.36516591
25.27697132,3.08950077,4.35644455
25.27363875,3.11362876,4.39626151
25.43613800,3.29531993,4.35106035
25.44040958,3.24840052,4.30444385
25.39227271,3.24005044,4.35385647
25.47724218,3.20971603,4.24384295
25.39674677,3.18161370,4.29638211
31.40373055,10.24157543,4.33052488
29.00642792,6.26237466,3.95841100
28.57123101,5.56410017,3.88094505
27.17930119,4.25875763,3.88363580
27.29708608,4.27554577,3.85168613
27.26110460,4.15403282,3.82343926
27.39195824,4.35620873,3.84842837
31.11424223,8.94746925,4.13660465
27.19347927,4.01329461,3.79833010
30.00765795,7.24833324,3.98134314
25.71118489,3.30221201,4.13465140
25.60818229,3.34283064,4.22471684
25.67322206,3.41656562,4.22061866
25.65045750,3.16171065,4.10028122
25.58062623,3.24618386,4.18871757
28.29874934,5.10712076,3.82332254
30.31523227,7.68338171,4.01869781
29.44204319,6.92881158,4.02238733
30.49255867,7.96288818,4.04565368
26.62525700,3.79531165,3.91588108
26.68178143,3.90523332,3.93491888
26.55215228,3.87403850,3.97382681
31.39131304,9.98878661,4.28513801
28.46163107,5.41062176,3.86633852
28.39385910,5.54609080,3.91993034
28.37710481,5.26728307,3.84807593
30.66202319,8.18554975,4.06209003
30.72659842,8.28390047,4.07097382
30.95932646,8.87051714,4.14675349
30.91885021,9.00120377,4.17875278
26.61574436,3.66285203,3.87087281
26.50655070,3.50211146,3.85203903
26.75209878,3.36462164,3.71809087
31.02435706,9.14297422,4.18807674
31.00558385,9.35210767,4.23165884
30.87803884,8.73775443,4.13460269
31.40522643,9.83324104,4.25401290
28.86515543,5.94500719,3.91099022
37.04789548,3.05562090,3.55623598
37.04832792,3.05636963,3.55639498
37.04882922,3.05607947,3.55635451
37.04783262,3.05625653,3.55635742
37.04801855,3.05686457,3.55648133
37.04724032,3.05593379,3.55627613
37.04873798,3.05667751,3.55646771
37.04852452,3.05736442,3.55659431
37.04720713,3.05679662,3.55644268
37.04753532,3.05757065,3.55660328
37.04826544,3.05825181,3.55675845
37.04637433,3.05637487,3.55633474
37.04794163,3.05937182,3.55696581
37.04521147,3.05688038,3.55639694
37.04754538,3.06078827,3.55722861
37.04216556,3.05809887,3.55654126
37.04707431,3.06256304,3.55755891
37.04650359,3.06464776,3.55794667
37.04488769,3.07066439,3.55906863
37.04375302,3.07507998,3.55989536
37.04575851,3.06735188,3.55845000
37.04450052,3.07961126,3.56079978
37.00764012,3.07252788,3.55852346
36.98234407,3.08222203,3.55999084
37.02699902,3.15689584,3.57555933
37.01378026,3.20889688,3.58564791
37.00912149,3.24207063,3.59217498
36.97502632,3.43512076,3.63016579
36.98904164,3.37414349,3.61820844
36.84089142,3.13752591,3.56880425
37.00287383,3.28074532,3.59979259
36.99743326,3.32469340,3.60846605
36.69370007,3.25246783,3.58811024
36.63515472,3.21171567,3.57751775
28.98961340,6.42603460,4.00329626
36.95451876,3.51105547,3.64494045
36.89626526,4.18434929,3.76279916
29.83161871,7.21835861,4.00803684
36.93917585,4.54649887,3.81063204
26.97998031,3.83263517,3.80537318
27.03688718,3.98785413,3.83942163
26.85117599,3.96818179,3.89563927
28.11627425,5.08009558,3.86185766
36.99493525,4.90719240,3.85448468
35.27782936,3.38507314,3.49087658
35.08113889,3.38551704,3.46845431
33.69112319,3.38824998,3.31768956
37.25628845,6.41707574,4.04155192
37.22294894,6.22925900,4.01733702
37.28995078,6.60492081,4.06587360
37.12298545,5.66128650,3.94571727
34.08774930,3.38758891,3.35820806
35.37083843,3.55889164,3.53676676
35.66344761,3.38526691,3.53375080
37.05707534,5.28028736,3.89939113
37.19008166,6.04051344,3.99320277
30.27086503,3.38808878,3.13248213
30.07106053,3.38788647,3.13833395
27.51201644,3.37930822,3.50535135
27.31963585,3.37827488,3.55546048
29.67207876,3.38711103,3.15887971
29.47292562,3.38666692,3.17375077
28.09339206,3.38175151,3.37173366
27.89890895,3.38093820,3.41332822
29.27414123,3.38611038,3.19186496
29.07578600,3.38549065,3.21327772
28.87800169,3.38481528,3.23817525
28.68081115,3.38404985,3.26644426
31.07650606,3.38419886,3.13367618
30.87375917,3.38562256,3.12989935
32.50607260,3.39024879,3.21284764
31.48575297,3.38104689,3.14745452
31.28052686,3.38272331,3.13959452
27.12812479,3.37700310,3.60820771
26.93766966,3.37542995,3.66372763
28.76307083,6.06551451,3.96591584
28.84218839,6.20757556,3.98328870
26.24657443,3.58472561,3.98862116
26.35393002,3.48743614,3.90517175
26.22136991,3.38094035,3.91758241
26.42441125,3.62414897,3.92959976
29.04081685,6.69606054,4.05883839
29.05483828,6.76442631,4.07260234
28.56807512,5.74890681,3.93074793
28.50579424,5.88210344,3.98231589
36.89405465,4.00870997,3.73519775
29.43454875,7.10552052,4.06587767
29.63613087,7.19513181,4.04261680
27.71850285,4.95689219,3.93701281
27.92476986,5.05217887,3.90565081
28.28874072,5.41443361,3.91077933
26.57012290,3.36279781,3.77840463
26.39851960,3.35654802,3.83811195
32.70560612,3.39060832,3.22869534
32.90270202,3.39054983,3.24511607
33.10037706,3.38993802,3.26224749
30.47109703,3.38785964,3.12919307
30.67202093,3.38695629,3.12836364
34.28623260,3.38690941,3.37930094
34.48509928,3.38663047,3.40105120
37.32376650,6.79359920,4.09031159
32.30388730,3.38751812,3.19724629
37.35736490,6.98286867,4.11473921
37.39107190,7.17288588,4.13908411
28.28848562,3.38254535,3.33332550
28.48426940,3.38330180,3.29817376
36.91610174,4.36881372,3.78853896
31.29048020,10.12091939,4.32837114
37.02433650,5.09237556,3.87676561
35.47201004,3.38522449,3.51281678
37.09015755,5.47097656,3.92246040
31.69157573,3.37964174,3.15713929
31.89698242,3.37990946,3.16874595
34.88298841,3.38600122,3.44582420
34.68408137,3.38639829,3.42327964
37.15663069,5.85190984,3.96937889
37.23331212,7.29937316,4.15132330
32.10099494,3.38299950,3.18228146
29.87148420,3.38755056,3.14709214
33.29629211,3.38963019,3.28002188
33.88958083,3.38831154,3.33774810
27.70511794,3.38016353,3.45793689
29.28324123,6.84653989,4.03829108
30.32583165,7.87231781,4.05607388
35.85273210,3.38167831,3.55268916
36.96655965,4.72549040,3.83250730
33.49450817,3.38899368,3.29861643
37.04945921,3.05470062,3.55610698
37.04962531,3.05475037,3.55612194
37.04959570,3.05454304,3.55608077
37.04943358,3.05490125,3.55614509
25.79574510,3.44710900,4.15686864
25.85851699,3.32148296,4.06127368
28.86133757,6.34735421,4.01447382
28.43457968,5.67603104,3.94490426
27.10283912,4.14281663,3.86997648
30.15130878,7.56876649,4.02377014
29.89870589,7.38926717,4.03273169
28.19036931,5.25693568,3.89245365
30.15667492,7.77430428,4.06658662
27.39477081,4.53109287,3.90334570
29.28877471,7.01174966,4.07710143
25.96275606,3.45291948,4.06691197
25.95557075,3.33066352,4.01627926
26.05022768,3.34294426,3.97680739
25.95050287,3.21005055,3.96656244
27.56310531,4.86330341,3.95582829
30.34898728,8.06532938,4.09206598
31.15067865,10.22838706,4.37776511
31.28585559,10.29811906,4.36405731
31.21811877,9.90251386,4.29961509
26.10790083,3.48204645,4.00879556
26.07734843,3.61785871,4.08221725
30.70382400,8.64461143,4.14612104
26.81711294,4.12408845,3.96353052
26.95914531,4.11041901,3.90745893
26.70134985,4.03552056,3.97538470
27.87722584,5.22066242,3.96938152
28.03203249,5.21229016,3.92243504
27.74948913,5.11590164,3.97627291
29.58404844,7.36590800,4.09356605
29.74150302,7.35522509,4.05700002
26.49115625,3.76791934,3.95789859
31.12517241,10.06208979,4.34904857
28.91971282,6.55489486,4.05316491
30.83897229,8.89262427,4.17142136
28.64071006,6.10229798,4.00627133
28.63098509,6.02956838,3.98945772
30.55419448,8.55086605,4.15428870
37.04918224,3.05504502,3.55616498
37.04918423,3.05531695,3.55621781
37.04943152,3.05516826,3.55619683
37.04924763,3.05476940,3.55611358
37.04894762,3.05484844,3.55611936
37.04942427,3.05548666,3.55625838
37.04856071,3.05494005,3.55612485
37.04937441,3.05587049,3.55633127
37.04807836,3.05504347,3.55612965
37.04933084,3.05637662,3.55642810
37.04746666,3.05518224,3.55613729
37.04928503,3.05701096,3.55654974
37.04666567,3.05537157,3.55614892
37.04924574,3.05780141,3.55670191
37.04562617,3.05561273,3.55616337
37.04916683,3.05880243,3.55689371
37.04886734,3.06360201,3.55781622
37.04907951,3.06006475,3.55713600
37.04255392,3.05621312,3.55618590
37.04427984,3.05584685,3.55616730
37.04049813,3.05671725,3.55622237
37.04858797,3.06899693,3.55885566
37.04859185,3.07713358,3.56043743
37.04830336,3.07271601,3.55956987
37.03780475,3.05737649,3.55627184
37.04898039,3.06164937,3.55744055
37.03436112,3.05808325,3.55631191
37.02997327,3.05891423,3.55635520
37.02465622,3.05999004,3.55643069
37.04753503,3.09689247,3.56425282
37.04796809,3.08888195,3.56270499
37.04831229,3.08226879,3.56142796
37.01800325,3.06136759,3.55654390
37.04610269,3.13247658,3.57115908
37.04660281,3.11833738,3.56841001
37.00968278,3.06301834,3.55668593
37.04721864,3.10664594,3.56614524
36.99931939,3.06518610,3.55690505
36.92637340,3.07992799,3.55865475
36.95035224,3.07482243,3.55800086
36.98652626,3.06782668,3.55719400
36.97011526,3.07085099,3.55751954
37.04576743,3.14958195,3.57449591
37.04481412,3.17052545,3.57857583
37.04409021,3.19568241,3.58349421
37.04402687,3.26016557,3.59614855
37.04344380,3.30074587,3.60410432
37.04422680,3.22551730,3.58935093
36.89391333,3.08680192,3.55950988
36.85443754,3.09419544,3.56027324
37.04276384,3.34839576,3.61343561
37.04127689,3.40553920,3.62458939
36.66158407,3.12667949,3.56119795
36.74288160,3.11583639,3.56186420
25.34232102,3.14197012,4.32240728
25.31343950,3.09790101,4.31681651
36.80426403,3.10265733,3.56087713
37.04176766,3.66281235,3.67385972
37.03413575,3.56183806,3.65479356
25.36412539,3.11049142,4.27446642
37.04000527,3.47468535,3.63802240
25.50767545,3.30910703,4.28489908
36.56362529,3.14375133,3.56028922
29.97437478,7.52667899,4.04811438
30.85304896,9.24482029,4.23849491
30.85589076,9.38131642,4.26530003
36.30294752,3.18342285,3.55204669
37.07118047,4.25665420,3.77314422
37.12238175,4.60940238,3.81798025
35.95193342,3.21274033,3.52766756
37.18894700,4.97091572,3.86125692
35.56983101,3.20872948,3.48684819
25.53119016,3.14156901,4.16421356
25.43391973,3.12585661,4.22522802
37.21881786,5.15734308,3.88345119
37.24972015,5.34641649,3.90599507
37.51646495,6.85814331,4.09631598
37.54955689,7.04794530,4.12072933
37.31538600,5.72617218,3.95187310
33.00414870,3.21938575,3.21687742
37.41679853,6.29244912,4.02320136
34.78698518,3.21662509,3.39885063
29.96961720,3.22043520,3.09841064
29.76948294,3.22023876,3.10799278
27.79106088,3.21472146,3.38487408
27.98607347,3.21541933,3.34208573
27.59685039,3.21395222,3.43061029
27.40345538,3.21302896,3.47906966
34.19049577,3.21763392,3.33274164
33.99204679,3.21794232,3.31182809
30.57103021,3.22034811,3.08676448
37.48328613,6.66891120,4.07184226
28.37818618,3.21672673,3.26615352
28.18178626,3.21606332,3.30246991
37.28231402,5.53640380,3.92879495
37.34962004,5.91545402,3.97530667
27.21093539,3.21181857,3.53009554
27.01947510,3.21017266,3.58356743
31.38378593,3.21778666,3.10494061
31.17897263,3.21853418,3.09722333
33.79405924,3.21820015,3.29154723
33.59602111,3.21783861,3.27173681
32.00309420,3.21694754,3.13863322
32.20755756,3.21913189,3.15303627
36.44721995,3.16491390,3.55809843
37.04288652,3.78764875,3.69681288
37.04183776,3.92829154,3.72160665
26.11584546,3.20361403,3.89090392
26.34840815,3.72650148,4.00133337
25.78769841,3.18265795,4.03460050
26.28754002,3.20529159,3.82295929
26.46024979,3.19955090,3.75758661
37.58274644,7.23838782,4.14497107
37.05335191,4.08726058,3.74777963
36.13566583,3.20166726,3.54229602
37.09531308,4.43208602,3.79623225
35.18218733,3.21368720,3.44383305
34.98514423,3.21547172,3.42142305
28.97151966,3.21863040,3.17796615
29.17044858,3.21915805,3.15553248
28.77315121,3.21802329,3.20391450
29.36980495,3.21960428,3.13645175
33.20138221,3.21838879,3.23440202
33.39850356,3.21866955,3.25285386
32.80676356,3.21984450,3.19993570
35.37743185,3.21134098,3.46577207
29.56950004,3.21996228,3.12065300
30.16988172,3.22055789,3.09184530
34.38938841,3.21743418,3.35430864
32.40908289,3.22113595,3.16827865
31.79653685,3.21626913,3.12567509
31.58972414,3.21685433,3.11443870
27.46714964,4.82020266,3.97290571
29.19239199,6.96169976,4.08799596
29.11454169,6.86430984,4.08288688
26.21754063,3.73162749,4.06280664
37.45015855,6.48041085,4.04743902
26.64265234,3.20419489,3.69740907
32.60850948,3.22096281,3.18383300
30.37026248,3.22058430,3.08799576
30.77261116,3.21980231,3.08799030
30.87800911,9.10722012,4.20665576
30.97524278,3.21915455,3.09150632
26.82960052,3.20763815,3.63936018
37.38320446,6.10438543,3.99915507
26.57615750,3.98635197,4.00694034
28.57532911,3.21739189,3.23329381
28.86256994,6.44551210,4.03944660
28.76941234,6.30344730,4.02621218
28.44419493,5.77061141,3.96816728
27.23852732,4.40060655,3.91115469
30.88517600,9.47843858,4.27916533
29.45652349,7.26309988,4.09836765
30.72934044,8.81709932,4.17596618
29.99852351,7.67065634,4.07488902
30.18510375,7.96107027,4.10107212
37.04868371,3.06600723,3.55827772
35.75930865,3.20579858,3.50670942
37.16018701,4.78797924,3.83938315
34.58829777,3.21717469,3.37639998
31.05923245,10.32449883,4.41926074
27.38860955,4.75242083,3.97685722
27.37365450,4.65506380,3.95010908
27.57520449,4.96022732,3.98257335
27.60944892,5.05602671,4.00182576
29.28381059,7.11376009,4.10321893
29.31829602,7.20780829,4.11787507
28.98781016,6.65094047,4.06058563
28.69437163,6.20523226,4.01967686
28.57523575,5.97994111,3.99057484
28.34448789,5.63715408,3.95783716
28.27235725,5.56034638,3.95578184
37.04965983,3.05499211,3.55616994
37.04969995,3.05527308,3.55622573
37.04911169,3.05454718,3.55606613
37.04877531,3.05455005,3.55605598
37.04938236,3.05454487,3.55607431
37.04980984,3.05604258,3.55637853
37.04974865,3.05561408,3.55629344
37.04835412,3.05455364,3.55604330
37.05010682,3.05812206,3.55679143
37.04781333,3.05455824,3.55602707
37.04998420,3.05726352,3.55662095
37.04988691,3.05658223,3.55648568
37.04711258,3.05456418,3.55600612
37.05070204,3.06228947,3.55761887
37.04352000,3.05459435,3.55590038
37.04620562,3.05457184,3.55597917
37.04503293,3.05458170,3.55594457
37.05045713,3.06057486,3.55727844
37.05026178,3.05920706,3.55700686
37.05100585,3.06441639,3.55804115
37.04157917,3.05461047,3.55584447
37.03911442,3.05463076,3.55577479
37.03601814,3.05465601,3.55568951
37.05183545,3.07022341,3.55919402
37.05137890,3.06702781,3.55855961
37.03215014,3.05468723,3.55558681
37.02732402,3.05472578,3.55546521
37.05239511,3.07414031,3.55997158
37.05308070,3.07893776,3.56092386
37.05770225,3.11125489,3.56733578
37.02130504,3.05477337,3.55532434
37.05391947,3.08480600,3.56208856
37.05494284,3.09196400,3.56350903
37.01379863,3.05483115,3.55516041
37.00443734,3.05489995,3.55497086
36.99276347,3.05497951,3.55475409
37.05618840,3.10067344,3.56523700
37.06760951,3.18038199,3.58102369
37.06176997,3.13966389,3.57296654
37.05954101,3.12410114,3.56988274
36.97820564,3.05506816,3.55450607
36.96004782,3.05516249,3.55421424
36.90908832,3.05533810,3.55340956
37.06444163,3.15830297,3.57665698
36.93739034,3.05525487,3.55386481
25.22824208,3.05449995,4.40022258
25.23255567,3.06961303,4.42251851
25.24637967,3.08524774,4.41379375
25.21935316,3.05450145,4.43341949
37.07135755,3.20647160,3.58617571
25.25384498,3.08110367,4.38641580
37.07579540,3.23731311,3.59225321
37.08730354,3.31700919,3.60787666
37.08105848,3.27381403,3.59942473
36.82931488,3.05539211,3.55184578
36.87366189,3.05539369,3.55277825
25.24618415,3.05435788,4.36345810
25.27588276,3.05401262,4.32161274
36.77407673,3.05529561,3.55042087
36.61972157,3.05453976,3.54463895
37.09472641,3.36817165,3.61783008
25.31981077,3.05340234,4.27436655
36.70551881,3.05504642,3.54818843
37.10362216,3.42920455,3.62960781
37.11444523,3.50300418,3.64368468
37.16467964,3.83762742,3.70438545
25.38160640,3.05247848,4.22038362
25.70696358,3.04830666,4.01488523
36.37577025,3.05238463,3.53025499
37.24171673,4.31962668,3.77811439
37.30167569,4.67153197,3.82082190
26.35307531,3.04394522,3.73829870
26.17907835,3.04425890,3.80286453
25.46601826,3.05119373,4.15815366
37.39746059,5.22398227,3.88522730
35.85759592,3.04672054,3.48367408
37.59740450,6.35883957,4.02290613
37.56410122,6.17099500,3.99912242
26.72004712,3.04516734,3.61689741
37.66437336,6.73574936,4.07101663
37.63080866,6.54693483,4.04689740
37.49735413,5.79305211,3.95236726
37.73183172,7.11521722,4.11902912
35.28397671,3.04686754,3.42003816
33.89639781,3.04935055,3.26494423
26.53397525,3.04447989,3.67640519
26.90975852,3.04596818,3.55972576
34.09462152,3.04894685,3.28557915
34.29356299,3.04857272,3.30691527
34.69159499,3.04788753,3.35134647
32.51178448,3.05263785,3.13839162
30.06839132,3.05382223,3.05056469
30.26932147,3.05376701,3.04603422
28.07426756,3.05062957,3.27154689
28.27129740,3.05118171,3.23400418
27.68258313,3.04933056,3.35633876
27.48798675,3.04852942,3.40322243
29.46627251,3.05369091,3.08193119
29.26599094,3.05346132,3.09872056
28.66750308,3.05225449,3.16941325
28.46906695,3.05173442,3.19994737
31.28274256,3.05400770,3.06145964
31.07819672,3.05396673,3.05389525
30.87461301,3.05387945,3.04839964
30.67206900,3.05379912,3.04514601
36.21697385,3.05072511,3.51793701
37.12780545,3.59334039,3.66062548
37.18794314,3.98745335,3.72935813
37.21385026,4.15002562,3.75447275
37.27124839,4.49389991,3.79965550
36.04171315,3.04854616,3.50210382
37.33281357,4.85213066,3.84202483
35.47782218,3.04628171,3.44223107
35.66911881,3.04611092,3.46355241
25.85453445,3.04692780,3.94140549
35.08788304,3.04728025,3.39723392
37.53078310,5.98261309,3.97558693
27.10141092,3.04681088,3.50502217
27.29423894,3.04767814,3.45282469
29.06604441,3.05313920,3.11882054
29.66681403,3.05383415,3.06836674
34.49264178,3.04821726,3.32886703
32.90845853,3.05177418,3.17134501
33.10553029,3.05129236,3.18877141
33.30307785,3.05078377,3.20687767
32.71059762,3.05222135,3.15453343
27.87801615,3.05004186,3.31237603
30.47043537,3.05375258,3.04427640
37.43064282,5.41358262,3.90731058
37.46402239,5.60368179,3.92968876
31.48830871,3.05396348,3.07086115
34.89018349,3.04759252,3.37422417
31.69500858,3.05382914,3.08194285
37.69807717,6.92529683,4.09512383
26.01289714,3.04540897,3.87040581
33.50001969,3.05028288,3.22554131
33.69834672,3.04979949,3.24494910
29.86754079,3.05386861,3.05790903
32.10844368,3.05335123,3.10830238
32.31153233,3.05301868,3.12297206
28.86651701,3.05272641,3.14233527
31.90228982,3.05362364,3.09452358
36.51089101,3.05366534,3.53898091
37.76571386,7.30608266,4.14265731
37.14453444,3.70513886,3.68106434
37.36474072,5.03624136,3.86344523
25.57559058,3.04959942,4.08830597
37.05031292,3.05528474,3.56424551
37.05027120,3.05495137,3.56425593
37.05014799,3.05491309,3.56270419
37.05024141,3.05471324,3.56426342
37.05011894,3.05467487,3.56271144
37.04999645,3.05464867,3.56115921
37.04975534,3.05458512,3.55810382
37.04978518,3.05482325,3.55809659
37.04984368,3.05483867,3.55883788
37.05042404,3.05531404,3.56565384
37.05038233,3.05498066,3.56566421
37.04989248,3.05462127,3.55984169
37.04992232,3.05485940,3.55983449
37.05002629,3.05488681,3.56115209
37.05035253,3.05474254,3.56567163
37.05046872,3.05500343,3.56675899
37.05043892,3.05476531,3.56676632
37.05052919,3.05501938,3.56752536
37.04971122,3.05457349,3.55754470
37.04967725,3.05456454,3.55711416
37.04970741,3.05480275,3.55711100
37.04965090,3.05455759,3.55678026
37.04968161,3.05479594,3.55678398
37.04963015,3.05455212,3.55651728
37.05063513,3.05504730,3.56886793
37.05062371,3.05481402,3.56910810
37.05060367,3.05480873,3.56885405
37.05060873,3.05504034,3.56853334
37.05057819,3.05480202,3.56853124
37.05054440,3.05479311,3.56810302
37.05057441,3.05503130,3.56809849
37.05049936,3.05478124,3.56753227
37.04974112,3.05481163,3.55753824
37.05018974,3.05524647,3.56269396
37.05024818,3.05571321,3.56267964
37.05037134,3.05575147,3.56423104
37.04981384,3.05460054,3.55884515
37.05012652,3.05568692,3.56112788
37.05006805,3.05522019,3.56114205
37.04996409,3.05519278,3.55982442
37.04988545,3.05517205,3.55882777
37.04978313,3.05514507,3.55753097
37.04982700,3.05515663,3.55808693
37.05061667,3.05536482,3.56809513
37.05057104,3.05535279,3.56751687
37.05051045,3.05533682,3.56674888
37.04994396,3.05563878,3.55881395
37.05062983,3.05581963,3.56750744
37.05056894,3.05580357,3.56673568
37.05048246,3.05578077,3.56563944
37.04988564,3.05562340,3.55807476
37.05002257,3.05565951,3.55981031
37.05020837,3.05634034,3.56110797
37.05065099,3.05645707,3.56671899
37.05045314,3.05640490,3.56421093
37.05056430,3.05643421,3.56562006
37.05033000,3.05636663,3.56265959
37.05002596,3.05629223,3.55879555
37.05010446,3.05631294,3.55979072
37.05021917,3.05722774,3.55976391
37.05032298,3.05725514,3.56108022
37.05067900,3.05734905,3.56559431
37.05044457,3.05728143,3.56263158
37.05056772,3.05731970,3.56418333
37.05060502,3.05856215,3.56259284
37.05083557,3.05772821,3.56701434
37.05099150,3.05835334,3.56801460
37.05088437,3.05748383,3.56806346
37.05076332,3.05676542,3.56767685
37.05068654,3.05577881,3.56831946
37.05065609,3.05537459,3.56859583
37.05098169,3.05887665,3.56700999
37.05113146,3.05955548,3.56783975
37.05086492,3.05862307,3.56590192
37.05106796,3.06003364,3.56620552
37.05129551,3.06102254,3.56753727
37.05125071,3.06155736,3.56605309
37.05088261,3.05940190,3.56483014
37.05149078,3.06277802,3.56716100
37.05106173,3.06091353,3.56464997
37.05133764,3.06303903,3.56471168
37.05157261,3.06559218,3.56351719
37.05174315,3.06513487,3.56652605
37.05083311,3.05983455,3.56345580
37.05065591,3.05499760,3.56922354
37.05065528,3.05508077,3.56907625
37.05068322,3.05521600,3.56921667
37.04963113,3.05468344,3.55631029
37.04961249,3.05454747,3.55629351
37.05077810,3.05591618,3.56929077
37.05076011,3.05593805,3.56901816
37.05082150,3.05633622,3.56915775
37.05072677,3.05557842,3.56918212
37.04979736,3.05579451,3.55663025
37.04986907,3.05617163,3.55693938
37.05083575,3.05680379,3.56856290
37.05097777,3.05767636,3.56896690
37.05117097,3.06328113,3.56211600
37.05100315,3.06145815,3.56296809
37.05072157,3.05992472,3.56184030
37.05067843,3.05532894,3.56896502
37.05071107,3.05568731,3.56879408
37.05075917,3.05613549,3.56867575
37.05073800,3.05628142,3.56815416
37.05090183,3.05691809,3.56923871
37.05050942,3.05868478,3.56113273
37.05084064,3.06138028,3.56096433
37.05053996,3.05956503,3.56005883
37.05065024,3.06107361,3.55897801
37.05037978,3.05821690,3.56021493
37.05032450,3.05843285,3.55912767
37.05113040,3.05883347,3.56903416
37.05074383,3.05827919,3.56488833
37.05094409,3.06298094,3.55963875
37.05130131,3.06017194,3.56903760
37.05151065,3.06182641,3.56901636
37.05072645,3.05867950,3.56399009
37.05130335,3.06526385,3.56052870
37.05211237,3.06849903,3.56573513
37.05212580,3.06669467,3.56894010
37.05174317,3.06806350,3.56161036
37.05178115,3.06394776,3.56901577
37.05258139,3.07014106,3.56914835
37.05261814,3.07209390,3.56635106
37.05309449,3.07408009,3.56928425
37.04971006,3.05503968,3.55674914
37.04976791,3.05531900,3.55704016
37.04968948,3.05506890,3.55643029
37.04974667,3.05541468,3.55660142
37.04980731,3.05570140,3.55691665
37.04985046,3.05576670,3.55737340
37.05014167,3.05740336,3.55845295
37.05040902,3.05953852,3.55838419
37.04965581,3.05487084,3.55632023
37.04966730,3.05483681,3.55652800
37.04995906,3.05680779,3.55705452
37.05006413,3.05741343,3.55741864
37.05022052,3.05837770,3.55785532
37.04997255,3.05650615,3.55773665
37.05228156,3.07149375,3.56292942
37.05298890,3.07594777,3.56475106
37.05374000,3.07911822,3.56931291
37.05366088,3.08096674,3.56515452
37.05457562,3.08602392,3.56869617
37.05584636,3.09483452,3.57060268
37.05719829,3.10438193,3.57232987
37.05858205,3.11406433,3.57424201
37.75447464,7.23975983,4.14762885
