X,Y,Z
25.8887,3.92266,4.56908
25.867,3.94012,4.48505
25.7248,3.74766,4.48147
25.5228,3.4724,4.47571
25.5397,3.4584,4.55097
25.6321,3.57935,4.55871
25.6127,3.59517,4.47836
25.7458,3.73066,4.56475
25.4507,3.37384,4.47352
25.4648,3.36207,4.54188
25.3931,3.29484,4.47172
25.4042,3.2854,4.53205
25.3469,3.23151,4.47026
25.3554,3.22427,4.52221
25.3099,3.18074,4.46908
25.3164,3.17548,4.51302
25.2854,3.13652,4.50484
25.2803,3.14003,4.46812
25.2565,3.10737,4.46736
25.2607,3.1054,4.49766
25.2407,3.08025,4.49111
25.2372,3.08091,4.46673
25.2179,3.0544,4.46611
26.1317,4.10532,4.65839
26.0632,4.15775,4.57165
25.9579,3.8699,4.65735
25.6953,3.53121,4.64578
25.5961,3.41536,4.63481
26.4452,4.28638,4.73496
26.3292,4.37514,4.65657
26.2521,4.01379,4.73879
25.9334,3.58883,4.73624
26.0799,3.77767,4.73938
25.8133,3.67924,4.65324
26.8176,4.45162,4.79758
26.6506,4.57982,4.72842
26.621,4.1521,4.80562
26.4343,3.87548,4.81082
27.0596,4.26586,4.85674
27.2485,4.58839,4.84671
27.0204,4.76403,4.78783
27.4429,4.92003,4.83572
37.0246,3.09426,3.58725
37.0273,3.10581,3.5892
37.017,3.10122,3.59119
35.4667,4.57119,4.13655
35.634,4.61558,4.11612
35.5207,4.7187,4.14738
35.7794,4.50601,4.07869
35.7962,4.69142,4.10061
35.3706,4.73279,4.17274
35.1867,4.73716,4.20208
34.9857,4.74141,4.23398
35.0854,4.57498,4.19683
35.5947,4.40644,4.09445
35.6464,4.79981,4.13823
34.8826,4.57305,4.22819
34.497,4.5697,4.28701
34.3133,4.56393,4.31392
34.4085,4.38549,4.27651
35.2794,4.56889,4.16565
34.9818,4.40174,4.19017
34.5941,4.39351,4.24924
35.7783,4.34867,4.05748
35.9266,4.40203,4.04127
35.3737,4.39681,4.128
34.6923,4.5703,4.25725
34.7873,4.39558,4.21967
35.1757,4.39828,4.15933
36.0991,4.16971,3.97976
36.2543,4.15097,3.95125
36.221,4.3256,3.98306
35.9817,4.03264,3.97769
36.1874,3.99377,3.93724
35.9433,4.58076,4.06277
36.0842,4.46903,4.02525
34.0242,4.39525,4.33499
33.8305,4.39814,4.36329
33.921,4.21991,4.32685
34.1119,4.21564,4.2982
34.5018,4.21135,4.23867
35.2742,4.22903,4.12045
35.076,4.22547,4.1512
34.885,4.22292,4.18082
30.6864,4.34485,4.73569
30.4896,4.33249,4.75367
30.5945,4.16748,4.72732
28.8274,4.20855,4.87198
28.9569,4.15217,4.86197
28.9836,4.29741,4.86763
28.7282,4.13936,4.87403
28.8241,4.04024,4.86373
28.9736,4.47455,4.87491
28.8141,4.37447,4.87888
29.1251,4.1755,4.85282
29.202,4.38859,4.85949
29.4524,4.34419,4.84109
29.3382,4.1796,4.83854
35.901,4.22097,4.01959
36.0465,4.31741,4.0102
35.6852,4.22434,4.05461
34.6913,4.21789,4.21031
34.3063,4.21245,4.26862
34.2131,4.38871,4.3063
29.5528,4.16702,4.82152
36.1073,4.66935,4.04859
30.7934,4.17824,4.70816
30.3897,4.16247,4.74706
30.286,4.32663,4.77218
30.1813,4.16126,4.7668
35.4825,4.23955,4.089
29.8698,4.32697,4.80835
29.9719,4.16191,4.78595
30.0784,4.32567,4.79064
29.7623,4.16389,4.80425
28.3167,4.21522,4.89274
28.1517,4.1753,4.89604
28.2248,4.0383,4.89168
28.0298,4.22998,4.89803
28.0336,4.05075,4.8969
35.379,4.06607,4.08007
32.1879,4.24442,4.55887
31.9923,4.23138,4.5807
32.0962,4.06648,4.54796
34.9811,4.04886,4.14064
35.1771,4.05683,4.11079
32.5601,4.25564,4.51455
32.379,4.2554,4.53693
32.4659,4.0749,4.50349
31.3933,4.20615,4.6467
31.2003,4.19149,4.66634
31.3068,4.02509,4.63508
30.9974,4.18417,4.68739
31.1083,4.01417,4.65588
30.699,4.00319,4.69863
34.5963,4.03912,4.19949
29.2341,4.00938,4.83394
29.4439,4.00506,4.8172
33.729,4.22241,4.35482
33.6231,4.05011,4.34624
33.8163,4.04365,4.31761
30.2845,3.99772,4.7403
30.4933,3.99884,4.71944
31.7913,4.21772,4.60269
31.9026,4.0569,4.57
31.6038,4.21415,4.62388
31.7008,4.04161,4.5919
28.4761,4.33609,4.89036
28.4911,4.17195,4.88595
28.6574,4.24783,4.88158
28.4003,4.03506,4.88512
28.615,4.05082,4.87583
28.6329,4.44037,4.88741
28.7879,4.55859,4.88464
33.228,4.06699,4.40331
33.1346,4.24383,4.43924
33.0357,4.06665,4.42903
32.9466,4.24535,4.46409
32.8427,4.07151,4.455
33.531,4.22514,4.38303
33.3427,4.22956,4.40949
33.4274,4.05296,4.37408
34.0042,4.03616,4.28902
30.8996,4.01251,4.67839
30.0746,3.99798,4.76069
29.654,4.00166,4.79931
29.8643,3.99929,4.78042
29.0246,4.01464,4.84932
34.202,4.04177,4.26027
34.7888,4.04463,4.17027
36.2575,4.55093,4.00857
35.7802,4.05463,4.01396
35.5723,4.06291,4.04871
34.3993,4.03945,4.22993
32.2865,4.07498,4.52578
36.2804,4.75858,4.0329
32.7528,4.25018,4.48959
31.5032,4.04095,4.61472
36.7184,3.41782,3.73236
36.7764,3.38818,3.71393
36.8058,3.45017,3.72073
36.821,3.39494,3.70574
36.4476,3.76686,3.85268
36.3956,3.64612,3.83986
36.5455,3.6561,3.81396
36.3099,3.63252,3.85288
36.3247,3.55397,3.83556
36.4333,4.63729,3.99179
32.3724,3.8944,4.49108
32.1937,3.89496,4.51342
35.2797,3.89009,4.06912
32.6499,4.07551,4.48032
32.5543,3.89486,4.46814
31.4127,3.85989,4.60214
33.1268,3.88991,4.39232
32.741,3.89568,4.44422
30.8032,3.83941,4.66792
28.706,3.85866,4.86024
28.9149,3.85296,4.8457
34.6917,3.86814,4.15915
34.886,3.87268,4.12922
35.0825,3.88088,4.09925
33.5164,3.87861,4.33687
29.5452,3.84008,4.79366
29.3347,3.84355,4.8122
30.1775,3.83481,4.73296
30.3876,3.83464,4.71149
36.2041,3.83158,3.90708
36.0534,3.86533,3.93847
28.1115,3.8735,4.89096
28.1372,4.34988,4.89697
28.3076,4.42087,4.89498
36.393,4.22288,3.9392
36.3707,4.04334,3.9143
30.5967,3.83569,4.68967
29.1246,3.84789,4.82962
34.2964,3.86805,4.2204
34.102,3.8669,4.24971
34.4939,3.8677,4.18994
31.2119,3.85057,4.6239
31.811,3.88189,4.5582
31.0051,3.84742,4.64672
36.4089,4.43262,3.96739
28.4979,3.8649,4.87298
28.3009,3.87027,4.88317
35.8656,3.8786,3.97202
35.6699,3.88743,4.00559
32.9329,3.89284,4.41868
29.9668,3.83574,4.75389
33.9029,3.86469,4.27903
29.756,3.83747,4.77418
33.71,3.87155,4.3082
32.0034,3.88879,4.5359
31.6059,3.86941,4.58086
37.0483,3.06241,3.57197
37.0466,3.06285,3.57266
37.047,3.06118,3.57212
37.0454,3.06308,3.57312
37.0452,3.06161,3.5728
37.0458,3.0644,3.5733
37.0446,3.06566,3.57401
37.0439,3.06344,3.57369
37.0444,3.06761,3.57456
37.0467,3.06691,3.57361
37.0457,3.07052,3.57483
37.027,3.07952,3.58297
37.0287,3.08666,3.58415
37.0209,3.08394,3.5859
37.0318,3.09261,3.58464
37.0136,3.08995,3.58951
36.9543,3.27708,3.64898
36.9336,3.28447,3.65576
36.9247,3.24252,3.64849
36.9111,3.28559,3.66141
36.9264,3.30928,3.66303
36.8997,3.31901,3.6715
36.8601,3.32861,3.68274
36.8735,3.27527,3.66797
36.8943,3.36903,3.68375
36.8498,3.37145,3.69435
36.8071,3.34224,3.69749
36.7331,3.32867,3.71058
36.657,3.35871,3.73279
36.6594,3.27402,3.71463
36.6574,3.41534,3.74439
36.6023,3.3981,3.75199
36.583,3.3113,3.73812
36.5609,3.45118,3.77092
36.4986,3.36782,3.76643
36.489,3.46817,3.78824
36.5604,3.53457,3.78757
36.6576,3.48377,3.7583
36.4496,3.54582,3.81085
36.2198,3.60249,3.86353
36.7604,3.93388,3.8254
36.6755,4.02314,3.85712
36.6553,3.89667,3.83833
36.8768,3.87128,3.79099
36.8656,4.06772,3.82935
36.1293,3.709,3.89861
36.047,3.52446,3.87999
36.2958,3.72176,3.87168
36.5947,3.79536,3.83099
36.3361,3.87618,3.89193
28.0553,4.50373,4.89537
27.9156,4.39933,4.89599
27.9497,4.58567,4.89183
36.5172,3.92721,3.8689
27.9559,3.87653,4.8958
27.9937,3.71746,4.89033
28.1746,4.50689,4.89574
27.886,4.1825,4.89881
27.8478,3.99266,4.89921
37.0049,3.09718,3.59378
36.9638,3.14711,3.61683
36.9466,3.15619,3.62339
36.9484,3.13165,3.61728
36.9714,3.1686,3.61978
36.8679,3.21842,3.65668
36.8265,3.24557,3.67223
36.8307,3.29585,3.68224
36.7837,3.27888,3.68902
36.7463,3.49308,3.74215
36.7421,3.56906,3.75855
36.6572,3.59983,3.7816
32.4597,3.71431,4.4548
32.279,3.71422,4.47766
31.909,3.71139,4.52304
35.7583,3.71615,3.96292
35.4727,3.89165,4.03828
35.1827,3.71239,4.05675
33.3172,3.8871,4.36592
33.0241,3.71477,4.3809
32.6442,3.71521,4.43119
34.5897,3.69709,4.14887
34.3919,3.69606,4.17954
34.1959,3.69447,4.20941
29.6471,3.67622,4.76736
29.436,3.67891,4.78744
30.0695,3.67287,4.72506
30.2803,3.67208,4.7031
33.408,3.70938,4.32727
33.6033,3.70131,4.29828
29.0151,3.68645,4.82473
28.8055,3.69108,4.84153
34.9864,3.70518,4.0872
34.7884,3.69873,4.11776
31.3153,3.68649,4.59028
31.5155,3.69279,4.56769
30.6998,3.67284,4.65807
30.9068,3.67594,4.6355
27.6682,3.96654,4.90003
27.7254,4.13172,4.89865
36.5388,4.11755,3.89746
35.3749,3.71626,4.02616
36.5869,4.51629,3.94941
36.6176,4.71243,3.97162
28.1915,3.70754,4.88129
33.216,3.71118,4.35424
28.3888,3.70191,4.87031
31.7161,3.70761,4.54585
31.1097,3.68269,4.61344
30.4905,3.67195,4.68071
28.5968,3.69624,4.8568
29.2253,3.68235,4.80663
33.999,3.69522,4.23928
33.7989,3.69548,4.26899
36.561,4.3141,3.92459
35.9459,3.70567,3.92952
35.5701,3.72105,3.99495
29.8584,3.67423,4.74651
32.0998,3.71539,4.50017
32.8326,3.71599,4.40663
37.0461,3.06013,3.57216
37.0461,3.05876,3.57182
37.0474,3.05944,3.57155
37.0424,3.07156,3.57616
37.0429,3.0689,3.57535
37.0401,3.07173,3.57695
37.0399,3.06878,3.57629
37.0409,3.0745,3.57735
37.0382,3.07685,3.57881
37.0372,3.07197,3.57794
37.0289,3.06886,3.57979
37.0265,3.07346,3.58166
37.0226,3.06775,3.58147
37.0333,3.06944,3.57856
37.0325,3.07541,3.58024
37.0431,3.07994,3.57799
37.0372,3.08176,3.5803
37.0322,3.08214,3.58199
37.0352,3.08775,3.58239
37.042,3.08721,3.58009
37.0394,3.09571,3.58301
37.0147,3.07803,3.58633
37.0145,3.08343,3.58768
37.0089,3.08179,3.58897
37.021,3.07552,3.58382
37.0322,3.09903,3.58606
37.0378,3.10629,3.58606
37.0074,3.07282,3.58727
37.0151,3.07005,3.58432
37.0044,3.08727,3.59159
36.9983,3.07805,3.59116
37.0196,3.11273,3.59319
37.0327,3.11898,3.59073
36.9962,3.08939,3.59446
36.9964,3.09741,3.5963
36.9877,3.09458,3.59807
37.0094,3.11717,3.59725
37.0095,3.10713,3.59483
36.9965,3.10737,3.59863
36.9856,3.08153,3.5956
37.0193,3.12466,3.59613
37.0109,3.12605,3.59892
37.0302,3.13609,3.5956
36.9685,3.10547,3.60592
36.9685,3.11627,3.60844
36.9562,3.11374,3.61112
36.9811,3.10267,3.60181
36.9815,3.11723,3.60511
37.0142,3.13556,3.60021
37.0014,3.14403,3.60587
37.0002,3.12602,3.60197
37.0226,3.15571,3.60254
36.9527,3.0941,3.6075
36.9714,3.08874,3.60121
36.9314,3.10657,3.61593
36.983,3.14972,3.6123
36.9871,3.13318,3.60732
37.0013,3.16323,3.61041
36.9874,3.16586,3.61485
36.9694,3.12943,3.61125
36.9941,3.18216,3.61685
36.9763,3.19778,3.62524
36.9531,3.21411,3.63499
36.9565,3.2353,3.63896
36.9501,3.1833,3.62872
36.9783,3.22786,3.63165
37.0088,3.21261,3.61989
37.0057,3.25202,3.62994
36.9692,3.25548,3.64032
36.9534,3.31002,3.65663
36.9927,3.29488,3.64327
36.9845,3.35097,3.65812
36.9307,3.19971,3.63733
36.9235,3.17045,3.63248
36.9002,3.1912,3.64291
36.9342,3.34737,3.66965
36.9512,3.42366,3.68247
36.8904,3.4911,3.711
36.8688,3.41668,3.69986
36.8214,3.54287,3.73679
36.9274,3.59698,3.72524
36.8226,3.64133,3.75671
36.738,3.65199,3.77599
36.7927,3.73712,3.78186
36.7266,3.82182,3.81106
36.6762,3.71114,3.79963
27.7828,4.59878,4.88607
27.7353,4.44608,4.89058
27.6174,4.24074,4.89414
27.6005,4.38455,4.88806
27.4492,4.28039,4.88594
27.7493,4.29773,4.89569
27.5565,4.11418,4.89622
37.0448,3.05964,3.57247
37.0422,3.06592,3.57486
37.0432,3.06091,3.5733
37.0413,3.06246,3.57431
37.0389,3.06437,3.57554
37.036,3.06674,3.57705
36.9238,3.13782,3.62499
36.8968,3.15108,3.63471
36.8642,3.16831,3.64642
36.824,3.18874,3.66032
36.779,3.21359,3.67593
36.7253,3.24415,3.6943
36.3706,3.42595,3.80255
32.5484,3.53466,4.41723
32.3657,3.53398,4.44061
35.4701,3.54301,3.98189
36.7722,4.59048,3.9281
31.8187,3.53866,4.50952
31.0098,3.51253,4.60167
30.8026,3.51012,4.62495
30.5933,3.50949,4.64831
30.383,3.50967,4.67146
32.9245,3.53667,4.36791
29.7494,3.51322,4.73869
29.538,3.51532,4.76008
36.7147,4.19652,3.87923
29.3267,3.51797,4.78078
29.116,3.52115,4.80061
35.0844,3.53603,4.04422
28.6965,3.52888,4.8369
28.488,3.53344,4.85294
34.687,3.5282,4.10688
34.4883,3.5257,4.13786
34.0928,3.52373,4.19864
34.2909,3.52363,4.16826
31.2134,3.51798,4.57885
31.4179,3.52172,4.55532
33.6941,3.52677,4.25853
33.4977,3.53097,4.28756
27.216,3.5813,4.9003
27.3904,3.6302,4.90114
27.2582,3.76673,4.89758
27.5125,3.53302,4.89958
27.5594,3.68474,4.90043
27.6714,3.55113,4.8963
27.5903,3.83404,4.90056
27.4346,3.80179,4.90011
27.7765,3.76726,4.898
36.2162,3.45703,3.83716
35.8384,3.53361,3.91797
35.655,3.54027,3.9504
36.7412,4.39567,3.90539
27.8682,3.54979,4.88941
30.1721,3.51039,4.69429
29.9609,3.51159,4.71672
32.7354,3.53583,4.39295
33.3064,3.53335,4.31501
33.1145,3.53548,4.34193
32.1849,3.53442,4.46355
32.0046,3.53629,4.48632
35.2776,3.53912,4.01313
27.4928,3.95769,4.89847
34.8873,3.53168,4.07542
28.9059,3.52479,4.81938
33.8943,3.52565,4.22881
28.0736,3.54391,4.8795
28.2803,3.53846,4.86724
31.6221,3.53053,4.53219
37.0496,3.05615,3.57003
37.0492,3.05588,3.57009
37.0497,3.05567,3.56988
37.0498,3.05652,3.57004
37.0492,3.05656,3.57026
26.0317,3.28751,4.8182
26.1155,3.18343,4.84547
26.1765,3.32472,4.83854
25.9534,3.18071,4.81834
27.3163,3.93724,4.89442
26.699,3.74513,4.86405
26.6944,3.62646,4.87291
26.8601,3.70716,4.88102
26.565,3.71593,4.85114
26.7638,3.37301,4.89205
26.6784,3.49171,4.88062
26.5806,3.37615,4.88025
26.521,3.55092,4.86141
37.0487,3.05605,3.5703
37.0485,3.05671,3.57052
37.0496,3.05717,3.57026
37.048,3.05632,3.57059
37.0488,3.05734,3.57057
37.048,3.05725,3.57082
37.0483,3.05822,3.57096
37.0472,3.05675,3.57096
37.0494,3.05806,3.57056
37.0472,3.05794,3.57125
37.0462,3.05724,3.57142
37.049,3.05916,3.57095
37.0486,3.06063,3.57143
37.0449,3.05785,3.572
37.0478,3.06442,3.57264
37.0432,3.05858,3.57271
37.0412,3.05947,3.57359
37.0451,3.07483,3.5761
37.0358,3.06203,3.57596
37.0389,3.06066,3.57464
37.0318,3.06424,3.57778
37.0271,3.0642,3.57924
36.9008,3.11457,3.62546
37.0193,3.18197,3.60974
36.8679,3.12424,3.63567
36.8303,3.13637,3.64729
36.4993,3.24255,3.74096
36.5903,3.2143,3.71653
36.786,3.15113,3.66073
36.733,3.16861,3.6764
36.9153,3.72563,3.75439
36.2452,3.30513,3.80278
36.6676,3.18716,3.69457
36.9682,3.51428,3.69828
35.9196,3.35178,3.87115
27.0133,3.55632,4.89595
27.0781,3.73747,4.89219
27.1315,3.91353,4.8871
26.9389,3.89775,4.87481
32.2715,3.35397,4.4259
32.0897,3.355,4.44904
32.4535,3.35416,4.40256
32.6388,3.35539,4.37857
36.9011,4.27965,3.85838
27.7617,3.38334,4.88759
27.9664,3.37872,4.87689
31.1122,3.34898,4.56673
32.8272,3.35654,4.35372
28.3797,3.37013,4.84874
28.588,3.36626,4.83193
33.7896,3.35616,4.21788
29.8518,3.35077,4.70807
30.0633,3.3493,4.68518
34.5859,3.35709,4.09547
34.3871,3.35432,4.12641
30.2746,3.34818,4.66194
30.4854,3.34742,4.63839
29.4287,3.35457,4.75247
29.2175,3.35695,4.77374
29.007,3.35968,4.79421
28.7971,3.36278,4.81367
34.9834,3.36213,4.03216
31.5214,3.35801,4.51938
36.3851,3.27784,3.77064
26.8263,3.52298,4.88873
26.9486,3.38267,4.89865
26.756,3.84813,4.86131
33.2057,3.357,4.30204
31.9076,3.35771,4.47215
31.7197,3.35966,4.49556
27.3804,4.10377,4.89073
35.3703,3.3646,3.96837
35.178,3.36309,4.00026
34.7853,3.36041,4.06407
33.591,3.35615,4.24703
34.1877,3.35365,4.15726
33.9883,3.35453,4.18784
27.6124,4.54915,4.88033
27.1444,3.39741,4.90147
36.0898,3.33056,3.83649
27.3681,3.42011,4.90049
35.5563,3.36276,3.93649
35.7365,3.35937,3.90477
30.9049,3.34731,4.59063
30.6956,3.34705,4.6146
31.3164,3.35337,4.54325
28.1725,3.37429,4.86383
27.5694,3.387,4.89519
36.9286,4.47042,3.88244
33.3974,3.35582,4.27485
29.6402,3.35251,4.73053
33.0156,3.35712,4.32832
37.0505,3.05499,3.56943
37.0504,3.05482,3.56942
37.0506,3.05482,3.56934
37.0505,3.0552,3.56949
37.0503,3.05504,3.56951
37.0495,3.05484,3.56973
37.0493,3.05513,3.56988
37.049,3.05484,3.56988
37.0493,3.05546,3.56994
37.0489,3.05539,3.57007
37.0505,3.05634,3.56975
37.0509,3.05655,3.56969
37.0503,3.05684,3.56994
37.0508,3.05604,3.56958
25.337,3.13935,4.58223
25.3491,3.10778,4.61355
25.3855,3.16749,4.60868
25.3086,3.14133,4.54508
25.2984,3.09885,4.57158
25.3484,3.18103,4.56117
25.3983,3.22828,4.58013
25.4191,3.12527,4.65338
25.4655,3.21554,4.64242
27.196,4.08741,4.88169
27.4448,4.47501,4.87427
27.6346,4.69796,4.87273
26.6193,3.82162,4.84739
25.6959,3.32707,4.71796
25.5683,3.23118,4.69255
25.6414,3.16886,4.73952
25.5378,3.30875,4.64638
37.0502,3.05532,3.56961
37.0504,3.05551,3.56958
37.0501,3.05564,3.56972
37.05,3.0551,3.56962
37.0499,3.05539,3.56972
37.0496,3.0552,3.56977
37.05,3.05605,3.56987
37.0504,3.05592,3.56969
37.0502,3.05634,3.56986
37.0482,3.05552,3.57033
37.0503,3.05769,3.57016
37.0474,3.05569,3.57063
37.0502,3.05869,3.57044
37.0464,3.05592,3.57101
37.0501,3.05998,3.57079
37.0452,3.05621,3.57148
37.0394,3.05746,3.57367
37.05,3.06374,3.57175
37.0501,3.06163,3.5712
37.0437,3.05655,3.57207
37.033,3.05896,3.5761
37.0495,3.06947,3.57333
37.0366,3.05817,3.57476
37.0494,3.07358,3.57438
37.0171,3.06195,3.58177
37.0235,3.06061,3.57948
37.0491,3.07864,3.57571
37.0286,3.05955,3.57764
37.0488,3.08504,3.57737
37.0475,3.11539,3.58521
37.048,3.10283,3.58198
37.0485,3.09309,3.57944
37.0091,3.0634,3.5845
36.9731,3.0703,3.59645
37.0458,3.15027,3.59422
37.0466,3.13063,3.5892
36.9876,3.06764.4114,5.09711,4.36674
33.646,5.0918,4.47345
33.2907,5.10568,4.52108
34.799,5.07671,4.30579
35.3982,6.95135,4.47213
35.5187,6.62031,4.40728
35.7663,7.97452,4.55998
35.3494,5.45576,4.26973
35.6511,7.40562,4.49911
35.6125,7.21419,4.4781
31.8575,5.08905,4.68556
31.4638,5.04821,4.72231
30.8651,5.05017,4.77885
34.5243,8.59958,4.77217
32.7402,8.58585,4.88204
35.1891,5.06208,4.24355
34.9978,5.06904,4.27417
30.5671,5.14599,4.81056
30.661,5.00899,4.79319
35.6915,8.48814,4.63578
35.5679,8.64547,4.67003
32.4387,7.46827,4.83418
35.3774,5.66437,4.29328
35.3094,5.2328,4.24682
35.7303,7.789,4.54016
34.8053,8.54991,4.74153
32.7211,8.40902,4.87433
31.448,6.01574,4.80308
31.2678,5.0392,4.74078
33.0978,5.11872,4.54662
35.6913,7.5932,4.51912
32.5975,7.73579,4.84206
35.5797,7.01698,4.45508
35.4203,6.03939,4.33885
35.5487,6.82071,4.43164
34.2302,5.09784,4.39327
32.0387,6.94058,4.82474
34.0358,5.09908,4.4211
31.1257,5.98515,4.8244
34.602,5.08588,4.33689
35.4824,6.43204,4.38562
34.357,8.61413,4.78769
32.4701,5.10799,4.61989
32.2442,8.08728,4.87683
32.3556,7.9744,4.86753
32.0801,8.15914,4.88424
32.0714,8.01807,4.87947
31.2853,6.12652,4.82238
36.1647,8.72975,4.60419
36.0236,8.62179,4.60936
36.2118,8.51683,4.5703
36.1452,8.88106,4.62584
36.0008,8.82916,4.63829
32.7596,9.22498,4.90505
32.896,9.30295,4.90558
32.7958,9.40169,4.90933
32.8241,9.04567,4.89834
32.9273,9.16415,4.90042
32.423,7.64381,4.84614
34.6671,8.68202,4.7675
33.4044,9.13405,4.88467
33.2405,9.00714,4.88446
35.2789,4.89759,4.20836
35.3569,5.04273,4.21485
35.4969,5.1238,4.20343
31.7334,6.8754,4.83954
31.8584,6.95037,4.83662
31.6438,7.03704,4.85309
31.6918,6.75302,4.83479
31.3835,6.81234,4.85476
31.303,6.67238,4.85199
31.4645,6.67492,4.84356
31.2414,6.8285,4.86193
35.1259,8.84353,4.7405
34.9903,8.81361,4.75067
35.2434,8.94627,4.73941
35.0531,9.02111,4.76542
33.1403,8.81647,4.87854
32.4649,8.78244,4.8963
32.4398,8.94,4.90087
32.2848,8.80755,4.89907
32.5943,8.85486,4.89635
32.085,7.08301,4.83105
34.9697,8.61529,4.7322
30.4825,5.65392,4.84637
35.6059,6.11621,4.32131
31.5421,6.32051,4.81724
31.6121,6.62065,4.83171
34.2155,8.75598,4.81124
34.3521,8.82178,4.80643
34.2433,8.95069,4.82524
34.5073,8.79877,4.79206
34.4153,9.00789,4.81739
30.8093,5.80768,4.83475
33.7446,4.91892,4.43947
32.9874,4.94125,4.54017
34.3208,4.91902,4.35773
35.6181,8.8204,4.68458
33.7602,8.79355,4.84533
31.9431,7.07199,4.83892
32.594,8.68827,4.89054
32.853,8.90192,4.89221
32.7185,8.94424,4.89695
33.6289,8.91552,4.86125
31.1709,4.87415,4.73562
35.5546,5.73777,4.27578
34.8324,8.75831,4.75997
31.9666,4.92509,4.65749
31.5655,4.89342,4.69743
32.1649,4.93195,4.63612
32.3748,4.94057,4.61311
35.6683,6.49898,4.36722
35.7001,6.69145,4.39043
33.3687,4.91864,4.48939
35.7245,6.89636,4.41649
35.8031,7.27746,4.45938
35.8434,7.46696,4.48005
35.8808,7.65925,4.50131
32.2586,7.56287,4.85018
35.799,8.15557,4.57938
35.9228,7.84895,4.52133
35.9602,8.03629,4.54141
30.5767,4.84109,4.78764
33.8963,8.90016,4.84459
34.0663,8.88908,4.83266
34.0762,8.69626,4.81658
35.0876,4.90911,4.2397
30.1435,5.04127,4.83454
30.7702,4.85781,4.77194
35.9901,8.22519,4.56245
35.6338,6.31156,4.34523
35.763,7.08601,4.43806
32.565,8.52474,4.88493
35.7931,8.877,4.67024
35.4986,5.33576,4.2307
34.8979,4.91739,4.2702
34.6984,4.91657,4.30075
31.3751,6.3167,4.82826
31.4646,6.5011,4.83369
30.4036,5.48401,4.84233
32.7864,4.94982,4.56563
32.5793,4.95627,4.59099
30.1713,4.84426,4.82046
31.7702,4.90905,4.67725
31.3694,4.88202,4.71656
30.9709,4.86928,4.75441
34.1296,4.921,4.3858
33.5564,4.92063,4.46501
33.183,4.93014,4.51449
35.5234,5.5434,4.25428
32.099,7.4951,4.85451
35.5801,5.93093,4.29884
35.4826,4.90169,4.17704
33.0041,8.98117,4.89125
32.3438,8.32221,4.88323
34.6842,8.88293,4.78499
31.9635,7.23245,4.84706
32.245,7.74508,4.86077
30.7267,5.9533,4.84739
32.6922,9.08074,4.90176
32.5829,9.02089,4.90148
32.5919,9.18954,4.9056
30.3472,5.77719,4.85907
30.4691,5.85787,4.85654
30.2855,5.94884,4.86804
30.2633,5.627,4.85691
30.6042,6.10797,4.8605
30.583,5.94475,4.85463
31.5392,6.78336,4.8453
33.3877,9.30483,4.89384
33.4959,9.35581,4.89257
33.4081,9.46563,4.90058
33.6098,9.28927,4.88462
33.5788,9.49171,4.89636
32.1739,8.27342,4.88586
35.4667,4.57119,4.13655
35.634,4.61558,4.11612
35.5207,4.7187,4.14738
35.7794,4.50601,4.07869
35.7962,4.69142,4.10061
32.0839,7.66301,4.86376
31.7987,7.14695,4.85101
29.8389,4.84725,4.84362
29.9917,4.78539,4.82978
29.9935,4.94218,4.83884
30.08,4.65837,4.81502
36.0686,8.98178,4.64819
29.8988,5.22643,4.85837
29.9891,5.0953,4.84726
30.0909,5.22035,4.8475
35.6309,8.98469,4.70186
35.4996,8.95814,4.71364
35.7337,9.12016,4.70525
35.5372,9.14008,4.72927
32.2327,7.91798,4.86977
33.0705,4.7632,4.50949
30.6767,4.68164,4.76601
33.7628,8.99333,4.85902
33.9379,9.07781,4.85471
30.2293,5.39371,4.84804
32.3818,8.48343,4.88821
31.108,6.16744,4.83634
31.6127,6.88378,4.84673
34.5013,4.91739,4.3307
34.2253,4.74452,4.34986
35.7671,5.99809,4.27954
33.936,4.92069,4.41323
33.6472,4.74714,4.43198
35.8216,6.38017,4.32658
34.0306,4.74432,4.37806
35.7066,5.62055,4.23616
31.8735,4.74272,4.64927
31.2743,4.71193,4.71043
35.66,5.21736,4.19009
34.8525,8.98539,4.78006
32.6811,4.7845,4.56
31.4737,4.7254,4.69093
31.6758,4.7331,4.67003
36.0336,7.53147,4.46155
35.8794,6.7712,4.37515
35.9167,6.96003,4.39714
35.9547,7.14961,4.41893
36.183,8.29099,4.54443
34.7884,4.75016,4.26567
36.114,7.91135,4.50273
36.1498,8.10333,4.52384
33.8355,4.74257,4.40545
33.4586,4.75071,4.45777
35.65,5.00806,4.16458
35.3706,4.73279,4.17274
30.2792,4.66556,4.79955
33.5891,9.09712,4.87455
35.9947,7.33974,4.44019
36.0736,7.7204,4.48215
35.1867,4.73716,4.20208
36.3016,8.85798,4.60201
36.203,9.02569,4.63605
36.3053,8.67189,4.57764
34.5975,4.74399,4.29411
30.4822,4.66998,4.78254
34.4076,4.74057,4.32233
34.9857,4.74141,4.23398
31.1812,6.30875,4.8398
35.7927,6.19071,4.30339
35.8482,6.56827,4.3501
34.566,8.98745,4.80407
35.7356,5.81251,4.25809
30.8781,4.69118,4.74791
31.2573,6.48315,4.84482
32.272,4.76618,4.60644
35.6768,5.42587,4.21475
32.4746,4.77629,4.58381
31.0756,4.70097,4.72949
33.265,4.75149,4.48324
31.9269,7.59027,4.86685
30.982,6.10602,4.84055
30.8041,6.14619,4.85246
31.938,7.42429,4.8585
32.8769,4.77102,4.53458
34.1203,9.09716,4.84486
31.7815,7.33673,4.86128
30.9678,6.2888,4.85067
34.6829,9.07752,4.80265
35.3728,9.07282,4.73943
31.4621,6.96889,4.85841
36.0796,9.16576,4.66875
34.8342,9.30858,4.81071
34.7909,9.16461,4.80161
34.9261,9.16889,4.79073
32.0712,7.84061,4.87236
29.6814,4.60363,4.84046
29.7708,4.48314,4.82686
29.8601,4.66006,4.83145
29.509,4.65924,4.85425
29.5792,4.48409,4.84055
31.1193,6.63534,4.85907
31.1557,6.77,4.86312
31.0017,6.78152,4.86939
31.0935,6.92806,4.87119
34.2808,9.15122,4.83839
34.4115,9.20506,4.83363
34.322,9.37243,4.85225
34.5409,9.15137,4.81996
34.5066,9.3367,4.83734
33.4966,9.23367,4.88626
31.3112,7.12427,4.87069
31.2715,6.95982,4.86601
31.4671,7.16507,4.86664
31.3436,7.27301,4.87468
31.3071,7.4261,4.88001
31.1828,7.29324,4.87928
33.7592,9.19329,4.87208
32.2028,8.44999,4.89085
32.0238,8.42834,4.89289
33.0044,9.28154,4.90304
33.1191,9.34113,4.90284
32.9703,9.43353,4.90853
33.0924,9.16364,4.89648
35.6464,4.79981,4.13823
35.0545,9.20344,4.78277
35.109,9.321,4.78892
34.9777,9.33066,4.801
35.2065,9.17571,4.76623
34.1241,4.56502,4.34203
32.4201,8.65148,4.89304
32.2384,8.61992,4.89502
32.6311,9.36122,4.90907
31.7633,7.52303,4.87016
31.9107,7.75832,4.87449
35.922,5.88241,4.23916
35.8,4.8934,4.12632
33.1569,4.58563,4.47776
30.1006,5.5508,4.86166
29.9886,5.40558,4.86126
31.3801,4.54666,4.68347
35.8589,5.50801,4.19737
33.5454,4.57527,4.42498
30.785,4.51505,4.74141
31.0573,6.46876,4.85458
35.0854,4.57498,4.19683
32.0666,4.75324,4.62865
31.7813,4.56623,4.64147
31.9734,4.57264,4.62036
32.1768,4.58905,4.59857
35.9779,6.26414,4.28578
35.8367,5.31159,4.17486
33.7337,4.57134,4.39858
32.7686,4.6037,4.52901
34.6923,4.5703,4.25725
30.3843,4.49827,4.77752
36.1856,7.40362,4.42129
36.2256,7.59327,4.44233
32.3756,4.60059,4.57637
30.1826,4.49183,4.79464
36.3767,8.35432,4.52575
36.1087,7.0237,4.37784
36.0331,6.64538,4.33352
36.3032,7.97693,4.48472
36.3412,8.16719,4.50542
30.2113,5.79721,4.86588
30.4385,6.0461,4.86529
31.6198,7.25071,4.86421
36.3665,9.06032,4.6186
36.549,9.12245,4.60167
36.428,9.24908,4.63348
36.4616,9.42309,4.64982
36.3148,9.39081,4.66515
36.6085,9.33099,4.61924
32.2471,9.04345,4.90337
32.4314,9.12991,4.90495
29.9762,4.49131,4.81162
35.928,9.02835,4.6715
36.2563,9.20748,4.65106
35.8906,5.6956,4.21788
31.1753,4.54301,4.70469
31.5858,4.5584,4.66236
36.4894,8.92254,4.58464
36.4538,8.73042,4.56477
30.5864,4.50481,4.75952
36.4175,8.54728,4.54576
34.0324,9.227,4.85949
33.8976,9.29015,4.87109
36.0712,6.8347,4.35571
36.1468,7.21283,4.39967
33.3532,4.57934,4.45128
33.9331,4.5723,4.37055
34.497,4.5697,4.28701
34.3133,4.56393,4.31392
32.9648,4.5934,4.50325
34.8826,4.57305,4.22819
36.0061,6.45082,4.30891
33.2535,9.22517,4.89447
35.9488,6.07644,4.2629
31.7575,7.68672,4.87658
35.7499,9.32692,4.72607
35.8983,9.22887,4.69821
35.818,5.10285,4.15061
36.2646,7.78402,4.46348
32.5763,4.61052,4.55335
30.0618,5.72902,4.86954
29.6816,4.7516,4.84844
29.8188,5.04641,4.85471
29.6703,4.92252,4.85728
31.6055,7.44313,4.87248
34.1607,9.28737,4.8561
29.8448,5.49674,4.87064
29.7972,5.37661,4.86874
29.7209,5.49721,4.87505
34.0218,9.58548,4.88318
33.8877,9.64766,4.89275
33.8906,9.48866,4.88357
33.7922,9.77898,4.90317
33.7546,9.59023,4.89496
31.9002,7.94009,4.88138
35.382,9.26299,4.75797
29.3843,4.78122,4.8663
29.3102,4.67207,4.86577
29.352,4.92451,4.87276
29.2074,4.83263,4.87593
34.0339,9.39573,4.87068
34.8885,9.47772,4.82087
34.7566,9.43009,4.82689
34.6238,9.4775,4.84021
34.6755,9.27903,4.82047
32.8416,9.57172,4.91302
32.718,9.67096,4.91449
32.6659,9.52867,4.91207
32.9855,9.60852,4.91324
32.8834,9.76523,4.91683
32.4542,9.31956,4.90802
35.8925,9.41314,4.71929
35.6277,9.26558,4.7329
32.4958,9.48886,4.91038
32.4055,9.56962,4.90979
32.3095,9.46273,4.90768
32.5133,9.67763,4.91218
31.616,7.77012,4.88273
31.7357,7.8523,4.88253
31.5322,7.93493,4.88776
31.6034,7.62412,4.87874
32.0609,9.05811,4.90204
32.0955,9.19598,4.90314
31.9187,9.14197,4.89966
32.0921,8.91746,4.90112
30.0985,5.90407,4.8733
29.9782,6.02952,4.87918
29.9204,5.87231,4.87767
29.8861,6.15353,4.88215
29.766,6.02302,4.88253
33.2677,9.41477,4.90223
33.2855,9.62344,4.90983
29.5208,4.83436,4.86148
32.055,8.58141,4.89591
31.8843,8.55327,4.89601
32.0857,8.74578,4.89875
31.9076,8.70281,4.89787
33.7474,9.39229,4.88446
31.9775,8.2829,4.88993
36.7788,9.34505,4.59798
36.8995,9.2508,4.57006
36.9232,9.46639,4.59326
36.7241,9.18237,4.58534
36.1524,9.35567,4.68169
30.1365,6.04772,4.8757
30.2579,6.16995,4.87517
31.461,7.35339,4.87386
35.6072,9.4167,4.75079
35.7487,9.50679,4.74517
35.744,9.69261,4.7645
35.5873,9.59021,4.77016
29.9398,5.5887,4.86983
31.1325,7.10163,4.87536
30.8662,6.46672,4.86318
30.9808,4.52803,4.72318
30.4896,4.33249,4.75367
34.4085,4.38549,4.27651
30.8904,4.35031,4.7157
36.0745,5.7701,4.19985
34.0242,4.39525,4.33499
36.1323,6.15313,4.24601
36.1937,6.5251,4.2915
36.019,5.38691,4.15647
35.2794,4.56889,4.16565
34.9818,4.40174,4.19017
32.8568,4.42364,4.49724
36.2267,6.71007,4.31398
36.3775,7.46628,4.40212
36.4163,7.65731,4.42367
36.0525,5.57144,4.17595
35.9958,5.18839,4.13404
33.2457,4.41047,4.44524
32.4719,4.43617,4.54653
36.3009,7.0873,4.3586
34.5941,4.39351,4.24924
36.4546,7.84912,4.44519
36.4942,8.04009,4.46614
36.5331,8.22985,4.48675
36.5691,8.41852,4.50732
36.6024,8.607,4.5279
36.6345,8.79639,4.54838
33.4442,4.40772,4.41827
33.6354,4.39557,4.39046
30.0784,4.32567,4.79064
30.286,4.32663,4.77218
32.2729,9.25198,4.90585
32.2808,4.42373,4.56826
32.0798,4.40536,4.59011
30.6423,6.28637,4.86561
30.4604,6.2398,4.87079
35.9574,4.78481,4.08752
35.9727,4.98689,4.11144
35.5135,9.31656,4.75019
36.0082,9.32898,4.69635
29.6849,5.23344,4.8687
29.3807,4.51649,4.85498
29.2315,4.5615,4.8654
29.202,4.38859,4.85949
36.6775,8.98955,4.5674
29.661,4.32971,4.82502
30.791,6.3315,4.8611
31.8825,4.39401,4.6119
31.6899,4.38712,4.63319
31.4898,4.38125,4.65496
31.2854,4.37536,4.67668
35.9433,4.58076,4.06277
29.8698,4.32697,4.80835
36.1115,5.95101,4.21988
30.6864,4.34485,4.73569
32.6641,4.42982,4.52215
33.8305,4.39814,4.36329
36.2636,6.89854,4.33637
33.0521,4.41517,4.47119
31.9025,8.13177,4.88715
29.6351,5.07667,4.86539
34.7873,4.39558,4.21967
36.1659,6.33347,4.26737
30.9388,6.62875,4.86634
29.5039,5.00438,4.86881
35.4265,9.46934,4.77398
36.0395,9.4959,4.7112
30.681,6.46396,4.8701
31.7178,8.03478,4.88764
31.7388,8.66544,4.89625
31.7366,8.53055,4.89536
31.6652,8.40548,4.89392
31.8523,8.41321,4.89393
37.1789,9.6898,4.58578
37.3229,9.79826,4.57938
31.2922,7.72429,4.88633
31.267,7.5828,4.88417
31.4227,7.56243,4.88113
31.1556,7.49897,4.88401
35.2407,9.38855,4.7835
35.0732,9.49509,4.80765
35.1094,9.67574,4.82032
35.2476,9.58784,4.80123
35.2257,9.80055,4.82165
29.462,5.49875,4.88209
29.4876,5.34216,4.87877
29.6254,5.41418,4.87612
29.4973,5.17673,4.87444
31.8218,8.28687,4.89184
31.6944,8.21769,4.89147
35.9266,4.40203,4.04127
36.0842,4.46903,4.02525
34.3109,9.60306,4.86913
34.4657,9.53503,4.85504
34.4508,9.72256,4.86922
34.1706,9.48964,4.86941
30.0547,6.18125,4.88002
36.8477,9.62668,4.62247
36.7424,9.50153,4.62175
31.9274,8.99513,4.89988
31.7595,9.06572,4.89607
31.9336,9.29755,4.89932
31.7278,9.23807,4.89327
30.9993,7.25639,4.88177
30.9546,7.09126,4.87925
30.825,7.25188,4.88354
33.9825,9.79143,4.89675
36.5762,9.54723,4.64929
36.3804,9.5975,4.68056
30.8873,6.94174,4.87729
30.8155,6.7854,4.87519
30.6896,6.94256,4.88097
30.7602,7.10001,4.88231
34.7582,9.59024,4.83963
31.9306,8.85195,4.8993
33.1259,9.52824,4.9093
30.7448,6.62453,4.87283
34.2131,4.38871,4.3063
33.921,4.21991,4.32685
36.1514,5.06953,4.09426
36.1073,4.66935,4.04859
33.3427,4.22956,4.40949
31.6038,4.21415,4.62388
36.2355,5.65054,4.15854
32.379,4.2554,4.53693
34.1119,4.21564,4.2982
36.2923,6.03302,4.20414
36.3547,6.4061,4.24957
31.0918,4.35876,4.69564
30.5945,4.16748,4.72732
29.8815,5.72732,4.8756
29.7516,5.62905,4.87718
36.6068,7.72195,4.40525
36.6459,7.91236,4.42657
36.6855,8.10294,4.4476
36.1741,5.26287,4.11606
36.2092,5.45368,4.13591
36.5685,7.53073,4.38348
36.3385,7.27674,4.38063
36.5307,7.34027,4.36157
36.7928,8.67504,4.51047
36.8246,8.86561,4.53121
30.9974,4.18417,4.68739
32.7528,4.25018,4.48959
32.9466,4.24535,4.46409
32.1157,9.38115,4.90366
29.4524,4.34419,4.84109
29.1396,4.68601,4.87433
29.1045,4.55652,4.87158
33.531,4.22514,4.38303
33.1346,4.24383,4.43924
31.4636,7.7533,4.88495
30.5129,6.42894,4.87435
30.3129,6.394,4.87847
36.8634,9.05894,4.55083
32.3035,9.64925,4.90778
28.9836,4.29741,4.86763
28.9736,4.47455,4.87491
28.8141,4.37447,4.87888
29.1251,4.1755,4.85282
33.729,4.22241,4.35482
29.3382,4.1796,4.83854
35.9009,9.60118,4.73842
36.1975,9.54403,4.69745
36.724,8.29389,4.46855
36.7597,8.48461,4.48953
34.3063,4.21245,4.26862
36.4204,6.77488,4.29462
36.387,6.58908,4.27193
36.4563,6.96266,4.31717
36.3259,6.21553,4.22574
29.5528,4.16702,4.82152
36.1213,4.87428,4.07344
32.1879,4.24442,4.55887
31.9923,4.23138,4.5807
31.7913,4.21772,4.60269
36.4931,7.15133,4.33956
31.3933,4.20615,4.6467
33.4521,9.61966,4.906
30.1214,6.35031,4.8811
36.2678,5.83438,4.17927
30.7934,4.17824,4.70816
30.3897,4.16247,4.74706
30.1813,4.16126,4.7668
29.7623,4.16389,4.80425
29.9719,4.16191,4.78595
33.5913,9.73713,4.90734
35.4099,9.69805,4.79701
29.3356,5.10497,4.87831
36.0737,9.70089,4.72936
36.1954,9.8542,4.73144
36.2447,9.70558,4.70956
36.3669,9.82941,4.70809
36.0402,9.90977,4.75485
31.5352,8.13749,4.89088
29.7361,5.82101,4.88091
29.0198,4.82601,4.88253
29.0559,4.95818,4.88391
28.9014,4.97236,4.88768
29.178,5.02201,4.88154
28.9839,5.1273,4.88733
30.5591,6.6093,4.87735
28.9491,4.67191,4.88153
34.1551,9.69434,4.88333
29.5901,5.56846,4.88025
37.3988,10.006,4.59315
37.2593,10.0742,4.61918
37.2453,9.95223,4.60731
37.1874,10.1781,4.64008
37.1118,10.036,4.63434
31.8025,8.93555,4.89763
31.7608,8.81373,4.89692
33.2506,9.81001,4.91651
33.1061,9.74394,4.91593
33.1641,9.90789,4.91979
31.1469,7.84969,4.88782
31.1415,7.67387,4.88649
31.0015,7.60409,4.88604
31.9818,10.1176,4.88691
31.8609,10.2038,4.87561
31.8356,10.014,4.88064
32.0136,10.2442,4.88511
31.0162,7.42431,4.88422
34.6008,9.65881,4.85548
34.7435,9.79712,4.85644
29.9075,6.33037,4.8828
34.9383,9.67394,4.83329
35.0541,9.80586,4.83538
33.3964,9.78048,4.91344
36.711,9.68629,4.64762
31.567,8.60604,4.89375
32.1245,9.56879,4.90315
31.6183,8.94841,4.89307
32.5601,4.25564,4.51455
32.0962,4.06648,4.54796
36.3397,5.15066,4.07539
36.2804,4.75858,4.0329
32.4659,4.0749,4.50349
31.2003,4.19149,4.66634
31.3068,4.02509,4.63508
31.1083,4.01417,4.65588
36.548,6.47001,4.22996
36.4526,5.91233,4.16218
30.699,4.00319,4.69863
36.394,5.52913,4.11748
36.7221,7.40509,4.3429
36.6492,7.0272,4.29813
37.0131,8.93673,4.5147
36.8758,8.16744,4.42958
36.8371,7.97583,4.40815
33.6231,4.05011,4.34624
33.8163,4.04365,4.31761
31.9445,9.47256,4.8981
31.9026,4.0569,4.57
31.7008,4.04161,4.5919
30.3715,6.58343,4.88041
30.1637,6.56168,4.88236
32.6755,9.82445,4.91575
32.5068,9.87311,4.9127
35.8976,9.796,4.7588
35.7332,9.88825,4.78459
30.885,7.37612,4.88445
28.4761,4.33609,4.89036
28.4911,4.17195,4.88595
28.6574,4.24783,4.88158
28.6329,4.44037,4.88741
31.322,7.89832,4.88846
29.3217,5.44083,4.88412
32.344,9.82811,4.90836
32.4189,10.0315,4.9096
37.1239,9.52629,4.57362
29.5663,5.74163,4.8829
28.7879,4.55859,4.88464
36.5498,9.74587,4.6756
32.1294,9.78458,4.9013
32.2292,9.98326,4.90277
28.3167,4.21522,4.89274
33.228,4.06699,4.40331
33.0357,4.06665,4.42903
37.076,9.32676,4.5557
32.8427,4.07151,4.455
33.4274,4.05296,4.37408
31.3585,8.07595,4.89007
30.6183,6.78022,4.87945
36.6141,6.83973,4.2754
36.7596,7.59529,4.36495
36.9819,8.74439,4.4936
37.0416,9.12869,4.53552
29.3264,5.27606,4.88195
30.8996,4.01251,4.67839
29.654,4.00166,4.79931
29.4439,4.00506,4.8172
29.8643,3.99929,4.78042
36.7982,7.78538,4.38665
36.9134,8.35992,4.45099
36.9488,8.55237,4.47235
36.5803,6.65341,4.25257
36.5156,6.28689,4.20759
36.4268,5.71797,4.13845
36.3047,4.95415,4.05498
36.486,6.09706,4.18403
32.2865,4.07498,4.52578
36.2575,4.55093,4.00857
31.5032,4.04095,4.61472
31.8013,9.38814,4.89388
29.9952,6.48502,4.88272
31.5238,8.30986,4.89247
34.3004,9.79933,4.88256
31.9415,9.65287,4.89545
35.5761,9.79439,4.79074
35.3994,9.8969,4.81565
29.1596,5.20899,4.88485
32.2969,10.1289,4.90366
32.3986,10.1888,4.9073
32.2975,10.2647,4.90139
32.5476,10.2068,4.91294
32.434,10.3066,4.90732
34.5744,9.81327,4.86821
29.1811,5.54868,4.88599
29.323,5.57299,4.88494
29.2335,5.72201,4.88508
29.1562,5.38275,4.88613
37.542,10.2175,4.59767
37.7062,10.2086,4.57397
37.6272,10.3593,4.60163
37.4729,10.1206,4.59616
37.594,10.048,4.57159
36.6923,9.87368,4.67144
30.4309,6.76329,4.88179
34.6356,9.95618,4.87448
34.779,9.97792,4.86735
34.6982,10.166,4.88506
34.2993,9.96601,4.89289
34.4523,9.92603,4.88271
34.3767,10.1218,4.89855
34.1611,9.89274,4.89487
29.4241,5.65394,4.88417
30.8606,7.52965,4.88533
29.5407,5.93955,4.88394
30.994,8.10648,4.88494
30.9332,8.20658,4.88189
30.8449,8.0967,4.88095
31.1548,8.04304,4.88824
31.0583,8.20961,4.88541
31.3335,9.29048,4.87274
31.3765,9.15627,4.87939
31.5041,9.27143,4.88292
31.1701,9.20765,4.86513
30.12,6.89401,4.8814
30.0876,6.73755,4.88228
30.2491,6.74347,4.88269
29.965,6.64937,4.88191
31.3791,8.24704,4.89097
31.375,8.38284,4.8909
31.239,8.36473,4.8883
31.4607,8.47388,4.89214
31.2775,8.49821,4.88804
31.5714,9.11791,4.88919
31.6348,9.40794,4.88613
31.583,8.78065,4.89345
28.8649,4.83509,4.88704
30.9855,7.78339,4.88651
30.8343,7.70489,4.88495
30.9902,7.96429,4.88603
30.8276,7.89621,4.88334
35.0786,9.99187,4.84838
36.276,9.96738,4.73385
31.2155,8.21672,4.8887
30.6344,7.26385,4.88393
30.7131,7.433,4.88439
34.9182,9.88736,4.85152
33.6735,9.94638,4.91412
30.4901,6.93561,4.88277
28.6008,4.63685,4.89088
36.4333,4.63729,3.99179
32.6499,4.07551,4.48032
32.8081,9.97224,4.919
36.3646,5.33348,4.09574
36.5283,5.21902,4.05469
30.5588,7.10296,4.88342
36.6762,6.16738,4.1654
36.709,6.35083,4.18779
36.6134,5.79209,4.12012
36.6855,7.21555,4.32061
36.7736,6.71813,4.23326
36.9139,7.46982,4.32418
37.2003,9.00914,4.49861
36.8421,7.09214,4.27913
37.1367,8.62163,4.45565
37.1694,8.81542,4.47728
37.0648,8.23394,4.41208
37.0273,8.04106,4.39017
36.5328,9.95452,4.70095
35.8829,9.98785,4.77923
35.7421,10.0672,4.80042
29.7367,6.22234,4.88315
29.8105,6.53707,4.8814
33.4949,9.93965,4.91742
33.3053,9.97401,4.92075
34.0315,10.0153,4.90671
32.0411,9.9774,4.89393
31.9113,9.83348,4.89033
32.1437,10.1555,4.89548
32.6091,10.0116,4.91533
36.8337,9.97911,4.66467
36.9584,10.0592,4.65715
28.1372,4.34988,4.89697
28.3076,4.42087,4.89498
28.4533,4.52391,4.89297
36.5842,5.59875,4.09747
36.553,5.40895,4.07636
36.6459,5.97808,4.14211
36.4931,5.02636,4.03454
37.2293,9.20183,4.51943
37.1016,8.42772,4.43391
36.9894,7.84954,4.36823
36.9514,7.65924,4.34627
28.7467,4.74854,4.8888
36.4636,4.83504,4.01367
37.3038,9.58865,4.55715
29.3883,5.82612,4.88455
36.8075,6.90476,4.25625
33.0157,9.93756,4.9204
37.2641,9.39571,4.53898
36.7414,6.53423,4.21042
33.8582,9.96889,4.91015
35.2557,9.98797,4.83493
31.7758,9.53295,4.89019
35.5656,10.0288,4.81296
31.4286,8.74541,4.88961
36.1588,10.0129,4.7521
31.3962,10.5289,4.80348
31.3726,10.602,4.79159
31.3068,10.5393,4.78684
31.4172,10.6621,4.79279
31.34,10.6794,4.77551
37.8794,10.571,4.5881
37.9704,10.558,4.57198
37.9779,10.6564,4.58148
37.809,10.4889,4.5899
37.9272,10.4629,4.56864
35.3646,10.0959,4.83534
37.6972,10.4643,4.60325
37.7368,10.5947,4.61146
37.5264,10.526,4.63271
28.9878,5.32754,4.88756
30.7198,7.61379,4.8838
29.5698,6.13187,4.88321
29.7159,6.3824,4.88206
29.5662,6.31847,4.88111
31.1108,8.32458,4.88546
31.0907,8.48195,4.88238
30.9506,8.34985,4.87979
28.7135,4.95242,4.89035
36.3936,10.0306,4.72641
36.6822,10.0685,4.69427
32.5571,10.4172,4.9114
32.6348,10.5715,4.91303
32.4606,10.6163,4.90319
31.627,9.96246,4.86737
31.7416,9.85899,4.87956
31.4707,9.90773,4.85685
31.5646,9.77755,4.87027
36.385,10.2121,4.7463
36.2652,10.1099,4.74986
36.3635,10.3615,4.76382
36.2285,10.2844,4.77143
28.0553,4.50373,4.89537
27.9156,4.39933,4.89599
27.9497,4.58567,4.89183
30.3018,6.9187,4.88278
33.1426,10.074,4.92342
30.8307,8.25692,4.87718
30.684,8.21519,4.87189
34.5347,10.0779,4.88813
29.4243,6.07745,4.88272
36.1441,10.1597,4.76846
36.0217,10.0923,4.77497
29.7613,6.88392,4.87347
29.8114,7.02043,4.87119
29.6254,7.00482,4.86359
29.8008,6.73195,4.87821
29.9326,6.8429,4.87899
31.4133,9.43907,4.87259
37.1775,10.3286,4.65766
37.3567,10.2108,4.62146
34.2031,10.2376,4.912
34.0724,10.1958,4.91432
34.1979,10.0902,4.90438
33.9117,10.1587,4.91725
36.5276,10.1441,4.72195
36.8384,10.1573,4.68365
37.02,10.2175,4.66638
30.535,7.41024,4.88249
31.45,9.02436,4.88598
28.1746,4.50689,4.89574
35.1952,10.1488,4.85227
31.6684,10.1572,4.86191
29.362,5.97846,4.88334
29.401,6.23554,4.87977
34.8992,10.0831,4.86734
33.5649,10.1147,4.9224
30.3616,7.09176,4.88256
37.4496,9.46915,4.52281
36.7146,5.29122,4.03459
36.9023,6.41507,4.16782
36.9346,6.59883,4.19071
36.8367,6.04751,4.12278
36.6509,4.90587,3.99262
36.8776,7.2807,4.30182
37.0348,7.15768,4.26001
36.7728,5.67103,4.07795
37.106,7.53448,4.3052
37.2527,8.30226,4.39474
37.2162,8.10828,4.37241
37.2887,8.49719,4.41696
37.3232,8.69245,4.43905
29.6656,6.66335,4.87637
29.5723,6.52227,4.87731
35.862,10.174,4.79883
35.6688,10.2461,4.82296
31.9098,10.386,4.87206
31.5869,9.57787,4.87885
31.4265,8.8872,4.88754
33.7392,10.139,4.92041
37.418,9.27303,4.50261
37.3875,9.08116,4.48214
37.356,8.8873,4.46089
37.4889,9.6603,4.5407
31.7578,9.71054,4.885
36.6822,5.09677,4.01341
36.6176,4.71243,3.97162
36.5869,4.51629,3.94941
37.4794,10.3458,4.61995
37.3348,10.4224,4.64701
36.9668,6.78331,4.2138
37.0006,6.97015,4.23696
37.5355,9.84834,4.55659
32.9579,10.1537,4.92299
33.2876,10.1725,4.92577
33.42,10.0899,4.92317
29.2179,5.91913,4.88262
28.9903,5.53174,4.88601
29.0787,5.6733,4.88481
32.7427,10.1616,4.91887
36.7434,5.48003,4.05589
37.0699,7.3458,4.28275
28.42,4.71267,4.89336
28.2757,4.60419,4.89468
28.5681,4.83054,4.89187
36.8057,5.85869,4.09975
37.1795,7.91558,4.35001
37.1426,7.72429,4.3276
30.4177,7.27944,4.88186
28.7805,5.11489,4.88943
30.5361,7.59535,4.88037
35.4755,10.2322,4.83782
36.4089,4.43262,3.96739
38.3369,10.8198,4.52228
38.3469,10.806,4.51731
38.3557,10.8257,4.51703
38.3288,10.7607,4.51712
38.3028,10.7563,4.52427
38.3166,10.7353,4.51755
38.2794,10.769,4.53222
38.2818,10.7364,4.52757
38.2509,10.7935,4.54243
38.2977,10.7056,4.51927
38.1408,10.705,4.55672
38.1561,10.7494,4.55863
38.0851,10.7139,4.56874
31.2331,10.6942,4.74713
31.2369,10.7419,4.73873
31.1847,10.7128,4.72811
31.2732,10.6704,4.76173
31.2841,10.7183,4.75653
38.076,10.6413,4.56232
38.1373,10.663,4.55265
38.0462,10.5805,4.56105
38.1396,10.5902,4.54369
31.4187,10.3437,4.82333
31.3504,10.4437,4.80465
31.2719,10.3228,4.80423
31.5255,10.3572,4.83563
31.4792,10.4612,4.82189
36.6871,10.256246,29.1428,8.06356
47.6044,29.0934,8.01447
47.6311,29.1154,8.03567
46.0424,26.2161,6.43591
46.6624,27.2259,6.7483
47.4323,28.9687,7.8981
47.4844,28.9754,7.90253
47.4763,29.0352,7.961
47.5145,28.9509,7.87759
47.5335,28.993,7.91766
46.7033,27.3838,6.81967
45.7647,25.6767,6.31176
46.7159,27.4761,6.86485
46.0815,26.2396,6.43868
45.6433,25.5862,6.30153
45.5923,25.5348,6.29373
45.4554,25.3488,6.26133
45.4689,25.4145,6.27617
45.4896,25.2977,6.24513
45.5209,25.3491,6.25446
46.974,28.3506,7.39072
46.9049,28.3306,7.38027
46.9846,28.2595,7.32254
46.9343,28.4011,7.43173
44.5241,23.4101,5.93216
44.4352,23.3849,5.93706
44.482,23.3263,5.91969
44.3653,23.3997,5.94743
44.3852,23.3092,5.92714
45.2751,25.0064,6.19807
45.2318,25.0798,6.21953
45.2485,25.1703,6.23903
43.807,22.3944,5.80945
43.8053,22.318,5.79513
43.8871,22.3562,5.79366
43.7083,22.3828,5.81726
45.4103,25.2943,6.25265
42.122,19.1769,5.4149
42.1406,19.268,5.42812
42.0507,19.2199,5.42983
42.2148,19.1756,5.40419
44.594,24.006,6.04774
44.6722,24.0672,6.05275
46.9879,28.7407,7.7075
46.968,28.8444,7.80013
46.8672,28.7602,7.72879
47.0631,28.6725,7.64507
47.0819,28.784,7.74174
44.6547,24.146,6.07088
44.7662,24.1224,6.05486
42.9462,20.8773,5.62022
42.9632,20.786,5.60219
43.0601,20.8492,5.60308
44.8868,24.4438,6.11135
44.7764,24.3994,6.11253
44.8451,24.3535,6.09606
42.0433,19.1333,5.41621
43.404,21.7864,5.73731
46.8258,28.5216,7.53173
46.9501,28.51,7.51616
46.8461,28.6235,7.61361
46.8421,28.4154,7.44803
42.7392,20.4465,5.56595
42.7961,20.5429,5.57685
42.8627,20.6104,5.5817
43.5586,22.3437,5.82459
43.5826,22.1454,5.78554
42.2908,19.6051,5.4687
44.3738,23.5839,5.98347
43.4863,21.8759,5.7454
43.5762,21.9351,5.74711
46.6345,28.405,7.44969
46.6146,28.5181,7.53652
44.2645,23.3424,5.94624
44.9494,24.6326,6.14624
42.5496,20.2848,5.55766
42.5336,20.0371,5.5166
44.4377,25.9366,6.4325
44.5821,25.9556,6.4402
44.4869,26.0724,6.46168
44.4037,25.7858,6.40212
44.3068,25.4169,6.33205
44.3437,25.6115,6.36797
46.7262,28.1313,7.25037
45.0453,26.9623,6.71004
44.8821,26.9406,6.69576
44.9546,27.0544,6.73535
44.7073,24.2153,6.08029
44.3868,26.18,6.47962
44.3693,26.3117,6.50631
44.2343,26.2431,6.48367
44.5174,26.2128,6.4925
44.6304,23.9227,6.02689
43.9892,25.2306,6.29346
44.8212,26.4202,6.55089
45.3223,25.2424,6.24893
45.02,27.3326,6.83585
46.8086,28.2139,7.302
46.812,28.3101,7.37086
46.5948,26.8673,6.59679
46.5997,26.8796,6.6013
46.5872,26.8558,6.59314
46.6295,26.9634,6.63322
46.6381,26.9774,6.63802
46.6581,27.0609,6.67268
46.5726,26.8253,6.58258
46.5695,26.8168,6.57945
46.6221,26.9362,6.62234
46.5328,26.7265,6.54779
46.5052,26.7016,6.54274
46.6457,26.9926,6.64361
46.0577,25.9424,6.34773
46.0567,25.9651,6.35517
46.4508,26.6434,6.52895
45.9726,25.8498,6.33296
45.9378,25.7972,6.32255
46.0356,25.9078,6.34056
46.0612,25.9912,6.36276
46.3558,26.5446,6.50641
46.0777,26.1045,6.39629
46.2015,26.4228,6.4843
46.1721,26.4024,6.481
46.684,27.259,6.76129
46.7045,27.2927,6.77499
46.2186,26.4511,6.49188
46.7163,27.5252,6.89022
45.8497,25.7322,6.31634
46.1405,26.3654,6.47244
42.8962,20.7011,5.59419
42.4435,19.8324,5.49104
44.4996,23.7974,6.01421
44.0114,22.8813,5.88161
44.0615,22.9793,5.8955
44.138,23.0874,5.90882
46.7231,27.805,7.04438
46.7634,27.88,7.0861
46.7043,27.7319,7.00366
43.8496,22.5228,5.82943
43.7631,22.4732,5.82876
43.9853,22.7831,5.86535
46.7232,28.0191,7.17645
43.7297,24.6995,6.20538
42.4782,19.9373,5.50532
43.0678,23.7602,6.06232
42.6038,23.1411,5.9755
43.9057,25.0398,6.26105
44.1451,25.3392,6.31549
43.2993,24.0702,6.10791
43.5174,24.3835,6.15541
41.9728,22.368,5.87229
40.7828,20.9038,5.69367
42.8413,23.452,6.01855
42.7177,23.2981,5.99694
42.3506,22.8327,5.93349
42.2228,22.68,5.91302
45.7783,28.3528,7.40356
45.6256,28.3362,7.38215
45.9059,28.4338,7.46589
45.6897,28.528,7.51732
43.1456,21.2466,5.66561
43.1118,21.1476,5.6513
43.0071,20.9567,5.628
43.3879,21.6788,5.71922
43.3529,21.5109,5.69208
44.3088,23.4737,5.96786
44.5624,23.8674,6.02232
42.2514,19.4969,5.45463
42.4309,19.7178,5.47273
43.5842,22.035,5.76487
44.1904,23.2176,5.92904
45.573,28.1725,7.27639
42.7063,20.3236,5.54794
42.6779,20.2115,5.53139
44.8918,26.6664,6.61711
43.4089,24.2258,6.13129
46.0974,28.3535,7.41727
45.5065,28.0098,7.17827
41.4465,21.7298,5.79165
41.5796,21.8822,5.81078
41.7101,22.0484,5.83142
41.3153,21.5638,5.77153
45.2747,27.504,6.91894
43.6258,24.5419,6.18019
43.8214,24.8709,6.23306
42.0988,22.522,5.89234
42.4779,22.9891,5.95463
43.1891,23.9157,6.08511
42.9556,23.6063,6.04032
41.1833,21.401,5.75194
41.0472,21.234,5.73206
41.1133,21.05,5.71729
40.9184,21.071,5.71305
46.5502,26.7608,6.55903
46.5264,26.7164,6.5448
46.5823,26.8311,6.58323
45.923,25.7609,6.31402
46.7127,27.4285,6.84102
46.7235,27.9403,7.12636
42.5944,20.1365,5.5273
42.8616,20.4248,5.54885
46.5543,26.7421,6.55005
46.5555,26.748,6.55235
46.5589,26.7369,6.54672
46.5617,26.7431,6.5488
46.5388,26.7036,6.53664
46.535,26.7106,6.54051
46.5296,26.7055,6.53949
46.538,26.7171,6.5427
46.5576,26.7551,6.555
46.5605,26.7627,6.55771
46.5644,26.7495,6.55104
46.6044,26.8637,6.59333
46.6021,26.8559,6.59031
46.6189,26.8655,6.59118
46.6092,26.8701,6.59524
46.5906,26.8228,6.57789
46.595,26.8305,6.58041
46.6003,26.8235,6.57618
46.5255,26.6988,6.53749
46.5174,26.6947,6.53742
46.5286,26.6889,6.53253
46.5905,26.8379,6.58461
46.5947,26.8459,6.5873
46.6007,26.8376,6.58241
46.5808,26.8198,6.57855
46.655,26.9461,6.62061
46.6498,26.9545,6.62548
46.6427,26.9465,6.62317
46.6445,26.9637,6.6307
46.6386,26.9554,6.62798
46.6534,26.9708,6.63228
46.6522,26.981,6.63718
46.6575,26.9611,6.627
46.6669,26.9672,6.62796
46.6941,27.0137,6.64429
46.6873,27.0209,6.64907
46.6819,27.0126,6.64623
46.686,27.0325,6.65477
46.6777,27.0222,6.65151
46.453,26.5837,6.50448
46.4639,26.5907,6.50511
46.4562,26.5975,6.50946
46.4746,26.5907,6.50277
46.468,26.6028,6.50921
47.8343,29.251,8.16932
47.8289,29.2643,8.18339
47.8188,29.2569,8.17583
47.832,29.2755,8.19497
47.8188,29.2744,8.19412
46.6246,26.9119,6.61097
46.5529,26.7224,6.54167
46.4964,26.68,6.53544
47.7881,29.2496,8.16896
47.7799,29.27,8.1902
47.7668,29.2539,8.1738
47.8073,29.2447,8.16341
47.8011,29.2672,8.18689
46.6663,27.0146,6.65005
46.4421,26.5976,6.51221
46.4526,26.6125,6.51622
46.3956,26.5222,6.49115
46.3845,26.5078,6.48763
46.4044,26.5058,6.48301
46.3787,26.531,6.49752
46.0893,25.9202,6.33441
46.0787,25.9349,6.34142
46.0669,25.9231,6.33981
46.0804,25.9519,6.3467
46.6857,27.0805,6.67728
46.7031,27.0891,6.67835
46.675,27.1311,6.70246
46.6999,27.1301,6.69819
46.0479,25.8908,6.33287
46.0565,25.9081,6.33687
47.6993,29.0916,8.00942
47.6672,29.1077,8.02676
47.7115,29.1271,8.04505
46.0827,25.9734,6.35334
47.6479,29.1325,8.0524
47.7215,29.1444,8.06233
47.7387,29.1655,8.08343
45.9872,25.8215,6.32183
46.6912,27.1881,6.72682
46.7164,27.1753,6.71708
47.5648,29.0665,7.98886
47.6212,29.0537,7.97427
46.1056,26.0799,6.3841
46.2585,26.4406,6.48296
46.2362,26.4165,6.4776
46.2737,26.4069,6.46879
46.2122,26.3925,6.47257
46.2541,26.3796,6.46214
46.7512,27.4015,6.82322
45.829,25.5439,6.26551
45.8567,25.5776,6.27066
46.1201,26.2606,6.44062
46.1593,26.2817,6.44236
46.1142,26.3134,6.45851
46.7668,27.4506,6.84648
46.0716,25.8894,6.32775
45.6584,25.5348,6.28642
45.6554,25.483,6.27324
45.7133,25.5079,6.27258
46.7161,27.2689,6.76206
46.9082,27.8713,7.06874
46.8795,27.8234,7.04219
46.9496,27.8303,7.03978
46.8465,27.8819,7.08054
46.7551,27.6982,6.98036
45.5394,25.4121,6.26823
47.2566,28.7327,7.68754
47.2852,28.7909,7.73832
47.1987,28.7921,7.7436
47.3331,28.8422,7.78299
47.2466,28.88,7.82192
42.7444,19.8882,5.46499
42.8152,19.9041,5.45728
42.7489,19.9573,5.47743
42.7375,19.8168,5.45221
42.8182,19.8344,5.44239
47.0505,28.4459,7.45923
46.9929,28.4111,7.43573
47.0532,28.3507,7.38543
47.0545,28.524,7.52147
44.8752,24.2785,6.07691
44.8198,24.2084,6.06763
44.927,24.2014,6.05452
44.9251,24.3447,6.086
44.9734,24.3941,6.09165
45.0112,24.332,6.0737
46.8167,27.9655,7.13512
44.9826,24.5344,6.12144
44.9884,24.448,6.1019
45.0556,24.4023,6.08426
45.0501,24.4764,6.10151
43.7634,21.966,5.73213
43.6965,22.0191,5.75009
43.6691,21.9581,5.74151
43.7801,22.183,5.77214
43.7883,22.0456,5.74472
43.8388,22.1133,5.75191
47.3239,28.9055,7.84241
47.3813,28.8841,7.81975
47.3716,28.9448,7.87757
43.6579,21.8947,5.73071
43.736,21.8991,5.72234
45.3597,25.1545,6.22423
45.409,25.2095,6.23225
45.3247,25.0751,6.20905
45.4059,25.092,6.20426
46.8373,28.1364,7.24622
46.9027,28.1859,7.27582
46.8235,28.061,7.19656
44.5699,23.7089,5.98897
44.5507,23.6345,5.97568
44.636,23.6405,5.96743
44.4924,23.5746,5.96957
44.6028,23.5578,5.95386
42.8118,20.2822,5.52899
42.8308,20.2047,5.51267
42.895,20.2378,5.51055
42.7577,20.24,5.52762
42.1653,19.0024,5.38032
42.1132,18.9357,5.37514
42.2268,18.925,5.35859
42.1639,19.0907,5.39562
42.0695,19.0357,5.39708
43.1977,21.0675,5.6276
43.1823,20.9918,5.61544
43.2703,20.9923,5.60494
43.1248,20.935,5.61149
43.2312,20.9206,5.59622
42.5721,19.6273,5.4399
42.5241,19.6836,5.45613
42.4923,19.6248,5.44954
42.5323,19.755,5.46776
46.8814,28.2565,7.32753
44.6653,23.8448,6.00708
44.7293,23.8888,6.00937
44.6135,23.7848,6.00008
44.7091,23.7707,5.98655
44.0009,22.6198,5.83225
43.9888,22.6933,5.84772
43.9121,22.6468,5.84668
44.0749,22.5546,5.81101
44.076,22.6513,5.83013
43.9332,22.4791,5.81234
43.9486,22.5561,5.82554
43.9744,22.4014,5.79252
44.0224,22.4736,5.80115
43.8148,22.245,5.78022
43.8901,22.2736,5.77728
43.8869,22.1862,5.76044
45.1407,24.8003,6.16455
45.1823,24.8972,6.18237
45.2501,24.9441,6.18619
43.4419,21.4848,5.67758
43.4579,21.582,5.69397
43.4999,21.4171,5.65767
43.5261,21.4993,5.67035
43.6042,21.85,5.72818
44.4348,23.4776,5.9559
44.0915,22.7963,5.8569
44.0603,22.7257,5.84647
44.1559,22.708,5.8321
43.8691,22.4378,5.81124
42.3978,19.6143,5.4586
42.3751,19.5018,5.44177
42.4845,19.5279,5.43325
45.0459,24.6227,6.13446
43.2725,21.4341,5.68642
43.3913,21.4171,5.67061
42.3301,19.6902,5.47892
42.9714,20.5986,5.56769
43.2273,21.1549,5.64034
42.575,19.8444,5.47854
44.4508,23.6872,5.99666
46.72,28.7041,7.68456
46.9578,28.6488,7.62997
43.4966,21.6946,5.71074
44.1802,22.9676,5.88103
45.5058,28.447,7.44467
45.5228,28.5544,7.52029
45.4,28.5391,7.49613
46.9294,28.0959,7.21186
46.675,28.5887,7.59074
46.7608,28.5818,7.58261
46.7284,28.4826,7.50523
45.1553,27.7592,7.02405
45.0666,27.8691,7.06817
45.009,27.7478,7.00551
45.2327,27.8624,7.08031
44.0064,25.7332,6.37639
44.1232,25.6824,6.3734
44.066,25.8371,6.39749
43.9519,25.63,6.35633
44.7176,26.6118,6.59537
42.7996,20.3625,5.54467
47.0297,28.5866,7.57426
43.8429,25.3476,6.30625
43.7943,25.2015,6.28191
43.6884,25.3653,6.30089
44.7431,26.8115,6.65035
46.7417,28.374,7.42195
44.7172,23.9754,6.02896
44.1364,25.5186,6.34572
43.971,25.4345,6.32553
44.2461,25.9205,6.4218
44.3238,26.0743,6.45511
44.2351,25.7648,6.39263
47.756,29.1813,8.09909
47.7209,29.1895,8.10851
46.6136,26.8808,6.59917
46.6189,26.8914,6.60285
46.6609,26.9869,6.63827
46.6789,27.0668,6.67201
46.6682,27.0309,6.65722
46.6756,27.0481,6.66391
46.6368,26.9374,6.6202
46.6336,26.9274,6.61626
46.4872,26.6613,6.52948
46.3581,26.5125,6.49398
46.4133,26.5588,6.50218
45.8137,25.6564,6.29987
45.8504,25.6817,6.30186
45.8808,25.7003,6.30271
46.1705,26.3253,6.45537
46.7359,27.2842,6.76689
47.5747,29.1655,8.0878
47.5397,29.1492,8.07228
47.6453,29.0827,8.00237
47.5367,29.0352,7.95892
47.5833,29.0211,7.9433
47.565,29.1078,8.03003
47.5162,29.0925,8.0163
46.33,26.5005,6.49402
45.9731,25.7974,6.31682
46.1078,26.0165,6.36296
46.0925,25.9951,6.35865
46.1266,26.1442,6.4018
45.9614,25.7687,6.31001
45.8968,25.7298,6.30889
46.3068,26.4839,6.49148
46.1606,26.2391,6.42802
46.7777,27.6506,6.95183
46.7709,27.5464,6.89605
46.7676,27.4994,6.87166
46.7359,27.3126,6.78081
47.3825,29.012,7.94178
47.4711,28.9253,7.85486
42.7103,20.1091,5.50976
43.3371,21.3214,5.65887
46.1881,26.3644,6.46619
45.5997,25.4417,6.26906
46.8085,27.8168,7.0444
47.1229,28.5777,7.5616
47.1873,28.6796,7.6446
45.6306,28.6738,7.61827
45.5631,28.6248,7.57504
45.6277,28.7989,7.71429
45.5203,28.7302,7.64905
45.8842,28.6108,7.59242
45.7452,28.7038,7.65192
45.2961,28.022,7.16858
42.9082,20.5197,5.56062
42.661,20.0169,5.49908
41.5167,22.069,5.82616
42.2797,23.0187,5.95145
41.1213,21.5848,5.76558
40.9898,21.4188,5.74551
41.2529,21.7482,5.78569
42.8678,23.7893,6.05987
43.2054,24.2516,6.12871
45.5015,25.219,6.2243
43.4217,24.5634,6.17714
41.846,22.2106,5.85211
41.7776,22.3946,5.868
41.9079,22.5533,5.88892
44.1285,22.884,5.87009
44.7679,24.0395,6.03713
44.2516,23.0304,5.88576
45.0855,27.4839,6.89899
45.0957,24.7106,6.14896
43.053,20.7594,5.58759
44.6145,26.4708,6.55541
43.0077,20.6934,5.58073
45.4609,28.3057,7.34871
45.4527,28.6376,7.57219
43.5401,21.7812,5.72222
44.3106,23.2303,5.91926
44.2762,23.1247,5.90189
43.2658,21.2443,5.65251
42.329,19.4067,5.43067
42.2611,19.2647,5.41409
42.3143,19.3257,5.41838
43.6269,24.8747,6.22758
43.7136,25.0372,6.2543
43.5268,24.7206,6.20233
42.4024,23.1739,5.97283
42.5189,23.3258,5.99388
46.2657,28.4697,7.50274
46.0561,28.5431,7.55148
45.3992,28.1595,7.25479
42.1534,22.8646,5.93035
42.6395,23.4821,6.0159
44.4974,26.3739,6.52707
42.9859,23.944,6.08267
43.096,24.0976,6.10545
43.3141,24.4067,6.15257
40.8544,21.2542,5.72561
40.7246,21.0869,5.70602
41.6504,22.2329,5.84719
41.3845,21.9137,5.80624
42.0265,22.706,5.90904
46.0028,25.8409,6.32516
46.1149,26.1115,6.39293
46.7177,27.2464,6.75094
45.6965,25.5616,6.28902
46.7838,27.7454,7.00476
42.7708,20.1667,5.51304
42.5984,19.9379,5.49229
45.2443,24.7989,6.15316
45.1341,27.6327,6.96513
46.6331,26.9174,6.61183
46.5971,26.8175,6.57416
46.6002,26.8096,6.56989
46.605,26.8172,6.57226
46.6307,26.8517,6.58211
46.6428,26.8945,6.59925
46.6357,26.9004,6.60354
46.6312,26.8924,6.60082
46.6342,26.9083,6.60746
46.666,26.9298,6.61059
46.6558,26.932,6.6139
46.6561,26.9237,6.60992
46.6497,26.9382,6.618
46.6462,26.9296,6.61477
46.566,26.7795,6.56394
46.5706,26.7648,6.55648
46.6675,26.9467,6.61823
46.6601,26.9533,6.6229
46.6453,26.9049,6.60353
46.642,26.9133,6.60814
46.6441,26.9209,6.6112
46.6213,26.8729,6.594
46.583,26.7931,6.56632
46.6753,26.974,6.62945
46.6712,26.9819,6.63397
46.6633,26.9766,6.63306
46.6731,26.9908,6.63776
46.5899,26.8143,6.57429
47.8432,29.2315,8.14871
47.8355,29.2385,8.15624
47.8322,29.2274,8.14475
47.8238,29.2411,8.15923
47.8521,29.2721,8.191
47.8597,29.2777,8.19672
47.8523,29.282,8.20142
47.8683,29.2775,8.19632
47.8623,29.2885,8.20798
46.4945,26.6508,6.52367
46.4987,26.6592,6.52632
46.508,26.6507,6.52071
46.5196,26.6852,6.53292
46.48,26.6218,6.5146
46.4821,26.6097,6.50907
46.4919,26.6198,6.51114
46.4692,26.6182,6.51531
46.4895,26.6412,6.52067
46.4845,26.631,6.51748
46.6616,26.999,6.64371
47.8189,29.2041,8.12082
47.8116,29.2174,8.13491
47.8014,29.2091,8.12657
47.8163,29.2292,8.14705
47.7969,29.2286,8.1469
47.7855,29.185,8.1021
47.7742,29.1765,8.09366
47.7914,29.1718,8.08828
47.7914,29.1966,8.11387
47.7707,29.195,8.11287
46.6763,27.0019,6.64229
47.842,29.2799,8.19939
47.8417,29.2649,8.18365
47.7621,29.1665,8.08372
46.69,27.0581,6.66604
46.1199,25.9628,6.34245
46.1198,25.9472,6.33708
46.1379,25.9553,6.33574
46.1024,25.958,6.34445
46.4313,26.5541,6.49688
46.0568,25.8102,6.30424
46.0502,25.8267,6.31132
46.0651,25.7998,6.29857
46.0705,25.8085,6.30026
47.7805,29.2148,8.13303
47.7687,29.2251,8.14399
47.7579,29.2368,8.15627
47.7304,29.1216,8.03876
46.3484,26.4593,6.47565
46.332,26.475,6.48429
46.3218,26.448,6.47599
46.3698,26.4642,6.47355
46.3528,26.4837,6.48404
47.76,29.2746,8.1954
47.7357,29.2617,8.18249
46.1079,25.9771,6.34976
46.7461,27.2389,6.7433
46.7583,27.2736,6.75853
46.7691,27.2521,6.74624
46.7857,27.2744,6.75477
46.7405,27.2607,6.75473
47.6623,29.0541,7.97307
47.6517,29.0351,7.95458
47.6786,29.0307,7.94902
46.1275,26.0344,6.36528
46.1293,26.0601,6.37356
46.1334,26.0127,6.35675
46.1507,26.0247,6.35731
46.5174,26.6768,6.52977
46.5069,26.6739,6.53078
47.7767,29.2348,8.15381
47.7804,29.1589,8.07529
47.7613,29.1503,8.06709
47.7395,29.2305,8.15018
47.7132,29.2305,8.15071
47.7154,29.207,8.12663
47.694,29.2024,8.12241
46.1392,26.0879,6.38108
47.6112,28.9578,7.88005
47.6009,28.9234,7.84704
47.6348,28.9297,7.85138
47.5808,28.9824,7.90539
47.562,28.9458,7.87064
47.6535,29.2123,8.13345
47.6359,29.2488,8.17105
47.6064,29.2203,8.14258
47.6751,29.2404,8.16174
45.8566,25.641,6.2892
45.8656,25.6098,6.27862
45.8918,25.6239,6.27825
45.8907,25.5914,6.2686
45.9347,25.7209,6.30004
45.9143,25.6949,6.2957
46.376,26.4871,6.48119
46.8093,27.4785,6.85609
46.8129,27.4431,6.8371
46.8443,27.4614,6.84258
46.2139,26.333,6.45195
47.5573,29.2021,8.12528
45.8304,25.6148,6.2857
46.8414,27.6631,6.95274
46.8941,27.6776,6.95548
46.8464,27.7108,6.97927
46.8327,27.6138,6.9262
46.8904,27.628,6.92777
46.8546,27.7654,7.0101
46.9037,27.7254,6.98203
47.4658,29.1406,8.06578
47.5235,29.0573,7.9812
45.6555,25.3835,6.24713
45.6632,25.4311,6.25866
45.6636,25.3371,6.23367
45.7014,25.3502,6.23153
47.4189,28.9195,7.85154
47.4405,28.8748,7.80839
46.801,27.6938,6.97384
45.6022,25.3487,6.24491
46.2942,26.428,6.47318
46.9041,28.0159,7.16072
46.9567,28.039,7.17164
47.0098,28.0531,7.17658
43.4137,21.1846,5.62337
43.4116,21.1049,5.60758
43.4924,21.1416,5.60209
43.3521,21.2323,5.64048
43.3303,21.1646,5.6303
44.7477,23.8227,5.99314
44.8022,23.7613,5.97257
45.3225,24.9329,6.1757
45.3591,24.9899,6.18507
45.4097,25.0322,6.18934
42.97,20.4286,5.53661
42.9577,20.3453,5.52249
43.0447,20.3552,5.51161
42.8798,20.3219,5.52813
42.9635,20.2683,5.50677
44.4434,23.1821,5.8942
44.5131,23.205,5.88967
44.4587,23.253,5.90721
44.4355,23.1016,5.87809
44.5043,23.1424,5.87704
42.8408,20.1414,5.49963
42.9136,20.1534,5.4916
42.6669,19.8061,5.46026
42.6677,19.8714,5.47219
44.3178,23.0549,5.8832
44.3219,23.0006,5.87158
44.3932,23.0275,5.86798
44.2796,22.9484,5.86601
44.3752,22.94,5.85161
44.794,23.9184,6.00831
44.8223,23.9789,6.0181
44.8793,23.9061,5.99464
42.4604,19.4505,5.42238
42.4118,19.4115,5.42161
42.495,19.3707,5.40274
47.2277,29.0726,8.00597
47.2849,29.1271,8.05775
47.231,29.168,8.09952
47.3457,29.1373,8.06608
47.297,29.19,8.11987
42.4084,19.3299,5.40738
42.3634,19.2589,5.40049
42.4555,19.2552,5.38662
47.1343,28.8856,7.83177
43.5821,21.6302,5.68882
43.6076,21.7092,5.70099
43.58,21.5535,5.67408
43.6706,21.5834,5.66732
43.9715,22.3117,5.77495
42.8068,20.0941,5.49528
44.8521,24.0516,6.03041
43.1423,20.7682,5.57856
43.0696,20.6158,5.55904
44.1956,22.7974,5.8454
47.1232,28.4858,7.48641
47.127,28.4075,7.42413
43.3123,21.0744,5.61533
42.6284,19.756,5.45612
47.1421,29.0625,7.99862
47.0738,28.9988,7.93955
47.1831,28.9778,7.91631
47.1558,29.1451,8.07866
47.0764,29.1213,8.05702
44.9694,24.2668,6.06407
42.6834,19.9359,5.48193
47.0433,28.8938,7.8426
46.9654,28.967,7.91237
47.2932,28.9796,7.91394
45.0766,28.1874,7.23611
45.1506,28.0973,7.19488
45.2242,28.1926,7.25656
45.1269,27.989,7.13465
44.3925,23.2272,5.90971
45.0935,24.5374,6.11034
44.3674,23.1596,5.89878
44.7809,27.138,6.75124
44.3523,26.4448,6.53415
44.4394,26.5301,6.55942
44.2456,26.5886,6.5582
42.2501,19.0155,5.37177
42.282,19.0961,5.38201
44.9545,27.6154,6.94245
44.5715,26.8896,6.66055
44.4802,27.0098,6.68665
44.3912,26.8737,6.64094
44.6703,26.9876,6.69625
46.5513,28.6572,7.64825
44.0701,25.9887,6.42462
44.1531,26.1006,6.45057
43.9808,26.1279,6.44338
43.8978,25.797,6.38048
44.5596,26.7483,6.62155
43.6507,21.7764,5.70882
46.5473,26.7162,6.54024
46.5432,26.7098,6.53837
46.5737,26.7728,6.55933
46.6085,26.845,6.58411
46.5905,26.8071,6.57094
46.5824,26.7862,6.56335
46.5777,26.7803,6.5618
46.4201,26.5411,6.4939
46.6054,26.8299,6.57795
46.5341,26.6969,6.53478
46.627,26.8819,6.59691
46.6986,27.0707,6.67043
46.0291,25.8338,6.31802
46.0482,25.8499,6.31946
45.9921,25.7738,6.30596
46.0801,25.9058,6.33148
46.4131,26.5233,6.48821
46.0636,25.8696,6.32281
46.4447,26.5672,6.49946
46.1499,26.1191,6.38964
46.1648,26.1538,6.39878
46.002,25.7967,6.31134
46.1002,25.9372,6.33788
46.1216,25.9942,6.35282
46.2065,26.2941,6.43971
47.7161,29.1067,8.02412
45.8928,25.6633,6.28988
47.6305,29.0191,7.93951
47.6809,29.074,7.99237
46.7701,27.3229,6.78136
46.7623,27.2953,6.76873
46.1963,26.2586,6.42917
46.7902,27.4184,6.82717
46.2241,26.3623,6.46055
45.9589,25.7394,6.3014
45.9869,25.7489,6.29903
45.5633,25.2796,6.23207
47.5245,28.9117,7.83951
46.1695,26.1956,6.41209
47.4075,28.8201,7.75901
47.3229,29.0677,7.99825
47.41,29.0884,8.01567
46.8276,27.5618,6.89836
46.8146,27.5184,6.87656
45.5065,29.0568,7.9121
45.4902,28.9721,7.83834
45.5728,28.9934,7.86689
45.4692,28.8866,7.76548
45.5591,28.8963,7.78463
43.1048,20.692,5.56893
42.8298,19.9649,5.46716
43.4233,21.2586,5.63664
43.4482,21.337,5.64869
47.469,29.0891,8.01444
47.3266,28.7293,7.68083
47.2889,28.6759,7.63579
45.4589,25.1403,6.2099
45.527,28.8224,7.72137
45.7085,25.4486,6.25728
47.3612,28.7761,7.72109
43.006,20.502,5.54576
44.6686,23.7093,5.97821
47.2653,28.6212,7.5899
47.2179,28.5755,7.55408
45.2877,24.8696,6.16474
47.1843,28.5151,7.5062
45.4547,28.8099,7.70266
45.6539,28.924,7.81841
42.769,20.0285,5.48803
46.913,27.9357,7.10849
45.1597,24.618,6.12109
43.6997,21.8345,5.71416
43.1819,20.8462,5.58834
45.2006,24.7167,6.13909
44.234,22.8787,5.85728
46.985,28.1687,7.2577
46.3647,28.6551,7.64613
44.5351,23.4973,5.94905
44.8081,27.3309,6.81906
43.605,25.2057,6.27329
42.3238,19.1801,5.39154
42.7538,23.6354,6.03769
42.893,24.1262,6.10007
43.4256,24.8975,6.22165
43.2181,24.5871,6.17129
41.455,22.2553,5.83965
40.9278,21.6031,5.75682
42.5523,23.6654,6.03217
42.6669,23.8191,6.05448
41.1908,21.9327,5.79797
42.3189,23.3581,5.98841
41.5822,22.417,5.86065
41.7096,22.5787,5.88192
42.5508,19.5703,5.43226
46.9522,27.8853,7.07339
45.384,28.7488,7.64638
45.7528,28.8517,7.7695
45.8765,28.779,7.72195
46.012,28.7196,7.68441
45.3353,28.4146,7.4051
43.7746,25.5255,6.32982
44.5422,26.6118,6.58568
43.0023,24.2792,6.12328
43.3237,24.7427,6.19627
45.3247,28.2823,7.32064
46.1795,28.6761,7.65822
41.8297,22.737,5.90277
41.9563,22.892,5.92395
42.0808,23.0494,5.94553
43.5215,25.0471,6.24679
42.202,23.2038,5.96693
42.438,23.5109,6.01016
42.7829,23.9732,6.07728
40.7962,21.4381,5.73661
40.662,21.2693,5.71621
41.3222,22.0978,5.81896
42.1705,18.8422,5.35142
46.5861,26.8007,6.56905
46.5072,26.6628,6.52602
46.4687,26.5796,6.49943
42.5953,19.6907,5.44847
44.8936,27.4784,6.88149
44.3572,23.0934,5.88642
46.5691,26.7564,6.55306
46.5475,26.6757,6.52201
46.5413,26.6759,6.52378
46.544,26.6704,6.52053
46.5359,26.6809,6.52736
46.5357,26.6719,6.52342
46.65,26.8854,6.59328
46.6561,26.8866,6.59227
46.6509,26.8908,6.59566
46.6531,26.881,6.59034
47.9139,29.335,8.25596
47.9172,29.3404,8.26158
47.9115,29.3405,8.26177
47.9179,29.3293,8.24977
47.9209,29.3346,8.25532
46.57,26.744,6.54729
47.8924,29.3045,8.2242
47.8985,29.3079,8.2276
47.8931,29.3132,8.23329
47.9014,29.3017,8.22095
47.9052,29.307,8.22652
46.5365,26.658,6.51693
46.5333,26.6647,6.52078
46.5272,26.6596,6.52006
46.5265,26.6697,6.52466
46.618,26.8408,6.58008
46.621,26.8347,6.5765
46.6247,26.839,6.5776
46.5515,26.7088,6.53598
46.5907,26.7883,6.56242
46.5325,26.6517,6.51513
46.5252,26.6518,6.51711
46.5285,26.6451,6.51326
46.5176,26.6562,6.52087
46.5197,26.6467,6.51624
46.5962,26.8016,6.56717
46.5771,26.76,6.55282
46.6292,26.8655,6.5889
46.5839,26.7737,6.55742
46.5387,26.6886,6.53008
46.6095,26.8231,6.57389
47.8588,29.226,8.14243
47.8507,29.2263,8.14304
47.8547,29.2188,8.13495
47.8443,29.2215,8.13821
46.6116,26.8361,6.57938
46.5176,26.6664,6.5253
47.8761,29.3031,8.22306
47.8836,29.3059,8.22587
47.8766,29.3144,8.23487
47.867,29.2996,8.21958
47.8759,29.2923,8.21163
46.6704,26.9569,6.62242
46.6804,26.964,6.6236
46.5652,26.731,6.54257
46.5616,26.7244,6.5405
47.865,29.3101,8.23053
47.8759,29.3266,8.24772
47.8635,29.3244,8.24562
46.4599,26.5382,6.48406
46.4517,26.5416,6.48745
46.4511,26.5306,6.48299
46.4697,26.5391,6.48194
46.4618,26.5478,6.48765
47.8484,29.2513,8.16934
47.8445,29.2412,8.1588
47.8556,29.242,8.15936
46.6378,26.886,6.59642
46.4588,26.5214,6.47711
46.4485,26.5202,6.47924
46.4533,26.5118,6.47441
46.4391,26.5245,6.48321
46.4416,26.513,6.47786
46.5441,26.6954,6.53182
46.6859,26.9928,6.63611
46.6913,27.0033,6.63994
46.4344,26.5037,6.4757
46.4292,26.5163,6.48204
46.4208,26.5052,6.47937
46.4398,26.4919,6.46941
46.4466,26.502,6.47197
46.5735,26.7494,6.54886
46.5797,26.7535,6.54922
47.847,29.292,8.21194
46.6944,27.0459,6.65949
46.7042,27.0567,6.66275
46.6243,26.8439,6.57998
46.7697,27.1402,6.69043
46.7556,27.1376,6.69202
46.763,27.1262,6.68485
46.7434,27.1433,6.69716
46.7437,27.1266,6.68895
46.7669,27.1647,6.7033
46.7536,27.1684,6.70761
46.757,27.1531,6.69945
46.7812,27.1683,6.7022
46.7663,27.1781,6.71006
46.0955,25.8891,6.32242
46.438,26.5385,6.48919
46.3968,26.488,6.47755
46.72,27.1018,6.68137
46.6163,26.8284,6.57472
46.3772,26.4314,6.45933
46.384,26.4457,6.46352
46.3649,26.444,6.46676
46.3939,26.4288,6.45452
46.5276,26.6787,6.52836
46.0102,25.7307,6.28813
46.0256,25.7425,6.28848
46.0105,25.7544,6.29592
46.0333,25.7276,6.28138
46.043,25.7426,6.28408
47.7893,29.286,8.20672
47.8058,29.2908,8.21136
47.788,29.3101,8.23175
47.8284,29.2939,8.21428
47.8121,29.3155,8.23695
46.6829,26.9821,6.63166
46.7673,27.2324,6.7368
46.7878,27.2346,6.73439
46.755,27.2192,6.7323
46.7787,27.2175,6.72744
46.5024,26.6406,6.51767
46.1297,25.9741,6.34423
46.7356,27.16,6.70665
46.7429,27.1833,6.71668
46.742,27.2043,6.72706
46.4595,26.5707,6.49778
46.4476,26.5514,6.49241
46.4592,26.5598,6.49328
46.0047,25.7118,6.28308
45.9858,25.7237,6.29117
46.0134,25.695,6.27518
46.0234,25.7116,6.27834
47.7383,29.0998,8.01627
47.7445,29.1381,8.0552
47.7717,29.2922,8.2134
46.2208,26.1452,6.38505
46.1978,26.1484,6.3909
46.209,26.1271,6.38106
46.2422,26.1505,6.38215
46.2218,26.1678,6.39296
46.3589,26.3754,6.44131
46.3358,26.3766,6.44674
46.3463,26.3567,6.43681
46.3111,26.3947,6.4582
46.3161,26.3618,6.4451
45.336,29.3126,8.10707
45.3396,29.2819,8.08111
45.3632,29.3002,8.10172
45.3397,29.2465,8.05035
45.3735,29.2628,8.07082
47.8554,29.2607,8.17899
47.8249,29.2159,8.13296
45.9211,25.6012,6.26558
45.9413,25.6173,6.26638
45.9214,25.6347,6.276
45.9519,25.5962,6.25697
45.9654,25.6173,6.26073
46.3477,26.4402,6.46857
46.1594,26.0677,6.37043
45.939,25.5746,6.25295
45.914,25.5755,6.25893
45.9244,25.5522,6.24906
45.8945,25.5606,6.25837
45.9476,25.6895,6.288
46.7263,27.1388,6.69799
46.7926,27.3016,6.76734
47.615,28.9925,7.91389
47.6484,28.9945,7.9144
46.2002,26.2248,6.41698
45.396,29.2313,8.04711
45.4173,29.2638,8.0794
45.3667,29.2205,8.03258
46.8263,27.4122,6.81916
46.2547,26.3399,6.44804
46.4161,26.4885,6.47365
46.2249,26.2671,6.42742
47.696,29.268,8.18965
47.6584,29.2821,8.20481
47.5892,29.285,8.20906
47.6024,29.2588,8.18194
47.6195,29.2844,8.20788
47.5648,29.3084,8.23343
47.5642,29.2598,8.18379
47.6376,28.9746,7.89524
47.5824,28.8007,7.73096
47.5469,28.8032,7.73571
47.5609,28.7721,7.70577
47.5192,28.8323,7.76461
47.5129,28.7845,7.72046
45.8166,25.3818,6.21941
45.7814,25.3837,6.22721
45.7958,25.3502,6.2142
45.751,25.4112,6.24054
45.7491,25.3602,6.22634
46.3927,26.4655,6.46949
46.2885,26.3791,6.45643
46.192,26.1725,6.40038
47.0924,27.9135,7.07639
47.0414,27.9039,7.07616
47.072,27.8679,7.04952
46.9898,27.9229,7.09351
47.0082,27.8639,7.05448
47.4939,28.8735,7.80465
47.5403,28.8707,7.79967
46.7665,27.1988,6.72029
47.3679,28.6721,7.62788
47.4952,29.198,8.12265
47.4285,29.2114,8.13793
44.5565,23.1155,5.8619
44.5189,23.08,5.86024
44.6091,23.1195,5.8522
44.5667,23.1619,5.87118
47.4188,28.7643,7.7074
42.5339,19.2543,5.37289
42.4916,19.3035,5.39028
43.06,20.1212,5.45686
43.0304,20.1659,5.47378
42.9948,20.1312,5.4731
43.0376,20.2241,5.48522
42.9722,20.1935,5.49035
45.4765,25.0584,6.18739
43.6507,21.5248,5.65806
43.6417,21.4806,5.65007
43.6974,21.4845,5.64107
43.5931,21.4467,5.6506
43.6712,21.4396,5.63583
43.0238,20.2922,5.5021
43.0752,20.301,5.49487
45.6246,25.2846,6.22528
47.2003,28.4387,7.44359
47.339,28.6144,7.5796
43.5974,21.5024,5.66145
45.1386,24.459,6.08704
46.9835,27.9913,7.13803
42.622,19.5686,5.42153
42.6481,19.6266,5.42879
42.6766,19.6838,5.43555
43.6952,21.72,5.69191
43.7426,21.7667,5.69477
43.6904,21.6554,5.67935
43.7751,21.6965,5.67461
45.0147,24.1943,6.04212
44.7224,23.6429,5.95709
44.0513,22.3412,5.77017
47.0766,28.1846,7.26175
45.34,24.7894,6.13913
43.8677,21.9723,5.71928
43.0523,20.5504,5.5489
43.1228,20.5484,5.53853
43.98,22.2246,5.75592
42.3173,18.9511,5.34971
44.8843,24.1281,6.04337
44.954,24.0516,6.01756
43.2497,20.7626,5.56236
43.3301,20.9106,5.58018
44.3003,22.7925,5.83049
43.7979,21.827,5.69915
46.2439,26.3085,6.43875
45.0076,28.3468,7.31974
44.989,28.2691,7.27103
45.0971,28.29,7.29822
44.9229,28.3494,7.30815
45.1867,24.5283,6.09697
44.1751,22.6066,5.80867
45.2895,24.7181,6.12861
45.5323,25.1504,6.20322
44.6167,23.4543,5.92989
43.1978,20.6902,5.55566
45.0955,24.3263,6.06178
42.5397,19.4376,5.4088
42.5911,19.4971,5.41236
45.7031,25.3964,6.2439
44.5357,23.2688,5.90048
42.7212,19.7425,5.44011
47.1458,28.3293,7.36261
42.6977,19.5654,5.40775
42.2514,18.8492,5.34068
42.3189,18.8736,5.33395
42.8867,20.0859,5.48233
43.5132,21.2682,5.62572
43.4752,21.2086,5.61923
44.9752,27.986,7.11597
45.2041,28.3383,7.34117
44.8439,27.7429,6.98573
43.5969,25.9593,6.3813
43.7353,25.8854,6.3826
43.6979,26.0444,6.40441
43.4529,25.9609,6.36615
43.5699,25.8123,6.35702
44.3927,26.6921,6.59484
44.1043,26.3774,6.50104
44.2239,26.4189,6.51925
44.0574,26.5411,6.53045
44.0516,26.2609,6.47379
47.2933,28.5607,7.53698
43.6309,25.6502,6.33859
43.5785,25.5194,6.31581
43.4713,25.6718,6.32816
46.4372,28.8258,7.78839
46.5943,28.8441,7.8057
46.505,28.9924,7.93625
46.7398,28.8788,7.83565
46.6408,29.0073,7.95187
47.4607,28.7796,7.719
44.6197,27.2777,6.7831
43.8892,25.9772,6.40992
45.0279,28.0888,7.17586
44.7373,27.4836,6.86835
44.632,27.4176,6.83275
43.7604,25.7227,6.35916
46.4277,26.5287,6.48741
46.5555,26.7141,6.53737
46.5476,26.7027,6.5342
46.5673,26.738,6.54526
46.5605,26.7179,6.53783
47.7999,29.1829,8.09947
46.5929,26.7948,6.56484
46.5814,26.7661,6.55456
47.8556,29.3024,8.2227
47.8864,29.2971,8.21653
46.5886,26.7808,6.55952
46.6527,26.9137,6.60601
47.8732,29.2839,8.20289
46.1014,25.9047,6.3265
46.6369,26.8775,6.59268
47.864,29.2683,8.18674
46.4801,26.5985,6.50483
46.661,26.9383,6.61571
46.497,26.6309,6.51474
47.7538,29.1157,8.03193
47.7252,29.0844,8.00118
46.7018,27.0345,6.65266
46.6973,27.0236,6.64837
46.7222,27.0874,6.67402
46.1215,25.9309,6.33097
46.1102,25.9191,6.32948
46.7131,27.0779,6.6712
46.715,27.066,6.66511
46.7094,27.0449,6.65609
46.0661,25.8354,6.31072
46.0857,25.8733,6.31924
46.0816,25.8577,6.31477
46.1526,26.0076,6.3509
47.8095,29.1926,8.10926
46.7218,27.1187,6.68914
46.1732,26.0932,6.37652
47.7127,29.0638,7.98083
46.8538,27.4962,6.85994
46.8507,27.5292,6.87805
47.6642,29.0137,7.93267
47.5688,28.9017,7.82783
47.7795,29.1415,8.05743
47.7658,29.1316,8.04773
46.3427,26.4235,6.46316
46.8057,27.3287,6.77908
46.2271,26.2435,6.4188
47.4022,29.1556,8.08267
46.2098,26.1948,6.40487
46.8147,27.3579,6.79271
46.2854,26.3542,6.44796
46.8315,27.3812,6.80223
45.9312,25.6637,6.28312
46.1824,26.1243,6.38549
47.4705,28.8265,7.76181
47.4041,28.7199,7.66813
46.8747,27.582,6.904
46.8702,27.5488,6.88633
44.7568,23.7019,5.96552
44.6954,23.5784,5.94648
44.2287,22.6608,5.81253
44.253,22.7227,5.82233
43.5785,21.3879,5.64054
44.602,23.3838,5.91641
42.3818,19.1059,5.36936
45.6213,25.2395,6.21384
46.919,27.7752,7.00973
45.4336,29.0396,7.88721
45.4538,29.1117,7.95184
45.5782,29.0916,7.95167
45.3974,24.9215,6.16386
45.4323,24.9693,6.17105
45.3132,28.6463,7.56114
45.5306,25.0983,6.19012
44.0482,22.2716,5.75568
43.93,22.1088,5.73882
43.9708,22.1572,5.74299
42.8581,20.0254,5.47475
45.143,24.3791,6.06761
45.4676,25.0026,6.17459
45.2453,24.5798,6.10129
43.0913,20.4876,5.5311
47.0345,28.1141,7.21594
43.0601,20.4261,5.52356
44.5641,23.3315,5.91023
44.1729,22.5223,5.79087
44.9798,24.1291,6.03183
43.3566,20.9898,5.59238
44.6841,23.5042,5.93145
43.3947,21.0409,5.59699
43.8936,22.0446,5.73068
45.9846,28.8852,7.8173
44.3267,22.8721,5.8439
45.5139,29.1363,7.98189
45.6559,29.0395,7.91622
43.5408,21.3401,5.63643
43.8257,21.9014,5.71062
42.428,19.1778,5.37595
44.9072,23.9825,6.00819
44.8217,23.8431,5.9883
44.1197,22.4684,5.78726
44.078,22.407,5.78023
45.3708,28.8672,7.73659
45.4054,28.9615,7.81781
43.4984,25.3666,6.28883
44.7656,27.6122,6.92174
43.3218,25.0717,6.23795
47.2592,28.4945,7.48447
43.1108,24.4328,6.14699
43.121,24.7667,6.18732
40.532,21.0973,5.69611
40.4704,21.2793,5.70383
41.3864,22.4406,5.85047
42.7998,24.3081,6.11483
42.351,23.6953,6.02353
45.7496,28.9874,7.88212
41.882,23.0774,5.93627
42.5802,24.003,6.06879
42.4656,23.8492,6.04597
42.1189,23.3882,5.97957
41.6334,22.7621,5.893
40.6034,21.4523,5.72461
40.7344,21.6215,5.74527
47.1891,28.3755,7.3948
44.8932,27.8755,7.05197
45.1897,28.4575,7.41497
45.2671,28.5376,7.47874
45.861,28.9303,7.84485
46.8621,28.9214,7.87236
46.1178,28.8492,7.79608
46.2721,28.8272,7.78504
44.5651,27.1378,6.73278
42.9082,24.4606,6.13848
41.5123,22.6014,5.87176
41.1285,22.1172,5.80812
43.2239,24.9205,6.21258
43.0155,24.6134,6.16262
42.0018,23.2338,5.95794
41.7586,22.9216,5.91471
42.2364,23.5426,6.00156
40.8658,21.7873,5.76599
41.0591,21.7688,5.77733
40.9972,21.953,5.78698
42.2394,18.8015,5.33341
42.3537,19.0248,5.35814
43.414,25.2171,6.26296
47.6936,29.048,7.96574
46.1522,26.0452,6.36409
43.2826,20.8428,5.57367
46.8431,27.4357,6.82916
46.1411,25.9981,6.35012
46.1425,25.9837,6.34475
46.5654,26.715,6.53525
46.5663,26.7195,6.53708
46.5703,26.7151,6.53396
46.5553,26.7023,6.53209
46.5586,26.7074,6.53355
46.562,26.7119,6.53474
46.5774,26.7437,6.54534
46.5748,26.7387,6.54369
46.5816,26.739,6.54199
46.6288,26.8348,6.57456
46.6292,26.8465,6.58001
46.6354,26.8464,6.57837
46.5686,26.7247,6.53887
46.5719,26.7286,6.53979
46.5885,26.7633,6.55151
46.5917,26.7588,6.54854
46.5944,26.7638,6.55012
46.5846,26.7592,6.55064
46.5959,26.7786,6.55669
46.5995,26.7743,6.55368
46.6019,26.7793,6.55543
46.5923,26.7741,6.55552
46.5802,26.7479,6.54651
46.5858,26.7486,6.54536
46.5993,26.7897,6.56097
46.602,26.7957,6.5631
46.5968,26.7836,6.55877
46.6044,26.7848,6.55734
47.9082,29.3239,8.24435
47.9041,29.3197,8.23996
47.9117,29.3182,8.23813
47.9104,29.3295,8.25021
47.9013,29.3291,8.24997
46.6103,26.8117,6.56845
46.6135,26.8175,6.57033
46.6089,26.8064,6.56634
46.6155,26.807,6.56486
46.6371,26.8626,6.58568
46.6382,26.8692,6.58849
46.6438,26.8634,6.58431
46.6434,26.8742,6.58959
46.6453,26.8809,6.59231
46.6502,26.875,6.58824
46.5468,26.6876,6.52764
46.5506,26.6917,6.52852
46.5434,26.6817,6.52585
46.5505,26.6815,6.52385
46.6051,26.8018,6.56514
46.6166,26.822,6.57168
46.6232,26.8234,6.57063
46.6651,26.9053,6.59899
46.661,26.9105,6.60256
46.6566,26.9051,6.60106
46.6624,26.9166,6.60511
46.5896,26.7684,6.55356
46.6526,26.8979,6.59859
46.6587,26.8927,6.59459
46.6804,26.9375,6.61079
46.6764,26.9432,6.61457
46.6714,26.9378,6.61312
46.6778,26.9496,6.61727
46.6453,26.8875,6.59541
47.8858,29.2891,8.20809
47.8938,29.2891,8.20789
47.8781,29.2768,8.19533
47.8819,29.2835,8.20226
46.6305,26.8734,6.59222
46.6334,26.8578,6.5843
46.6657,26.9225,6.60713
46.6733,26.924,6.606
46.6924,26.9781,6.62761
46.6971,26.9719,6.62346
46.7004,26.9789,6.62611
46.687,26.9724,6.62615
47.876,29.2557,8.17312
47.8721,29.2628,8.18071
47.8664,29.2578,8.17559
47.874,29.2697,8.18794
46.5403,26.6645,6.51885
46.6811,26.9557,6.61945
46.6892,26.9575,6.61837
47.9007,29.3135,8.23349
47.8952,29.3216,8.24218
46.7021,26.9999,6.63596
46.703,27.0072,6.63929
46.7109,27.0012,6.63452
46.5138,26.6394,6.5145
46.5088,26.6309,6.512
46.5191,26.6307,6.50929
47.8291,29.196,8.11207
47.8324,29.2041,8.12043
47.839,29.1944,8.10999
46.5063,26.6069,6.50208
46.5019,26.6142,6.50643
46.4955,26.6081,6.50532
46.5043,26.622,6.50921
46.7061,27.0161,6.6429
46.7098,27.0253,6.64656
46.7137,27.0092,6.63779
47.8855,29.3201,8.24078
47.8868,29.3347,8.25604
47.8862,29.3116,8.23181
47.8276,29.1762,8.0915
47.8214,29.185,8.1009
47.8147,29.1787,8.09454
47.8222,29.1925,8.10864
46.4837,26.5653,6.48968
46.4789,26.5732,6.49435
46.4711,26.5658,6.49307
46.4815,26.5816,6.49732
46.4902,26.5992,6.50275
46.486,26.5903,6.49995
46.4972,26.5905,6.49722
46.4694,26.5558,6.48922
46.479,26.5568,6.48719
47.8379,29.2137,8.1303
46.7199,27.0424,6.65266
46.7148,27.0346,6.65
46.7263,27.0352,6.6477
46.7198,27.0531,6.65794
47.8526,29.2335,8.15049
46.6974,26.9935,6.63391
46.6939,26.9854,6.63081
47.8428,29.305,8.22556
47.8511,29.3163,8.23732
46.4644,26.5304,6.47955
46.7271,27.0625,6.66095
46.7278,27.0743,6.66657
46.738,27.0645,6.65948
46.5725,26.7199,6.5356
47.8948,29.3487,8.27063
47.8987,29.3386,8.26001
45.2733,29.3481,8.12218
45.2632,29.3547,8.1244
45.2623,29.3422,8.1141
45.2824,29.3574,8.1324
45.271,29.3616,8.13233
47.7999,29.1582,8.07383
47.8076,29.1693,8.08502
46.7425,27.0759,6.66416
46.7348,27.084,6.66988
46.7353,27.0949,6.67506
46.5523,26.6967,6.53036
46.0788,25.827,6.3047
46.0829,25.8402,6.30835
46.0924,25.8261,6.30075
46.1355,25.9265,6.32594
46.1425,25.9171,6.32055
46.1475,25.9285,6.32343
46.1279,25.9171,6.32448
47.7977,29.124,8.03857
47.7918,29.1353,8.05047
47.7831,29.127,8.04233
47.7945,29.1462,8.06159
46.1139,25.8929,6.31932
46.1202,25.9053,6.32218
46.1112,25.8818,6.31603
46.1244,25.8829,6.31282
46.0781,25.799,6.29484
46.0681,25.8205,6.30508
46.0937,25.8489,6.30869
46.0975,25.8604,6.31186
46.0997,25.8379,6.30304
46.1067,25.8487,6.30507
46.4283,26.494,6.47313
46.7382,27.109,6.68141
46.751,27.099,6.67383
46.1569,25.977,6.3389
46.1576,25.9911,6.34385
46.171,25.9782,6.33565
47.8679,29.3395,8.26132
47.8459,29.3377,8.25967
46.1358,25.9383,6.33015
46.1517,25.9415,6.32712
46.0685,25.8505,6.31532
46.5621,26.7018,6.53003
47.8873,29.2761,8.19431
47.7474,29.0803,7.99603
47.7584,29.0946,8.01015
47.7689,29.1035,8.01874
46.1673,26.0023,6.34555
46.1683,26.0157,6.35017
46.182,26.0051,6.34279
47.7322,29.0502,7.96613
47.738,29.065,7.98092
47.7408,29.0353,7.95058
47.7501,29.0492,7.96423
46.0395,25.776,6.29661
46.0173,25.7762,6.30161
46.1712,26.0326,6.35557
46.1772,26.0503,6.36054
46.1871,26.0204,6.34722
46.3699,26.3944,6.44631
46.3595,26.4107,6.45497
46.343,26.3989,6.45379
46.3621,26.4272,6.46081
46.4037,26.4445,6.45856
46.7759,27.1543,6.69625
46.8198,27.2514,6.73698
46.8083,27.2661,6.74671
46.7973,27.2521,6.74155
46.8117,27.2837,6.75513
46.786,27.1847,6.70954
47.7195,29.0405,7.95701
46.1965,26.0857,6.36891
46.1863,26.0698,6.36549
46.2093,26.0713,6.36056
46.2005,26.1048,6.37491
46.8346,27.3384,6.77948
46.8315,27.3201,6.77047
46.8524,27.3219,6.7676
46.82,27.3046,6.76442
46.8443,27.3039,6.75966
47.7054,29.0256,7.94266
47.6922,29.0088,7.92644
47.7184,29.005,7.92124
46.0314,25.7581,6.29244
46.3083,26.3388,6.43801
46.3334,26.3362,6.43174
47.6791,28.9907,7.90908
47.6654,28.9719,7.89122
47.6941,28.9689,7.88655
46.8555,27.3761,6.79577
46.8563,27.3951,6.80569
46.8777,27.3799,6.79392
45.9765,25.6827,6.27984
45.962,25.6623,6.2764
45.9889,25.6598,6.26932
45.9656,25.7094,6.29069
45.9912,25.7001,6.28226
46.2708,26.2186,6.40101
46.2534,26.2357,6.41105
46.237,26.2145,6.40665
46.2504,26.2564,6.41909
46.307,26.2895,6.4197
46.2929,26.3068,6.42919
46.2759,26.2903,6.42648
46.2892,26.3275,6.43752
46.272,26.3141,6.43586
46.2693,26.2677,6.41953
46.2454,26.2806,6.42862
46.2955,26.2672,6.4138
47.7662,29.3139,8.23592
47.7979,29.3371,8.25966
47.6493,28.9528,7.87323
47.667,28.9285,7.8483
46.8622,27.4189,6.81742
46.8698,27.4431,6.82918
46.8841,27.4008,6.80403
46.1481,25.9681,6.33788
46.2365,26.1893,6.39766
46.261,26.1953,6.3945
47.8155,29.157,8.07198
46.2331,26.1297,6.37655
46.8441,27.3599,6.78912
46.3222,26.4184,6.465
46.8795,27.4688,6.84155
46.903,27.4478,6.82635
45.9497,25.6389,6.2715
47.7459,29.2996,8.22144
47.6847,29.2986,8.22135
47.6953,29.3258,8.24918
47.6651,29.3221,8.24581
47.7133,29.2972,8.2194
46.892,27.4918,6.85223
46.8907,27.5214,6.86858
46.922,27.4986,6.85127
46.4085,26.4742,6.46955
45.8718,25.5361,6.25537
45.849,25.5061,6.25073
45.8882,25.503,6.24155
46.9609,27.59,6.89683
46.9362,27.6151,6.91479
46.9194,27.5876,6.90144
46.9377,27.6492,6.93408
47.4956,28.748,7.68796
47.5372,28.7408,7.67848
47.4575,28.7359,7.67936
47.5069,28.7058,7.64883
45.7348,25.3236,6.21843
45.7739,25.3169,6.20875
47.5983,29.3146,8.23918
47.5827,28.8648,7.79176
45.7253,25.2437,6.19697
45.7015,25.2772,6.21118
45.672,25.2507,6.20887
45.7013,25.3119,6.22096
45.6609,25.3001,6.22413
47.488,28.6634,7.6121
47.459,28.6979,7.64503
47.4323,28.6668,7.61916
45.6588,25.2114,6.20021
45.7033,25.206,6.19034
45.655,25.1193,6.17484
45.6241,25.1555,6.19074
45.5919,25.121,6.18671
45.6231,25.1947,6.20155
45.5762,25.1766,6.20386
47.5611,28.834,7.76383
46.9475,27.6908,6.95695
46.9829,27.6581,6.93312
45.7942,25.4156,6.23418
45.4157,29.1615,7.98929
45.3891,29.1047,7.93594
45.5771,25.2218,6.21547
47.0032,27.8149,7.02466
47.0336,27.7797,6.99925
47.0522,27.8229,7.0236
46.9791,27.7773,7.00456
47.421,28.5415,7.51125
47.395,28.5831,7.54892
47.3624,28.55,7.52316
47.4082,28.6238,7.5831
46.9605,27.7331,6.98028
45.5842,25.0744,6.17538
45.6326,25.0772,6.16714
45.5505,25.0435,6.1727
45.6105,25.0353,6.15957
43.7668,21.6398,5.66341
43.8314,21.6441,5.65129
43.1084,20.2201,5.46933
43.0753,20.2622,5.48629
43.1054,20.3247,5.49426
43.1161,20.3715,5.50254
43.1611,20.3232,5.48188
43.7837,21.5368,5.63544
43.7413,21.5714,5.65258
43.7187,21.5327,5.64802
43.7344,21.6096,5.66246
42.5349,19.1031,5.33909
42.5002,19.1475,5.35669
42.4661,19.1077,5.35493
42.5123,19.1981,5.36516
45.5223,24.9985,6.16531
45.4967,24.9553,6.15807
45.5572,24.9499,6.14585
47.3168,28.4561,7.44891
47.3436,28.4109,7.41003
47.3689,28.455,7.4436
47.2801,28.423,7.4252
46.9058,27.5535,6.88422
45.435,24.7084,6.10261
45.4045,24.7549,6.12075
45.3683,24.7149,6.11637
45.4177,24.8032,6.13113
45.4678,24.9105,6.15094
45.4415,24.8583,6.14157
45.506,24.8559,6.12955
47.2497,28.3717,7.3872
47.2202,28.3221,7.35134
47.2883,28.3162,7.34058
45.1997,24.3588,6.05369
45.2061,24.4076,6.06492
45.255,24.3644,6.04475
45.3022,24.5559,6.08648
45.2674,24.5181,6.08266
45.333,24.514,6.06964
45.3124,24.6026,6.09674
47.3616,29.2038,8.13201
47.4697,29.2466,8.17252
47.4332,29.2811,8.20832
47.0624,28.0052,7.13986
47.0879,28.0618,7.17545
47.0468,27.9501,7.10534
47.1105,27.9622,7.10617
45.0222,24.0198,5.9993
44.9879,23.9791,5.99515
45.0535,23.9738,5.9814
45.035,24.0699,6.00952
44.9761,23.8255,5.95826
44.9445,23.8721,5.9763
44.9093,23.8324,5.97268
44.9577,23.9225,5.98643
45.0592,24.1284,6.01987
45.0883,24.1812,6.02805
45.1204,24.22,6.0323
45.0603,24.2558,6.05015
47.1508,28.1571,7.2358
47.1175,28.1162,7.21008
47.1846,28.1136,7.20147
47.1595,28.2074,7.27117
44.8986,23.6791,5.93598
44.8673,23.7258,5.95393
44.8312,23.689,5.95125
44.8802,23.7778,5.96437
42.672,19.5097,5.40076
42.6598,19.4584,5.39207
42.7159,19.4604,5.38033
42.6214,19.4211,5.39157
42.6896,19.4116,5.375
42.4364,19.0496,5.34839
42.423,18.9958,5.33957
42.4824,19.0015,5.32778
42.3913,18.955,5.33716
42.4561,18.9507,5.32215
42.7996,19.7636,5.43078
42.7896,19.7086,5.42079
42.846,19.714,5.40977
42.7557,19.6706,5.41919
42.8221,19.6639,5.40349
44.7384,23.4741,5.9155
44.6997,23.4367,5.91331
44.7678,23.4275,5.89792
44.7507,23.5248,5.92557
42.9338,20.0235,5.46134
42.9614,20.0802,5.46837
43.3303,20.7805,5.55219
43.3168,20.7253,5.54239
43.3747,20.7277,5.53028
43.2787,20.6832,5.54039
43.3485,20.6769,5.524
43.3961,20.8776,5.56123
43.4272,20.8292,5.54291
43.4535,20.88,5.54926
43.3598,20.836,5.55893
43.6077,21.1879,5.58935
43.5787,21.2342,5.6067
43.5386,21.195,5.6055
43.5921,21.2846,5.61562
43.8807,21.844,5.68883
43.8677,21.7911,5.67904
43.9259,21.7946,5.66733
43.8258,21.7527,5.67815
43.8968,21.7458,5.66177
44.1051,22.2468,5.74002
44.1359,22.2016,5.72228
44.1595,22.2513,5.72957
44.0685,22.2099,5.73831
44.2345,22.4987,5.77487
44.2424,22.5508,5.78566
44.2914,22.5049,5.76447
43.9534,21.9921,5.70933
43.9797,22.0486,5.71746
43.9402,21.9423,5.70029
44.0008,21.9458,5.6883
44.3799,22.811,5.82169
44.3662,22.7585,5.81177
44.4248,22.7621,5.80059
44.3312,22.7169,5.8084
44.3985,22.7111,5.79332
44.4534,22.9649,5.8447
44.4433,22.9099,5.83353
44.5006,22.9157,5.82337
44.4091,22.8688,5.83004
44.4774,22.8642,5.8152
43.4614,21.0379,5.5848
43.4352,20.9836,5.5776
43.5032,20.9835,5.56314
44.5846,23.2179,5.88129
44.6125,23.2726,5.8894
44.6322,23.1691,5.86002
44.1328,22.3513,5.75924
44.1639,22.4061,5.76629
44.1135,22.294,5.74951
44.1805,22.3022,5.73779
44.7989,23.6382,5.9445
44.7725,23.5831,5.9358
44.841,23.5812,5.92247
44.6412,23.3279,5.89752
44.6681,23.3823,5.9058
43.1673,20.4837,5.51745
43.2002,20.5348,5.52248
43.2343,20.5745,5.5247
43.1658,20.6127,5.54489
42.2775,18.7489,5.31597
42.3009,18.8042,5.32301
44.2691,22.6091,5.79442
44.301,22.6619,5.80098
44.3144,22.5579,5.77289
42.8824,19.9133,5.44725
42.9068,19.9673,5.45429
42.8669,19.8671,5.44021
42.9255,19.8664,5.4274
43.6437,21.3903,5.62981
43.6189,21.3392,5.6229
43.6866,21.3391,5.60859
44.0093,22.1037,5.7247
44.0373,22.1577,5.73199
45.3349,24.6594,6.10757
45.3798,24.6104,6.08663
45.255,24.6505,6.11696
45.8525,25.4432,6.23063
45.1362,24.2691,6.04188
45.1663,24.3204,6.04968
45.1763,24.2217,6.02233
45.2326,24.4652,6.07503
45.2757,24.4151,6.05429
47.1878,28.2665,7.31214
47.2306,28.2152,7.27005
42.371,18.9079,5.33117
42.8676,19.769,5.41775
43.2481,20.6268,5.5337
43.2927,20.5752,5.51224
43.489,21.0804,5.58912
43.55,21.0845,5.57719
42.5852,19.3659,5.38671
42.5582,19.3094,5.37992
42.6295,19.3101,5.36527
44.4822,23.0269,5.85418
44.5235,22.9699,5.83228
47.3308,28.5027,7.48604
47.1018,28.2655,7.31828
45.2181,28.6994,7.58632
45.1972,28.6292,7.53273
45.1371,28.7091,7.58073
45.3702,24.8614,6.1527
44.2006,22.4587,5.77183
43.4087,20.9285,5.57031
45.0818,28.4061,7.36705
45.0979,28.4971,7.42789
45.0098,28.4972,7.41425
45.1501,28.5552,7.47448
45.0533,28.5696,7.46929
44.9471,28.1823,7.21595
44.8996,28.0939,7.16169
44.8803,28.2689,7.25441
45.2681,28.7508,7.63177
44.7752,27.94,7.06725
44.7239,28.0268,7.10156
44.673,27.9429,7.05346
44.8436,28.0084,7.11013
46.9828,29.0901,8.02842
46.8809,29.0606,8.0015
46.9125,29.1845,8.11993
44.6092,27.5577,6.88182
44.6317,27.6722,6.92971
44.5159,27.6741,6.91426
44.6989,27.7502,6.97105
44.5695,27.7672,6.95999
44.4956,27.3814,6.80431
44.5185,27.4801,6.84166
44.4078,27.4819,6.8274
44.4603,27.5777,6.86933
43.2385,20.4786,5.50143
44.0776,22.1037,5.71072
44.4526,27.264,6.76055
44.3545,27.375,6.78393
45.1253,24.1265,6.00727
44.2267,26.9369,6.64065
44.2075,26.7906,6.60197
44.0893,26.9365,6.62406
44.709,23.3275,5.8845
44.0953,26.6869,6.56601
44.0206,26.8175,6.58707
43.946,26.6972,6.55124
44.3848,27.1447,6.71609
43.8027,26.1639,6.43424
43.708,26.327,6.45209
43.6236,26.2008,6.42147
44.3109,27.0293,6.67479
43.3887,25.531,6.30189
43.2832,25.6898,6.31155
43.3771,25.8257,6.33928
43.531,26.0862,6.39314
43.881,26.2941,6.46479
43.9565,26.4231,6.49655
45.2903,29.3247,8.10719
45.2963,29.3077,8.09422
45.3117,29.3231,8.11086
45.2737,29.3068,8.08804
47.9068,29.3362,8.25735
47.914,29.3464,8.26802
47.9056,29.3444,8.26594
46.5726,26.7333,6.54178
45.2569,29.3253,8.09887
45.2516,29.3409,8.10968
45.2545,29.3516,8.11908
47.8335,29.3179,8.23923
45.274,29.3317,8.10886
47.8606,29.2502,8.16785
46.1037,25.873,6.31477
47.7736,29.1154,8.0308
45.2903,29.2855,8.0739
45.2679,29.2807,8.06465
45.2779,29.2518,8.04238
45.3143,29.2965,8.08854
45.3907,29.2912,8.09889
45.3934,29.1999,8.01912
45.4258,29.2123,8.03532
45.4654,29.2409,8.06691
45.3375,29.2112,8.01925
45.4648,29.1791,8.01227
45.3605,29.1713,7.98871
45.5136,29.2135,8.04992
45.3542,29.0363,7.87244
47.5153,29.2493,8.17423
45.6473,29.1438,8.00617
45.5729,29.1801,8.02864
42.3684,18.8065,5.30936
42.7233,19.6206,5.41465
45.8382,29.0719,7.96441
43.9078,21.9008,5.69683
46.0766,29.0134,7.93411
46.3545,28.9861,7.92592
45.3145,28.9635,7.80582
43.2155,25.2433,6.25086
42.6905,24.1558,6.09164
42.7062,24.4898,6.12668
40.5419,21.6349,5.7305
40.4115,21.4618,5.70952
41.2592,22.282,5.82952
41.3153,22.6254,5.85854
42.264,23.8798,6.03406
42.3777,24.0333,6.05689
41.9188,23.4178,5.96732
40.8039,21.9714,5.77284
40.9347,22.1372,5.79426
41.5615,22.9463,5.90183
41.6831,23.1056,5.92373
46.7661,29.0302,7.97352
46.2049,28.9937,7.9253
45.7361,29.1069,7.98425
44.7499,27.847,7.02048
45.2669,28.8946,7.74281
43.3053,25.3855,6.27598
43.0224,24.945,6.2003
43.1217,25.0961,6.22563
42.9192,24.7933,6.17528
41.0643,22.3016,5.81576
42.4883,24.1861,6.07984
40.6727,21.8048,5.75161
42.1496,23.7267,6.01158
42.0353,23.5726,5.9894
41.802,23.2619,5.94547
42.8135,24.6416,6.15076
42.5977,24.3381,6.10307
41.1903,22.4657,5.8372
41.4373,22.7854,5.87992
47.6064,28.8898,7.81432
43.0023,20.0222,5.44666
43.14,20.4268,5.51014
47.7668,29.078,7.99271
44.5838,23.0719,5.84543
46.0599,25.7746,6.29097
46.6096,26.7962,6.56133
45.3016,28.8169,7.68715
45.952,29.0402,7.9475
47.8441,29.2032,8.11899
47.627,28.9067,7.82946
45.2272,29.3747,8.11808
45.2272,29.3712,8.11795
45.2302,29.3753,8.12211
45.226,29.375,8.11504
45.2236,29.3706,8.11292
47.937,29.3661,8.28844
47.9399,29.3727,8.29536
47.9274,29.3693,8.29194
47.9439,29.3661,8.28826
47.9218,29.3527,8.27444
47.9206,29.3451,8.26643
47.9267,29.3456,8.26683
47.9336,29.3613,8.28337
47.9266,29.3603,8.28241
47.931,29.355,8.27678
47.9188,29.3615,8.28382
46.6313,26.8409,6.57684
45.2496,29.3603,8.1239
45.2431,29.3509,8.11438
47.9081,29.3556,8.27774
47.8321,29.1863,8.10178
47.8784,29.3531,8.27542
47.8928,29.3655,8.2883
45.2421,29.3155,8.0865
45.2531,29.307,8.08282
45.2238,29.3152,8.08029
45.2371,29.2962,8.06952
45.2391,29.333,8.09937
46.0837,25.8132,6.29845
45.2552,29.291,8.07017
46.3804,26.4133,6.45143
45.286,29.3421,8.12072
45.299,29.338,8.12062
47.7581,29.0639,7.9787
45.3118,29.2655,8.06131
47.6546,28.9062,7.82729
47.6389,28.8834,7.80611
46.3171,26.3143,6.42694
45.2448,29.2197,8.00787
45.2792,29.2111,8.0079
45.309,29.1845,7.99094
45.3092,29.2284,8.02879
46.2791,26.2445,6.40889
45.4549,29.2972,8.11535
45.3118,29.1154,7.93223
45.745,25.2839,6.20486
45.6738,25.1665,6.18473
47.3171,29.2595,8.189
47.2516,29.2478,8.17855
43.1283,20.2755,5.47802
43.7986,21.5914,5.64561
45.1774,28.7717,7.63353
45.2189,28.8328,7.68671
46.8049,29.1649,8.10096
46.2865,29.1358,8.05795
46.5595,29.1354,8.06933
45.2306,29.3716,8.12123
45.2335,29.3743,8.12469
45.2332,29.3694,8.12202
45.2372,29.3726,8.12642
45.2371,29.3665,8.12267
46.5679,26.7107,6.53259
45.242,29.3707,8.12789
46.565,26.7065,6.53142
46.5593,26.6968,6.5285
46.5565,26.6918,6.52695
46.5771,26.7291,6.53862
45.2425,29.3628,8.12272
45.2478,29.3689,8.12941
46.5966,26.769,6.55201
46.5791,26.734,6.54035
46.6126,26.8016,6.56311
46.6207,26.8178,6.5686
46.5883,26.7539,6.54715
46.6383,26.8519,6.58026
46.6411,26.8577,6.58225
46.6469,26.8692,6.58628
46.6617,26.8991,6.59687
46.6708,26.9176,6.60354
47.9238,29.34,8.26098
46.6837,26.9439,6.61307
45.2544,29.3673,8.13097
46.6069,26.7904,6.5593
47.8834,29.2695,8.18741
47.9148,29.3237,8.24393
47.9083,29.3128,8.23254
47.8715,29.2489,8.16614
46.6679,26.9113,6.60121
47.8972,29.2958,8.21489
46.5239,26.6382,6.51138
46.6865,26.9504,6.61558
46.7037,26.9863,6.62895
46.7218,27.0264,6.64434
46.7074,26.9937,6.63167
46.7173,27.0176,6.64109
46.5149,26.6224,6.5067
45.2564,29.3597,8.12595
45.2618,29.365,8.13195
47.8627,29.2339,8.15056
47.867,29.2415,8.15844
46.4747,26.5481,6.48451
46.4887,26.5735,6.49195
46.4928,26.582,6.49463
46.5109,26.6143,6.50413
46.7337,27.0542,6.65536
47.8221,29.167,8.08204
45.3318,29.3394,8.12939
45.3114,29.3472,8.13134
47.8099,29.1459,8.06069
46.1366,25.9058,6.31795
46.4321,26.482,6.4672
47.7906,29.1135,8.028
46.1125,25.8607,6.30792
46.1578,25.9544,6.33031
47.7831,29.1021,8.01664
46.4234,26.4711,6.4648
46.13,25.8943,6.3155
46.1189,25.8719,6.31026
47.7741,29.3362,8.25891
47.8214,29.3385,8.26077
46.7468,27.0867,6.66859
47.7752,29.0902,8.00481
46.1652,25.966,6.33265
46.0696,25.7877,6.29305
46.1763,25.9915,6.33923
46.0514,25.7584,6.28748
45.2959,29.3532,8.13254
46.1928,26.0362,6.35161
46.8106,27.2352,6.73045
46.8349,27.2863,6.7522
46.8017,27.2186,6.72369
46.7928,27.2018,6.71687
46.2002,26.0536,6.35623
47.7301,29.0207,7.93642
46.2249,26.1095,6.37096
46.0012,25.6784,6.27255
47.7066,28.9875,7.90436
46.2522,26.1726,6.38806
47.6803,28.9495,7.86816
46.8599,27.3413,6.77649
47.7506,29.3327,8.2556
47.7238,29.3284,8.25147
45.3558,29.3315,8.12761
45.9772,25.6386,6.26502
46.8697,27.3607,6.78506
46.9137,27.4725,6.83816
47.6325,29.3173,8.2414
47.6203,28.8589,7.78374
45.3841,29.3226,8.12533
45.9071,25.5297,6.24583
45.8356,25.4136,6.22512
47.6016,28.831,7.75831
46.9466,27.5581,6.8808
46.932,27.5275,6.86581
45.4153,29.3111,8.12093
46.972,27.622,6.91361
47.481,29.2919,8.21836
47.5257,29.2992,8.22481
45.5834,24.9939,6.15314
47.0156,27.7382,6.97632
46.9974,27.6974,6.9543
47.4665,28.624,7.57888
47.3935,28.4996,7.47835
45.152,24.1744,6.01462
47.2095,28.1621,7.23345
44.2378,22.4062,5.75134
44.2072,22.3552,5.74525
44.2672,22.4562,5.75745
45.4827,24.8055,6.12009
42.977,19.9683,5.43967
42.4291,18.9032,5.31749
42.3434,18.7514,5.30252
43.1845,20.374,5.4887
43.2101,20.4271,5.49557
45.503,29.2814,8.10891
47.379,29.269,8.19731
42.5054,19.0534,5.33445
45.1017,24.0738,5.99809
45.0251,23.9258,5.97458
43.9751,21.8972,5.6819
44.05,22.051,5.70366
44.1075,22.1542,5.71672
44.4483,22.8145,5.80884
44.5505,23.0228,5.84002
47.1777,29.2354,8.16745
42.7925,19.6161,5.39912
42.7658,19.5641,5.39309
42.8969,19.8191,5.42283
45.002,23.8751,5.96595
44.9474,23.7781,5.95176
43.3982,20.7808,5.53783
43.4758,20.932,5.55687
43.5286,21.0342,5.56973
42.6591,19.3614,5.37038
42.7392,19.5122,5.38708
43.6607,21.2871,5.60166
43.7387,21.4411,5.62193
43.713,21.3904,5.61525
43.7623,21.4889,5.62841
45.2018,24.2701,6.03012
45.2317,24.3176,6.03682
44.8688,23.6321,5.92995
44.8171,23.5274,5.9135
45.3041,24.4663,6.06245
47.2582,28.2669,7.30588
42.6043,19.2566,5.35865
42.5806,19.2037,5.35185
42.5592,19.1518,5.34475
43.0303,20.0739,5.45248
47.1592,28.0643,7.16978
47.1314,28.013,7.13774
45.5603,29.2631,8.10097
44.6839,23.2739,5.87602
44.6553,23.2217,5.86866
44.9229,23.728,5.94372
43.2672,20.5264,5.50634
43.3184,20.6264,5.51871
43.8628,21.6962,5.65713
42.9491,19.9169,5.43392
42.319,18.6981,5.29598
43.9497,21.847,5.67507
44.3701,22.6618,5.78705
45.4057,24.6604,6.0952
45.3567,24.5605,6.07757
44.7379,23.378,5.89145
44.342,22.6097,5.77997
43.5754,21.1382,5.58455
45.6296,29.2411,8.09076
43.6372,21.2356,5.5943
45.9123,29.176,8.06465
45.7114,29.2183,8.08062
45.0997,28.6382,7.52402
45.2705,29.0391,7.86088
47.0993,29.2193,8.15255
47.0118,29.2013,8.1358
44.9651,28.423,7.35983
46.6867,29.1479,8.08366
46.0286,29.1584,8.05961
44.7802,28.1074,7.15101
43.1963,25.5533,6.28563
43.1078,25.4131,6.2601
46.154,29.1444,8.05701
44.628,27.8546,7.00643
43.0167,25.2687,6.23478
42.7181,24.822,6.15965
41.4849,23.13,5.90736
42.3961,24.3689,6.08753
40.4806,21.8175,5.73386
40.3503,21.644,5.7125
41.2411,22.8096,5.86343
42.1754,24.0641,6.04121
41.719,23.4458,5.95127
41.8346,23.6018,5.97346
40.7411,22.1553,5.77702
40.8696,22.3212,5.79868
45.2245,28.9731,7.79867
44.2249,27.1602,6.70098
46.4226,29.1351,8.06424
43.8691,26.5758,6.51695
43.7882,26.4525,6.48376
44.1573,27.0503,6.66194
42.5047,24.5203,6.11116
42.0625,23.9108,6.01837
42.8218,24.9722,6.1845
41.3644,22.9698,5.88538
41.9487,23.7566,5.99576
41.6026,23.2891,5.9293
42.9219,25.1214,6.2096
40.9951,22.4854,5.82022
40.611,21.988,5.75539
47.8906,29.2827,8.20116
46.8923,27.4236,6.81497
46.6257,26.8291,6.57268
46.5535,26.6869,6.52552
47.4458,28.5829,7.54472
47.3146,28.3664,7.37727
44.7936,23.4752,5.90486
46.7562,27.1127,6.6795
47.8494,29.2115,8.1275
45.079,24.023,5.98921
46.6925,26.9649,6.62119
43.0861,20.1692,5.4623
45.4604,24.7562,6.11082
44.0235,21.9978,5.69627
46.5749,26.7245,6.53709
47.8044,29.135,8.04965
46.5838,26.7437,6.54361
47.88,29.2625,8.18013
45.8061,29.1962,8.07169
44.2965,27.2681,6.74232
41.1188,22.6492,5.84186
46.4139,26.4584,6.46188
46.8278,27.2684,6.74425
46.73,27.0442,6.65127
46.6179,26.8124,6.56678
45.2293,29.3796,8.11698
45.2307,29.3815,8.11897
47.9516,29.3778,8.30054
47.952,29.3815,8.30451
47.9441,29.3815,8.30464
47.9556,29.3763,8.29889
47.9583,29.3815,8.30437
45.2305,29.3478,8.10693
45.2676,29.3725,8.13984
46.4755,26.531,6.47668
46.4805,26.5399,6.47922
47.8235,29.1457,8.05976
47.7917,29.0891,8.00273
46.2168,26.0896,6.36551
46.2129,26.0387,6.34699
46.3361,26.291,6.41314
45.2422,29.2651,8.04528
45.8693,25.4737,6.23652
45.8556,25.3818,6.20994
47.5403,28.6632,7.60737
47.4968,29.3388,8.26583
47.0856,27.7836,6.99392
47.3418,29.3236,8.25318
45.1379,28.8462,7.68324
45.1805,28.9095,7.74004
47.2086,29.3146,8.24605
45.2366,29.3776,8.1286
45.2292,29.3775,8.12088
45.2311,29.3791,8.12362
46.5807,26.7248,6.53554
46.5782,26.7202,6.53405
46.5853,26.7344,6.53874
46.583,26.7295,6.53709
46.5735,26.7109,6.53104
46.571,26.7063,6.52955
46.5876,26.7393,6.54042
46.59,26.7441,6.54199
46.563,26.6918,6.52509
46.5656,26.6969,6.52673
46.5951,26.7541,6.54531
46.5603,26.6868,6.52348
46.6057,26.7748,6.55216
47.9299,29.3499,8.27133
47.9358,29.3504,8.27172
47.9334,29.3452,8.26627
46.6138,26.791,6.55768
47.9276,29.3346,8.25519
47.9248,29.3292,8.24951
46.6222,26.8074,6.56321
46.6304,26.8241,6.56895
46.6333,26.8297,6.57087
46.6423,26.8467,6.57658
46.6391,26.8411,6.57478
47.9188,29.3181,8.23789
46.6484,26.858,6.58044
46.6453,26.8523,6.5785
46.5511,26.6703,6.51843
46.5544,26.676,6.52016
46.6512,26.8639,6.58251
46.6543,26.8697,6.58449
47.9157,29.3125,8.23196
47.9127,29.3066,8.22586
46.6572,26.8756,6.5866
46.6603,26.8814,6.58861
47.9059,29.295,8.21372
46.6662,26.8935,6.59294
46.6694,26.8996,6.59507
46.6785,26.9184,6.60189
46.6757,26.9121,6.5995
45.246,29.3758,8.13327
45.2521,29.375,8.13557
46.6763,26.9309,6.60859
46.6851,26.9314,6.60653
46.5478,26.6644,6.51667
46.5443,26.6581,6.51472
47.8957,29.2759,8.19377
47.8923,29.2692,8.18685
46.695,26.9514,6.61382
46.692,26.9446,6.61121
46.6984,26.9583,6.61636
46.7021,26.9653,6.61888
47.8808,29.2486,8.16544
45.2409,29.3767,8.13097
46.713,26.987,6.62689
46.7094,26.9796,6.6241
46.5288,26.6305,6.50648
46.5758,26.7156,6.53257
46.5572,26.6816,6.52197
46.5923,26.7491,6.54373
46.6006,26.7643,6.54859
47.8685,29.226,8.14203
47.8645,29.2182,8.13391
46.5683,26.7016,6.52814
46.6032,26.7695,6.55036
46.6111,26.7854,6.55575
46.6084,26.78,6.55393
46.5016,26.599,6.49983
46.5073,26.591,6.49457
46.7242,27.0104,6.63573
46.7283,27.0186,6.63883
46.4986,26.5742,6.48949
46.5031,26.5826,6.49197
46.6196,26.8019,6.56129
46.6167,26.7965,6.55948
46.6251,26.8129,6.56504
47.9381,29.3557,8.27732
46.6631,26.8874,6.59078
47.8553,29.2019,8.11711
47.9304,29.34,8.26087
46.6725,26.9059,6.59732
46.6278,26.8185,6.56696
46.6361,26.8354,6.57286
46.4898,26.5573,6.4844
46.4853,26.5486,6.48176
47.9022,29.289,8.20743
46.7324,27.0274,6.6422
46.7368,27.0362,6.64554
47.9217,29.3237,8.24379
47.8991,29.2824,8.20056
47.8503,29.1934,8.10847
47.8449,29.1849,8.09973
47.8349,29.1658,8.08021
46.6818,26.9248,6.60416
46.4705,26.5217,6.47398
46.4649,26.5122,6.47134
46.7409,27.0456,6.64925
46.7457,27.0555,6.65311
47.8885,29.2625,8.17984
46.7059,26.9724,6.62141
47.8849,29.2555,8.17258
45.2905,29.3687,8.14393
45.278,29.3706,8.1417
46.7168,26.9945,6.62966
46.7202,27.0024,6.63271
46.7504,27.0662,6.65736
47.8769,29.2413,8.15783
46.5405,26.6515,6.5128
47.941,29.361,8.28295
46.5369,26.6448,6.51075
47.8179,29.1349,8.04879
47.812,29.124,8.03773
47.8725,29.2338,8.15008
46.1445,25.8953,6.31146
46.139,25.8839,6.3087
46.1506,25.9067,6.31398
46.5244,26.6229,6.50424
46.133,25.8726,6.30622
46.1272,25.8611,6.30355
45.2334,29.3783,8.12613
46.162,25.9299,6.31956
46.1672,25.9423,6.32283
46.1208,25.8496,6.3011
46.1146,25.8377,6.29844
45.2592,29.374,8.13784
46.5204,26.615,6.50178
46.5163,26.607,6.49932
46.1737,25.9543,6.32555
46.1803,25.9666,6.32836
46.4466,26.4804,6.46255
46.4393,26.4688,6.45953
46.7661,27.1012,6.67141
46.1078,25.8259,6.29604
46.1008,25.8134,6.2934
46.5117,26.5992,6.49705
47.9109,29.3694,8.29225
45.225,29.3349,8.09534
46.4944,26.5657,6.48685
46.0862,25.787,6.28789
46.1863,25.9796,6.33165
46.1931,25.9931,6.33493
46.1991,26.0076,6.33884
46.7792,27.1278,6.68193
46.786,27.1418,6.68754
47.7691,29.0485,7.96225
47.8599,29.2103,8.12581
46.4594,26.5021,6.46846
47.8399,29.1754,8.09001
47.8295,29.1559,8.07014
46.4531,26.4917,6.46568
46.4314,26.4565,6.45642
46.4228,26.4431,6.45305
46.0617,25.7434,6.27894
46.7995,27.1715,6.69982
46.8061,27.1872,6.70649
46.8315,27.236,6.72638
46.8232,27.2196,6.71959
47.8057,29.1127,8.0263
46.7554,27.0771,6.66166
46.4042,26.411,6.44447
46.8567,27.2875,6.74826
46.8485,27.2698,6.74062
47.7989,29.101,8.01461
46.0343,25.6944,6.26901
46.044,25.7111,6.27228
47.7516,29.0188,7.93311
47.7414,29.0031,7.91787
46.1564,25.9182,6.31666
46.7608,27.0886,6.66624
46.8744,27.324,6.76419
46.8658,27.3053,6.75591
47.857,29.3605,8.28339
47.8316,29.3608,8.28388
46.0241,25.6774,6.26586
46.0137,25.6586,6.26204
47.7318,28.9858,7.90107
47.7202,28.9678,7.88376
46.0784,25.7733,6.2851
46.2386,26.0922,6.36059
46.2479,26.1118,6.36572
46.3606,26.3353,6.4247
47.697,28.9271,7.84484
46.9022,27.383,6.79071
46.9111,27.4044,6.80078
45.3461,29.3589,8.14936
47.7846,29.0763,7.98989
46.2677,26.1539,6.37683
46.2784,26.1757,6.38251
46.2999,26.2217,6.395
47.7609,29.0338,7.94783
46.8145,27.2034,6.71305
46.0933,25.8003,6.29075
46.2215,26.0558,6.35118
46.7926,27.1564,6.69357
46.0531,25.7276,6.27566
46.8399,27.2528,6.73342
46.9218,27.4269,6.81121
46.9335,27.4508,6.82227
45.9663,25.5747,6.24572
45.9534,25.5512,6.2411
47.8739,29.3686,8.29177
46.3936,26.3941,6.44023
47.7353,29.3564,8.28025
47.7073,29.3554,8.27958
46.9444,27.4763,6.83463
46.3829,26.3754,6.43531
47.6553,28.8559,7.77815
45.3055,29.3659,8.1457
45.9385,25.5275,6.23699
45.9234,25.501,6.23201
47.8082,29.3608,8.28418
46.0022,25.639,6.25835
47.7852,29.3598,8.28331
46.23,26.0736,6.35574
45.3726,29.3543,8.15092
45.4037,29.3497,8.153
47.761,29.3587,8.28238
47.6465,29.3512,8.27603
47.6124,29.3492,8.27446
46.8933,27.3624,6.7812
46.2573,26.1327,6.37135
46.8838,27.343,6.77254
47.6385,28.8293,7.75391
47.6216,28.7993,7.72654
47.5833,28.7355,7.66984
47.6845,28.9049,7.82385
46.2889,26.1984,6.38871
46.3242,26.2679,6.40701
46.3725,26.3552,6.42971
47.5766,29.3469,8.27273
47.5381,29.3437,8.27011
45.991,25.6182,6.2541
47.0128,27.6269,6.90976
47.0295,27.6629,6.92854
45.9793,25.5968,6.24982
45.8181,25.3143,6.19748
45.7959,25.2802,6.19209
47.0461,27.702,6.94957
45.7538,25.2038,6.1782
47.4978,28.5832,7.54007
47.5201,28.6234,7.57345
46.9699,27.531,6.86115
46.9567,27.5029,6.84741
46.3486,26.3136,6.41903
47.6779,29.3531,8.27752
45.7095,25.1219,6.16332
46.9835,27.5618,6.87652
45.5373,29.3284,8.15637
45.4841,29.3357,8.15456
47.4503,28.4983,7.47155
45.6157,24.9478,6.13226
45.3238,29.3627,8.14752
47.1272,27.8727,7.04482
47.1497,27.9191,7.07215
47.4265,28.4536,7.43646
47.4022,28.4079,7.40142
45.5323,24.9033,6.13763
45.5176,24.7594,6.0988
47.3501,28.3148,7.33268
45.4404,24.6145,6.07419
47.3246,28.2656,7.29735
45.2369,24.2237,6.00897
45.2649,24.2719,6.01608
45.3651,24.4685,6.04923
45.3154,24.3694,6.03221
45.3399,24.4192,6.04088
45.213,24.1744,6.00051
45.1627,24.0763,5.98451
45.1871,24.1263,5.99297
45.1381,24.0263,5.97614
45.1121,23.9773,5.9685
45.0871,23.9277,5.96045
45.0615,23.8783,5.95263
45.0362,23.8285,5.94468
47.2222,28.0668,7.16352
47.248,28.1159,7.19521
44.9841,23.7292,5.92938
45.0094,23.7792,5.93732
44.9587,23.6795,5.92159
44.9314,23.6309,5.9147
44.9055,23.5804,5.90689
44.8798,23.5294,5.89891
44.8011,23.3786,5.87629
42.671,19.2588,5.3418
42.6457,19.2075,5.33568
42.7246,19.3607,5.35306
42.7507,19.4123,5.35911
42.5947,19.1059,5.32381
42.5688,19.0554,5.31814
42.8046,19.5129,5.37002
42.8297,19.5645,5.37643
42.8821,19.6659,5.38814
42.9085,19.7168,5.39398
42.4898,18.9038,5.30149
42.3978,18.8575,5.31424
42.4633,18.8534,5.29607
42.9609,19.8184,5.40587
42.9351,19.7677,5.39984
42.4077,18.7531,5.28619
42.3834,18.7004,5.27957
42.9869,19.8687,5.41177
43.0144,19.9188,5.41715
43.0652,20.0227,5.43026
43.0931,20.0719,5.43535
43.1463,20.1724,5.44696
43.1205,20.1214,5.44071
43.2757,20.4275,5.47846
43.2479,20.377,5.47282
43.3034,20.4776,5.48399
43.3289,20.5282,5.49037
43.4607,20.782,5.52149
43.4349,20.731,5.51498
43.5389,20.9348,5.54083
43.5657,20.9853,5.54697
43.6712,21.1882,5.57251
43.6438,21.1377,5.56649
43.7221,21.2905,5.58624
43.6975,21.2389,5.57896
43.7751,21.3923,5.59927
43.7495,21.3411,5.59238
43.8006,21.4429,5.60602
43.8485,21.5438,5.62046
43.8251,21.4928,5.61292
43.8747,21.5953,5.62733
43.9017,21.6468,5.63402
43.9853,21.7986,5.65261
43.9599,21.7473,5.64543
44.0382,21.8996,5.66592
44.0637,21.9504,5.67296
44.089,22.0019,5.68034
44.1164,22.0531,5.687
44.197,22.2049,5.70708
44.2219,22.2559,5.71453
44.3266,22.4595,5.74294
44.3015,22.4087,5.7355
44.7212,23.225,5.85347
44.3526,22.5103,5.75015
44.3786,22.5618,5.75754
44.4057,22.613,5.76462
44.4331,22.6636,5.77141
44.6689,23.1229,5.83827
44.4593,22.7146,5.77873
44.4851,22.7658,5.78623
45.9068,25.4733,6.22703
44.5383,22.8677,5.8007
44.6159,23.0229,5.82397
44.5899,22.971,5.81618
46.9989,27.5934,6.8923
45.8909,25.4437,6.22131
45.4403,29.3441,8.15469
45.8744,25.4134,6.21552
45.8371,25.3482,6.20366
47.6026,28.7683,7.69885
47.4492,29.335,8.26282
45.7739,25.2432,6.18576
47.3757,28.3624,7.36752
45.0942,28.784,7.62844
47.3978,29.3306,8.25932
47.475,28.5412,7.50575
45.6882,25.0785,6.15497
45.665,25.0355,6.14726
47.1051,27.8276,7.01895
47.0655,27.742,6.97108
45.6768,29.307,8.15664
44.274,22.358,5.72885
47.1958,28.0174,7.13246
44.5633,22.9197,5.80878
45.0523,28.7173,7.57211
45.0089,28.6487,7.51579
44.7469,23.2769,5.8615
44.6957,23.1734,5.84551
44.6443,23.0723,5.83036
45.6414,24.9915,6.13942
45.5917,24.9018,6.12398
47.2709,28.1663,7.22915
45.5655,24.8562,6.1165
44.8535,23.4789,5.89128
44.8272,23.429,5.88387
43.2236,20.3251,5.46579
44.9642,28.5783,7.45979
45.4162,24.5652,6.06539
45.392,24.5164,6.05681
43.3543,20.5789,5.49684
43.3824,20.6292,5.5024
42.435,18.8038,5.29144
45.4935,24.7111,6.0901
43.0396,19.9706,5.42373
43.9305,21.6976,5.63997
44.0127,21.849,5.65893
42.7777,19.4623,5.36443
44.2465,22.3072,5.72216
45.2895,24.3207,6.02431
42.5163,18.9539,5.30689
43.4087,20.6802,5.50869
43.488,20.8323,5.52738
47.172,27.9676,7.10157
44.1436,22.1041,5.69366
44.1693,22.1552,5.70085
43.6151,21.0875,5.56094
44.5124,22.8164,5.79314
47.2973,28.2163,7.26316
42.5425,19.0046,5.31249
42.6203,19.1564,5.32963
42.8572,19.6145,5.38168
43.5138,20.8833,5.53393
43.5904,21.0363,5.55392
43.1706,20.2241,5.45389
43.1954,20.2755,5.4606
44.7748,23.3274,5.86856
44.835,28.1884,7.20249
44.7766,28.2789,7.24253
42.6974,19.3099,5.34758
44.6197,28.0373,7.08931
44.5663,27.9534,7.04072
45.601,29.318,8.1563
47.2779,29.3195,8.25004
44.4562,27.7772,6.946
44.5112,27.8674,6.99308
46.8498,29.2834,8.21609
44.3987,27.6843,6.89978
46.0948,29.2688,8.1666
44.9184,28.5061,7.40429
46.6153,29.2677,8.19654
44.1515,27.2821,6.72549
44.8715,28.4321,7.34943
45.7648,29.2961,8.15767
44.8247,28.3564,7.29554
43.938,26.9521,6.60695
47.0468,29.3001,8.23291
47.132,29.3062,8.23841
45.8646,29.2858,8.15965
44.673,28.1192,7.13907
44.727,28.199,7.1901
46.953,29.2928,8.22579
43.7101,26.597,6.50024
43.5447,26.3532,6.43559
43.3727,26.1051,6.37591
43.2871,25.9758,6.34756
43.0193,25.5738,6.26684
43.1088,25.7113,6.29302
42.9267,25.4335,6.241
46.4867,29.2628,8.18697
42.6121,24.6712,6.13518
42.63,24.9959,6.16495
42.2864,24.217,6.06424
42.4115,24.7021,6.11521
41.0452,22.8325,5.84297
40.9234,22.6688,5.82118
42.1949,24.4004,6.06754
41.9736,24.0948,6.02106
41.287,23.1537,5.88695
41.6345,23.6294,5.95318
40.2893,21.8263,5.71261
40.6755,22.3388,5.77784
44.2794,27.4892,6.81047
44.3391,27.5883,6.85447
44.2175,27.3871,6.76755
44.0105,27.0648,6.64507
44.0821,27.1747,6.68461
45.975,29.2766,8.16262
46.2221,29.2634,8.17177
43.8636,26.8368,6.57015
46.3541,29.26,8.1774
43.7881,26.7181,6.53459
43.6302,26.4738,6.46718
42.7322,25.1439,6.19008
42.8312,25.29,6.21543
42.5178,24.852,6.13961
43.4583,26.2305,6.40515
43.1992,25.844,6.3199
41.7481,23.7855,5.97555
41.8614,23.9405,5.99819
41.5196,23.4723,5.93096
40.8002,22.5046,5.79948
42.3039,24.5516,6.0912
40.5481,22.1711,5.75608
41.404,23.3134,5.9089
41.1674,22.9937,5.86499
40.419,22.0001,5.73429
47.6701,28.8814,7.8019
46.6886,26.9379,6.60882
47.5606,28.702,7.64088
45.7311,25.1643,6.17133
45.4672,24.6631,6.08213
45.5415,24.8078,6.10764
47.7768,29.0628,7.97646
46.206,26.0226,6.34268
46.4138,26.4273,6.44876
47.9094,29.3008,8.2198
42.0848,24.2481,6.04417
47.9503,29.3661,8.28812
47.9466,29.3701,8.29243
47.947,29.3747,8.2973
45.2316,29.3815,8.12372
45.2308,29.3815,8.12119
45.2273,29.377,8.11427
45.2247,29.3736,8.11064
46.5813,26.716,6.53109
46.5837,26.7207,6.53259
46.5861,26.7253,6.53411
46.574,26.702,6.52654
46.5764,26.7067,6.52806
46.5885,26.7301,6.53564
46.591,26.7349,6.53722
46.5986,26.7496,6.54203
46.596,26.7445,6.54037
46.5716,26.6973,6.52503
46.569,26.6923,6.52342
46.5637,26.682,6.52015
46.5663,26.6872,6.52178
47.9449,29.3558,8.27723
47.9423,29.3506,8.27183
46.6038,26.7597,6.54536
46.6065,26.7648,6.54707
47.9314,29.3295,8.24959
46.6147,26.7807,6.55233
46.6175,26.7861,6.55414
46.6259,26.8025,6.55964
46.6231,26.797,6.55779
47.9341,29.3348,8.25514
47.9285,29.3239,8.24374
46.6403,26.8303,6.56905
46.6461,26.8415,6.5729
46.655,26.8587,6.57879
46.652,26.8529,6.57681
45.2495,29.3815,8.13876
46.661,26.8703,6.58283
46.5518,26.659,6.51284
47.9166,29.3009,8.21959
47.9135,29.2949,8.21331
46.6765,26.9003,6.59333
46.6733,26.8942,6.59117
46.6797,26.9066,6.59552
46.6829,26.9128,6.59773
47.9004,29.2695,8.18679
46.6862,26.9191,6.59996
46.6895,26.9256,6.60227
46.5549,26.6649,6.51471
46.5483,26.6523,6.51071
46.6998,26.9454,6.60934
45.2333,29.3815,8.12657
46.7141,26.9732,6.61942
46.7104,26.966,6.61679
47.8933,29.2557,8.1724
47.8896,29.2487,8.16508
46.5789,26.7114,6.52958
45.2359,29.3815,8.12958
46.5255,26.6081,6.4969
46.5935,26.7397,6.53879
47.878,29.2262,8.14173
46.7257,26.9955,6.62758
47.8698,29.2104,8.12531
47.8741,29.2185,8.13379
46.5128,26.5835,6.48933
47.9476,29.361,8.28269
47.861,29.1933,8.10773
47.8654,29.2018,8.11649
46.5041,26.5667,6.48421
46.4997,26.5583,6.48165
47.9529,29.3712,8.29347
46.6203,26.7915,6.55596
46.4907,26.5408,6.47639
46.4953,26.5497,6.47907
46.6288,26.808,6.5615
46.6317,26.8136,6.56337
46.7381,27.0195,6.63649
46.7427,27.0284,6.6398
47.9256,29.3183,8.23781
46.6012,26.7546,6.54369
46.4815,26.523,6.47105
47.9197,29.307,8.22594
47.9227,29.3127,8.23193
45.2395,29.3815,8.13264
47.9369,29.3401,8.26075
46.6092,26.7701,6.54881
46.6119,26.7754,6.55056
47.9396,29.3455,8.26642
46.5579,26.6708,6.51657
46.5609,26.6767,6.51845
47.8419,29.1562,8.06965
46.6491,26.8472,6.57485
47.9104,29.2889,8.20707
46.658,26.8645,6.58081
46.664,26.8762,6.58487
46.6345,26.8191,6.56525
46.6374,26.8247,6.56715
46.5979,26.7592,6.54692
46.4712,26.5031,6.46512
45.244,29.3815,8.1357
45.2558,29.3815,8.14186
47.8255,29.1245,8.03731
47.831,29.1351,8.04814
46.6963,26.9386,6.60692
46.7068,26.959,6.61427
46.7033,26.9522,6.6118
46.7574,27.0569,6.65052
46.6671,26.8822,6.58696
46.6702,26.8882,6.58906
46.533,26.6378,6.50862
46.5448,26.6454,6.50854
47.9071,29.2825,8.20031
46.152,25.8853,6.30457
46.1462,25.874,6.30199
46.6929,26.9321,6.60459
46.1697,25.9195,6.31244
46.5375,26.6312,6.5041
46.5412,26.6385,6.50637
47.886,29.2417,8.1578
47.8969,29.2628,8.17977
46.1281,25.8391,6.29409
46.122,25.8271,6.29141
47.9333,29.3815,8.30478
46.7179,26.9804,6.62206
47.8135,29.1012,8.01371
47.8072,29.089,8.00146
46.1883,25.9555,6.32082
46.1947,25.968,6.32375
46.5335,26.6235,6.50169
46.2013,25.9807,6.32676
46.5295,26.6158,6.49929
46.4538,26.4694,6.4552
46.4473,26.4567,6.4515
46.7216,26.9877,6.62472
46.095,25.775,6.27983
46.7338,27.0112,6.63339
47.7937,29.063,7.97536
47.8009,29.0769,7.98929
46.7725,27.1144,6.6766
46.7878,27.1158,6.67319
45.314,29.3815,8.16097
46.2088,25.9952,6.3302
47.7792,29.0348,7.94732
46.5212,26.5999,6.49437
46.5085,26.5751,6.48678
46.7472,27.0373,6.64313
46.4325,26.4282,6.44325
46.4407,26.4441,6.44783
46.8023,27.1438,6.68419
46.7519,27.0463,6.64652
45.2635,29.3815,8.14508
45.2727,29.3815,8.14855
47.7864,29.0489,7.96129
46.4861,26.5319,6.47372
46.0699,25.7589,6.28227
46.0633,25.7135,6.26645
46.2323,26.0407,6.34113
46.2238,26.0241,6.33713
47.8566,29.1847,8.09884
46.8257,27.1891,6.70233
47.7539,28.9859,7.89914
47.7626,29.0026,7.91558
47.8365,29.1458,8.05904
45.2839,29.3815,8.15231
47.8197,29.1134,8.02604
46.8507,27.2375,6.72219
46.8595,27.2546,6.7293
46.7684,27.0781,6.65863
46.4156,26.3954,6.43391
46.0542,25.6959,6.26266
46.0451,25.6783,6.2589
46.2413,26.0582,6.34539
46.2504,26.0756,6.34967
47.8468,29.1657,8.07932
47.9191,29.3815,8.30492
46.1818,25.943,6.3179
47.8517,29.1752,8.08905
46.8868,27.3073,6.75165
46.4765,26.5132,6.46813
47.797,29.3815,8.30574
47.8194,29.3815,8.30558
46.0256,25.6406,6.25089
46.036,25.6607,6.25515
46.7746,27.0901,6.66324
46.1756,25.931,6.3151
46.1579,25.8966,6.30716
46.1638,25.9081,6.3098
46.4604,26.482,6.45891
46.466,26.4929,6.46211
46.7812,27.1029,6.6682
46.4062,26.3773,6.42881
46.3957,26.357,6.42313
46.3747,26.3163,6.41193
46.2813,26.1354,6.36455
46.9163,27.3645,6.77661
46.9273,27.3857,6.78606
47.7481,29.3815,8.30612
47.7733,29.3815,8.30592
47.709,28.9478,7.86455
47.713,28.9068,7.82291
46.1343,25.851,6.29678
46.292,26.1562,6.36979
46.3036,26.1787,6.37555
46.311,26.2454,6.40146
46.3154,26.2016,6.38145
46.351,26.2704,6.39954
46.8099,27.1585,6.69006
46.1088,25.8016,6.28572
46.1157,25.815,6.28869
46.1403,25.8627,6.29942
47.9016,29.3815,8.30505
45.9552,25.5044,6.22271
47.7213,29.3815,8.30637
47.6927,29.3815,8.30666
46.9625,27.4539,6.81713
46.0795,25.7449,6.27324
46.8175,27.1733,6.69598
47.7713,29.0195,7.93215
46.2163,26.0097,6.33366
46.1019,25.7883,6.28277
46.8684,27.2717,6.73649
46.8772,27.2888,6.74374
46.9887,27.5047,6.841
47.0038,27.5339,6.85502
46.8422,27.2211,6.71541
47.8822,29.3815,8.30518
46.0874,25.7602,6.27658
45.2974,29.3815,8.15642
45.3342,29.3815,8.16607
47.7452,28.969,7.88268
46.2598,26.094,6.35419
46.906,27.3446,6.76783
46.834,27.2051,6.70884
47.5944,29.3815,8.30791
47.8619,29.3815,8.30531
46.015,25.6201,6.24658
46.0044,25.5997,6.24231
45.3586,29.3815,8.17167
47.841,29.3815,8.30544
45.8586,25.3174,6.1856
46.8964,27.3259,6.7597
47.0729,27.6675,6.92202
47.0531,27.6292,6.90233
46.3628,26.2933,6.4057
46.2706,26.1147,6.35935
46.3273,26.2245,6.38741
46.3852,26.3366,6.41751
45.781,25.1672,6.15684
47.7237,28.9275,7.84266
46.9383,27.407,6.79563
47.7344,28.9482,7.86258
45.9929,25.5774,6.23768
47.5472,28.5858,7.53594
46.9494,27.4286,6.80545
47.4713,29.3815,8.30983
47.6868,28.856,7.77508
47.7005,28.8825,7.79995
47.1349,27.7876,6.98649
47.1125,27.7441,6.96267
45.9804,25.5532,6.23268
46.3391,26.2474,6.39344
45.6928,24.9964,6.12504
47.4574,28.4119,7.39657
45.9679,25.5289,6.2277
45.9253,25.4465,6.21103
45.9403,25.4754,6.21685
45.6219,24.8593,6.10007
47.6732,28.8296,7.75048
47.6589,28.8019,7.72504
45.5663,29.3815,8.20884
45.5481,24.7165,6.07466
47.2304,27.9725,7.09419
47.2052,27.9236,7.06467
47.3833,28.2684,7.29018
47.02,27.5651,6.87025
47.6621,29.3815,8.30701
45.4208,29.3815,8.18434
45.3872,29.3815,8.17774
45.473,24.5711,6.04932
45.3211,24.2772,5.9996
45.2959,24.2282,5.99149
45.4478,24.5224,6.04095
45.4225,24.4733,6.03257
45.1179,23.8837,5.93566
45.1434,23.933,5.94353
45.0666,23.7844,5.91994
45.0923,23.8342,5.92781
47.3067,28.1201,7.18811
45.0151,23.6848,5.90432
44.9374,23.5345,5.88103
47.6294,29.3815,8.30742
44.9633,23.5846,5.88876
44.9114,23.4841,5.87331
42.8097,19.416,5.33904
42.836,19.4668,5.34483
42.9672,19.7207,5.37402
42.9409,19.6699,5.36814
42.7835,19.3652,5.33327
42.7572,19.3144,5.32752
42.9147,19.6191,5.36229
42.8885,19.5684,5.35645
43.0984,19.9746,5.40368
43.0722,19.9238,5.39771
42.5997,19.0097,5.29339
42.5735,18.9589,5.28775
43.1246,20.0254,5.40967
43.1509,20.0762,5.41567
43.2296,20.2285,5.43382
43.2034,20.1778,5.42775
43.2559,20.2793,5.43991
43.2821,20.3301,5.44602
43.3346,20.4317,5.4583
43.3084,20.3809,5.45215
44.8591,23.3829,5.85788
43.3871,20.5333,5.47067
43.3608,20.4825,5.46448
43.4133,20.5841,5.47689
43.4396,20.6349,5.48312
43.5183,20.7873,5.50196
43.5446,20.8381,5.50828
43.6496,21.0413,5.53379
43.6233,20.9905,5.52738
43.7021,21.1429,5.54669
43.7283,21.1937,5.55317
43.7546,21.2446,5.55968
43.7809,21.2954,5.56621
45.9103,25.4175,6.20525
43.8071,21.3462,5.57276
43.8334,21.397,5.57934
43.8596,21.4479,5.58594
43.8859,21.4987,5.59257
43.9122,21.5496,5.59923
43.991,21.7021,5.61935
43.9647,21.6512,5.61262
44.0172,21.753,5.62611
44.0435,21.8038,5.6329
44.2012,22.1091,5.67422
44.2275,22.16,5.6812
44.2801,22.2618,5.69526
44.3064,22.3127,5.70234
44.7541,23.1796,5.82729
44.3853,22.4654,5.72374
44.4116,22.5164,5.73093
47.6418,28.7688,7.69494
44.4642,22.6183,5.74541
44.4906,22.6693,5.7527
44.5433,22.7713,5.76737
44.5696,22.8224,5.77476
44.6751,23.0266,5.8046
44.596,22.8734,5.78217
46.9756,27.4793,6.82898
47.0361,27.5964,6.88575
45.8937,25.3854,6.1989
47.3098,29.3815,8.3121
47.6247,28.7357,7.66526
47.6076,28.7026,7.63602
47.5158,29.3815,8.30912
47.5568,29.3815,8.30848
47.588,28.6647,7.60297
45.8762,25.3514,6.19223
47.5676,28.6252,7.56914
47.4228,29.3815,8.31058
45.8207,25.2441,6.17146
45.8406,25.2826,6.17885
47.5031,28.5004,7.46609
47.4328,28.3643,7.36041
47.0926,27.7058,6.94213
45.7374,25.0828,6.14103
45.8009,25.2057,6.16413
45.2197,24.0808,5.96735
45.2451,24.13,5.97536
45.1688,23.9824,5.95143
45.1943,24.0317,5.95938
45.4606,29.3815,8.19162
45.5085,29.3815,8.19974
45.7154,25.0401,6.1331
42.7047,19.2129,5.31608
42.731,19.2636,5.32179
42.6522,19.1113,5.3047
42.6785,19.1621,5.31038
47.3691,29.3815,8.31136
45.2705,24.1792,5.98342
47.1581,27.8324,7.01162
43.1771,20.127,5.4217
43.0459,19.8731,5.39176
42.9934,19.7715,5.37991
43.0197,19.8223,5.38582
44.7014,23.0776,5.81213
44.0698,21.8547,5.63972
44.0961,21.9056,5.64656
47.526,28.5447,7.50201
44.4379,22.5673,5.73816
45.5728,24.7642,6.08308
45.5233,24.6684,6.06621
43.9384,21.6004,5.60591
45.6455,24.905,6.10833
45.5974,24.8118,6.09155
47.2447,29.3815,8.31276
44.1749,22.0582,5.66726
44.2538,22.2109,5.68822
47.0909,29.3815,8.31358
47.1812,27.8773,7.03738
44.3327,22.3636,5.70944
44.359,22.4145,5.71658
43.4658,20.6857,5.48938
43.4921,20.7365,5.49566
42.8622,19.5176,5.35063
44.8853,23.4335,5.86557
45.3717,24.3751,6.01596
45.3971,24.4242,6.02424
47.281,28.0704,7.15566
47.3581,28.2196,7.25573
47.3324,28.1698,7.22147
44.8067,23.2814,5.84254
44.833,23.3323,5.85021
44.9892,23.6347,5.89652
44.6224,22.9245,5.78962
43.5971,20.9397,5.52099
43.6758,21.0921,5.54023
42.4947,18.8065,5.27096
42.521,18.8573,5.27654
42.4422,18.7048,5.25985
42.4685,18.7556,5.2654
42.626,19.0605,5.29903
42.5473,18.9081,5.28214
47.2557,28.0214,7.12452
43.5708,20.8889,5.51463
44.7278,23.1286,5.8197
45.812,29.3815,8.2417
45.7595,25.1255,6.149
45.3464,24.3261,6.00775
44.1224,21.9564,5.65343
44.1486,22.0073,5.66033
45.6692,24.9507,6.11665
44.6487,22.9755,5.7971
45.4981,24.6197,6.05774
42.416,18.654,5.25432
44.5169,22.7203,5.76002
46.2868,29.3815,8.28748
46.5516,29.3815,8.30342
47.1718,29.3815,8.31329
45.7179,29.3815,8.23004
45.6357,29.3815,8.21897
46.9034,29.3815,8.31285
46.7369,29.2749,8.2064
46.7951,29.3815,8.31127
45.9172,29.3815,8.25364
46.1566,29.3815,8.277
46.0326,29.3815,8.26556
46.6774,29.3815,8.30827
46.4203,29.3815,8.29646
46.4241,26.4118,6.43856
46.7946,27.129,6.67837
46.7629,27.0675,6.65456
47.9037,29.276,8.19352
44.7804,23.2305,5.8349
47.882,29.2339,8.14974
47.0019,29.3815,8.31351
47.408,28.3163,7.32486
46.6432,26.8359,6.57097
46.7297,27.0033,6.63047
47.4803,28.4561,7.43095
45.0408,23.7346,5.91211
46.0716,25.7296,6.26992
46.517,26.5917,6.49184
47.9746,29.4233,8.34165
47.9746,29.4232,8.34216
47.976,29.4233,8.34227
47.9761,29.4234,8.34178
47.9772,29.4234,8.34237
47.9728,29.4233,8.34153
47.9728,29.4231,8.34206
47.9746,29.4225,8.34225
47.9772,29.4235,8.34192
47.9781,29.4235,8.34245
47.9761,29.4227,8.3424
47.9705,29.4232,8.34141
47.9705,29.4231,8.34196
47.9728,29.4224,8.34213
47.9746,29.4213,8.3418
47.9781,29.4236,8.34204
47.9788,29.4236,8.34251
47.9772,29.4229,8.34254
47.9677,29.4232,8.34127
47.9705,29.4223,8.34202
47.9788,29.4236,8.34214
47.9793,29.4236,8.34254
47.9677,29.423,8.34186
47.9676,29.4222,8.34191
47.9641,29.4232,8.34111
47.9727,29.4211,8.34162
47.9798,29.4237,8.34228
47.9794,29.4237,8.34222
47.9641,29.423,8.34173
47.9641,29.4222,8.34178
47.9676,29.4208,8.34131
47.9705,29.421,8.34146
47.9597,29.4232,8.34092
47.9704,29.419,8.34021
47.9596,29.423,8.34157
47.9676,29.4187,8.33997
47.954,29.4232,8.34066
47.9596,29.4221,8.34162
47.9595,29.4205,8.34094
47.964,29.4207,8.34114
47.9539,29.423,8.34136
47.9539,29.422,8.34142
47.964,29.4185,8.33972
47.9472,29.4232,8.34034
47.9472,29.4229,8.3411
47.9595,29.4182,8.33943
47.964,29.4153,8.33731
47.9395,29.4232,8.33997
47.9395,29.4229,8.34079
47.9539,29.4203,8.34069
47.9538,29.4178,8.33907
47.9471,29.4219,8.34117
47.9471,29.4201,8.34039
47.9594,29.4148,8.33685
47.9314,29.4232,8.33956
47.9314,29.4229,8.34046
47.9538,29.4142,8.33629
47.9394,29.4218,8.34087
47.9313,29.4217,8.34056
47.9234,29.4232,8.33914
47.9234,29.4228,8.34012
47.947,29.4174,8.33864
47.947,29.4135,8.33563
47.9394,29.4198,8.34003
47.9393,29.4169,8.33813
47.9537,29.4091,8.33192
47.9313,29.4195,8.33965
47.9154,29.4232,8.3387
47.9154,29.4228,8.33977
47.9469,29.408,8.33089
47.9312,29.4163,8.33757
47.9233,29.4215,8.34023
47.9153,29.4214,8.3399
47.9071,29.4232,8.33824
47.9071,29.4228,8.33941
47.9392,29.4127,8.33486
47.9391,29.4067,8.32968
47.9311,29.4117,8.33399
47.9232,29.4192,8.33924
47.9231,29.4157,8.33696
47.9152,29.4188,8.3388
47.8986,29.4231,8.33775
47.923,29.4107,8.33301
47.9151,29.415,8.33629
47.907,29.4212,8.33955
47.9069,29.4184,8.33834
47.8985,29.4227,8.33903
47.8899,29.4231,8.33725
47.931,29.4052,8.3283
47.915,29.4095,8.33193
47.8984,29.421,8.33918
47.8898,29.4227,8.33864
47.8897,29.4208,8.33881
47.881,29.4231,8.33673
47.8809,29.4226,8.33825
47.9068,29.4142,8.33557
47.9066,29.4082,8.33074
47.8983,29.4179,8.33785
47.8981,29.4133,8.33478
47.8896,29.4174,8.33733
47.872,29.4231,8.3362
47.898,29.4067,8.32944
47.8894,29.4124,8.33394
47.8808,29.4205,8.33843
47.8806,29.4169,8.33679
47.8718,29.4226,8.33786
47.8717,29.4203,8.33805
47.8624,29.4232,8.33569
47.8715,29.4163,8.33624
47.8622,29.4226,8.33749
47.8621,29.4201,8.3377
47.8522,29.4234,8.33521
47.8805,29.4113,8.33303
47.8892,29.4052,8.32801
47.8713,29.4102,8.33206
47.852,29.4227,8.33718
47.8518,29.42,8.3374
47.842,29.4236,8.33478
47.8418,29.4228,8.33693
47.8619,29.4157,8.33569
47.8515,29.4152,8.33518
47.8416,29.4199,8.33716
47.8319,29.4238,8.33436
47.8317,29.423,8.3367
47.8616,29.4091,8.33105
47.822,29.4241,8.33394
47.8412,29.4146,8.33469
47.8408,29.4067,8.32898
47.8512,29.4079,8.33005
47.8315,29.4198,8.33694
47.8311,29.414,8.33417
47.8218,29.4231,8.3365
47.8215,29.4196,8.33672
47.8115,29.4243,8.3335
47.8112,29.4233,8.33628
47.8211,29.4132,8.33361
47.8109,29.4194,8.33649
47.7999,29.4246,8.333
47.7996,29.4235,8.33604
47.7882,29.4249,8.33249
47.7879,29.4237,8.33581
47.7992,29.4192,8.33625
47.7987,29.4116,8.33233
47.8104,29.4125,8.33299
47.7874,29.419,8.33601
47.7764,29.4252,8.33196
47.7868,29.4106,8.33159
47.776,29.4239,8.33559
47.7633,29.4256,8.33137
47.7755,29.4187,8.33575
47.7749,29.4095,8.33075
47.7629,29.4241,8.33535
47.7623,29.4185,8.33549
47.7498,29.4259,8.33076
47.7493,29.4244,8.33512
47.7616,29.4083,8.32984
47.7365,29.4263,8.33014
47.736,29.4246,8.33491
47.7487,29.4181,8.33522
47.7222,29.4267,8.32947
47.7217,29.4248,8.33471
47.7209,29.4172,8.33463
47.7353,29.4177,8.33493
47.7062,29.4272,8.3287
47.7056,29.4251,8.33447
47.7047,29.4167,8.33433
47.6903,29.4277,8.32793
47.6896,29.4254,8.33427
47.6744,29.4282,8.32715
47.6736,29.4256,8.33412
47.6725,29.4153,8.33359
47.6886,29.4161,8.33399
47.6576,29.4287,8.32631
47.6567,29.4259,8.33398
47.6378,29.4294,8.3253
47.6368,29.4262,8.3338
47.6354,29.4134,8.33272
47.6555,29.4143,8.33315
47.6172,29.4301,8.32423
47.616,29.4266,8.33364
47.5963,29.4308,8.32314
47.5951,29.427,8.33354
47.5753,29.4315,8.32201
47.5499,29.4324,8.32062
47.5483,29.4278,8.33338
47.5739,29.4273,8.33349
47.522,29.4334,8.31906
47.4938,29.4345,8.31745
47.4918,29.429,8.3332
47.5201,29.4284,8.33326
47.4654,29.4355,8.3158
47.4631,29.4295,8.33322
47.4319,29.4368,8.31379
47.4293,29.4303,8.33314
47.3917,29.4383,8.31132
47.3889,29.4313,8.33291
47.3509,29.4398,8.30876
47.3093,29.4413,8.30609
47.3058,29.4333,8.33257
47.3477,29.4323,8.33272
47.259,29.4431,8.30279
47.2551,29.4346,8.33214
47.2022,29.4451,8.29901
47.198,29.4362,8.33149
47.1451,29.4471,8.29516
47.1406,29.4375,8.33086
47.0826,29.4491,8.29091
47.0093,29.4513,8.28589
47.0042,29.4406,8.32866
47.0777,29.4389,8.33002
46.9351,29.4533,8.28076
46.9297,29.4421,8.32715
46.8538,29.4553,8.27508
46.8483,29.4435,8.32505
46.7625,29.4572,8.26858
46.7568,29.4449,8.32198
46.6683,29.4586,8.26175
46.5672,29.4596,8.25433
46.5617,29.4466,8.313
46.6626,29.4459,8.3181
46.464,29.4601,8.24669
46.4587,29.4469,8.30683
46.3577,29.46,8.23886
46.2511,29.4589,8.23086
46.2468,29.4459,8.29108
46.1432,29.4443,8.28169
46.0448,29.4421,8.27175
46.1469,29.4569,8.22279
45.9502,29.4393,8.26135
46.0479,29.454,8.21493
45.9529,29.4505,8.20719
45.865,29.4466,8.19986
45.8628,29.4362,8.25095
45.7826,29.4424,8.19275
45.7808,29.4328,8.2405
45.7079,29.4381,8.18607
45.7064,29.4293,8.23032
45.6383,29.4259,8.2203
45.5736,29.4222,8.21013
45.6396,29.4337,8.17968
45.5122,29.4185,8.19976
45.5746,29.4292,8.17331
45.4582,29.4149,8.18973
45.5131,29.4245,8.16691
45.4589,29.42,8.16094
45.4134,29.4158,8.15563
45.4129,29.4116,8.18037
45.3765,29.412,8.15107
45.3761,29.4088,8.17191
45.3485,29.4089,8.14744
45.3483,29.4064,8.16468
45.3268,29.4061,8.14447
45.3267,29.4043,8.15852
45.3098,29.4023,8.15342
45.2967,29.4006,8.14933
45.3099,29.4037,8.14207
45.2967,29.4017,8.1401
45.2866,29.3999,8.13847
47.9803,29.4238,8.34256
47.9806,29.4238,8.34241
47.9803,29.4238,8.34237
47.98,29.4238,8.34233
46.3529,29.4468,8.29951
45.2447,29.3886,8.13075
45.2459,29.3893,8.12954
45.2434,29.3883,8.12829
45.2451,29.3882,8.13297
45.247,29.3894,8.13253
45.2424,29.3865,8.1324
45.239,29.3844,8.13089
45.2428,29.3846,8.13454
45.24,29.3861,8.12907
45.2458,29.3871,8.13546
45.2475,29.3853,8.13789
45.2495,29.3879,8.13812
45.2535,29.3869,8.14142
45.2484,29.389,8.13559
45.2794,29.3973,8.14619
45.2759,29.3975,8.14145
45.2729,29.3956,8.14541
45.2837,29.3989,8.14384
45.2731,29.393,8.14953
45.2689,29.3883,8.14919
45.2791,29.3904,8.15338
45.2661,29.3926,8.14585
47.9802,29.4233,8.34295
47.9799,29.4235,8.34285
47.9801,29.4236,8.34282
47.9803,29.4238,8.3427
47.98,29.4237,8.34259
47.978,29.4222,8.34243
47.9786,29.4217,8.34228
47.9789,29.4223,8.34259
47.977,29.422,8.34229
47.9777,29.4211,8.3419
45.2427,29.3875,8.13021
45.2409,29.3871,8.12713
45.2372,29.3847,8.12738
45.2384,29.3858,8.12578
45.236,29.3845,8.12433
47.9551,29.3857,8.30876
47.9554,29.3898,8.31303
47.949,29.3887,8.31202
47.9123,29.4009,8.32426
47.9187,29.4035,8.32667
47.9251,29.4006,8.32394
47.932,29.3976,8.32102
47.9382,29.3999,8.32324
47.9276,29.3913,8.31481
47.9382,29.3909,8.31438
47.8751,29.4034,8.32637
47.8812,29.4019,8.32504
47.867,29.3994,8.32275
47.8755,29.394,8.3177
47.919,29.3949,8.31841
47.9111,29.3915,8.31506
47.8173,29.4013,8.32446
47.8267,29.4064,8.32872
47.8325,29.4062,8.32853
47.7395,29.4079,8.32955
47.7283,29.4043,8.32688
47.749,29.4014,8.32453
45.3164,29.3988,8.16376
45.3207,29.3914,8.16715
45.334,29.3986,8.17005
47.3699,29.4151,8.33481
47.4045,29.4099,8.33242
47.3405,29.4116,8.33367
45.2503,29.3905,8.13464
45.2487,29.3904,8.13115
45.2529,29.3902,8.13852
45.2519,29.3916,8.13276
45.2359,29.3832,8.12816
45.2536,29.3916,8.13597
45.2556,29.3927,8.13447
45.2572,29.3924,8.13852
45.2587,29.391,8.1425
45.2623,29.3936,8.14091
45.2651,29.3952,8.13811
45.2603,29.394,8.13639
45.2671,29.3948,8.14223
45.2701,29.3963,8.1397
45.2795,29.3955,8.15019
47.9537,29.3955,8.31889
47.95,29.4024,8.32563
47.9455,29.3967,8.32008
47.9588,29.3925,8.3157
47.9439,29.4027,8.32592
45.261,29.3874,8.14552
45.2889,29.3964,8.15422
45.2855,29.398,8.14903
45.2925,29.3909,8.15835
45.3015,29.3979,8.15845
47.9796,29.4235,8.34278
47.9797,29.4233,8.34287
47.9792,29.4234,8.34276
47.9761,29.4212,8.34183
47.9751,29.4182,8.33981
47.9747,29.42,8.34105
47.9727,29.4184,8.33987
47.9704,29.4165,8.3383
47.9733,29.4158,8.33788
47.9638,29.4109,8.33348
47.9596,29.4084,8.33129
47.9638,29.4045,8.32764
45.2786,29.3985,8.1371
47.9569,29.4029,8.32607
47.9606,29.3977,8.32093
47.9609,29.3867,8.30981
47.8857,29.3945,8.31812
47.8911,29.3887,8.31237
47.8949,29.3958,8.31937
47.7726,29.3981,8.32167
47.7607,29.3945,8.31843
47.7825,29.4021,8.32507
47.7161,29.4035,8.32629
47.7055,29.3971,8.3211
47.5833,29.4108,8.33155
47.6008,29.4113,8.33173
47.6152,29.4038,8.32695
47.694,29.4024,8.32545
47.6786,29.3997,8.32339
47.6633,29.4016,8.32504
47.649,29.3979,8.32213
47.5115,29.4122,8.33268
47.5363,29.4073,8.32989
47.444,29.409,8.33164
47.4726,29.4124,8.33307
47.4927,29.4039,8.32813
45.4839,29.4042,8.20481
47.2172,29.4129,8.33477
47.2666,29.4118,8.33416
47.1637,29.4136,8.33514
47.9805,29.4237,8.34281
47.9805,29.4238,8.34264
47.9804,29.4236,8.34292
47.9798,29.4237,8.34268
47.9792,29.423,8.3428
47.9787,29.4233,8.34272
47.98,29.4229,8.34289
47.9797,29.4224,8.34271
47.9783,29.4229,8.34268
47.9794,29.4218,8.3424
47.9789,29.421,8.34191
47.9783,29.4199,8.34119
47.9766,29.4199,8.34105
47.9776,29.4186,8.34019
45.2421,29.3878,8.12528
45.2447,29.389,8.12654
45.2323,29.3824,8.12212
45.2341,29.3834,8.12272
45.2328,29.3828,8.12019
45.2474,29.3901,8.12777
45.2503,29.3912,8.129
45.235,29.384,8.12144
45.2343,29.3832,8.12524
47.9764,29.4162,8.33832
45.2372,29.3853,8.12271
45.2396,29.3865,8.124
45.2677,29.3962,8.13489
47.971,29.4128,8.3353
47.9674,29.4138,8.33611
45.263,29.3951,8.1335
45.2725,29.3972,8.13593
47.968,29.409,8.33183
47.97,29.4042,8.3274
47.9746,29.413,8.33553
45.2537,29.3924,8.13033
47.9672,29.3988,8.32206
47.964,29.3927,8.31597
45.258,29.3937,8.13188
47.904,29.3978,8.32128
47.9725,29.4089,8.33187
47.8565,29.3978,8.32124
47.8317,29.3973,8.32085
47.8453,29.3968,8.32034
47.8512,29.3895,8.31337
47.8067,29.3936,8.31745
47.7942,29.3996,8.32291
47.7838,29.3926,8.31657
47.8054,29.4041,8.32678
47.7373,29.3953,8.31933
45.307,29.3917,8.16314
47.5742,29.3961,8.3214
47.5621,29.4105,8.33152
45.3609,29.3971,8.17817
45.397,29.4002,8.18664
45.4282,29.4022,8.19343
47.9798,29.4223,8.34073
47.9796,29.4221,8.34104
47.9794,29.4216,8.33993
47.9799,29.4226,8.34147
47.9797,29.422,8.3396
47.9798,29.4223,8.34027
47.9798,29.4221,8.33923
47.9799,29.4225,8.33989
47.9804,29.4234,8.34145
47.9804,29.4236,8.34195
47.9802,29.4231,8.34156
47.9805,29.4236,8.34141
47.9805,29.4237,8.3418
47.9802,29.4231,8.34108
47.98,29.4227,8.34094
47.9803,29.4234,8.34205
47.9802,29.4231,8.34205
47.9802,29.4233,8.34252
47.98,29.4229,8.34226
47.9798,29.4225,8.34225
47.9795,29.422,8.34169
47.9801,29.4228,8.34056
47.9802,29.4231,8.34027
47.9804,29.4234,8.3409
47.9804,29.4236,8.3423
47.9803,29.4235,8.34246
47.9793,29.4216,8.3407
47.9798,29.4224,8.34174
47.9794,29.4215,8.33867
47.9784,29.4197,8.33812
47.979,29.4208,8.33875
47.979,29.4208,8.33977
47.9789,29.4204,8.33738
47.9791,29.4212,8.34107
47.9786,29.4202,8.34013
47.9779,29.4189,8.33891
47.9774,29.4178,8.33651
47.9781,29.419,8.33592
47.9771,29.417,8.33384
47.9771,29.4173,8.33774
47.976,29.4152,8.33475
47.9608,29.3857,8.30214
47.9587,29.3815,8.29777
47.9591,29.3815,8.29118
47.9636,29.3912,8.30977
47.9806,29.4238,8.34212
47.9798,29.4221,8.33854
47.98,29.4226,8.33949
47.9794,29.4213,8.33736
47.9789,29.4203,8.33588
47.9782,29.419,8.33402
47.974,29.4115,8.33123
47.9735,29.4101,8.32653
47.9755,29.414,8.33082
47.9717,29.407,8.32679
47.9712,29.4055,8.32168
47.9771,29.4166,8.33095
47.9692,29.4021,8.32168
47.9664,29.3967,8.31613
47.9754,29.4133,8.32682
47.9733,29.4092,8.32186
47.9709,29.4044,8.31623
47.9686,29.4004,8.31599
47.9658,29.395,8.3101
47.968,29.3988,8.30992
47.9634,29.3903,8.30448
47.9649,29.3927,8.30319
47.9618,29.3867,8.29669
47.9706,29.4231,8.34054
47.9677,29.423,8.34036
47.9728,29.4231,8.34071
47.9706,29.4225,8.33917
47.9678,29.4224,8.33892
47.9642,29.423,8.34015
47.9729,29.4225,8.3394
47.9747,29.4232,8.34087
47.9678,29.4212,8.33691
47.9597,29.423,8.3399
47.9747,29.4227,8.33964
47.9729,29.4215,8.33758
47.9707,29.4214,8.33726
47.9761,29.4233,8.34107
47.9707,29.4196,8.33468
47.9679,29.4194,8.33421
47.9643,29.4211,8.33652
47.9642,29.4223,8.33863
47.9597,29.4223,8.33828
47.9748,29.4217,8.33792
47.9762,29.4228,8.33993
47.9773,29.4234,8.34127
47.9643,29.4191,8.33367
47.9598,29.421,8.33603
47.954,29.423,8.33957
47.9773,29.423,8.34024
47.9782,29.4235,8.34147
47.9644,29.4163,8.32984
47.9598,29.4189,8.33301
47.9541,29.4208,8.33542
47.9473,29.423,8.33916
47.9541,29.4222,8.33783
47.9396,29.4229,8.33869
47.9789,29.4236,8.34165
47.9599,29.4158,8.32895
47.9542,29.4186,8.33219
47.9474,29.4206,8.33469
47.9473,29.4221,8.33729
47.9794,29.4236,8.34181
47.9542,29.4153,8.32784
47.9474,29.4182,8.3312
47.9397,29.4204,8.33383
47.9396,29.422,8.33665
47.9316,29.4219,8.33594
47.9315,29.4229,8.33816
47.9542,29.4105,8.322
47.9475,29.4146,8.32652
47.9398,29.4177,8.33004
47.9316,29.4201,8.33287
47.9235,29.4229,8.33761
47.9475,29.4094,8.32024
47.9398,29.4138,8.32497
47.9237,29.4198,8.33184
47.9155,29.4228,8.33704
47.9236,29.4218,8.33519
47.9398,29.4082,8.31818
47.9317,29.413,8.32324
47.9317,29.4172,8.32875
47.9237,29.4167,8.32734
47.9157,29.4195,8.33073
47.9156,29.4217,8.33439
47.9073,29.4215,8.33353
47.9072,29.4228,8.33642
47.9318,29.4068,8.31587
47.9157,29.416,8.32583
47.9074,29.4191,8.32952
47.8987,29.4228,8.33576
47.9238,29.412,8.32135
47.9158,29.4109,8.3193
47.9075,29.4153,8.32417
47.8989,29.4187,8.32822
47.8988,29.4213,8.33259
47.89,29.4227,8.33507
47.8811,29.4227,8.33434
47.9076,29.4097,8.31707
47.8902,29.4183,8.32682
47.8901,29.4212,8.3316
47.899,29.4084,8.31464
47.8989,29.4146,8.32238
47.8903,29.4137,8.32046
47.8814,29.4178,8.32533
47.8813,29.421,8.33055
47.8722,29.4208,8.32945
47.8721,29.4226,8.33359
47.8904,29.4069,8.31204
47.8815,29.4128,8.31839
47.8723,29.4173,8.32375
47.8625,29.4227,8.33283
47.8523,29.4228,8.33209
47.8724,29.4118,8.31618
47.8627,29.4206,8.32831
47.8422,29.4229,8.33137
47.8628,29.4108,8.31385
47.8628,29.4168,8.32209
47.8525,29.4205,8.32715
47.8321,29.4231,8.33063
47.8525,29.4097,8.3114
47.8525,29.4163,8.32036
47.8424,29.4159,8.31856
47.8423,29.4205,8.32597
47.8323,29.4204,8.32474
47.8222,29.4232,8.32987
47.8423,29.4086,8.30882
47.8323,29.4153,8.31666
47.8224,29.4203,8.32343
47.8224,29.4147,8.31462
47.8119,29.4202,8.322
47.8117,29.4234,8.32904
47.8119,29.4141,8.3124
47.8003,29.4201,8.32042
47.8001,29.4236,8.32812
47.7884,29.4238,8.32715
47.8004,29.4133,8.30994
47.7767,29.424,8.32611
47.7887,29.4125,8.30727
47.7887,29.4199,8.31871
47.7769,29.4197,8.31687
47.7769,29.4115,8.30438
47.7639,29.4195,8.31483
47.7636,29.4243,8.32496
47.7502,29.4245,8.32372
47.7639,29.4105,8.30119
47.7504,29.4192,8.31261
47.7369,29.4248,8.32241
47.7372,29.4189,8.31022
47.7227,29.425,8.32097
47.723,29.4185,8.30758
47.7071,29.4182,8.30464
47.7067,29.4253,8.31937
47.6909,29.4256,8.31766
47.6913,29.4177,8.30145
47.6755,29.417,8.29796
47.6751,29.4259,8.31582
47.6583,29.4261,8.3138
47.6588,29.4163,8.2941
47.6387,29.4265,8.3115
47.6392,29.4156,8.28975
47.6181,29.4269,8.30899
47.5974,29.4273,8.30628
47.5765,29.4277,8.30336
47.5512,29.4282,8.30003
47.5234,29.4288,8.29635
47.4955,29.4294,8.29239
47.4673,29.43,8.28814
47.434,29.4307,8.28333
47.3941,29.4318,8.27787
47.3536,29.4328,8.27204
47.3123,29.4338,8.26582
47.2622,29.4351,8.2588
47.2058,29.4366,8.25108
47.149,29.438,8.24301
47.0868,29.4394,8.23433
47.0139,29.4411,8.2248
46.94,29.4426,8.21504
46.859,29.4441,8.20484
46.7678,29.4455,8.19418
46.6737,29.4466,8.18374
46.5726,29.4475,8.17355
46.4693,29.4479,8.16423
46.3627,29.4479,8.15596
46.2558,29.4471,8.14884
46.1512,29.4456,8.1429
46.0518,29.4434,8.1382
45.9564,29.4406,8.13441
45.8682,29.4375,8.13154
45.7854,29.4341,8.1292
45.7105,29.4306,8.12749
45.6418,29.4271,8.12624
45.5767,29.4234,8.12519
45.5148,29.4196,8.12431
45.4604,29.4159,8.124
45.4147,29.4126,8.12434
45.3774,29.4097,8.12519
45.3492,29.4072,8.12651
45.3273,29.405,8.12781
45.3102,29.4031,8.12888
45.297,29.4013,8.12955
47.9803,29.4238,8.34214
47.1053,29.3815,8.14209
47.1757,29.415,8.19842
47.0555,29.4174,8.17891
47.4277,29.4145,8.24886
47.3834,29.4175,8.24488
47.3916,29.3815,8.20102
47.4451,29.3815,8.21197
47.3466,29.4124,8.22925
47.3318,29.3815,8.18863
47.8464,29.4044,8.30417
47.836,29.407,8.30607
47.8429,29.3957,8.29397
47.8295,29.4024,8.29982
47.8292,29.3926,8.289
47.8394,29.3815,8.27881
47.8176,29.4011,8.29675
47.8168,29.3815,8.27595
47.8062,29.3944,8.28786
47.8066,29.405,8.30001
47.8836,29.3981,8.30133
47.8942,29.4016,8.30636
47.8998,29.3916,8.29611
47.8823,29.3815,8.28385
47.9023,29.3815,8.28599
47.8786,29.4063,8.31009
47.8711,29.4036,8.30609
47.871,29.3933,8.29478
47.8582,29.3998,8.30037
45.2511,29.3882,8.11032
45.251,29.3902,8.11744
45.2555,29.3912,8.11619
45.2568,29.3895,8.10922
45.2618,29.3924,8.1148
45.2483,29.3847,8.10337
45.2446,29.3854,8.10837
45.254,29.386,8.10227
45.2621,29.388,8.10194
45.2377,29.3851,8.11786
45.2352,29.3837,8.11691
45.2363,29.3846,8.11981
45.2339,29.3827,8.11454
45.233,29.3826,8.11664
45.2477,29.3899,8.1225
45.2476,29.3893,8.1189
45.2452,29.3888,8.12092
45.2475,29.3882,8.11422
45.2438,29.3872,8.11563
45.2689,29.3924,8.10961
45.2741,29.3953,8.11625
45.276,29.3931,8.10738
47.9515,29.3959,8.30559
47.9445,29.3956,8.30467
47.9455,29.4021,8.31179
47.9383,29.3909,8.29913
47.9382,29.4004,8.30927
47.8883,29.4029,8.30716
47.8845,29.4055,8.30969
45.272,29.3885,8.09828
45.2815,29.3959,8.11358
45.2837,29.3911,8.09884
45.2503,29.3908,8.12216
45.254,29.3919,8.12219
45.2636,29.3946,8.12351
45.268,29.3948,8.11919
45.2586,29.3932,8.1224
45.231,29.3815,8.11678
45.2323,29.3824,8.11832
45.2341,29.3834,8.11889
47.9556,29.3856,8.29508
47.9528,29.3815,8.29068
47.9489,29.3887,8.29781
45.2655,29.3956,8.12958
45.2678,29.3958,8.12566
45.2723,29.3965,8.12428
47.9564,29.3993,8.30966
47.9521,29.4035,8.3139
47.9581,29.4045,8.31544
47.9585,29.3938,8.30394
47.9199,29.4055,8.31325
47.9133,29.4034,8.31025
47.9252,29.404,8.31206
47.9212,29.3969,8.30386
47.9116,29.3953,8.30126
47.9288,29.3899,8.29719
47.92,29.3815,8.28776
47.9043,29.4017,8.30747
47.7544,29.4089,8.29787
47.7455,29.4061,8.29294
47.6873,29.4049,8.28263
47.6738,29.4045,8.27993
47.6633,29.3979,8.27034
47.6023,29.4183,8.28804
47.5834,29.4185,8.28508
47.6173,29.4088,8.27613
47.5942,29.4028,8.26426
47.6494,29.4024,8.27337
47.6347,29.3987,8.26636
47.5644,29.4197,8.2839
47.5668,29.4043,8.26114
47.5429,29.4144,8.27095
47.5142,29.4105,8.25977
45.2863,29.3986,8.12217
45.292,29.3976,8.1136
45.3033,29.3999,8.11658
45.3013,29.3936,8.09812
47.9797,29.4235,8.34133
47.9801,29.4235,8.34132
47.9799,29.4233,8.34081
47.9798,29.4237,8.34174
47.9787,29.4233,8.34096
47.9789,29.423,8.34027
47.9783,29.4231,8.3405
47.9796,29.423,8.34017
47.9792,29.4226,8.33939
47.9775,29.4222,8.33881
47.9783,29.4227,8.33959
47.9787,29.422,8.33849
45.2462,29.3895,8.12448
45.249,29.3906,8.12551
45.2399,29.3863,8.11941
45.2411,29.3871,8.12225
45.2423,29.3874,8.1197
45.2386,29.3859,8.12102
45.2436,29.3883,8.12328
45.2399,29.3858,8.11627
45.2364,29.3837,8.11362
45.2562,29.3931,8.12708
45.2396,29.3844,8.111
45.2522,29.3918,8.12622
45.2608,29.3944,8.12813
47.9648,29.4053,8.31692
47.9617,29.3991,8.30979
45.2759,29.3979,8.13046
45.2702,29.3967,8.13045
45.2789,29.3975,8.1231
45.2837,29.3993,8.13064
47.9801,29.4237,8.34166
47.9793,29.4234,8.341
47.9765,29.4214,8.33758
47.978,29.4213,8.33729
47.9731,29.419,8.3339
47.975,29.4204,8.33604
47.9757,29.4186,8.33356
47.9706,29.4171,8.33135
47.9678,29.4155,8.32915
47.9738,29.4163,8.33041
47.9708,29.4132,8.32646
47.9653,29.4121,8.32474
47.969,29.4088,8.32113
47.9552,29.3901,8.29975
47.9303,29.3981,8.30609
47.4881,29.4135,8.25918
47.465,29.4059,8.24377
47.3048,29.4127,8.22108
47.1902,29.3815,8.15926
47.2221,29.4147,8.20734
45.7743,29.3815,8.02455
45.7378,29.4143,8.0783
47.9801,29.4237,8.342
47.9803,29.4237,8.34181
47.9771,29.4202,8.33574
45.2317,29.3815,8.11424
45.233,29.3815,8.11123
45.2385,29.3815,8.10401
45.2352,29.3815,8.10778
45.2565,29.3815,8.09196
45.2491,29.3815,8.09601
47.9602,29.4096,8.3215
47.945,29.3815,8.29002
45.2431,29.3815,8.10005
45.2904,29.3815,8.07948
45.2767,29.3815,8.08375
47.7966,29.4016,8.29468
47.7846,29.3997,8.29087
47.7795,29.3908,8.28042
47.7718,29.3994,8.28869
47.7933,29.3815,8.2728
47.7683,29.3815,8.2693
47.7313,29.4044,8.28875
47.7252,29.3935,8.27533
47.7143,29.4036,8.28521
47.9343,29.3815,8.28909
47.6999,29.409,8.2899
47.6996,29.3963,8.27441
47.6826,29.3815,8.25617
47.7131,29.3815,8.26103
47.7577,29.3982,8.28532
47.7416,29.3815,8.2654
47.8612,29.3815,8.28145
45.3161,29.4006,8.11286
45.3357,29.4016,8.10863
45.2656,29.3815,8.08789
45.3386,29.3931,8.08702
45.3207,29.3935,8.0921
45.3071,29.3815,8.07507
45.3274,29.3815,8.07054
45.3511,29.3815,8.066
45.3609,29.3998,8.09663
47.6502,29.3815,8.25074
47.6154,29.3815,8.24466
45.3785,29.3815,8.06142
45.3956,29.4013,8.09274
45.4345,29.4024,8.08819
47.578,29.3815,8.23787
47.5374,29.3815,8.23022
47.4932,29.3815,8.2216
45.4477,29.3815,8.0519
45.4104,29.3815,8.05675
45.482,29.4015,8.07938
45.4917,29.3815,8.04679
45.5439,29.3815,8.04139
45.5874,29.4126,8.08986
45.6067,29.3815,8.03571
47.2653,29.3815,8.17478
47.0099,29.3815,8.12352
45.6455,29.4123,8.08254
45.6831,29.3815,8.02991
45.8785,29.3815,8.02053
45.9938,29.3815,8.01874
46.1186,29.3815,8.02006
46.2515,29.3815,8.02529
46.389,29.3815,8.03486
46.5268,29.3815,8.04852
46.6598,29.3815,8.06529
46.7863,29.3815,8.0842
46.9034,29.3815,8.10394
47.956,29.3763,8.29229
47.9533,29.3712,8.28688
47.9507,29.3661,8.28152
47.9481,29.361,8.27609
47.9454,29.3558,8.27063
47.9427,29.3506,8.26523
47.9401,29.3455,8.25983
47.9373,29.3401,8.25416
47.9345,29.3348,8.24855
47.9318,29.3295,8.24299
47.9289,29.3239,8.23714
47.926,29.3183,8.23121
47.9231,29.3127,8.22534
47.9202,29.307,8.21935
47.917,29.3009,8.213
47.9139,29.2949,8.20671
47.9109,29.2889,8.20048
47.9075,29.2825,8.19372
47.9042,29.276,8.18693
47.9008,29.2695,8.18019
47.8974,29.2628,8.17318
47.8937,29.2557,8.1658
47.8901,29.2487,8.15848
47.8865,29.2417,8.15121
47.8824,29.2339,8.14314
47.8785,29.2262,8.13514
47.8745,29.2185,8.1272
47.8703,29.2104,8.11872
47.8659,29.2018,8.1099
47.8615,29.1933,8.10114
47.857,29.1847,8.09225
47.8521,29.1752,8.08246
47.8472,29.1657,8.07273
47.8423,29.1562,8.06306
47.8369,29.1458,8.05245
47.8314,29.1351,8.04155
47.8259,29.1245,8.03072
47.8202,29.1134,8.01945
47.8139,29.1012,8.00712
47.8076,29.089,7.99487
47.8013,29.0769,7.9827
47.7941,29.063,7.96878
47.7869,29.0489,7.95471
47.7796,29.0348,7.94074
47.7717,29.0195,7.92557
47.763,29.0027,7.909
47.7543,28.9859,7.89256
47.7456,28.969,7.8761
47.7348,28.9482,7.856
47.7241,28.9275,7.83608
47.7135,28.9068,7.81633
47.7009,28.8825,7.79337
47.6872,28.856,7.7685
47.6736,28.8296,7.74391
47.6593,28.8019,7.71847
47.6422,28.7688,7.68836
47.6251,28.7357,7.65869
47.608,28.7027,7.62945
47.5884,28.6647,7.59639
47.568,28.6252,7.56257
47.5476,28.5858,7.52937
47.5264,28.5448,7.49544
47.5035,28.5004,7.45952
47.4806,28.4561,7.42438
47.4578,28.4119,7.39001
47.4332,28.3643,7.35385
47.4084,28.3163,7.31829
47.3837,28.2684,7.28362
47.3584,28.2196,7.24916
47.3327,28.1698,7.21491
47.307,28.1201,7.18155
47.2814,28.0704,7.14911
47.2561,28.0215,7.11796
47.2308,27.9725,7.08763
47.2055,27.9237,7.05811
47.1816,27.8773,7.03082
47.1584,27.8325,7.00507
47.1353,27.7876,6.97993
47.1128,27.7442,6.95612
47.093,27.7058,6.93557
47.0732,27.6675,6.91546
47.0534,27.6292,6.89577
47.0365,27.5964,6.8792
47.0203,27.5651,6.86369
47.0042,27.5339,6.84846
46.9891,27.5047,6.83445
46.976,27.4793,6.82243
46.9629,27.4539,6.81058
46.9498,27.4286,6.79889
46.9386,27.407,6.78907
46.9276,27.3858,6.77951
46.9167,27.3645,6.77006
46.9064,27.3446,6.76127
46.8967,27.3259,6.75314
46.8871,27.3073,6.7451
46.8775,27.2888,6.73718
46.8687,27.2717,6.72993
46.8599,27.2546,6.72275
46.8511,27.2376,6.71564
46.8426,27.2211,6.70886
46.8343,27.2051,6.70228
46.826,27.1891,6.69577
46.8179,27.1733,6.68942
46.8102,27.1585,6.6835
46.8026,27.1438,6.67763
46.795,27.129,6.67181
46.7881,27.1158,6.66663
46.7815,27.103,6.66164
46.7749,27.0902,6.65669
46.7687,27.0781,6.65207
46.7632,27.0675,6.648
46.7577,27.0569,6.64397
46.7522,27.0463,6.63996
46.7476,27.0373,6.63657
46.743,27.0284,6.63324
46.7384,27.0195,6.62993
46.7341,27.0112,6.62683
46.73,27.0033,6.62392
46.726,26.9955,6.62102
46.722,26.9877,6.61816
46.7182,26.9805,6.6155
46.7145,26.9732,6.61286
46.7107,26.966,6.61023
46.7071,26.959,6.60771
46.7036,26.9522,6.60524
46.7001,26.9454,6.60278
46.6966,26.9386,6.60036
46.6932,26.9321,6.59803
46.6899,26.9256,6.59571
46.6865,26.9191,6.5934
46.6833,26.9128,6.59117
46.68,26.9066,6.58896
46.6768,26.9004,6.58677
46.6736,26.8942,6.58461
46.6705,26.8882,6.5825
46.6674,26.8822,6.5804
46.6643,26.8762,6.57831
46.6613,26.8703,6.57627
46.6583,26.8645,6.57425
46.6553,26.8587,6.57224
46.6523,26.8529,6.57025
46.6494,26.8472,6.56829
46.6464,26.8416,6.56635
46.6435,26.8359,6.56441
46.6406,26.8303,6.56249
46.6377,26.8247,6.56059
46.6348,26.8191,6.55869
46.632,26.8136,6.55681
46.6291,26.808,6.55494
46.6263,26.8025,6.55308
46.6234,26.797,6.55123
46.6206,26.7916,6.5494
46.6178,26.7861,6.54758
46.615,26.7807,6.54577
46.6122,26.7754,6.54401
46.6095,26.7701,6.54226
46.6068,26.7649,6.54051
46.6041,26.7597,6.5388
46.6015,26.7546,6.53713
46.5989,26.7496,6.53547
46.5963,26.7445,6.53382
46.5938,26.7397,6.53223
46.5913,26.7349,6.53066
46.5888,26.7301,6.52909
46.5864,26.7254,6.52755
46.584,26.7207,6.52604
46.5816,26.7161,6.52453
46.5792,26.7114,6.52302
46.5767,26.7067,6.5215
46.5743,26.702,6.51998
46.5719,26.6973,6.51847
46.5693,26.6923,6.51687
46.5667,26.6872,6.51523
46.564,26.6821,6.51359
46.5613,26.6767,6.51189
46.5582,26.6708,6.51002
46.5552,26.6649,6.50815
46.5521,26.6591,6.50629
46.5486,26.6523,6.50416
46.5451,26.6454,6.50198
46.5415,26.6385,6.49982
46.5378,26.6313,6.49755
46.5338,26.6235,6.49514
46.5298,26.6158,6.49274
46.5258,26.6081,6.49034
46.5216,26.5999,6.48781
46.5173,26.5917,6.48529
46.5131,26.5835,6.48278
46.5088,26.5752,6.48023
46.5044,26.5667,6.47766
46.5,26.5583,6.47509
46.4957,26.5498,6.47252
46.4911,26.5409,6.46984
46.4865,26.532,6.46716
46.4819,26.5231,6.4645
46.4768,26.5133,6.46158
46.4715,26.5031,6.45856
46.4663,26.4929,6.45556
46.4607,26.4821,6.45235
46.4541,26.4694,6.44864
46.4476,26.4567,6.44495
46.441,26.4441,6.44128
46.4328,26.4282,6.4367
46.4244,26.4118,6.43201
46.4159,26.3954,6.42736
46.4065,26.3773,6.42226
46.396,26.357,6.41658
46.3855,26.3367,6.41096
46.375,26.3163,6.40538
46.3631,26.2933,6.39915
46.3513,26.2704,6.39299
46.3394,26.2474,6.38689
46.3276,26.2245,6.38086
46.3157,26.2016,6.3749
46.3039,26.1787,6.369
46.2923,26.1562,6.36324
46.2816,26.1355,6.358
46.2709,26.1147,6.3528
46.2601,26.094,6.34765
46.2507,26.0757,6.34312
46.2416,26.0582,6.33884
46.2326,26.0407,6.33459
46.224,26.0241,6.33059
46.2166,26.0097,6.32711
46.2091,25.9952,6.32366
46.2016,25.9807,6.32021
46.195,25.968,6.31721
46.1886,25.9555,6.31428
46.1821,25.943,6.31135
46.1759,25.931,6.30855
46.17,25.9196,6.3059
46.1641,25.9081,6.30325
46.1582,25.8966,6.30062
46.1523,25.8853,6.29803
46.1465,25.874,6.29545
46.1406,25.8627,6.29287
46.1346,25.851,6.29023
46.1284,25.8391,6.28755
46.1223,25.8272,6.28487
46.116,25.815,6.28214
46.1091,25.8017,6.27918
46.1022,25.7883,6.27622
46.0953,25.775,6.27328
46.0877,25.7602,6.27003
46.0798,25.7449,6.2667
46.0719,25.7296,6.26337
46.0636,25.7136,6.2599
46.0545,25.696,6.25612
46.0454,25.6784,6.25235
46.0363,25.6607,6.2486
46.0259,25.6406,6.24434
46.0153,25.6201,6.24004
46.0047,25.5997,6.23576
45.9932,25.5774,6.23114
45.9807,25.5532,6.22613
45.9682,25.5289,6.22116
45.9555,25.5044,6.21616
45.9405,25.4754,6.2103
45.9256,25.4465,6.20448
45.9106,25.4175,6.1987
45.894,25.3854,6.19235
45.8765,25.3514,6.18568
45.8589,25.3174,6.17905
45.8409,25.2826,6.1723
45.821,25.2441,6.16492
45.8011,25.2057,6.15758
45.7813,25.1672,6.15029
45.7597,25.1255,6.14245
45.7377,25.0828,6.13448
45.7156,25.0402,6.12656
45.693,24.9964,6.11849
45.6694,24.9507,6.1101
45.6458,24.905,6.10178
45.6222,24.8593,6.09352
45.5976,24.8118,6.08501
45.573,24.7642,6.07653
45.5484,24.7165,6.06811
45.5235,24.6684,6.05966
45.4984,24.6197,6.05119
45.4733,24.5711,6.04278
45.4481,24.5224,6.0344
45.4227,24.4733,6.02603
45.3974,24.4242,6.0177
45.372,24.3751,6.00941
45.3467,24.3261,6.0012
45.3214,24.2772,5.99305
45.2961,24.2282,5.98495
45.2708,24.1792,5.97687
45.2454,24.13,5.96882
45.22,24.0809,5.96081
45.1945,24.0317,5.95284
45.1691,23.9824,5.94489
45.1436,23.933,5.93698
45.1181,23.8837,5.92912
45.0926,23.8342,5.92126
45.0668,23.7844,5.91339
45.0411,23.7346,5.90556
45.0153,23.6848,5.89778
44.9895,23.6347,5.88998
44.9636,23.5846,5.88222
44.9377,23.5345,5.87449
44.9117,23.4841,5.86676
44.8855,23.4335,5.85903
44.8594,23.3829,5.85134
44.8332,23.3323,5.84367
44.8069,23.2814,5.836
44.7806,23.2305,5.82836
44.7544,23.1796,5.82075
44.728,23.1286,5.81316
44.7017,23.0776,5.80559
44.6753,23.0266,5.79806
44.649,22.9755,5.79056
44.6226,22.9245,5.78308
44.5962,22.8734,5.77563
44.5698,22.8224,5.76822
44.5435,22.7713,5.76083
44.5171,22.7203,5.75348
44.4908,22.6693,5.74616
44.4644,22.6183,5.73887
44.4381,22.5673,5.73162
44.4118,22.5164,5.72439
44.3855,22.4654,5.7172
44.3592,22.4145,5.71003
44.3329,22.3636,5.7029
44.3066,22.3127,5.6958
44.2803,22.2618,5.68872
44.254,22.2109,5.68168
44.2277,22.16,5.67466
44.2014,22.1091,5.66767
44.1751,22.0582,5.66072
44.1488,22.0073,5.65379
44.1226,21.9564,5.64689
44.0963,21.9056,5.64002
44.07,21.8547,5.63317
44.0437,21.8038,5.62636
44.0174,21.753,5.61957
43.9912,21.7021,5.61281
43.9649,21.6512,5.60607
43.9386,21.6004,5.59937
43.9124,21.5496,5.59268
43.8861,21.4987,5.58603
43.8598,21.4479,5.5794
43.8336,21.397,5.57279
43.8073,21.3462,5.56621
43.7811,21.2954,5.55966
43.7548,21.2446,5.55313
43.7285,21.1937,5.54662
43.7023,21.1429,5.54014
43.676,21.0921,5.53368
43.6498,21.0413,5.52724
43.6235,20.9905,5.52083
43.5973,20.9397,5.51444
43.571,20.8889,5.50807
43.5448,20.8381,5.50173
43.5185,20.7872,5.49541
43.4923,20.7365,5.48911
43.466,20.6857,5.48283
43.4398,20.6349,5.47657
43.4135,20.5841,5.47033
43.3873,20.5333,5.46412
43.361,20.4825,5.45792
43.3348,20.4317,5.45175
43.3085,20.3809,5.4456
43.2823,20.3301,5.43947
43.256,20.2793,5.43336
43.2298,20.2285,5.42727
43.2036,20.1778,5.4212
43.1773,20.127,5.41515
43.1511,20.0762,5.40912
43.1248,20.0254,5.40312
43.0986,19.9746,5.39713
43.0723,19.9238,5.39116
43.0461,19.8731,5.38521
43.0198,19.8223,5.37928
42.9936,19.7715,5.37336
42.9674,19.7207,5.36747
42.9411,19.6699,5.3616
42.9149,19.6191,5.35574
42.8886,19.5684,5.3499
42.8624,19.5176,5.34408
42.8361,19.4668,5.33828
42.8099,19.416,5.3325
42.7836,19.3652,5.32673
42.7574,19.3144,5.32098
42.7311,19.2636,5.31525
42.7049,19.2128,5.30953
42.6787,19.162,5.30384
42.6524,19.1112,5.29815
42.6262,19.0605,5.29249
42.5999,19.0097,5.28684
42.5737,18.9589,5.28121
42.5474,18.9081,5.2756
42.5212,18.8572,5.27
42.4949,18.8064,5.26442
42.4686,18.7556,5.25885
42.4424,18.7048,5.2533
47.9564,29.3763,8.28571
47.9538,29.3712,8.28029
47.9511,29.3661,8.27493
47.9485,29.361,8.26951
47.9458,29.3558,8.26405
47.9432,29.3506,8.25864
47.9405,29.3455,8.25324
47.9377,29.3401,8.24757
47.935,29.3348,8.24196
47.9322,29.3295,8.23641
47.9294,29.3239,8.23056
47.9264,29.3183,8.22462
47.9235,29.3127,8.21875
47.9206,29.307,8.21276
47.9175,29.3009,8.20642
47.9144,29.2949,8.20013
47.9113,29.2889,8.19389
47.9079,29.2825,8.18714
47.9046,29.276,8.18034
47.9013,29.2695,8.17361
47.8978,29.2628,8.1666
47.8941,29.2557,8.15922
47.8905,29.2487,8.1519
47.8869,29.2417,8.14462
47.8829,29.2339,8.13656
47.8789,29.2262,8.12856
47.8749,29.2186,8.12061
47.8707,29.2104,8.11214
47.8663,29.2018,8.10332
47.8619,29.1933,8.09456
47.8574,29.1847,8.08567
47.8525,29.1752,8.07588
47.8476,29.1657,8.06615
47.8427,29.1562,8.05648
47.8374,29.1458,8.04587
47.8318,29.1351,8.03497
47.8263,29.1245,8.02415
47.8206,29.1134,8.01287
47.8143,29.1012,8.00054
47.808,29.089,7.9883
47.8017,29.0769,7.97613
47.7946,29.063,7.9622
47.7873,29.0489,7.94813
47.78,29.0348,7.93416
47.7721,29.0195,7.91899
47.7634,29.0027,7.90243
47.7547,28.9859,7.88599
47.746,28.969,7.86953
47.7353,28.9482,7.84943
47.7245,28.9275,7.82951
47.7139,28.9068,7.80976
47.7013,28.8826,7.7868
47.6876,28.856,7.76193
47.674,28.8296,7.73734
47.6597,28.8019,7.7119
47.6426,28.7688,7.68179
47.6255,28.7357,7.65212
47.6084,28.7027,7.62289
47.5888,28.6647,7.58983
47.5684,28.6252,7.55601
47.548,28.5858,7.5228
47.5268,28.5448,7.48888
47.5039,28.5004,7.45296
47.481,28.4561,7.41782
47.4582,28.4119,7.38345
47.4336,28.3643,7.34729
47.4088,28.3163,7.31174
47.384,28.2684,7.27707
47.3588,28.2196,7.24261
47.3331,28.1698,7.20836
47.3074,28.1201,7.175
47.2817,28.0704,7.14255
47.2564,28.0215,7.11141
47.2312,27.9725,7.08109
47.2059,27.9237,7.05156
47.182,27.8773,7.02428
47.1588,27.8325,6.99852
47.1356,27.7877,6.97339
47.1132,27.7442,6.94957
47.0934,27.7058,6.92902
47.0736,27.6675,6.90891
47.0538,27.6292,6.88923
47.0368,27.5964,6.87265
47.0207,27.5651,6.85715
47.0045,27.5339,6.84191
46.9894,27.5047,6.8279
46.9763,27.4793,6.81588
46.9632,27.4539,6.80403
46.9501,27.4286,6.79235
46.9389,27.407,6.78252
46.928,27.3858,6.77296
46.917,27.3645,6.76351
46.9067,27.3446,6.75472
46.8971,27.326,6.74659
46.8874,27.3073,6.73855
46.8779,27.2888,6.73063
46.869,27.2717,6.72338
46.8602,27.2546,6.7162
46.8514,27.2376,6.70909
46.8429,27.2212,6.70231
46.8346,27.2051,6.69573
46.8263,27.1891,6.68922
46.8182,27.1734,6.68287
46.8106,27.1586,6.67695
46.8029,27.1438,6.67108
46.7953,27.129,6.66526
46.7885,27.1158,6.66008
46.7818,27.103,6.65509
46.7752,27.0902,6.65013
46.769,27.0782,6.64552
46.7635,27.0675,6.64145
46.758,27.0569,6.63742
46.7526,27.0463,6.63341
46.7479,27.0373,6.63002
46.7433,27.0284,6.62669
46.7387,27.0196,6.62338
46.7344,27.0112,6.62028
46.7304,27.0034,6.61736
46.7263,26.9955,6.61447
46.7223,26.9877,6.61161
46.7185,26.9805,6.60895
46.7148,26.9732,6.60631
46.7111,26.966,6.60368
46.7075,26.959,6.60116
46.7039,26.9522,6.59869
46.7004,26.9454,6.59623
46.6969,26.9386,6.59381
46.6935,26.9321,6.59148
46.6902,26.9256,6.58916
46.6868,26.9191,6.58685
46.6836,26.9128,6.58462
46.6804,26.9066,6.58241
46.6771,26.9004,6.58022
46.674,26.8942,6.57806
46.6709,26.8882,6.57595
46.6678,26.8822,6.57385
46.6647,26.8762,6.57176
46.6616,26.8704,6.56972
46.6586,26.8645,6.5677
46.6556,26.8587,6.56568
46.6526,26.8529,6.5637
46.6497,26.8473,6.56174
46.6468,26.8416,6.55979
46.6438,26.8359,6.55786
46.6409,26.8303,6.55594
46.638,26.8247,6.55404
46.6352,26.8191,6.55214
46.6323,26.8136,6.55026
46.6294,26.808,6.54839
46.6266,26.8025,6.54653
46.6237,26.797,6.54468
46.6209,26.7916,6.54285
46.6181,26.7861,6.54103
46.6153,26.7807,6.53922
46.6126,26.7754,6.53746
46.6098,26.7701,6.5357
46.6071,26.7649,6.53396
46.6044,26.7597,6.53225
46.6018,26.7546,6.53058
46.5992,26.7496,6.52892
46.5966,26.7446,6.52727
46.5941,26.7397,6.52568
46.5916,26.7349,6.52411
46.5891,26.7301,6.52254
46.5867,26.7254,6.521
46.5843,26.7207,6.51949
46.5819,26.7161,6.51798
46.5795,26.7114,6.51647
46.5771,26.7067,6.51495
46.5746,26.702,6.51343
46.5722,26.6973,6.51192
46.5696,26.6923,6.51032
46.567,26.6872,6.50868
46.5643,26.6821,6.50704
46.5616,26.6767,6.50534
46.5585,26.6709,6.50347
46.5555,26.665,6.5016
46.5524,26.6591,6.49974
46.549,26.6523,6.49761
46.5454,26.6454,6.49543
46.5418,26.6385,6.49327
46.5381,26.6313,6.491
46.5341,26.6235,6.48859
46.5301,26.6158,6.48619
46.5261,26.6081,6.4838
46.5219,26.5999,6.48126
46.5176,26.5917,6.47874
46.5134,26.5835,6.47623
46.5091,26.5752,6.47368
46.5047,26.5667,6.47111
46.5004,26.5583,6.46854
46.496,26.5498,6.46597
46.4914,26.5409,6.46329
46.4868,26.532,6.46062
46.4822,26.5231,6.45795
46.4771,26.5133,6.45503
46.4718,26.5031,6.45202
46.4666,26.493,6.44901
46.461,26.4821,6.44581
46.4544,26.4694,6.4421
46.4479,26.4568,6.43841
46.4413,26.4441,6.43473
46.4331,26.4282,6.43016
46.4247,26.4118,6.42547
46.4162,26.3955,6.42082
46.4068,26.3773,6.41571
46.3963,26.357,6.41004
46.3858,26.3367,6.40442
46.3753,26.3163,6.39884
46.3634,26.2933,6.39261
46.3516,26.2704,6.38645
46.3397,26.2474,6.38035
46.3279,26.2245,6.37432
46.316,26.2016,6.36836
46.3042,26.1787,6.36246
46.2926,26.1562,6.3567
46.2819,26.1355,6.35146
46.2711,26.1147,6.34626
46.2604,26.094,6.34111
46.251,26.0757,6.33658
46.2419,26.0582,6.3323
46.2329,26.0407,6.32805
46.2243,26.0242,6.32405
46.2169,26.0097,6.32058
46.2094,25.9952,6.31712
46.2019,25.9807,6.31368
46.1953,25.968,6.31067
46.1889,25.9555,6.30774
46.1824,25.943,6.30481
46.1762,25.931,6.30202
46.1703,25.9196,6.29936
46.1644,25.9081,6.29672
46.1584,25.8967,6.29408
46.1526,25.8854,6.29149
46.1468,25.874,6.28891
46.1409,25.8627,6.28634
46.1349,25.851,6.28369
46.1287,25.8391,6.28101
46.1225,25.8272,6.27833
46.1163,25.815,6.27561
46.1094,25.8017,6.27264
46.1025,25.7883,6.26969
46.0956,25.775,6.26674
46.0879,25.7602,6.26349
46.08,25.7449,6.26016
46.0721,25.7296,6.25683
46.0638,25.7136,6.25336
46.0548,25.696,6.24958
46.0457,25.6784,6.24581
46.0366,25.6608,6.24206
46.0261,25.6406,6.2378
46.0156,25.6202,6.2335
46.005,25.5997,6.22922
45.9935,25.5774,6.2246
45.981,25.5532,6.21959
45.9684,25.5289,6.21462
45.9558,25.5044,6.20962
45.9408,25.4755,6.20376
45.9258,25.4465,6.19794
45.9109,25.4175,6.19216
45.8943,25.3854,6.18581
45.8767,25.3514,6.17914
45.8592,25.3175,6.17251
45.8412,25.2826,6.16576
45.8213,25.2442,6.15837
45.8014,25.2057,6.15104
45.7815,25.1672,6.14375
45.76,25.1255,6.13591
45.738,25.0829,6.12794
45.7159,25.0402,6.12001
45.6933,24.9965,6.11194
45.6697,24.9508,6.10356
45.6461,24.905,6.09524
45.6224,24.8593,6.08697
45.5979,24.8118,6.07846
45.5733,24.7642,6.06999
45.5487,24.7165,6.06157
45.5238,24.6684,6.05312
45.4987,24.6198,6.04465
45.4735,24.5711,6.03623
45.4484,24.5224,6.02786
45.423,24.4733,6.01948
45.3976,24.4242,6.01115
45.3722,24.3751,6.00287
45.3469,24.3261,5.99466
45.3217,24.2772,5.98651
45.2964,24.2282,5.97841
45.271,24.1792,5.97033
45.2456,24.13,5.96228
45.2202,24.0809,5.95427
45.1948,24.0317,5.9463
45.1693,23.9824,5.93835
45.1438,23.9331,5.93044
45.1184,23.8837,5.92258
45.0928,23.8343,5.91472
45.067,23.7844,5.90685
45.0413,23.7346,5.89903
45.0156,23.6848,5.89124
44.9897,23.6347,5.88344
44.9638,23.5846,5.87568
44.9379,23.5345,5.86795
44.9119,23.4841,5.86023
44.8857,23.4335,5.85249
44.8596,23.3829,5.8448
44.8335,23.3323,5.83713
44.8072,23.2814,5.82946
44.7809,23.2305,5.82182
44.7546,23.1796,5.81421
44.7283,23.1286,5.80662
44.7019,23.0776,5.79906
44.6755,23.0266,5.79152
44.6492,22.9755,5.78402
44.6228,22.9245,5.77654
44.5964,22.8734,5.7691
44.5701,22.8224,5.76168
44.5437,22.7713,5.7543
44.5174,22.7203,5.74695
44.491,22.6693,5.73963
44.4647,22.6183,5.73234
44.4383,22.5673,5.72508
44.412,22.5164,5.71786
44.3857,22.4654,5.71066
44.3594,22.4145,5.7035
44.3331,22.3636,5.69636
44.3068,22.3127,5.68926
44.2805,22.2618,5.68218
44.2542,22.2109,5.67514
44.2279,22.16,5.66812
44.2016,22.1091,5.66114
44.1753,22.0582,5.65418
44.149,22.0073,5.64725
44.1228,21.9564,5.64035
44.0965,21.9056,5.63348
44.0702,21.8547,5.62663
44.0439,21.8038,5.61981
44.0177,21.753,5.61303
43.9914,21.7021,5.60626
43.9651,21.6512,5.59953
43.9388,21.6004,5.59282
43.9126,21.5496,5.58614
43.8863,21.4987,5.57948
43.86,21.4479,5.57285
43.8338,21.397,5.56625
43.8075,21.3462,5.55966
43.7812,21.2954,5.55311
43.755,21.2446,5.54658
43.7287,21.1937,5.54007
43.7025,21.1429,5.53359
43.6762,21.0921,5.52713
43.65,21.0413,5.52069
43.6237,20.9905,5.51428
43.5975,20.9397,5.50789
43.5712,20.8889,5.50152
43.5449,20.838,5.49518
43.5187,20.7872,5.48885
43.4924,20.7364,5.48255
43.4662,20.6856,5.47627
43.4399,20.6348,5.47002
43.4137,20.5841,5.46378
43.3875,20.5333,5.45756
43.3612,20.4825,5.45137
43.335,20.4317,5.4452
43.3087,20.3809,5.43905
43.2825,20.3301,5.43292
43.2562,20.2793,5.42681
43.23,20.2285,5.42072
43.2037,20.1777,5.41465
43.1775,20.127,5.4086
43.1512,20.0762,5.40257
43.125,20.0254,5.39657
43.0988,19.9746,5.39058
43.0725,19.9238,5.38461
43.0463,19.873,5.37866
43.02,19.8223,5.37273
42.9938,19.7715,5.36682
42.9675,19.7207,5.36092
42.9413,19.6699,5.35505
42.915,19.6191,5.34919
42.8888,19.5683,5.34336
42.8625,19.5176,5.33754
42.8363,19.4668,5.33173
42.8101,19.416,5.32595
42.7838,19.3652,5.32018
42.7576,19.3144,5.31444
42.7313,19.2636,5.3087
42.7051,19.2128,5.30299
42.6788,19.162,5.29729
42.6526,19.1112,5.29161
42.6263,19.0604,5.28594
42.6001,19.0096,5.2803
42.5738,18.9588,5.27467
42.5476,18.908,5.26905
42.5213,18.8572,5.26345
42.4951,18.8064,5.25787
42.4688,18.7556,5.25231
42.4425,18.7048,5.24676
45.1821,29.3074,8.02636
45.1627,29.2816,7.99936
45.158,29.2836,8.00979
41.6508,24.4928,5.81074
41.6079,24.5225,5.83066
41.7216,24.6726,5.85674
40.9868,23.2973,5.58857
41.1142,23.2042,5.56028
40.995,23.0425,5.53565
42.68,25.7565,6.04343
42.6255,25.795,6.06439
42.7241,25.9279,6.0952
40.3749,22.4756,5.46661
40.5067,22.3791,5.43775
40.3807,22.2077,5.41319
43.9619,27.2138,6.46353
43.8887,27.1046,6.41951
43.8028,27.1666,6.45317
42.098,25.0869,5.91801
42.1571,25.0451,5.89673
42.0475,24.8978,5.86912
40.0241,22.2006,5.44325
39.9567,22.2488,5.46614
40.0868,22.4212,5.49039
41.3677,23.9905,5.71248
41.3052,24.035,5.7342
41.4212,24.1886,5.7594
45.1459,29.2424,7.94941
45.1602,29.2334,7.93087
45.1266,29.1877,7.8835
42.5573,25.4222,5.95905
42.4775,25.4794,5.98321
42.5801,25.6196,6.01311
44.9338,28.8747,7.56414
44.9695,28.8499,7.53196
44.9241,28.7843,7.47147
43.9976,27.6476,6.69161
44.0366,27.6205,6.66806
43.9659,27.522,6.61929
45.0628,28.8792,7.55058
45.0199,28.8142,7.4901
44.2631,28.01,6.89723
44.2981,27.9858,6.87289
44.2359,27.8989,6.82049
44.8299,28.6479,7.35089
44.7911,28.675,7.38313
44.8399,28.7433,7.44334
45.0978,29.2044,7.9276
45.1322,29.2496,7.97432
45.1369,29.2475,7.96372
45.0435,29.0749,7.76857
45.0664,29.0596,7.74402
45.0233,28.9996,7.68445
45.2034,29.3433,8.07225
45.0711,29.1423,7.84621
45.0861,29.1328,7.82721
44.8618,28.8272,7.52896
44.8875,28.8098,7.50373
45.0565,29.15,7.872
45.1027,29.2022,7.9168
45.1923,29.3287,8.05693
45.1776,29.3093,8.03664
44.827,28.8479,7.57719
44.7775,28.7828,7.51749
44.8331,28.845,7.56493
44.9223,28.9734,7.69629
44.8753,28.9115,7.63684
44.7267,28.716,7.45788
44.2763,28.123,7.00257
44.2139,28.0407,6.94961
44.9682,29.0339,7.75542
41.0967,23.9414,5.77016
43.942,27.6828,6.74467
45.2117,29.3543,8.0838
45.218,29.3626,8.0925
39.7267,22.1411,5.50737
39.8587,22.3146,5.53106
39.9895,22.4865,5.55483
40.1183,22.6557,5.57855
40.2447,22.8218,5.60213
40.3696,22.986,5.62575
40.4935,23.1488,5.64948
40.6168,23.3108,5.67344
40.7384,23.4707,5.69741
40.8588,23.6288,5.72148
40.9783,23.7858,5.74573
41.2139,24.0954,5.79473
41.3305,24.2485,5.81959
41.4463,24.4007,5.84477
41.5613,24.5518,5.87027
41.6754,24.7017,5.89612
41.7884,24.8502,5.92233
41.9005,24.9974,5.949
42.0117,25.1436,5.97618
42.122,25.2886,6.00393
42.2311,25.4321,6.0323
42.3384,25.5733,6.06122
42.4436,25.7116,6.09063
42.5462,25.8466,6.1205
42.6464,25.9784,6.15092
42.7444,26.1073,6.18203
42.8405,26.2337,6.21396
42.9349,26.3579,6.24688
43.0279,26.4801,6.28096
43.1195,26.6005,6.31627
43.2098,26.7192,6.35291
43.2986,26.836,6.39095
43.3858,26.9507,6.4304
43.4712,27.063,6.47123
43.5547,27.1729,6.51344
43.6362,27.2801,6.55702
43.7157,27.3848,6.60198
43.7932,27.4869,6.64829
43.8686,27.5862,6.69587
44.0133,27.7766,6.79458
44.0823,27.8676,6.84547
44.1492,27.9556,6.89719
44.3368,28.2027,7.05615
44.3959,28.2805,7.11069
44.454,28.357,7.16647
44.511,28.432,7.22333
44.5669,28.5055,7.28108
44.6214,28.5773,7.33953
44.6747,28.6475,7.39851
45.013,29.0927,7.81406
45.1119,29.1969,7.90227
39.6134,21.9551,5.46149
39.594,21.9668,5.48389
39.7459,22.1295,5.48516
40.7567,23.4598,5.67645
41.1147,23.9309,5.74961
40.9963,23.7751,5.72504
41.5788,24.5416,5.85025
41.4639,24.3904,5.82461
42.0286,25.1338,5.95673
41.9176,24.9875,5.9294
42.1386,25.279,5.98463
42.9492,26.3499,6.22918
42.855,26.2256,6.19604
43.0419,26.4723,6.26349
43.1333,26.5928,6.29901
43.3119,26.8286,6.37405
43.4839,27.056,6.45466
43.6482,27.2735,6.5408
43.7273,27.3784,6.58594
43.8796,27.5803,6.68019
43.9526,27.6772,6.72918
44.0922,27.8624,6.83036
44.0234,27.7712,6.77928
44.1587,27.9506,6.88228
44.3454,28.1983,7.04183
44.4042,28.2763,7.09658
44.462,28.3529,7.15257
44.5743,28.5018,7.26761
44.6286,28.5738,7.32629
44.5875,28.4938,7.2508
44.6816,28.6441,7.38551
44.7334,28.7128,7.44512
44.7453,28.7056,7.42878
44.694,28.6367,7.369
44.8812,28.9087,7.62483
44.928,28.9708,7.68454
45.0183,29.0903,7.80281
44.9737,29.0313,7.74392
45.1968,29.3268,8.04678
45.2161,29.3524,8.0738
45.2078,29.3414,8.06219
39.4806,21.7802,5.43806
40.0084,22.4751,5.53297
39.8778,22.3031,5.50903
40.1371,22.6444,5.55685
40.2634,22.8106,5.58059
40.3882,22.9749,5.60437
40.5119,23.1377,5.62824
40.6352,23.2999,5.65235
40.877,23.618,5.70065
41.2318,24.0849,5.77431
41.3482,24.2381,5.7993
41.6928,24.6915,5.87623
41.8057,24.8401,5.90259
42.3545,25.5641,6.04225
42.2475,25.4227,6.01316
42.4593,25.7027,6.07186
42.5615,25.8379,6.10193
42.6614,25.9699,6.13257
42.7591,26.0991,6.16389
43.2233,26.7116,6.33584
43.3988,26.9435,6.41367
43.567,27.166,6.49704
43.8045,27.4807,6.63242
44.2852,28.1184,6.98806
44.223,28.036,6.9349
44.4977,28.3301,7.11503
44.4761,28.3443,7.13552
44.5324,28.4199,7.19271
44.7839,28.7797,7.50498
45.0616,29.1478,7.86098
45.2052,29.3221,8.03297
39.5131,21.7583,5.41615
39.6457,21.9334,5.43976
39.7779,22.108,5.4636
39.9096,22.2818,5.48764
40.04,22.4539,5.51174
40.1684,22.6234,5.53577
40.2945,22.7898,5.55966
40.4191,22.9543,5.58357
40.5427,23.1173,5.60758
40.6657,23.2796,5.63182
40.7871,23.4397,5.65605
40.9071,23.598,5.68038
41.1445,23.9111,5.72957
41.0263,23.7552,5.70489
41.2614,24.0653,5.75439
41.4932,24.3711,5.80491
41.3776,24.2187,5.77949
41.8343,24.8214,5.88321
41.8765,24.7922,5.86346
41.9459,24.9689,5.91013
42.0566,25.1154,5.93759
42.1663,25.2609,5.96563
42.2747,25.4048,5.99429
42.3813,25.5466,6.02352
42.5873,25.8211,6.08345
42.4856,25.6856,6.05325
42.6867,25.9536,6.11419
42.7839,26.0831,6.14561
42.973,26.3346,6.21103
42.8793,26.21,6.17783
43.0654,26.4572,6.24539
43.1564,26.5781,6.28098
43.246,26.6971,6.31787
43.3341,26.8144,6.35613
43.4206,26.9296,6.3958
43.5052,27.0424,6.43684
43.6684,27.2607,6.52307
43.8236,27.4686,6.61479
43.8522,27.4494,6.59489
43.7764,27.3462,6.54842
43.747,27.366,6.56826
43.8981,27.5686,6.6626
43.9706,27.6658,6.71164
44.1051,27.7162,6.71794
44.0672,27.7426,6.74169
44.1347,27.8346,6.79274
44.0409,27.7602,6.76178
44.1091,27.8518,6.8129
44.239,28.0261,6.91754
44.1751,27.9404,6.86487
44.3006,28.1088,6.97076
44.4187,28.2674,7.07944
44.3604,28.189,7.02461
44.5187,28.4281,7.20964
44.6414,28.5661,7.30962
44.7954,28.7729,7.48883
44.892,28.9024,7.60912
44.8443,28.8384,7.54899
44.9385,28.9647,7.66905
45.028,29.0847,7.7878
45.1715,29.2767,7.98525
45.1907,29.3026,8.01242
45.2161,29.3368,8.04848
41.7642,24.6432,5.83691
43.5878,27.1528,6.47927
44.9838,29.0255,7.72867
39.4281,21.5475,5.37049
39.4977,21.4975,5.347
39.3653,21.3204,5.32349
39.5614,21.7244,5.39417
39.6935,21.8998,5.41794
39.8254,22.0747,5.44195
40.2149,22.591,5.51455
40.3406,22.7576,5.53857
40.465,22.9224,5.56262
40.5304,22.8756,5.54023
40.5882,23.0856,5.58675
40.7756,23.2021,5.58893
40.8668,23.1362,5.56403
40.745,22.9728,5.53947
40.711,23.2481,5.6111
40.832,23.4084,5.63545
40.9518,23.567,5.65989
41.0707,23.7244,5.6845
41.1341,23.6794,5.66261
41.0156,23.5216,5.63791
41.1886,23.8806,5.70929
41.2516,23.8358,5.68749
41.5364,24.3412,5.78491
42.2072,25.2327,5.94616
42.315,25.3771,5.97493
42.4209,25.5194,6.00427
42.5245,25.6588,6.03411
42.8206,26.0579,6.12663
43.1001,26.4335,6.22619
43.0084,26.3104,6.19195
42.9153,26.1853,6.15882
42.9669,26.1491,6.13774
43.1905,26.5548,6.26167
43.2795,26.6743,6.29845
43.4528,26.9077,6.37622
43.367,26.792,6.33663
43.6187,27.132,6.45955
43.5367,27.021,6.41719
43.582,26.9893,6.3948
43.4991,26.8753,6.35401
43.6985,27.2403,6.50329
43.8933,27.4207,6.57174
43.8185,27.3167,6.52545
43.9259,27.5499,6.64264
44.2,27.9238,6.84463
44.3241,28.0932,6.95039
44.4409,28.2527,7.05897
44.3832,28.1739,7.00419
44.6611,28.5532,7.28917
44.6078,28.4805,7.23032
44.5533,28.4061,7.17221
44.7131,28.6242,7.34861
44.7639,28.6936,7.40849
44.8135,28.7612,7.46866
44.9089,28.8915,7.58925
44.9549,28.9542,7.64939
44.9997,29.0154,7.70922
45.1084,29.118,7.80288
45.1854,29.2679,7.96692
41.9877,24.9401,5.89045
42.8731,26.021,6.10563
43.2395,26.5205,6.24006
43.7417,27.2101,6.48052
45.1483,29.1733,7.8594
45.2063,29.2541,7.94332
45.1814,29.2193,7.90702
45.2045,29.294,7.99428
39.6304,21.6748,5.37084
39.7278,21.604,5.34482
39.762,21.8507,5.39477
39.8933,22.026,5.41892
40.2812,22.5435,5.49193
40.4065,22.7105,5.51607
40.8962,23.3627,5.61338
41.3404,23.7718,5.66292
41.712,24.4494,5.78924
41.7985,24.3872,5.7649
41.6851,24.2348,5.73896
41.5981,24.2974,5.76334
41.825,24.6001,5.81547
41.9107,24.5384,5.79116
41.9368,24.7495,5.84207
42.1317,24.8372,5.84485
42.0218,24.6884,5.81778
42.2656,25.1914,5.92495
42.3726,25.3365,5.9538
42.757,25.7014,6.01925
42.7776,25.8902,6.07424
43.1499,26.3985,6.20479
43.0591,26.2748,6.17074
43.3276,26.6406,6.27665
43.4142,26.7589,6.31462
43.6629,27.101,6.43697
44.3581,28.0697,6.92586
44.4163,28.151,6.97948
44.5188,28.1981,7.00306
44.4632,28.1178,6.94875
44.529,28.3085,7.09
44.6375,28.4601,7.20505
44.5838,28.3851,7.14705
44.6899,28.5335,7.26384
44.7411,28.6051,7.32324
44.9791,28.9379,7.62443
45.0992,29.0369,7.71232
45.057,28.9762,7.65255
39.9891,21.9564,5.3932
39.8585,21.7804,5.3689
40.1536,22.3734,5.46764
40.4996,22.6432,5.49087
40.6304,22.5474,5.46214
40.6228,22.8087,5.51513
40.6532,23.0392,5.56447
41.4833,24.1445,5.73776
44.1716,27.809,6.76879
44.4731,28.2305,7.0341
44.731,28.5047,7.23182
44.6797,28.4305,7.17322
45.0138,28.9139,7.59237
39.4644,21.2482,5.29714
40.1191,22.1315,5.41767
40.2529,22.0335,5.38853
40.1239,21.8575,5.36391
41.1056,23.4566,5.61318
41.2235,23.6148,5.63797
41.5709,24.0813,5.71332
42.5678,25.1953,5.90164
42.4637,25.0482,5.87281
42.3479,25.1323,5.90074
42.4537,25.2782,5.92962
42.9592,25.7592,6.02157
42.8651,25.6229,5.99099
43.1419,26.0229,6.08428
43.0513,25.8924,6.05263
42.9472,25.9679,6.0813
43.0396,26.097,6.11325
43.2202,26.3483,6.1798
43.491,26.523,6.22019
43.4057,26.4007,6.18448
43.3086,26.4711,6.21475
43.4809,26.7114,6.28864
43.3955,26.5921,6.25101
43.5644,26.8287,6.32769
43.6563,26.7622,6.29575
43.5746,26.6436,6.25727
43.646,26.9437,6.36813
43.7254,27.0564,6.40996
43.9513,27.3794,6.54371
44.1021,27.4244,6.55552
44.033,27.3205,6.5089
44.0917,27.5813,6.63932
44.0225,27.4817,6.59089
44.2342,27.6238,6.65238
44.1691,27.5255,6.6034
44.1588,27.6781,6.68886
44.2238,27.7719,6.73937
44.4172,27.9006,6.80475
44.3582,27.8113,6.75318
44.2867,27.8628,6.79073
44.3476,27.9507,6.84281
44.4063,28.0355,6.89545
44.5735,28.2771,7.05868
44.6271,28.3546,7.11545
44.6882,28.3109,7.07502
44.7811,28.5771,7.29109
45.1858,29.064,7.73016
45.1457,29.0042,7.67083
45.1795,29.1518,7.82818
45.1404,29.0959,7.77142
45.212,29.1983,7.87608
39.5959,21.4259,5.32082
40.248,22.3049,5.44219
41.3493,23.5231,5.60986
41.2322,23.3642,5.58499
41.456,23.9269,5.68798
42.2405,24.9852,5.87249
42.6585,25.5634,5.98895
42.8531,25.8362,6.05001
43.1305,26.2237,6.14603
43.8781,27.2743,6.49777
44.2972,27.7191,6.70235
44.4742,27.9868,6.8569
44.8374,28.537,7.24964
44.7888,28.4633,7.19065
44.8776,28.7169,7.41106
39.9944,21.6807,5.33945
39.7341,21.3243,5.29105
40.8741,22.8784,5.51099
40.7528,22.7137,5.48653
41.4654,23.6806,5.63489
41.5801,23.8364,5.66002
41.6942,23.9915,5.68542
41.8076,24.1456,5.7111
41.92,24.2987,5.73707
42.0313,24.4506,5.76334
42.1414,24.6013,5.78996
42.3577,24.9,5.8446
42.2502,24.751,5.817
42.7687,25.4834,5.96082
43.319,26.2767,6.15003
43.2311,26.1508,6.11669
43.8134,26.9929,6.37687
43.736,26.8787,6.33561
44.5293,28.0703,6.90971
44.5832,28.152,6.96354
44.6362,28.2322,7.01869
44.8847,28.6089,7.30923
44.9309,28.6791,7.36926
44.976,28.7475,7.42961
45.1048,28.9425,7.61087
39.6038,21.1456,5.26719
39.8648,21.5033,5.31521
42.6696,25.3407,5.93101
44.7391,28.388,7.1324
39.3794,21.5818,5.39264
39.2951,21.3709,5.34714
42.6454,21.2232,5.4719
42.6554,21.4094,5.47969
42.7527,21.296,5.49249
42.7941,21.3877,5.50259
44.06,23.5018,5.81602
43.9407,23.5796,5.80008
44.101,23.607,5.82927
44.0158,23.7216,5.82146
43.9653,22.8219,5.75846
44.0893,22.7788,5.77004
44.0339,22.7163,5.75892
43.9237,22.7168,5.74556
44.7461,24.3737,5.98706
44.8567,24.2912,5.99382
44.7292,24.2734,5.97597
44.8201,24.2104,5.98151
42.6376,19.6235,5.38264
42.5982,19.548,5.37406
42.561,19.6266,5.38195
42.5063,19.5964,5.37698
42.4894,19.5251,5.36983
45.4964,26.2014,6.30728
45.5599,26.106,6.3031
45.4748,26.1014,6.28822
46.1342,26.9329,6.56284
46.0678,26.9536,6.55799
46.1069,27.0057,6.57835
46.1683,26.9789,6.58047
46.1758,27.0296,6.59578
45.6905,25.9027,6.29086
45.649,25.9665,6.29536
45.728,25.9422,6.3018
45.7115,26.0123,6.31115
46.527,27.5231,6.81383
46.6112,27.5135,6.82101
46.5758,27.4764,6.80184
46.5982,27.5609,6.83878
46.5517,27.6023,6.8495
47.5051,28.8918,7.78278
47.4313,28.9047,7.78478
47.4873,28.9344,7.81771
47.4528,28.9743,7.84794
47.3834,28.9707,7.83432
47.572,29.2585,8.12296
47.5542,29.2153,8.08012
47.5331,29.2581,8.11592
47.4998,29.2266,8.08125
45.9022,25.6835,6.26337
45.8686,25.7049,6.26845
45.9074,25.7136,6.27001
45.8799,25.7422,6.27634
46.7632,27.4144,6.79242
46.8003,27.4034,6.78847
46.7852,27.381,6.77851
46.748,27.3774,6.77611
46.1129,26.1184,6.36241
46.1421,26.1013,6.35732
46.1221,26.0862,6.35407
46.0898,26.093,6.35629
46.1037,26.0701,6.35042
46.4126,26.8284,6.56365
46.3751,26.8392,6.56475
46.4124,26.8552,6.57192
46.3869,26.872,6.57541
46.7397,27.1709,6.68939
46.7559,27.1543,6.68137
46.739,27.1512,6.68113
46.719,27.1525,6.68255
46.706,27.1705,6.69022
46.7174,27.1915,6.69862
46.7914,27.294,6.74042
46.7982,27.2716,6.7303
46.7702,27.285,6.73701
46.7718,27.2581,6.72537
46.7973,27.2514,6.72136
45.2799,29.3216,8.00829
45.3034,29.329,8.01257
45.3059,29.3049,7.98385
45.2877,29.2909,7.97059
45.2671,29.3002,7.98533
46.3826,26.6928,6.5213
46.4119,26.6835,6.51878
46.3978,26.6671,6.51366
46.3762,26.6618,6.51183
47.7198,29.1408,8.03255
47.7195,29.1656,8.05623
47.7397,29.1524,8.04565
47.738,29.1334,8.02725
46.7286,27.0872,6.65468
46.713,27.0799,6.65281
46.7132,27.092,6.65782
46.7233,27.1013,6.66105
46.7373,27.0973,6.65827
46.624,26.9472,6.60504
46.6051,26.9412,6.60361
46.6121,26.9581,6.60973
46.5974,26.9561,6.60941
46.5879,26.9505,6.60755
46.5999,26.8567,6.57197
46.5985,26.8472,6.56844
46.5866,26.8523,6.57126
46.5894,26.8655,6.57605
46.5775,26.8604,6.57483
46.5753,26.8685,6.57793
46.5003,26.6359,6.49864
46.5124,26.6403,6.49883
46.511,26.6311,6.49555
46.5041,26.647,6.50231
46.4961,26.6481,6.50349
46.4892,26.6435,6.50248
47.9127,29.3652,8.27081
47.9259,29.3604,8.2671
47.9196,29.3544,8.26062
47.9266,29.3538,8.26054
47.9102,29.3518,8.25711
46.6773,26.9504,6.60199
46.6653,26.9478,6.60222
46.6698,26.9573,6.60569
46.6596,26.957,6.60652
46.6538,26.9521,6.60502
46.6544,26.9445,6.60192
45.2311,29.3744,8.09863
45.2269,29.3686,8.09236
45.227,29.3733,8.10211
45.2237,29.369,8.09759
46.4388,26.839,6.56809
46.3824,26.9366,6.59462
46.3907,26.9688,6.60521
46.4215,26.9495,6.60178
46.3804,27.0034,6.61484
46.4266,26.9884,6.61442
46.3531,26.8762,6.57399
46.382,26.9013,6.58389
46.3411,26.9168,6.58483
46.2848,26.9314,6.58291
46.2514,26.9766,6.59162
46.2926,26.9877,6.60012
46.2122,26.9931,6.59087
46.254,27.0448,6.61167
46.2896,26.8423,6.55828
46.3074,26.8803,6.57084
46.3291,26.8438,6.56246
46.3469,26.8096,6.55403
46.3745,26.8062,6.55489
46.3635,26.7821,6.54707
46.3943,26.8132,6.55809
46.3938,26.786,6.54982
46.343,26.9663,6.59968
46.3281,27.0212,6.6144
46.0755,26.9086,6.54739
46.2115,26.9359,6.57478
46.2587,26.8055,6.5449
46.2016,26.8219,6.54274
46.2466,26.8715,6.56158
46.1472,26.8275,6.53705
46.1771,26.878,6.55438
46.1145,26.8739,6.54435
46.0565,26.8634,6.53285
46.3357,27.3189,6.7104
46.3094,27.3558,6.71895
46.374,27.3739,6.73537
46.3316,27.2553,6.68843
46.2741,27.3014,6.6948
46.4144,26.886,6.58156
46.4163,26.9173,6.59138
46.3752,27.0541,6.62995
46.3229,27.0778,6.63088
46.3628,27.0998,6.64273
46.2852,27.1133,6.63657
46.2172,26.7667,6.53003
46.3079,26.8088,6.55061
46.4404,26.8159,6.56083
46.4188,26.8025,6.55592
46.4638,26.8081,6.55882
46.4478,26.7915,6.55321
46.4165,27.0287,6.62627
46.447,26.8668,6.5772
46.4465,26.8978,6.58706
46.4515,26.9294,6.59743
46.4496,27.0195,6.62622
46.4703,26.9956,6.61997
46.4506,27.0518,6.63677
46.4877,27.0335,6.63361
46.3852,27.1408,6.65852
46.4024,27.0957,6.64611
46.4181,27.064,6.63767
46.1866,26.7335,6.51795
46.1856,26.6868,6.50594
46.1373,26.72,6.50861
46.2287,26.7135,6.51726
46.3324,27.1338,6.64947
46.0072,26.9153,6.53811
46.0971,26.8302,6.5306
46.2119,27.3201,6.69083
46.2544,27.3695,6.71468
46.276,27.2455,6.67674
46.2165,27.2373,6.6646
46.2824,27.185,6.65839
46.1424,27.3023,6.67317
45.8041,26.2379,6.36227
45.7454,26.2095,6.34886
45.7275,26.2769,6.35785
45.7213,26.1551,6.33607
45.668,26.2164,6.33818
46.2499,27.4312,6.73559
46.1781,27.3895,6.70866
45.5924,26.1818,6.32032
45.6477,26.1359,6.32183
45.5899,26.2443,6.33005
41.0162,19.4565,5.15825
41.1583,19.5678,5.1825
41.194,19.393,5.18314
41.1734,19.7097,5.18936
41.2985,19.6616,5.20645
41.0427,19.3083,5.15769
46.4577,26.9613,6.60805
46.1681,26.7763,6.52666
46.2955,26.7691,6.53843
46.3314,26.7779,6.54374
46.2361,27.1276,6.63369
46.2297,27.178,6.64812
46.3593,27.1915,6.6715
46.1832,27.0924,6.61503
46.2597,26.7498,6.52991
46.1117,26.7828,6.5208
46.0485,26.8003,6.5159
46.184,27.1622,6.63598
46.4729,26.7914,6.5534
46.4577,26.8252,6.56425
46.4784,26.821,6.56315
46.4768,26.9099,6.59231
46.4736,26.8839,6.58371
46.4761,26.8625,6.57678
46.3833,26.7574,6.54075
46.3549,26.7506,6.53736
46.4825,26.9375,6.60158
46.4681,26.8419,6.56987
46.2671,26.7128,6.52059
46.262,26.6788,6.51101
46.2929,26.7291,6.52712
46.2941,26.6915,6.51683
45.911,26.1136,6.35188
45.8661,26.0887,6.34276
45.8529,26.128,6.34858
45.8455,26.0516,6.33382
45.8179,26.0992,6.33933
46.4044,27.2401,6.69363
46.0186,26.7551,6.50043
46.0717,26.7397,6.50458
45.9926,26.8412,6.51712
45.9942,26.7881,6.5045
46.0213,26.7022,6.4884
45.9623,26.7396,6.48802
45.9698,26.6698,6.47322
45.9601,26.5944,6.45509
45.8835,26.6796,6.46172
45.5035,26.0289,6.2823
45.529,25.9799,6.2793
45.4764,25.9418,6.26539
45.5745,26.0115,6.29114
45.5677,25.9291,6.27792
46.1181,27.2139,6.64088
46.0334,27.2864,6.64916
41.7968,20.6809,5.31622
41.7579,20.568,5.30605
41.6348,20.6616,5.2926
41.8034,20.4634,5.30925
41.6538,20.4517,5.28622
42.4193,21.3575,5.4385
42.5294,21.3362,5.45592
42.4573,21.2085,5.43955
42.4939,21.4743,5.45502
41.2956,19.5246,5.20237
41.4125,19.4092,5.21875
41.5905,20.1021,5.26456
41.6212,20.2584,5.27433
41.7678,20.1365,5.29387
41.468,19.9564,5.24117
41.4298,20.1759,5.24321
45.6402,26.056,6.30799
46.325,26.7414,6.53288
46.4962,26.9676,6.61214
46.4234,26.7765,6.54797
46.4062,26.762,6.54297
46.1275,27.0672,6.59888
46.4461,27.09,6.64883
45.7098,26.0882,6.32331
45.7647,26.1119,6.33483
46.4345,27.132,6.66139
46.4215,27.1826,6.6766
46.3899,27.3049,6.71365
46.1148,27.129,6.6147
41.1199,19.843,5.18709
41.296,19.8218,5.21099
41.2661,19.9985,5.21327
41.4494,19.7615,5.23275
40.8844,19.3125,5.13479
40.8342,19.4889,5.13484
41.0025,19.6558,5.16372
41.1372,19.2357,5.17053
46.5067,27.0016,6.62404
46.4999,26.8943,6.5878
46.4832,26.7754,6.54801
46.4923,26.7891,6.55249
46.5008,26.7764,6.548
46.4648,26.7761,6.54836
46.5089,26.8352,6.56793
46.4904,26.8324,6.567
46.4926,26.8488,6.5725
46.5071,26.9404,6.60345
46.5033,26.9182,6.5959
46.5258,26.9526,6.60809
46.531,26.9264,6.59919
46.4052,26.7395,6.53603
46.5222,27.0263,6.63318
46.4864,27.0762,6.64778
45.874,26.0154,6.32982
45.874,25.9739,6.32197
45.8291,26.0037,6.32349
45.9184,25.9968,6.32956
46.4856,26.8039,6.55752
46.4708,27.2192,6.69469
45.6937,25.838,6.28094
45.7441,25.8775,6.2929
45.7787,26.0495,6.32592
45.7966,26.161,6.34758
46.4465,27.3466,6.73621
46.0543,27.0736,6.58859
45.9492,26.8043,6.50108
45.9025,26.8708,6.50938
45.9027,26.7765,6.48685
46.0183,26.999,6.56197
45.8849,26.5796,6.44045
45.929,26.5178,6.43421
45.8433,26.5029,6.4182
46.3115,27.4158,6.74036
46.3072,27.5039,6.77195
46.388,27.4507,6.76534
46.3049,27.6029,6.80988
46.3806,27.5742,6.8113
46.083,26.6747,6.4906
46.2295,27.6374,6.81066
46.2176,27.5636,6.77932
46.1244,27.6384,6.79282
46.1983,27.4772,6.74339
46.11,27.4577,6.72096
45.6416,26.3007,6.34814
45.5435,26.3109,6.33327
45.6071,26.3918,6.3582
45.4324,26.312,6.31423
45.4935,26.4103,6.3419
45.4064,26.0329,6.26655
45.7037,26.3637,6.36942
46.0832,27.3762,6.68762
45.9992,27.6528,6.77747
45.893,27.5979,6.73772
45.8919,27.7727,6.81263
46.0289,27.5377,6.73661
46.0281,26.6346,6.47379
42.9064,21.8776,5.53938
43.0446,21.8919,5.56363
42.9694,21.7345,5.54477
42.7854,21.9535,5.52215
42.9456,22.0173,5.55164
42.6403,22.0313,5.50283
42.6584,22.1885,5.51397
42.812,22.1378,5.53484
42.4793,21.936,5.47406
42.4783,22.1392,5.48597
42.4183,21.6404,5.45012
42.3106,21.461,5.42566
41.9072,20.5776,5.32931
41.9275,20.7636,5.33898
41.4423,19.5897,5.22744
42.0748,20.834,5.36446
42.1697,20.9653,5.38415
42.2446,20.7748,5.3905
41.9513,20.9874,5.35161
46.5004,26.8712,6.58007
46.5325,27.0601,6.64531
46.4788,27.118,6.66114
46.4262,26.7516,6.54023
46.4472,26.7655,6.54486
46.3532,26.7164,6.52726
46.5311,26.9788,6.61725
46.3239,26.7049,6.52246
46.5368,27.0064,6.62693
46.1909,26.6328,6.49286
46.1424,26.6497,6.49194
46.2275,26.6624,6.5038
45.9399,26.9683,6.54049
46.4712,27.1635,6.67573
45.7616,26.4404,6.39299
45.6709,26.4436,6.3785
45.8248,26.7854,6.47569
45.7703,26.697,6.44647
45.6893,26.5178,6.39571
45.8427,26.4106,6.39997
45.8023,26.3334,6.37937
45.71,26.8062,6.46068
46.1371,27.5323,6.7533
46.4509,27.4093,6.75953
46.0176,27.1662,6.60916
46.4539,27.284,6.71508
41.7846,20.3262,5.30192
41.4823,20.5105,5.26518
41.5067,20.3524,5.26122
41.3505,20.3574,5.24072
42.1174,21.1119,5.38149
42.2873,21.1262,5.40871
42.0125,21.1844,5.36941
42.1657,21.2958,5.39663
41.2176,20.1855,5.21547
41.076,20.0238,5.18998
41.2991,19.2439,5.19688
40.9313,19.8528,5.16398
41.5941,19.8458,5.25816
41.6693,19.9759,5.27364
40.7915,19.6738,5.13848
41.6341,19.679,5.261
41.1856,19.0697,5.17505
46.3807,26.7276,6.53169
46.5094,26.7883,6.55185
46.5167,26.7771,6.5477
46.5239,26.7674,6.54397
46.5101,26.7654,6.54389
46.4851,26.7388,6.53568
46.4689,26.7315,6.53365
46.4719,26.7553,6.54149
46.4855,26.7223,6.53005
46.5018,26.7994,6.55582
46.5037,26.8158,6.56138
46.5245,26.9025,6.59091
46.5196,26.8848,6.58483
46.5274,26.8697,6.57961
46.5557,26.972,6.61537
46.5563,26.9905,6.6219
46.5769,26.9761,6.61695
46.5455,26.96,6.61105
46.4064,26.7111,6.52732
46.421,26.657,6.51035
46.3995,26.6414,6.5057
46.5601,27.0096,6.62873
46.5791,26.999,6.6252
46.5909,27.0465,6.64256
46.5652,27.0453,6.64151
46.5716,27.0667,6.64934
46.5492,27.0287,6.63513
46.5841,27.1098,6.6653
46.5862,27.1414,6.67686
46.6124,27.1209,6.67034
46.5521,27.1259,6.66944
46.5584,27.0912,6.65751
46.5211,27.1027,6.65931
46.265,26.6365,6.49989
46.5063,27.181,6.68513
46.5138,27.1437,6.67289
46.5263,27.2117,6.69775
46.5493,27.1669,6.68378
45.7778,25.9783,6.3136
45.8297,25.9493,6.31372
45.6371,25.8317,6.27314
45.6637,25.768,6.26652
45.5949,25.795,6.26221
46.5085,27.374,6.75431
45.463,25.7739,6.24036
45.4166,25.7093,6.22477
45.3559,25.7973,6.22625
45.5417,25.7588,6.24981
45.5149,25.6699,6.23383
45.9032,26.051,6.33908
45.8087,26.6035,6.43307
45.7641,26.533,6.41133
45.7095,26.6074,6.41705
46.0949,26.6046,6.47558
45.9422,27.0676,6.5677
45.8321,26.9849,6.52619
45.7151,26.93,6.49178
45.7102,27.0484,6.52243
45.5819,26.5139,6.37645
46.4222,27.5191,6.79655
46.289,27.695,6.8449
46.2044,27.7018,6.83303
45.7969,26.8755,6.49231
45.6256,26.8766,6.46311
45.6737,26.7026,6.43101
45.5628,26.7694,6.4269
45.9267,27.2374,6.6151
45.9234,27.3378,6.64701
46.0283,27.4426,6.70135
45.9979,27.3807,6.67436
45.9165,27.4615,6.68913
45.8309,27.3817,6.64644
45.6091,26.9751,6.48564
45.5202,26.9841,6.47372
45.5352,27.0971,6.50808
45.6477,26.5687,6.39856
45.6113,26.6327,6.4053
46.1342,27.7542,6.84357
46.0397,27.729,6.81663
46.0482,27.8269,6.86218
45.8224,27.5411,6.70396
45.4108,26.131,6.2817
45.3116,25.9884,6.24397
45.3068,26.103,6.2595
45.2514,26.2203,6.26811
45.3699,26.2164,6.2878
45.3215,26.3048,6.29396
45.1921,26.3699,6.28399
46.0948,27.9154,6.91215
46.1436,27.8414,6.88473
46.1124,28.0294,6.97306
46.1982,27.9214,6.93222
42.875,21.2868,5.5126
43.681,23.2087,5.73444
43.5286,23.2415,5.71022
43.6806,23.3904,5.7444
43.8108,23.159,5.75419
43.7095,23.0634,5.73167
42.4997,21.7795,5.46903
42.636,21.6332,5.48444
42.6362,21.8547,5.4937
41.9314,20.3922,5.32762
42.3245,21.2928,5.42082
41.5854,19.3489,5.24632
41.492,19.2343,5.22869
41.6857,19.2237,5.26023
41.8498,19.9681,5.30339
41.9334,20.0772,5.31994
42.0195,19.9529,5.33137
41.9311,20.2228,5.32309
42.091,20.0943,5.3467
42.4349,21.0525,5.43082
42.3441,20.9391,5.41207
42.5799,21.0635,5.45575
42.5236,20.8988,5.44123
42.7917,21.7818,5.51621
41.7642,20.8333,5.31827
46.5151,26.8534,6.57409
46.4284,26.7272,6.53256
46.3523,26.6826,6.51736
46.5491,26.9419,6.60475
46.449,26.7419,6.53729
46.494,26.7603,6.54269
46.3258,26.6689,6.5123
46.2977,26.6533,6.50647
46.2317,26.6162,6.49212
46.2024,26.5909,6.48326
46.1569,26.5832,6.47726
46.5053,27.3163,6.73285
45.8736,26.2701,6.37752
45.8894,26.3474,6.39443
46.5111,27.26,6.71333
46.0397,26.5619,6.45894
46.4625,27.4693,6.78367
45.9121,27.1546,6.58742
45.8441,27.195,6.5878
45.5921,25.8599,6.27133
45.5231,25.8458,6.2593
46.398,27.6631,6.8503
46.2378,27.7942,6.87922
45.9183,26.4309,6.41487
45.8737,26.1834,6.36123
45.638,25.8892,6.28201
45.3715,25.9185,6.24475
45.4356,25.8546,6.24682
41.4397,20.6964,5.27001
42.2391,21.6644,5.42561
42.352,21.8124,5.44935
42.7671,22.3071,5.53668
43.0145,22.1813,5.57024
42.9169,22.2938,5.55926
42.8986,22.4448,5.56425
43.0989,22.3906,5.59392
42.0804,20.6637,5.35994
41.7216,21.024,5.32266
41.8531,21.1907,5.34851
42.1125,21.5018,5.39956
41.9778,21.3462,5.37321
41.7524,19.8285,5.28395
41.6001,19.4894,5.25147
41.5768,20.8628,5.29584
41.3064,20.5333,5.2451
41.1672,20.3719,5.21992
41.027,20.2087,5.19485
40.8863,20.038,5.16959
40.7422,19.8669,5.14429
40.6014,19.6822,5.1188
40.6465,19.4969,5.11283
41.3921,19.0884,5.20954
46.545,26.886,6.58511
46.526,27.4413,6.78186
45.9935,26.526,6.44499
46.5077,26.7543,6.54016
46.4995,26.7447,6.53717
46.5193,26.7566,6.54041
46.5157,26.7447,6.53641
46.5243,26.8238,6.56374
46.5293,26.8393,6.56903
46.5424,26.8279,6.56463
46.5977,26.9686,6.61404
46.5855,26.9614,6.61158
46.4872,26.75,6.53939
46.4985,26.7298,6.53207
46.558,26.9232,6.59813
46.5234,26.8107,6.5592
46.5686,26.9546,6.60926
46.3533,26.6554,6.50942
46.5845,27.0861,6.65675
46.5168,26.8004,6.55582
46.3022,26.6135,6.49564
45.8371,25.8988,6.30509
45.8492,25.8576,6.29819
45.8044,25.8544,6.29446
45.8453,25.8212,6.29103
46.5793,27.0237,6.63412
45.7863,25.9165,6.30383
46.5561,27.287,6.72764
45.9841,26.4681,6.43135
46.1116,26.5327,6.46063
46.6607,27.5494,6.84157
46.037,26.4234,6.42801
45.983,26.41,6.419
45.957,26.3594,6.40542
46.5673,27.3893,6.76704
46.1994,26.5519,6.47316
46.2357,26.5734,6.48124
46.4674,27.5923,6.83263
45.8297,27.1069,6.55929
45.2581,25.8853,6.22087
45.9447,26.1673,6.36551
45.2381,25.7506,6.20049
45.1673,25.8198,6.19677
45.4854,26.629,6.38293
45.3981,26.7359,6.39211
46.3573,27.7743,6.89117
44.1828,23.4996,5.83594
43.9633,23.4432,5.79618
45.4248,26.5104,6.34874
45.5306,26.9022,6.4538
43.9198,23.1245,5.77052
43.9208,23.2399,5.77734
44.0235,23.1515,5.78867
43.8602,23.0232,5.75497
45.9673,27.9612,6.91535
46.4744,27.755,6.90265
46.3214,27.8957,6.94098
45.3597,26.4,6.3171
43.264,22.3084,5.61851
43.1818,22.2044,5.59988
43.3971,22.3161,5.64158
43.3484,22.184,5.6274
45.8251,27.2844,6.6127
43.3834,22.9146,5.6679
43.5759,22.9497,5.70271
43.5024,22.7472,5.67992
43.4364,23.0862,5.68606
42.0843,20.4802,5.3554
42.2443,20.5648,5.3846
42.0859,20.2928,5.35082
42.7701,21.4982,5.50226
42.8439,21.6147,5.51896
42.9273,21.4429,5.52695
44.4204,24.8615,5.97121
44.4966,24.9786,5.9942
44.5773,24.8557,5.99761
44.4657,25.1334,6.00362
44.6426,25.0295,6.02363
45.215,26.0026,6.22921
43.3024,22.4386,5.63091
41.818,19.6942,5.29199
41.8043,19.5303,5.28614
45.7179,27.1926,6.5659
45.7779,27.4742,6.67138
46.451,26.7195,6.53003
46.5371,26.8543,6.57411
46.5487,26.8672,6.5784
46.5674,26.9362,6.60268
45.948,26.0256,6.33716
45.9661,25.9918,6.33096
46.4333,26.7009,6.52419
45.8765,25.9258,6.31296
46.055,26.4882,6.4443
46.3385,26.6292,6.50138
46.2693,26.5952,6.48902
46.5665,27.2017,6.6975
46.56,27.238,6.71013
45.948,25.9653,6.32465
46.592,27.4322,6.78636
45.9398,26.2925,6.38992
45.9327,26.2262,6.37602
45.9633,26.0646,6.3461
45.1928,26.1118,6.24126
45.1535,25.9114,6.2062
45.0706,26.012,6.20603
45.7005,27.4808,6.66207
45.6987,27.6215,6.71822
41.5774,19.0917,5.24007
42.1811,21.8501,5.42959
43.1313,22.0437,5.58452
41.9482,19.7985,5.31589
41.1144,20.5576,5.22668
46.5068,27.6605,6.86703
41.9239,21.5394,5.37863
40.8368,20.2223,5.17715
40.976,20.3932,5.20203
45.325,25.6768,6.20613
41.6512,21.2193,5.32683
43.5802,23.11,5.71177
43.9624,23.8616,5.82071
44.097,23.827,5.84192
43.7874,23.8828,5.79282
43.9107,24.0348,5.82336
45.0697,25.8386,6.1823
45.2156,25.6232,6.18159
45.1227,25.7137,6.17611
44.9855,25.7144,6.15249
44.8938,25.566,6.11966
44.8143,25.7355,6.12677
43.6809,23.7322,5.7655
43.7556,23.577,5.76804
43.5737,23.5738,5.73792
43.8403,23.4706,5.77645
45.0797,25.559,6.15105
43.2124,22.5924,5.62269
43.1457,22.7633,5.62065
43.3133,22.7488,5.64752
44.1077,23.9792,5.85323
44.0518,24.189,5.85753
43.8552,23.7239,5.79384
43.7898,23.23,5.15694
41.7261,17.4289,5.14569
41.7018,17.3776,5.13978
41.6224,17.2251,5.12436
41.597,17.1737,5.1188
41.4899,16.9696,5.09871
41.4642,16.9188,5.09344
41.3573,16.7157,5.07387
41.3846,16.7661,5.07848
41.3047,16.6144,5.06405
41.2774,16.5646,5.0597
41.2263,16.4606,5.04884
41.2013,16.409,5.04341
41.1743,16.3585,5.03886
41.1482,16.3072,5.03388
41.0926,16.2065,5.0255
41.1199,16.2566,5.02978
41.0413,16.1042,5.01556
41.0165,16.0518,5.01005
40.9636,15.9496,5.00065
40.936,15.8988,4.99639
40.9088,15.8478,4.99195
40.8842,15.796,4.98653
40.8044,15.6429,4.97278
40.8313,15.6938,4.97723
40.7785,15.5915,4.96785
40.7528,15.5404,4.96301
40.7254,15.4907,4.95897
40.698,15.4392,4.95452
40.6194,15.2836,4.93985
40.5931,15.2329,4.93527
40.5394,15.1306,4.92625
40.5127,15.0791,4.9216
40.4575,14.9762,4.91292
40.405,14.8734,4.90339
40.4319,14.9246,4.9079
40.3539,14.772,4.89381
40.3281,14.7207,4.88895
40.2722,14.6179,4.88049
40.1947,14.4628,4.86569
40.1418,14.3599,4.85633
40.1156,14.3082,4.85151
40.0881,14.2572,4.84726
40.0624,14.2053,4.84225
40.0071,14.1028,4.83374
38.9105,11.9799,4.62677
39.9802,14.051,4.82911
39.9545,13.9994,4.82418
39.9013,13.8975,4.81516
39.8477,13.7945,4.80602
39.8752,13.846,4.8104
39.7926,13.6905,4.79699
39.7682,13.6388,4.79164
39.6885,13.4831,4.77727
39.6082,13.3291,4.76343
39.5532,13.2262,4.75453
39.4986,13.1218,4.74497
39.4214,12.9652,4.72864
39.3672,12.8619,4.71853
38.9627,12.0833,4.63777
39.3129,12.7591,4.70838
39.2589,12.6548,4.69757
39.1518,12.4468,4.67559
39.0642,12.3914,4.68597
39.0452,12.2385,4.65329
39.0715,12.2908,4.65899
38.1739,10.9252,4.5787
38.6556,11.457,4.57216
38.6745,11.4972,4.57627
38.0248,10.9541,4.61028
38.1051,10.9377,4.59387
38.761,11.678,4.59496
39.34,12.8107,4.7135
38.8839,11.9293,4.62177
42.1448,18.2443,5.23135
40.5671,15.1814,4.93044
38.9911,12.1348,4.64258
41.9609,17.8881,5.1938
39.2058,12.551,4.68651
39.1244,12.3949,4.67028
42.3574,18.6493,5.27388
40.2466,14.5654,4.87527
41.6497,17.2756,5.12916
40.6702,15.387,4.95005
41.5697,17.1233,5.11407
40.6445,15.3344,4.9448
41.5419,17.0727,5.10947
39.741,13.5877,4.78723
39.7136,13.5358,4.78271
39.6617,13.4315,4.77261
39.5803,13.278,4.75923
39.2864,12.7066,4.70274
40.8578,15.745,4.98189
42.333,18.598,5.26767
40.4852,15.0277,4.91725
40.9895,16.0009,5.00558
39.473,13.069,4.73943
39.447,13.0171,4.73411
39.3936,12.9139,4.7239
39.9292,13.9476,4.81909
41.5139,17.0214,5.10476
41.4363,16.8685,5.08901
41.4097,16.8174,5.084
40.3809,14.8219,4.89797
40.3004,14.6697,4.88473
38.8583,11.8774,4.6162
41.3321,16.6644,5.06848
41.252,16.5125,5.05417
41.7524,17.4796,5.15085
41.6755,17.3267,5.13454
41.0687,16.155,5.01992
40.1677,14.4116,4.86123
39.8203,13.7423,4.80143
39.0188,12.1863,4.64762
39.2337,12.6021,4.69144
41.8331,17.633,5.16618
40.0353,14.154,4.83781
37.7868,10.9959,4.65141
37.9179,10.9732,4.62966
31.5278,11.0876,4.75689
31.6424,10.967,4.79939
31.6452,11.0748,4.78721
39.8982,21.2971,5.64893
39.7678,21.1185,5.62823
35.4096,15.2757,5.08722
35.2839,15.1202,5.07501
36.0223,16.0877,5.14895
36.1763,16.2935,5.16506
37.3844,17.9076,5.30044
37.5324,18.1056,5.31817
37.9716,18.6942,5.37249
38.1165,18.8885,5.39105
39.2353,20.3972,5.54682
39.3699,20.5798,5.56698
40.1594,21.6507,5.69117
40.2893,21.8263,5.71261
38.6849,19.6539,5.46748
38.8246,19.8421,5.48713
39.5038,20.7609,5.5873
31.9472,11.0056,4.84212
31.8907,11.1122,4.82644
32.8045,11.8003,4.8982
32.6675,11.8151,4.88257
31.7574,11.1792,4.79711
31.7787,11.012,4.8179
36.8792,11.0276,4.77357
37.6192,11.0211,4.67727
39.0998,20.2134,5.52681
38.9631,20.0285,5.50694
32.3812,11.5308,4.86369
38.2603,19.0815,5.40984
38.4029,19.2733,5.42883
37.4219,11.0266,4.70376
39.6367,20.9401,5.60774
37.826,18.4988,5.35417
37.6797,18.3026,5.33608
36.9367,17.3091,5.24833
37.0867,17.5093,5.26554
36.7858,17.1077,5.23128
35.401,10.9803,4.90193
34.2899,10.9802,4.94503
34.0273,13.3063,4.97558
33.2561,11.0141,4.93665
36.6343,16.9054,5.21445
36.4824,16.7022,5.19781
36.3297,16.4983,5.18135
40.419,22.0001,5.73429
40.0295,21.4741,5.66999
33.0112,12.001,4.91162
38.5444,19.4641,5.44804
35.1543,14.8545,5.06444
34.5042,13.9484,5.01046
34.3457,13.7348,4.99845
34.8207,14.3742,5.03588
37.2359,17.7088,5.2829
33.7041,12.8748,4.95391
35.8676,15.881,5.13298
35.7123,15.6734,5.1172
35.5565,15.4649,5.10166
38.7159,11.5852,4.58547
38.4219,10.9379,4.51718
40.2202,14.5142,4.87064
39.0994,12.3423,4.66406
39.1774,12.4999,4.68173
39.5263,13.1739,4.74967
38.4526,11.0039,4.52373
38.3974,10.8762,4.50941
31.3092,10.9664,4.70754
31.2658,10.9601,4.68604
31.3723,10.9659,4.7334
31.3858,10.9152,4.74855
31.4492,10.9449,4.76071
32.9275,11.0133,4.92293
33.9646,11.0313,4.94967
32.5183,11.6999,4.87084
38.4,10.8813,4.50981
38.4026,10.8863,4.5102
38.4053,10.8915,4.51061
38.408,10.8968,4.51104
38.4108,10.9022,4.51145
38.4136,10.9075,4.51188
38.4197,10.9194,4.51282
38.4331,10.9454,4.51487
38.4296,10.9387,4.51434
38.4409,10.9605,4.51607
38.445,10.9685,4.51669
38.4539,10.9857,4.51806
38.4491,10.9764,4.51732
38.4589,10.9952,4.51882
38.4166,10.9135,4.51235
38.4227,10.9253,4.51328
38.4261,10.9319,4.5138
38.4752,11.0268,4.52133
38.4812,11.0385,4.52225
38.4368,10.9525,4.51543
31.1462,10.8807,4.61817
31.1512,10.8807,4.63037
31.1559,10.8907,4.62445
38.4692,11.0152,4.5204
38.5369,11.1463,4.53091
38.5276,11.1282,4.52944
38.4638,11.0047,4.51957
38.4872,11.0501,4.52318
38.4947,11.0646,4.52434
38.5704,11.211,4.53617
38.5022,11.079,4.52549
38.5096,11.0934,4.52665
38.6264,11.3195,4.54516
38.6114,11.2905,4.54274
31.1668,10.9023,4.62929
38.5182,11.11,4.52798
38.5467,11.1651,4.53244
38.6802,11.4235,4.55401
38.5822,11.2339,4.53805
38.5585,11.1881,4.5343
31.3329,10.9185,4.73079
38.5964,11.2614,4.54032
38.7433,11.5457,4.56476
38.8143,11.6831,4.57738
42.3897,18.6032,5.2488
42.3635,18.5524,5.2433
42.2847,18.3999,5.22688
42.2584,18.3491,5.22144
42.2059,18.2474,5.21061
42.1796,18.1966,5.20521
42.1271,18.0949,5.19446
42.1008,18.044,5.1891
42.0483,17.9423,5.17843
42.022,17.8914,5.17312
41.8905,17.637,5.14674
41.9168,17.6879,5.15199
41.838,17.5352,5.13627
41.8117,17.4843,5.13104
41.7854,17.4334,5.12581
41.7328,17.3316,5.11539
41.7064,17.2807,5.11019
41.6801,17.2298,5.105
41.6538,17.1788,5.09982
38.9169,11.8816,4.59674
41.6275,17.1279,5.09466
41.6012,17.0769,5.08951
41.5749,17.026,5.08437
41.5485,16.975,5.07925
41.4959,16.8731,5.06905
41.4695,16.8221,5.06398
41.3905,16.6691,5.04889
41.4168,16.7201,5.0539
41.3114,16.5161,5.03399
41.285,16.4651,5.02908
41.2323,16.363,5.01933
41.2059,16.3119,5.01449
41.1795,16.2608,5.00969
41.1531,16.2097,5.00492
41.0211,15.9542,4.98133
40.9947,15.9031,4.97663
40.9682,15.8519,4.97194
40.8889,15.6985,4.9579
40.8625,15.6473,4.95323
40.7566,15.4425,4.93459
40.7302,15.3913,4.92994
40.7037,15.34,4.92529
40.4917,14.9298,4.88813
40.3856,14.7244,4.86954
40.2794,14.5188,4.85096
40.3059,14.5703,4.8556
40.2528,14.4674,4.84632
40.2262,14.416,4.84169
40.1199,14.2101,4.82317
40.0134,14.004,4.80465
39.9335,13.8493,4.79073
38.9364,12.0311,4.63219
38.9431,11.9325,4.60186
38.9697,11.984,4.60709
39.9068,13.7977,4.78608
39.8801,13.7461,4.78142
39.8001,13.5912,4.76742
39.7734,13.5395,4.76273
39.7467,13.4879,4.75803
39.72,13.4362,4.75333
39.6345,13.3808,4.76831
39.6666,13.3327,4.74389
39.6131,13.2292,4.7344
39.5596,13.1257,4.72473
39.5329,13.0739,4.71977
39.4793,12.9703,4.70963
39.399,12.8148,4.69396
38.9965,12.0358,4.6124
39.3454,12.711,4.68326
39.2918,12.6072,4.67242
39.3186,12.6591,4.67786
39.2649,12.5553,4.66697
39.2112,12.4514,4.656
39.1038,12.2435,4.63404
39.1575,12.3475,4.64501
38.6989,11.4598,4.55716
38.6426,11.3509,4.5478
38.6614,11.3872,4.55089
38.7209,11.5024,4.5609
38.7657,11.589,4.56867
42.1534,18.1457,5.19983
42.2322,18.2982,5.21602
38.7893,11.6347,4.57286
41.4432,16.7711,5.05893
40.3325,14.6216,4.86024
41.9694,17.7897,5.16253
41.9957,17.8406,5.16782
41.8643,17.5861,5.1415
40.8096,15.5449,4.94391
40.7831,15.4937,4.93925
40.6772,15.2888,4.92064
40.6507,15.2375,4.916
41.1267,16.1587,5.00017
41.0739,16.0565,4.99074
41.1003,16.1076,4.99545
38.8392,11.7314,4.58198
39.8535,13.6945,4.77676
39.8268,13.6429,4.77209
42.416,18.654,5.25432
40.5977,15.135,4.90671
40.6242,15.1863,4.91135
40.5447,15.0324,4.89742
40.5712,15.0837,4.90206
39.2381,12.5034,4.66149
41.3378,16.5671,5.03893
41.3641,16.6181,5.0439
39.0501,12.1394,4.62314
41.2587,16.414,5.02419
40.1731,14.3131,4.83243
40.1465,14.2616,4.8278
39.1844,12.3995,4.65051
40.9154,15.7496,4.96258
39.6933,13.3844,4.74861
39.3722,12.7629,4.68863
40.1996,14.3645,4.83706
39.1307,12.2955,4.63952
39.5864,13.1775,4.72961
41.9431,17.7388,5.15726
39.5061,13.0221,4.71474
40.0666,14.1071,4.81392
40.04,14.0556,4.80929
38.8642,11.7798,4.58667
38.8906,11.8307,4.59167
39.0769,12.1915,4.62858
42.311,18.4507,5.23234
42.3372,18.5016,5.23781
41.5222,16.9241,5.07414
40.4387,14.8271,4.87884
40.359,14.673,4.86489
40.836,15.5961,4.94857
41.0475,16.0053,4.98603
40.0933,14.1586,4.81855
40.5182,14.9811,4.89278
39.9867,13.9525,4.80002
39.9601,13.9009,4.79537
39.4525,12.9185,4.70446
39.4258,12.8666,4.69924
42.0745,17.9932,5.18376
42.4422,18.7048,5.25985
40.9418,15.8008,4.96726
40.4652,14.8785,4.88349
41.7591,17.3825,5.1206
40.4121,14.7758,4.87419
42.4077,18.7531,5.28619
39.6398,13.281,4.73915
39.0233,12.0876,4.61775
42.4424,18.7048,5.2533
42.4686,18.7556,5.25885
42.4161,18.654,5.24777
42.3899,18.6032,5.24225
42.3636,18.5524,5.23675
42.3374,18.5015,5.23127
42.3111,18.4507,5.22579
42.2848,18.3999,5.22034
42.2586,18.3491,5.2149
42.2323,18.2982,5.20947
42.206,18.2474,5.20406
42.1798,18.1965,5.19866
42.1535,18.1457,5.19328
42.1272,18.0948,5.18791
42.101,18.044,5.18255
42.0747,17.9931,5.17721
42.0484,17.9423,5.17188
42.0221,17.8914,5.16657
41.9958,17.8405,5.16127
41.9695,17.7897,5.15598
41.9433,17.7388,5.1507
41.917,17.6879,5.14544
41.8907,17.637,5.14019
41.8644,17.5861,5.13495
41.8381,17.5352,5.12972
41.8118,17.4843,5.12449
41.7855,17.4334,5.11926
41.7592,17.3825,5.11404
41.7329,17.3316,5.10883
41.7066,17.2807,5.10363
41.6803,17.2297,5.09844
41.6539,17.1788,5.09327
41.6276,17.1279,5.0881
41.6013,17.0769,5.08295
41.575,17.026,5.07781
41.5486,16.975,5.07268
41.5223,16.924,5.06758
41.496,16.8731,5.06249
41.4696,16.8221,5.05742
41.4433,16.7711,5.05236
41.417,16.7201,5.04733
41.3906,16.6691,5.04232
41.3642,16.6181,5.03733
41.3379,16.5671,5.03237
41.3115,16.5161,5.02743
41.2852,16.465,5.02251
41.2588,16.414,5.01762
41.2324,16.3629,5.01276
41.206,16.3119,5.00793
41.1796,16.2608,5.00313
41.1532,16.2097,4.99835
41.1268,16.1586,4.99361
41.1004,16.1075,4.98889
41.074,16.0564,4.98418
41.0476,16.0053,4.97947
41.0212,15.9542,4.97477
40.9947,15.9031,4.97007
40.9683,15.8519,4.96538
40.9419,15.8008,4.9607
40.9155,15.7496,4.95602
40.889,15.6984,4.95135
40.8626,15.6473,4.94668
40.8361,15.5961,4.94202
40.8097,15.5449,4.93736
40.7832,15.4937,4.9327
40.7567,15.4425,4.92804
40.7303,15.3913,4.92339
40.7038,15.34,4.91874
40.6773,15.2888,4.91409
40.6508,15.2375,4.90945
40.6243,15.1863,4.9048
40.5978,15.135,4.90016
40.5713,15.0837,4.89551
40.5448,15.0324,4.89087
40.5183,14.9811,4.88623
40.4918,14.9298,4.88158
40.4653,14.8784,4.87694
40.4387,14.8271,4.87229
40.4122,14.7757,4.86764
40.3857,14.7244,4.86299
40.3591,14.673,4.85834
40.3326,14.6216,4.85369
40.306,14.5702,4.84905
40.2794,14.5188,4.84441
40.2529,14.4674,4.83977
40.2263,14.416,4.83514
40.1997,14.3645,4.83051
40.1731,14.3131,4.82588
40.1465,14.2616,4.82125
40.1199,14.2101,4.81662
40.0933,14.1586,4.81199
40.0667,14.1071,4.80736
40.0401,14.0555,4.80273
40.0134,14.004,4.79809
39.9868,13.9525,4.79346
39.9601,13.9009,4.78881
39.9335,13.8493,4.78417
39.9068,13.7977,4.77952
39.8802,13.7461,4.77486
39.8535,13.6945,4.7702
39.8268,13.6428,4.76553
39.8001,13.5912,4.76085
39.7734,13.5395,4.75617
39.7467,13.4878,4.75147
39.72,13.4361,4.74677
39.6933,13.3844,4.74205
39.6666,13.3327,4.73733
39.6399,13.281,4.73259
39.6131,13.2292,4.72784
39.5864,13.1774,4.72305
39.5596,13.1257,4.71817
39.5329,13.0739,4.71321
39.5061,13.0221,4.70818
39.4793,12.9703,4.70308
39.4526,12.9184,4.69791
39.4258,12.8666,4.69268
39.399,12.8148,4.6874
39.3722,12.7629,4.68208
39.3454,12.711,4.67671
39.3186,12.6591,4.6713
39.2917,12.6072,4.66587
39.2649,12.5553,4.66041
39.2381,12.5034,4.65493
39.2112,12.4514,4.64944
39.1844,12.3994,4.64395
39.1575,12.3474,4.63845
39.1306,12.2954,4.63296
39.1038,12.2435,4.62748
39.0769,12.1915,4.62202
39.05,12.1394,4.61658
39.0233,12.0876,4.61119
38.9965,12.0358,4.60584
38.9697,11.984,4.60053
38.9431,11.9325,4.5953
38.9168,11.8816,4.59018
38.8905,11.8307,4.58511
38.8642,11.7798,4.58011
38.8392,11.7314,4.57542
38.8142,11.6831,4.57082
38.7892,11.6347,4.5663
38.7656,11.589,4.56211
38.7433,11.5457,4.5582
38.7209,11.5024,4.55434
38.6989,11.4598,4.5506
38.6801,11.4235,4.54746
38.6613,11.3872,4.54434
38.6425,11.3508,4.54125
38.6264,11.3195,4.53861
38.6113,11.2905,4.53618
38.5963,11.2614,4.53377
38.5821,11.2339,4.5315
38.5703,11.211,4.52962
38.5584,11.1881,4.52775
38.5466,11.1651,4.52589
38.5368,11.1463,4.52436
38.5275,11.1282,4.5229
38.5181,11.11,4.52144
38.5095,11.0934,4.5201
38.5021,11.079,4.51895
38.4946,11.0646,4.51779
38.4871,11.0501,4.51664
38.4811,11.0385,4.51571
38.4751,11.0268,4.51478
38.4691,11.0152,4.51385
38.4637,11.0047,4.51302
38.4588,10.9952,4.51227
38.4539,10.9857,4.51152
38.449,10.9764,4.51077
38.445,10.9685,4.51015
38.4409,10.9605,4.50952
38.4367,10.9525,4.50889
38.4331,10.9454,4.50833
38.4296,10.9387,4.50779
38.426,10.9319,4.50726
38.4226,10.9253,4.50674
38.4196,10.9194,4.50627
38.4166,10.9135,4.50581
38.4135,10.9075,4.50534
38.4107,10.9022,4.50491
38.408,10.8968,4.50449
38.4052,10.8915,4.50407
38.4025,10.8863,4.50366
38.3999,10.8813,4.50327
38.3973,10.8762,4.50287
42.4688,18.7556,5.25231
42.4425,18.7048,5.24676
42.4163,18.654,5.24122
42.39,18.6032,5.23571
42.3638,18.5524,5.2302
42.3375,18.5015,5.22472
42.3112,18.4507,5.21925
42.285,18.3999,5.21379
42.2587,18.349,5.20835
42.2325,18.2982,5.20292
42.2062,18.2474,5.19751
42.1799,18.1965,5.19211
42.1536,18.1457,5.18673
42.1274,18.0948,5.18136
42.1011,18.044,5.176
42.0748,17.9931,5.17066
42.0485,17.9423,5.16533
42.0223,17.8914,5.16002
41.996,17.8405,5.15472
41.9697,17.7896,5.14943
41.9434,17.7388,5.14415
41.9171,17.6879,5.13889
41.8908,17.637,5.13364
41.8645,17.5861,5.1284
41.8382,17.5352,5.12316
41.8119,17.4843,5.11793
41.7856,17.4334,5.1127
41.7593,17.3825,5.10749
41.733,17.3316,5.10228
41.7067,17.2807,5.09708
41.6804,17.2297,5.09188
41.6541,17.1788,5.08671
41.6277,17.1279,5.08154
41.6014,17.0769,5.07638
41.5751,17.026,5.07124
41.5488,16.975,5.06612
41.5224,16.924,5.06101
41.4961,16.8731,5.05592
41.4698,16.8221,5.05085
41.4434,16.7711,5.0458
41.4171,16.7201,5.04076
41.3907,16.6691,5.03575
41.3644,16.6181,5.03076
41.338,16.5671,5.0258
41.3116,16.516,5.02086
41.2853,16.465,5.01594
41.2589,16.414,5.01105
41.2325,16.3629,5.00619
41.2061,16.3119,5.00136
41.1797,16.2608,4.99656
41.1533,16.2097,4.99179
41.1269,16.1586,4.98705
41.1005,16.1075,4.98233
41.0741,16.0564,4.97761
41.0477,16.0053,4.97291
41.0213,15.9542,4.96821
40.9948,15.903,4.96351
40.9684,15.8519,4.95883
40.942,15.8008,4.95414
40.9155,15.7496,4.94947
40.8891,15.6984,4.94479
40.8626,15.6472,4.94012
40.8362,15.5961,4.93546
40.8097,15.5449,4.9308
40.7833,15.4937,4.92614
40.7568,15.4425,4.92149
40.7303,15.3912,4.91683
40.7039,15.34,4.91218
40.6774,15.2887,4.90754
40.6509,15.2375,4.90289
40.6244,15.1862,4.89825
40.5979,15.1349,4.8936
40.5714,15.0837,4.88896
40.5449,15.0324,4.88431
40.5184,14.9811,4.87967
40.4919,14.9297,4.87503
40.4653,14.8784,4.87038
40.4388,14.8271,4.86573
40.4123,14.7757,4.86108
40.3857,14.7244,4.85643
40.3592,14.673,4.85178
40.3326,14.6216,4.84713
40.3061,14.5702,4.84249
40.2795,14.5188,4.83785
40.2529,14.4674,4.83321
40.2263,14.4159,4.82858
40.1998,14.3645,4.82395
40.1732,14.313,4.81932
40.1466,14.2615,4.81469
40.12,14.2101,4.81006
40.0934,14.1586,4.80543
40.0667,14.107,4.8008
40.0401,14.0555,4.79616
40.0135,14.004,4.79153
39.9868,13.9524,4.78689
39.9602,13.9009,4.78225
39.9335,13.8493,4.7776
39.9069,13.7977,4.77295
39.8802,13.7461,4.76829
39.8535,13.6944,4.76363
39.8269,13.6428,4.75896
39.8002,13.5912,4.75428
39.7735,13.5395,4.7496
39.7468,13.4878,4.7449
39.7201,13.4361,4.7402
39.6933,13.3844,4.73549
39.6666,13.3327,4.73076
39.6399,13.2809,4.72602
39.6131,13.2292,4.72127
39.5864,13.1774,4.71648
39.5596,13.1256,4.71161
39.5329,13.0739,4.70665
39.5061,13.022,4.70162
39.4793,12.9702,4.69651
39.4526,12.9184,4.69135
39.4258,12.8666,4.68612
39.399,12.8147,4.68084
39.3722,12.7629,4.67551
39.3454,12.711,4.67015
39.3186,12.6591,4.66474
39.2917,12.6072,4.65931
39.2649,12.5553,4.65385
39.2381,12.5033,4.64837
39.2112,12.4514,4.64288
39.1844,12.3994,4.63739
39.1575,12.3474,4.63189
39.1306,12.2954,4.62639
39.1038,12.2435,4.62092
39.0769,12.1915,4.61546
39.05,12.1394,4.61001
39.0232,12.0876,4.60462
38.9964,12.0358,4.59927
38.9697,11.984,4.59396
38.9431,11.9325,4.58873
38.9168,11.8816,4.58361
38.8905,11.8307,4.57855
38.8641,11.7798,4.57354
38.8391,11.7314,4.56885
38.8141,11.6831,4.56425
38.7892,11.6347,4.55973
38.7656,11.589,4.55554
38.7432,11.5457,4.55163
38.7208,11.5024,4.54778
38.6988,11.4598,4.54404
38.68,11.4235,4.54089
38.6613,11.3872,4.53777
38.6425,11.3508,4.53469
38.6263,11.3195,4.53205
38.6113,11.2905,4.52962
38.5962,11.2614,4.52721
38.582,11.2339,4.52494
38.5702,11.211,4.52306
38.5584,11.1881,4.52119
38.5465,11.1651,4.51933
38.5368,11.1463,4.5178
38.5274,11.1282,4.51634
38.518,11.11,4.51488
38.5094,11.0934,4.51354
38.502,11.079,4.51239
38.4945,11.0646,4.51124
38.4871,11.0501,4.51008
38.4811,11.0385,4.50915
38.475,11.0268,4.50823
38.469,11.0152,4.5073
38.4636,11.0047,4.50647
38.4587,10.9952,4.50572
38.4538,10.9857,4.50496
38.449,10.9764,4.50422
38.4449,10.9685,4.5036
38.4408,10.9605,4.50297
38.4366,10.9525,4.50234
38.433,10.9454,4.50177
38.4295,10.9387,4.50124
38.426,10.9319,4.5007
38.4226,10.9253,4.50018
38.4195,10.9194,4.49972
38.4165,10.9135,4.49925
38.4134,10.9075,4.49878
38.4106,10.9022,4.49836
38.4079,10.8968,4.49794
38.4051,10.8915,4.49752
38.4024,10.8863,4.49711
38.3998,10.8813,4.49671
38.3972,10.8762,4.49632
31.1436,10.8804,4.59105
31.1708,10.9134,4.58486
31.1596,10.8998,4.58704
31.2042,10.9539,4.58058
31.1854,10.9311,4.58263
31.2283,10.9836,4.57898
31.2451,10.9717,4.5515
31.8506,11.5302,4.49959
31.9415,11.4622,4.4626
31.8388,11.3268,4.45668
32.0567,11.9313,4.54732
32.1196,11.8847,4.51499
31.9737,11.6925,4.50652
32.5308,12.2413,4.49954
32.6581,12.146,4.45802
32.4969,11.9317,4.44673
33.1022,13.181,4.58074
33.1907,13.1153,4.54731
33.0251,12.8958,4.5346
33.517,13.5482,4.57389
33.641,13.4557,4.53599
33.4794,13.2399,4.52195
35.344,16.1425,4.79375
35.4268,16.0817,4.76513
35.2701,15.8741,4.74756
39.1616,21.1936,5.324
39.112,21.2286,5.34651
39.246,21.4055,5.36947
34.6379,15.0362,4.67955
34.7575,14.9474,4.64515
34.599,14.7359,4.62849
33.9751,13.5397,4.5057
33.8158,13.3249,4.49054
35.5988,16.596,4.85527
35.6561,16.5546,4.82891
35.5004,16.349,4.81123
31.5989,11.3296,4.52291
31.6621,11.2826,4.48961
31.589,11.1884,4.48631
39.2951,21.3709,5.34714
39.3653,21.3204,5.32349
39.2324,21.1426,5.30018
38.8263,20.5995,5.23078
38.9289,20.5244,5.20371
38.7926,20.3403,5.18067
34.9549,15.4565,4.71302
35.0735,15.3687,4.67941
34.9157,15.1584,4.66214
39.3794,21.5818,5.39264
31.6845,11.4418,4.52714
31.7478,11.3948,4.494
31.2778,11.0077,4.54888
31.3171,11.0538,4.54761
31.355,11.026,4.51679
31.3422,11.129,4.57892
31.3649,11.1127,4.54773
31.2584,11.0214,4.57807
31.2958,11.069,4.57801
31.398,11.2015,4.58074
31.4604,11.2831,4.58324
31.5326,11.3778,4.58649
31.6181,11.4901,4.59056
31.7211,11.6252,4.59566
32.4769,12.6177,4.63788
31.1507,10.8891,4.58908
31.8444,11.7872,4.60198
31.9906,11.9791,4.60974
32.1502,12.1887,4.61857
32.3126,12.4019,4.62795
32.6427,12.8355,4.64836
32.8092,13.0541,4.65936
32.9756,13.2727,4.67087
33.1406,13.4894,4.68278
33.3038,13.7037,4.69505
33.4656,13.9163,4.70771
33.6274,14.1289,4.72084
33.789,14.3411,4.73445
33.9503,14.553,4.7485
34.1111,14.7642,4.76301
34.2715,14.9749,4.77796
34.4316,15.1851,4.79333
34.5912,15.3948,4.80906
34.7504,15.6039,4.82512
34.9091,15.8123,4.84147
35.0672,16.02,4.85804
35.2247,16.2269,4.87481
35.3816,16.4329,4.89178
35.5378,16.638,4.90896
35.6932,16.8423,4.92634
35.848,17.0455,4.94394
36.002,17.2479,4.96175
36.1555,17.4495,4.97979
36.3085,17.6504,4.99807
36.4606,17.8502,5.01652
36.6118,18.0489,5.03516
36.7625,18.2469,5.05403
36.9127,18.4442,5.07318
37.0622,18.6405,5.09262
37.2109,18.8358,5.11234
37.3589,19.0303,5.13242
37.5063,19.2238,5.15285
37.6527,19.4161,5.17361
37.7979,19.607,5.19463
37.9422,19.7965,5.21592
38.0857,19.985,5.23745
38.2283,20.1723,5.2592
38.3696,20.358,5.28109
38.5094,20.5416,5.30304
38.6481,20.7239,5.32511
38.7859,20.905,5.34733
38.9229,21.085,5.36972
39.0587,21.2634,5.39221
39.1931,21.44,5.41477
39.327,21.6159,5.43754
39.4611,21.7921,5.46066
39.594,21.9668,5.48389
39.7267,22.1411,5.50737
31.4216,11.1847,4.54912
31.4844,11.2659,4.55143
31.5569,11.3605,4.55464
31.6424,11.4727,4.55877
31.7453,11.6079,4.56399
32.3367,12.3849,4.59696
32.8332,13.0374,4.62897
34.1345,14.7484,4.73427
33.9737,14.537,4.71958
34.7734,15.5885,4.79703
35.4043,16.4179,4.86429
36.3307,17.6359,4.97144
36.4827,17.8358,4.99004
36.6339,18.0346,5.00881
37.3805,19.0164,5.10679
37.2326,18.8219,5.08657
37.8192,19.5935,5.16953
37.6741,19.4026,5.14832
38.3903,20.345,5.25679
39.6134,21.9551,5.46149
31.4627,11.1544,4.51746
31.4048,11.0833,4.51637
32.0148,11.962,4.57838
31.8687,11.77,4.57045
32.1744,12.1716,4.58739
32.6668,12.8186,4.61776
32.501,12.6008,4.60708
33.1645,13.4729,4.6528
32.9996,13.2561,4.64068
33.3276,13.6873,4.66529
33.4893,13.9,4.67816
33.651,14.1127,4.69151
33.8126,14.3251,4.70532
34.2948,14.9593,4.7494
34.4547,15.1696,4.76493
34.6143,15.3793,4.78082
35.09,16.0048,4.83025
34.932,15.797,4.81353
35.2475,16.2117,4.84717
35.7158,16.8274,4.89915
35.5604,16.6231,4.88162
35.8705,17.0308,4.91689
36.0244,17.2332,4.93484
36.1779,17.4349,4.95303
36.9346,18.43,5.04711
36.7846,18.2326,5.02782
37.084,18.6265,5.06669
37.5278,19.2101,5.12739
37.9634,19.7832,5.19101
38.1067,19.9718,5.21274
38.2491,20.1592,5.23469
38.6685,20.7112,5.30124
38.53,20.5288,5.27895
38.8062,20.8924,5.32367
38.943,21.0726,5.34628
39.0787,21.2512,5.36899
39.2129,21.4279,5.39176
39.3466,21.6039,5.41474
39.4806,21.7802,5.43806
31.5262,11.2352,4.51968
31.7874,11.577,4.53251
31.9107,11.7392,4.53917
32.2162,12.1411,4.55658
32.3784,12.3545,4.56639
32.5425,12.5705,4.57676
32.8744,13.0074,4.59914
33.0407,13.2263,4.61111
33.2054,13.4433,4.62348
33.3684,13.6579,4.63622
33.8528,14.2963,4.67697
34.0138,14.5084,4.69145
34.1743,14.72,4.70635
34.4943,15.1415,4.73739
34.8126,15.5607,4.76985
35.1289,15.9773,4.80341
34.9711,15.7694,4.78651
35.4429,16.3907,4.83778
35.2862,16.1844,4.8205
35.7541,16.8004,4.87296
36.0625,17.2065,4.90896
35.9086,17.0039,4.89085
36.2157,17.4084,4.92729
36.5203,17.8095,4.9646
36.3684,17.6095,4.94586
36.6713,18.0084,4.98351
36.8218,18.2067,5.00266
37.2693,18.7964,5.06181
37.417,18.9912,5.08217
37.8551,19.5689,5.14536
37.7102,19.3777,5.12399
37.999,19.7588,5.167
38.1421,19.9476,5.18891
38.4251,20.3213,5.23333
38.2842,20.1352,5.21104
38.5645,20.5053,5.25569
38.7028,20.6879,5.27816
38.8401,20.8694,5.3008
38.9767,21.0497,5.3236
39.5131,21.7583,5.41615
32.7082,12.7885,4.58769
33.6915,14.0837,4.66293
33.5299,13.8708,4.64933
34.3345,14.931,4.72167
34.6536,15.3514,4.75346
37.1209,18.6008,5.0418
36.9717,18.4042,5.02209
37.5641,19.1851,5.10291
32.3691,12.0274,4.48892
32.2789,12.0947,4.52458
32.4409,12.3083,4.53473
32.7702,12.7427,4.55668
32.8595,12.6764,4.52239
32.6944,12.4578,4.51069
32.6048,12.5245,4.54543
32.9363,12.9619,4.56846
33.2667,13.3982,4.59343
33.5906,13.8263,4.61991
33.4294,13.6131,4.60648
33.7519,14.0394,4.63381
34.0736,14.4647,4.66291
33.9129,14.2523,4.64815
34.2338,14.6765,4.67807
34.3937,14.8878,4.69363
34.5532,15.0985,4.70957
34.8711,15.5182,4.74247
34.7123,15.3087,4.72586
35.0293,15.7271,4.75934
35.1869,15.9352,4.77645
35.9655,16.9629,4.86486
35.8112,16.7592,4.84679
36.4246,17.569,4.92037
36.505,17.5102,4.89335
36.3529,17.3086,4.87442
35.893,16.6992,4.81892
36.1191,17.1657,4.88314
36.2721,17.3677,4.90164
36.8067,17.9101,4.93174
36.9193,17.8271,4.90198
36.7694,17.6272,4.88243
36.5762,17.7692,4.93927
36.727,17.9684,4.95835
36.8772,18.1668,4.97766
37.1758,18.5615,5.01708
37.0269,18.3646,4.99723
37.3239,18.7573,5.03722
37.4713,18.9523,5.05772
37.7638,19.3394,5.0998
37.9083,19.5309,5.12131
38.3363,20.0982,5.18747
38.1946,19.9103,5.16517
38.0519,19.7211,5.1431
38.4768,20.2846,5.20993
38.6157,20.469,5.23247
38.7536,20.652,5.25512
38.8905,20.8338,5.27794
39.0266,21.0145,5.30092
39.4281,21.5475,5.37049
39.4977,21.4975,5.347
32.21,11.8172,4.47885
32.0644,11.6247,4.46993
35.5829,16.2885,4.78288
37.6181,19.1465,5.07858
37.9846,19.4756,5.09595
37.8405,19.2837,5.0743
33.3548,13.3329,4.56042
33.6778,13.7617,4.58773
33.8386,13.9753,4.60204
34.1594,14.4013,4.63191
33.9992,14.1885,4.61677
34.4787,14.8252,4.6633
34.3193,14.6135,4.64742
34.7966,15.2467,4.69614
35.1128,15.6657,4.73018
35.7383,16.4943,4.8008
36.0469,16.9032,4.83721
36.3148,17.0216,4.82485
36.2002,17.1063,4.85571
36.6563,17.7107,4.91247
36.9566,18.1089,4.95124
37.2544,18.5042,4.99101
37.1058,18.307,4.97099
37.4021,18.7004,5.01131
37.6953,19.0903,5.05295
37.5491,18.8958,5.03195
37.6588,18.815,5.00327
38.4108,20.0443,5.1626
38.2697,19.8558,5.14013
38.9626,20.7818,5.25377
39.0643,20.7074,5.22688
39.0981,20.963,5.27692
39.4644,21.2482,5.29714
39.3323,21.0697,5.27366
32.193,11.5283,4.4264
33.151,12.8018,4.49498
33.316,13.0218,4.50828
36.6186,17.4263,4.86305
36.467,17.2243,4.84384
38.0922,19.3966,5.06776
37.9489,19.2041,5.04594
38.1276,19.6662,5.1179
38.3757,19.7781,5.11228
38.2344,19.5879,5.08987
38.5161,19.9672,5.13493
38.689,20.416,5.20794
38.5507,20.2311,5.18523
39.1989,20.8893,5.25022
32.3383,11.7211,4.43598
32.8378,12.0111,4.40746
32.9858,12.5819,4.48215
33.6552,13.1083,4.47574
34.1212,14.0977,4.58051
33.9613,13.8839,4.56524
34.2809,14.311,4.59616
34.4401,14.5238,4.61216
34.9261,14.8218,4.60453
34.7683,14.6096,4.58728
35.5439,15.9951,4.73264
35.3877,15.7871,4.7147
35.7088,15.8724,4.69468
35.5533,15.6638,4.67622
35.6995,16.2022,4.75075
36.0085,16.6138,4.78745
36.1713,16.4927,4.75095
36.0178,16.2869,4.73205
36.9286,17.509,4.84792
36.7785,17.3076,4.82817
37.0686,18.0263,4.92172
37.2174,18.2248,4.94171
37.5125,18.6191,4.98245
37.3654,18.4225,4.96195
38.6551,20.1547,5.15776
39.3408,20.7848,5.2199
32.8213,12.3629,4.46983
33.8012,13.6698,4.55039
34.6103,14.3967,4.57031
35.3972,15.4544,4.65795
35.2309,15.5783,4.69695
35.8636,16.0801,4.7133
35.8544,16.4084,4.76902
36.162,16.8181,4.80606
37.0778,17.7095,4.86784
37.8044,19.0102,5.02444
38.6642,19.8578,5.10349
33.4926,12.8895,4.46126
33.0002,12.2286,4.42019
33.3284,12.6688,4.44713
33.164,12.4482,4.43343
34.1343,13.7546,4.5213
34.2933,13.9692,4.53729
34.452,14.1833,4.55364
35.2405,15.2442,4.63989
35.0835,15.0333,4.62208
36.6276,17.105,4.80859
36.4761,16.9017,4.7892
36.3241,16.6977,4.76999
37.2264,17.9092,4.88794
37.3744,18.1084,4.90824
37.8133,18.7006,4.9706
37.6678,18.504,4.94954
38.2437,19.2845,5.03569
38.1015,19.0912,5.01368
38.3848,19.4767,5.058
38.9382,20.2328,5.14968
38.802,20.0463,5.12654
39.0733,20.418,5.17295
39.2075,20.602,5.19635
39.6038,21.1456,5.26719
37.5216,18.3067,4.92877
37.9579,18.8965,4.99199
38.525,19.6678,5.08062
39.473,20.9662,5.24353
39.7341,21.3243,5.29105
39.5959,21.4259,5.32082
35.8884,11.5896,4.30069
35.9145,11.3942,4.29696
35.7562,11.4692,4.28401
36.0231,11.4819,4.31101
36.0512,11.6362,4.31861
35.9401,11.7616,4.31212
39.6794,15.6794,4.8963
39.5357,15.5629,4.87304
39.5331,15.7252,4.87324
39.7206,15.5283,4.90123
39.6399,15.4002,4.88792
39.354,15.7032,4.84405
37.6235,13.7581,4.56518
37.6197,13.946,4.56768
37.7471,13.8822,4.5842
37.7939,13.7661,4.58973
37.4978,13.8567,4.55014
37.4721,13.9986,4.55014
38.2303,12.3067,4.62926
38.1397,12.4823,4.62484
38.2936,12.4087,4.64102
38.1033,12.3082,4.61397
37.9841,12.3748,4.60043
37.9429,12.5409,4.59915
38.9273,14.3608,4.7707
39.0684,14.249,4.79045
38.958,14.2024,4.7739
39.1181,14.3715,4.79927
39.0015,14.5198,4.78331
35.4413,13.0438,4.36803
35.6334,12.9687,4.3647
35.5199,12.8704,4.35448
35.5868,13.1309,4.377
35.7713,13.1127,4.37938
35.0771,11.0585,4.21598
34.9676,11.159,4.21595
35.1255,11.1916,4.2257
34.9963,11.0251,4.20979
33.9178,11.0665,4.19867
33.8087,11.1988,4.21537
33.9977,11.2037,4.21005
33.8327,11.0392,4.1983
33.9317,11.4131,4.23327
33.7733,11.4017,4.23864
33.6234,11.331,4.23828
33.8184,11.5601,4.25413
33.9439,11.5945,4.25217
39.6788,13.7361,4.79921
39.5869,13.7203,4.80265
39.6261,13.7937,4.80928
39.5492,13.7994,4.81152
39.4868,13.7728,4.80891
38.2708,11.4528,4.58021
38.3125,11.3922,4.57512
38.2554,11.3932,4.57507
38.3365,11.4352,4.57895
38.3375,11.4881,4.58385
38.4243,11.2644,4.55571
38.3841,11.251,4.55726
38.3899,11.2945,4.56214
38.4342,11.3009,4.55962
38.4042,11.3268,4.5651
37.7843,14.0466,4.59158
37.9138,13.8944,4.60869
36.8878,13.6231,4.47592
37.0393,13.613,4.4904
36.9006,13.4657,4.4711
36.9485,13.7535,4.48681
37.7727,14.4952,4.59858
37.8717,14.4672,4.61035
37.7496,14.3945,4.59335
37.831,14.5891,4.60797
38.2139,14.8594,4.66302
38.0571,14.8342,4.6418
38.0852,14.9882,4.64887
37.9487,14.7221,4.62562
37.9171,14.8938,4.62639
37.091,13.8213,4.50298
37.2327,13.709,4.51448
37.2292,13.886,4.51941
37.3219,14.0203,4.53363
37.3606,13.8665,4.53356
37.2826,14.1827,4.53524
37.4508,14.1649,4.5522
37.5988,14.3047,4.57301
37.434,14.3549,4.55665
37.6385,14.5298,4.58409
37.7492,14.2301,4.58986
37.6126,14.1152,4.57007
37.7294,13.6893,4.57947
37.6887,13.5949,4.57253
37.5232,13.5837,4.54875
37.4594,13.4174,4.53742
37.3515,13.5542,4.52526
37.6253,13.4395,4.56159
39.1924,16.6984,4.83097
39.2796,16.8109,4.84524
39.3601,16.6979,4.85362
39.2983,16.9218,4.85068
39.4016,16.8489,4.86252
38.8613,15.9904,4.771
39.0021,15.9864,4.79072
38.9131,15.8213,4.77562
38.9223,16.1329,4.78209
39.5317,17.0504,4.88497
39.4111,16.9892,4.86716
39.4235,17.1464,4.87312
39.2738,17.0503,4.85166
37.4258,13.7204,4.53817
38.2816,15.0405,4.67527
38.3949,15.1473,4.69252
38.4988,15.0179,4.70582
38.3908,15.2788,4.69426
38.5488,15.1902,4.71498
36.9536,13.9481,4.49581
37.8829,14.183,4.60721
37.8817,14.3242,4.6091
38.0422,14.2323,4.63071
38.286,15.1972,4.67892
38.1389,15.166,4.65995
38.2235,15.3534,4.67517
38.4602,15.6574,4.71179
38.479,15.5172,4.71071
38.3055,15.5755,4.69131
38.5517,15.78,4.72621
38.5972,15.6251,4.72842
38.3817,15.4175,4.69605
37.9924,14.567,4.62809
37.9232,15.1135,4.6342
36.7874,13.7446,4.47279
36.7627,13.5383,4.46123
38.041,15.299,4.65316
37.1556,14.009,4.51634
37.0896,14.1762,4.51762
37.7712,14.7421,4.60539
37.7337,14.9405,4.60855
37.5742,14.7548,4.58578
37.4095,14.5621,4.56251
38.1331,14.6929,4.64929
37.2434,14.3708,4.53948
39.5374,16.9174,4.88307
39.6627,16.8462,4.90062
39.5429,16.7346,4.8809
39.7014,17.0111,4.90883
38.9847,16.4666,4.79834
39.1135,16.5649,4.8173
39.1398,16.4206,4.81747
39.277,16.533,4.83877
38.0228,14.4089,4.62985
40.1252,17.888,4.98771
39.9994,17.9155,4.97066
40.0795,18.0265,4.98461
39.9001,17.8543,4.95566
39.8839,18.0119,4.95878
38.7322,15.5756,4.74626
38.7241,15.7522,4.7479
38.8285,15.4285,4.75911
38.6356,15.4679,4.73099
39.4057,16.4008,4.85593
39.2651,16.3817,4.83458
39.1856,16.2673,4.82131
38.0587,15.5217,4.66359
38.517,15.3626,4.71282
40.2569,17.8488,5.00677
40.1613,17.7377,4.99026
40.39,17.8897,5.02829
40.3663,17.7169,5.02235
38.6538,15.8962,4.74186
38.5203,15.9423,4.72739
38.7115,16.0848,4.75405
38.1524,14.515,4.64969
38.2724,14.5928,4.66815
38.322,14.4539,4.67471
38.3264,14.7246,4.67741
38.4279,14.5775,4.69185
39.0289,16.2867,4.79963
38.769,15.9129,4.75707
39.0893,16.1328,4.80539
38.3992,14.8761,4.68967
39.7516,17.6503,4.9302
39.8796,17.7205,4.94913
39.873,17.5515,4.94407
40.0142,17.7917,4.96959
40.026,17.6299,4.96794
39.7078,17.504,4.92023
39.8348,17.3779,4.93497
39.5605,17.4607,4.90011
39.5734,17.638,4.90801
39.2714,17.2708,4.85963
39.59,17.1825,4.89607
36.7525,13.9481,4.48084
36.6419,13.6083,4.45497
39.1496,16.882,4.83126
38.9908,16.6818,4.80593
37.187,13.4953,4.50347
38.4915,16.1389,4.73167
38.3345,15.9582,4.70861
37.9755,14.0635,4.61934
38.6548,16.3175,4.75559
38.8111,16.5027,4.7794
38.8513,16.3,4.7772
38.3915,15.7817,4.70768
38.1981,15.7596,4.68701
37.8687,15.3323,4.63774
36.9033,14.1524,4.50232
37.703,15.1464,4.61464
37.537,14.9583,4.59175
37.379,14.7567,4.56908
37.2143,14.5646,4.54663
37.0541,14.3613,4.5242
40.0139,18.186,4.98103
40.1263,18.2988,4.99913
40.1938,18.1621,5.00404
40.1565,18.4156,5.00705
40.2911,18.325,5.02198
37.8235,13.6307,4.59299
38.2376,14.1768,4.66016
38.1312,14.0816,4.64312
38.3862,14.1222,4.68354
38.299,13.9926,4.66916
38.5558,14.8735,4.71341
38.6486,14.9378,4.72826
38.7236,14.8043,4.73976
38.6717,15.0549,4.73248
38.801,14.9377,4.75259
40.4038,18.4839,5.04212
40.2552,18.4772,5.02179
40.2947,18.5875,5.03073
40.1355,18.5722,5.01075
38.7155,15.1714,4.73996
38.8371,15.0818,4.7588
40.5539,18.6205,5.06722
40.3978,18.6478,5.04624
40.477,18.7842,5.06135
40.281,18.7563,5.03565
37.3049,13.3761,4.51571
38.8676,15.6211,4.76666
38.9997,15.6624,4.78715
39.0072,15.503,4.7875
39.0604,15.7477,4.79717
39.1591,15.6155,4.81221
38.682,15.3034,4.73585
39.5103,16.2567,4.87127
39.3399,16.2563,4.84439
39.2563,16.117,4.83028
40.6235,18.7694,5.08122
40.7215,18.6821,5.09373
40.7347,18.8226,5.09892
37.8152,13.462,4.59052
37.5489,13.2773,4.54857
36.6137,13.4371,4.4443
36.6008,13.7576,4.46025
40.9815,19.1437,5.14412
41.0427,19.3083,5.15769
41.1372,19.2357,5.17053
41.0162,19.4565,5.15825
41.194,19.393,5.18314
38.0665,13.7944,4.63155
38.106,13.9365,4.63844
38.2525,13.7726,4.66091
37.9498,13.7191,4.61296
39.6531,17.3456,4.90868
39.7673,17.2053,4.92186
38.1958,14.3476,4.65467
40.2601,17.9953,5.00985
39.0634,15.8651,4.79853
40.3975,18.136,5.03334
38.5377,14.7235,4.7098
36.4709,13.5583,4.44067
36.7599,13.3258,4.45213
36.5604,13.9488,4.46956
36.2915,13.6242,4.43516
36.4138,13.7711,4.45066
36.1115,13.5964,4.42613
36.1875,13.8161,4.44511
39.9931,18.3851,4.9864
39.7373,17.8242,4.93424
39.1681,15.9688,4.81546
36.2607,13.4113,4.41978
39.4666,16.5617,4.86709
37.1663,13.3066,4.49643
37.0385,13.4055,4.48377
39.4077,17.4744,4.88285
39.4825,17.3154,4.88574
40.0493,17.4095,4.96801
39.094,17.0861,4.83305
37.7239,13.2968,4.57525
38.9369,16.9018,4.80901
38.7755,16.714,4.78471
36.9204,13.282,4.46693
38.6139,16.5283,4.76084
36.7091,14.1368,4.48942
38.4584,16.3337,4.73739
38.2986,16.1479,4.71429
38.1415,15.9502,4.69108
37.9945,15.7441,4.66847
37.839,15.5357,4.64525
36.8695,14.3415,4.51118
37.6724,15.3417,4.62219
37.5081,15.1522,4.59984
37.3489,14.951,4.57745
37.1894,14.7489,4.55521
37.0296,14.5456,4.53311
37.4094,13.2726,4.52829
39.838,15.6245,4.91944
37.1365,13.1273,4.48869
37.0442,13.2422,4.47991
37.0968,12.9677,4.4801
36.9708,13.081,4.46689
39.1797,15.7949,4.81623
35.9498,12.9967,4.37771
35.7988,12.8978,4.36457
35.626,13.2846,4.39055
35.8051,13.3286,4.3971
38.0039,13.3863,4.61971
37.881,13.306,4.59986
38.175,13.3163,4.64642
38.035,13.1975,4.62364
37.2864,13.1931,4.50992
37.447,13.0991,4.53145
40.8669,18.762,5.11802
40.984,18.8483,5.13832
41.0411,18.6824,5.14502
41.0282,18.9753,5.14778
41.1523,18.8552,5.16599
38.6167,14.5516,4.72182
38.7137,14.6572,4.73778
38.8084,14.5302,4.75274
38.8768,14.6615,4.76418
38.3895,14.28,4.68459
39.951,17.2238,4.95019
39.8731,17.0906,4.93632
39.9121,16.9392,4.94093
38.8464,15.2379,4.76085
39.662,16.5627,4.89759
40.8522,18.9488,5.11968
40.6301,18.9375,5.08715
37.979,13.5536,4.61661
39.7908,16.849,4.92065
38.5093,14.4228,4.70418
39.3595,17.6692,4.88676
38.4256,16.5287,4.74511
38.2698,16.3319,4.72208
36.8449,14.5257,4.52186
36.6848,14.321,4.50041
37.6405,15.537,4.63152
37.7986,15.7371,4.65394
40.4986,18.3115,5.0521
40.5654,18.451,5.06506
36.0117,13.4053,4.40868
35.9442,13.5864,4.42083
35.9711,13.1872,4.39157
40.76,19.138,5.11164
40.5523,19.1408,5.08474
40.6915,19.3221,5.10971
40.8844,19.3125,5.13479
40.8342,19.4889,5.13484
41.0025,19.6558,5.16372
35.9712,13.7476,4.43463
38.1103,13.6494,4.63779
36.3683,13.9798,4.46331
36.6064,13.2625,4.43562
36.4666,13.3169,4.42719
40.4161,18.9555,5.06027
39.7485,16.7178,4.91269
37.6515,13.1265,4.56273
41.1856,19.0697,5.17505
37.8355,13.1526,4.59179
36.3195,13.1525,4.40816
39.8237,18.2125,4.96001
40.3961,18.0007,5.03086
40.2133,17.5611,4.9959
39.6689,18.035,4.93543
39.5156,17.8512,4.91104
39.3205,15.9859,4.83956
39.4384,16.0847,4.85892
39.5807,16.4071,4.88347
38.1133,16.1343,4.69921
37.9562,15.9362,4.6765
37.482,15.3364,4.60927
37.3231,15.1352,4.5872
39.2046,17.4846,4.86279
36.8285,13.1567,4.45297
36.5291,14.1518,4.48189
39.0503,17.2934,4.83881
38.894,17.1023,4.81495
38.7401,16.9086,4.79144
39.2935,15.8709,4.83474
38.5808,16.724,4.76827
37.164,14.9331,4.56527
37.0046,14.7297,4.54348
37.7772,12.9717,4.58107
40.7072,18.5114,5.08822
40.8673,18.5877,5.11512
38.3487,13.2677,4.67276
38.218,13.1632,4.65182
38.4767,13.1726,4.68985
38.3608,13.0527,4.67113
39.0068,15.3216,4.78679
39.1786,15.4081,4.81487
40.5448,17.9693,5.05428
36.6924,13.1273,4.43798
36.8024,12.9597,4.44383
39.452,15.8792,4.86046
39.9453,16.7445,4.94483
36.5123,13.0951,4.42013
38.512,14.1467,4.70379
38.5057,14.007,4.70227
38.5956,14.2553,4.71758
38.6831,14.069,4.73078
39.0043,15.1378,4.78598
40.6803,18.3336,5.08106
37.8759,12.6842,4.59233
37.7777,12.5768,4.5754
37.7211,12.7733,4.56993
38.0273,12.6754,4.61466
39.5772,15.9725,4.88112
39.6268,16.1037,4.88959
39.7358,15.9561,4.90673
38.9371,14.8062,4.77435
39.1559,14.8254,4.80935
39.0725,14.6592,4.79528
38.9848,14.9665,4.78246
39.7832,16.4062,4.91633
37.2546,12.9782,4.50187
38.1382,13.4826,4.64145
38.4764,13.8205,4.69681
39.8789,16.5616,4.93281
40.149,17.2185,4.98191
40.5012,19.3284,5.08796
37.9666,12.9994,4.61114
40.6229,18.1521,5.06924
39.1614,17.6772,4.86978
39.0093,17.4865,4.84636
36.8197,14.7097,4.53396
36.6601,14.505,4.5128
37.1381,15.1171,4.57678
37.2969,15.3192,4.59841
38.4254,13.6275,4.68769
35.8108,13.5165,4.41266
36.13,13.0483,4.3903
37.5891,12.9347,4.55118
37.9104,12.826,4.60006
41.2991,19.2439,5.19688
39.1807,15.2125,4.81481
36.1386,13.241,4.4027
40.1245,16.882,4.97514
39.349,15.4983,4.84279
40.8543,18.3935,5.11025
39.6994,16.2506,4.90196
40.7915,19.6738,5.13848
36.1724,14.0503,4.46356
35.9832,13.9429,4.45164
40.5212,17.8018,5.04854
37.4176,12.868,4.5241
38.7089,14.3929,4.73626
35.7989,13.6935,4.42794
39.3127,17.8656,4.89327
40.04,17.0656,4.96278
38.8564,17.2944,4.82306
38.7033,17.1015,4.79995
40.2757,17.3697,5.00402
40.3554,19.1466,5.06272
40.2187,18.9587,5.03845
40.0709,18.7765,5.01369
38.2401,16.5157,4.73148
38.0844,16.3181,4.70892
39.922,18.5976,4.98935
40.4176,17.5077,5.02861
39.7731,18.413,4.96506
37.6134,15.721,4.64215
37.4554,15.5203,4.62019
39.6204,18.2298,4.94082
39.4702,18.0444,4.91701
38.5495,16.9077,4.77701
38.3951,16.7124,4.75418
36.5056,14.337,4.49488
36.346,14.1874,4.47862
37.9279,16.1201,4.68652
37.7709,15.921,4.66426
36.9791,14.9138,4.55528
40.5978,17.6315,5.05942
40.6465,19.4969,5.11283
37.5408,12.7683,4.54172
40.158,16.5426,4.97761
40.0336,16.493,4.95748
40.0276,16.6079,4.95734
40.2739,16.478,4.99437
40.1533,16.3532,4.97477
36.6331,12.9713,4.42627
36.9727,12.8693,4.46181
38.4034,13.4477,4.6829
38.2712,13.5683,4.66299
39.0884,14.1004,4.79061
40.1459,16.6971,4.97713
41.0384,18.4717,5.14166
41.4403,18.7926,5.21228
41.3051,18.7814,5.19014
41.3262,18.9227,5.19588
41.2281,18.6774,5.17587
35.9498,12.8155,4.3661
35.8342,12.7075,4.35336
37.2798,12.7885,4.50248
40.3477,17.1968,5.01427
40.2385,17.0529,4.99515
40.3119,16.9171,5.00575
36.5035,12.8932,4.41073
39.3689,15.2976,4.84536
39.4897,15.4098,4.865
39.5606,15.2688,4.87475
40.8401,18.1759,5.10521
39.1605,15.0224,4.81102
39.1871,14.518,4.81116
39.2555,14.6629,4.82292
39.9252,16.2464,4.93847
38.537,13.3201,4.70096
38.2717,13.4178,4.66224
40.7619,17.9925,5.09023
39.8379,15.7963,4.92152
39.6371,15.8294,4.89036
38.6504,13.8849,4.72448
35.6399,13.4649,4.40653
36.061,12.8907,4.37691
38.0914,12.843,4.62772
40.4572,19.5119,5.09422
38.3636,16.896,4.76484
38.2094,16.6993,4.74243
39.2764,18.0492,4.902
36.9531,15.0976,4.56852
36.7942,14.8936,4.54746
37.4282,15.7042,4.6326
38.5172,17.0912,4.78736
38.6702,17.2851,4.81001
39.5763,18.4214,4.94877
36.8364,12.7432,4.44164
35.4506,13.2461,4.38621
35.2377,13.0033,4.36422
35.2727,13.2037,4.38313
36.1897,12.8661,4.38384
38.7952,14.2282,4.74929
39.9528,16.4087,4.94393
41.3921,19.0884,5.20954
41.167,18.5589,5.16407
35.7948,13.8729,4.44438
36.3895,12.9897,4.4051
36.2748,12.9772,4.39573
40.7171,17.8015,5.08076
37.5948,12.6041,4.54781
38.1623,13.0155,4.64138
39.8138,16.1027,4.91991
40.6014,19.6822,5.1188
40.4701,17.3335,5.03555
40.3133,19.3302,5.0693
40.1678,19.1475,5.04456
41.0163,18.2752,5.13544
40.0205,18.9695,5.02034
38.0545,16.5018,4.72016
37.7425,16.1047,4.6761
37.8988,16.3038,4.69807
39.8728,18.7892,4.99632
39.725,18.6058,4.97244
39.3239,15.1033,4.83729
37.1331,12.8152,4.482
36.6349,14.6889,4.52657
36.4831,14.5157,4.5087
36.3323,14.362,4.4928
38.5623,13.5023,4.70734
35.6345,13.6437,4.423
39.1259,17.8607,4.87886
40.7422,19.8669,5.14429
38.9749,17.6701,4.8558
38.823,17.478,4.83283
40.6119,17.4365,5.05956
40.2995,16.7827,5.00233
36.1692,14.2553,4.48126
35.9822,14.1677,4.4722
37.394,12.6429,4.51742
37.5856,15.9047,4.65427
37.2702,15.503,4.6111
36.6547,12.7811,4.42183
37.1118,15.3009,4.58975
38.6726,13.404,4.72119
38.7397,13.5479,4.73313
38.7118,13.2631,4.72278
38.9795,13.6146,4.76474
38.9267,13.729,4.76157
39.0732,13.6907,4.7775
38.8602,13.6288,4.75074
38.5917,13.1858,4.7056
39.4321,14.8585,4.85086
39.4579,14.9836,4.85633
39.5759,14.861,4.86996
39.3336,14.7815,4.83577
39.3106,14.9291,4.83396
41.3093,18.5344,5.1867
41.2181,18.4285,5.17038
41.1436,18.3313,5.15689
36.3453,12.8294,4.39399
38.5965,13.6664,4.71432
38.6199,13.7756,4.7189
38.7566,13.7305,4.73859
36.2395,12.724,4.3804
36.0953,12.7257,4.36979
36.218,12.5629,4.37113
39.227,14.2139,4.81085
37.9992,12.2066,4.59698
37.8454,12.281,4.57841
38.0445,12.0476,4.59664
37.8694,12.0746,4.57557
39.9179,15.9544,4.93511
36.9478,12.4634,4.4495
36.8507,12.5838,4.43937
37.0033,12.655,4.46105
36.7351,12.6216,4.42608
36.0567,12.5319,4.35688
35.9679,12.6648,4.35812
41.3752,18.3847,5.19369
38.9053,14.0714,4.76463
41.0367,18.107,5.13639
38.8277,13.3921,4.7404
37.1998,12.6381,4.48835
38.3024,12.8371,4.65772
39.4938,15.1365,4.86344
35.6526,12.7547,4.34909
35.4619,13.4265,4.40308
40.0329,15.819,4.94957
40.9228,18.0179,5.11684
40.916,17.8669,5.11367
41.492,19.2343,5.22869
41.5774,19.0917,5.24007
41.3988,18.6471,5.20292
38.204,12.6761,4.63963
40.4117,19.6952,5.10265
39.9793,19.1534,5.02956
38.3312,17.0793,4.77709
38.1778,16.8827,4.75495
36.7682,15.0774,4.56233
36.6093,14.8727,4.54169
39.5375,18.6048,4.95871
38.7884,17.6613,4.84424
38.9392,17.8533,4.86688
39.4266,18.2351,4.92524
39.0894,18.044,4.88964
39.2394,18.2326,4.91251
35.1328,12.6964,4.33617
35.0942,12.8851,4.35413
35.2724,12.7936,4.34508
35.0561,13.0443,4.37048
37.847,12.4348,4.5826
36.563,12.5572,4.40444
39.9783,16.0838,4.94549
35.3878,12.883,4.35365
40.4465,17.0173,5.02815
40.4506,16.8508,5.02636
38.861,13.8932,4.75584
40.5469,17.1704,5.04586
40.6545,17.2859,5.06418
40.7628,17.495,5.08413
40.2689,19.5136,5.07795
40.1251,19.3316,5.0535
36.3114,14.5267,4.50706
36.1886,14.4083,4.49532
35.7872,14.0784,4.46433
37.7133,16.2883,4.68944
37.5571,16.0883,4.66787
37.4003,15.8878,4.64647
38.0237,16.6852,4.73296
37.8688,16.4872,4.71114
39.8324,18.9728,5.00577
39.389,18.4187,4.93548
36.9268,15.2813,4.58314
36.4558,14.6847,4.52285
41.1714,18.1936,5.15895
40.8793,17.7316,5.10588
36.4839,12.7314,4.40245
41.5092,18.9321,5.22597
38.6366,17.4685,4.82172
38.484,17.2746,4.79934
37.685,12.4003,4.55786
35.4572,13.606,4.42072
35.6181,13.824,4.44062
37.2429,15.6867,4.62523
37.085,15.4846,4.60412
40.8014,17.6304,5.09219
40.5542,19.8669,5.12694
40.6964,20.0499,5.15235
40.108,16.1454,4.96541
40.3422,16.2673,4.99953
40.3303,16.3873,5.00071
40.4735,16.3537,5.01774
40.2501,16.1867,4.98579
41.5261,18.5722,5.22032
41.4541,18.4933,5.20788
41.6424,18.5799,5.23627
41.5916,18.466,5.22569
40.4089,16.4845,5.01341
40.4924,16.58,5.02669
40.5516,16.4684,5.03039
40.4585,16.7123,5.02506
40.5998,16.648,5.042
40.809,17.237,5.08567
40.7249,17.1451,5.07184
40.9028,17.2914,5.0996
40.9255,17.1926,5.09905
41.0144,17.4103,5.11736
40.8919,17.3987,5.10111
40.9095,17.5119,5.10628
40.7714,17.3582,5.08303
38.1602,12.16,4.61478
38.3737,12.3008,4.64413
41.0587,17.955,5.13728
41.0671,17.8391,5.13622
41.2135,18.0322,5.16178
41.0089,17.7359,5.12552
40.9535,17.6234,5.11506
39.8573,15.4959,4.91993
39.9618,15.5443,4.93439
39.9636,15.3978,4.93048
40.7026,16.7933,5.05892
40.5853,16.7706,5.04373
40.594,16.8975,5.04798
41.1848,17.888,5.15403
41.3254,17.9254,5.17314
38.8989,13.5222,4.75265
39.0269,13.5238,4.76646
40.1094,15.9685,4.9627
39.6349,15.1379,4.88345
39.6069,15.0094,4.87724
39.7369,15.2306,4.89877
39.7733,15.0282,4.89776
38.3499,12.6724,4.65857
38.3103,12.5373,4.64845
38.4645,12.724,4.67435
38.467,12.5564,4.6669
35.4562,12.7052,4.34001
34.5259,12.6211,4.34107
34.5514,12.751,4.35455
34.6791,12.5996,4.33354
34.4032,12.5612,4.33957
34.3952,12.723,4.35869
41.5418,18.6804,5.22547
36.3694,12.6288,4.38744
40.3212,16.6164,5.00344
39.3908,14.5154,4.83852
38.5682,13.0493,4.69878
38.679,13.1303,4.71481
35.5824,12.5715,4.33351
35.4517,12.4825,4.32281
37.1045,12.4954,4.4721
37.0914,12.3117,4.4669
35.7302,12.5512,4.33825
37.2721,12.4403,4.49584
39.3931,14.6685,4.84219
39.4751,14.7516,4.85467
41.0944,17.6258,5.1344
39.0338,13.9511,4.78034
36.7514,12.4362,4.4231
35.2834,13.391,4.40162
41.5612,18.7919,5.2311
41.6726,18.9666,5.2522
38.4898,12.8868,4.68367
39.9362,19.3369,5.0408
40.0803,19.5153,5.06452
39.7909,19.1562,5.0172
38.4503,17.4577,4.81294
37.6832,16.4716,4.70426
37.5278,16.2717,4.68294
36.2798,14.6886,4.52208
36.1398,14.5486,4.50867
37.9919,16.8684,4.74728
39.6851,18.7894,4.98211
39.3499,18.602,4.9475
39.4974,18.7881,4.9705
40.2231,19.6967,5.08876
40.3645,19.8781,5.11325
34.938,12.784,4.34644
34.729,12.7648,4.34955
34.7539,12.9438,4.36813
35.0209,12.6099,4.32862
34.8656,12.6,4.32941
35.2946,12.598,4.32855
39.9799,15.6765,4.93971
39.2905,14.3723,4.82257
41.2805,18.285,5.17738
39.0381,13.8164,4.77753
40.2486,16.0507,4.98241
35.0908,13.1832,4.38401
35.1542,12.514,4.32004
40.6463,17.024,5.05808
37.4769,12.4426,4.52704
40.5075,20.0512,5.13749
39.803,15.3847,4.91056
38.2979,17.2624,4.79092
35.1017,13.3605,4.40243
34.9188,12.9911,4.3681
34.9196,13.1624,4.38644
35.5994,14.0145,4.46038
37.0577,15.6681,4.61992
36.8999,15.4649,4.59917
35.8957,12.5285,4.34585
36.7418,15.2609,4.57858
36.5833,15.0563,4.55816
35.9988,14.3911,4.49381
37.3717,16.0712,4.66179
37.215,15.8701,4.64079
37.8379,16.6705,4.7257
39.6445,18.9727,4.99372
39.2015,18.4158,4.9248
39.0523,18.2271,4.90216
36.4281,14.8611,4.5389
38.9026,18.0364,4.87965
38.7526,17.8444,4.85728
38.6019,17.6516,4.83506
38.3726,11.3941,4.57412
38.223,11.3582,4.57175
38.1672,11.3419,4.56914
38.1893,11.4147,4.57513
38.2198,11.3004,4.567
39.1776,13.7586,4.79047
39.2866,13.7173,4.79705
39.2145,13.6251,4.78706
39.3962,13.7327,4.80359
39.3502,13.6414,4.79534
40.6149,16.5503,5.04028
40.6835,16.4695,5.04324
39.0889,13.5958,4.77535
40.6826,16.6982,5.0532
40.7859,16.6966,5.06337
40.7397,16.5824,5.05366
40.8693,17.1179,5.08979
41.004,17.0962,5.10285
40.9908,17.3256,5.11154
41.0976,17.3144,5.12241
41.0351,17.2191,5.11182
41.3642,18.0276,5.18161
41.4633,18.0867,5.19538
41.4841,17.9562,5.19096
39.2478,13.926,4.80397
39.1568,13.8759,4.79284
39.1588,13.9776,4.7963
39.3672,13.9162,4.81353
39.2905,13.8248,4.80313
39.4193,14.364,4.83746
39.5199,14.4046,4.84911
39.5217,14.2729,4.84336
39.6253,14.7161,4.87138
39.516,14.6243,4.85639
39.5463,14.509,4.85576
41.7758,18.8352,5.26271
41.6398,18.8469,5.2442
41.3241,18.1423,5.18013
39.2605,14.0375,4.80941
40.2722,15.909,4.98079
41.5241,18.3554,5.21322
38.8789,13.2442,4.74059
40.8212,17.0093,5.0803
40.399,16.1172,5.00145
40.4609,16.2297,5.01199
38.7334,13.0184,4.7164
36.8906,12.2703,4.43766
35.7214,12.2265,4.31794
35.856,12.1772,4.32413
35.7225,12.0274,4.30699
35.7988,12.3707,4.33089
34.5732,12.4753,4.3236
41.1712,17.7425,5.14787
41.3,17.8073,5.16552
41.6804,18.7167,5.24601
35.0064,12.4554,4.31451
36.4496,11.9454,4.3729
36.4825,12.0882,4.3808
36.6209,12.0295,4.39641
36.4368,12.2167,4.37941
36.5657,12.1771,4.39327
37.14,12.1304,4.47088
36.9926,12.1135,4.44904
37.2571,12.0415,4.48674
37.0939,11.9415,4.46082
36.1735,12.3758,4.359
36.3717,12.4119,4.37923
35.3,12.3957,4.31236
35.4513,12.2831,4.30848
35.3015,12.2042,4.29789
39.6835,14.5636,4.87033
38.981,13.4273,4.75808
35.1547,12.3338,4.30489
35.617,12.3738,4.32145
41.0475,17.511,5.12481
38.2082,11.8438,4.60352
38.1465,11.7654,4.59401
38.0781,11.8236,4.59055
38.2138,11.7025,4.59549
38.0779,11.7004,4.58462
40.0572,15.4738,4.943
40.0846,15.5746,4.9494
37.528,12.2589,4.53143
38.0969,11.9271,4.5973
38.1791,11.9958,4.60903
37.9809,11.9218,4.58416
38.2829,11.9407,4.61523
38.4155,17.6406,4.82813
38.2641,17.4453,4.80634
40.0341,19.6986,5.07768
37.0297,15.8514,4.63712
36.8726,15.6482,4.61659
38.1452,17.0658,4.76902
37.8061,16.8535,4.74178
36.4017,15.043,4.5568
36.5569,15.2397,4.57599
39.3096,18.785,4.96137
39.4565,18.971,4.98422
38.8653,18.2192,4.89411
39.0142,18.4099,4.91642
35.9893,12.3337,4.34188
38.4144,12.4167,4.65435
37.257,12.2287,4.49
38.2911,12.054,4.62265
39.3681,14.1193,4.82321
38.5911,12.6314,4.68294
38.6016,12.7665,4.69115
40.1298,15.6947,4.95827
40.745,16.9044,5.0677
39.6986,14.9104,4.88577
34.8011,12.3905,4.30996
38.806,13.1328,4.72873
38.6543,12.8992,4.70289
41.8281,18.9883,5.27511
38.9554,13.3284,4.75145
34.6116,12.3151,4.30596
39.9099,15.2407,4.9195
39.8572,15.1256,4.90997
40.1929,15.8136,4.96904
40.3792,15.9749,4.9939
37.3854,12.3019,4.51067
37.6931,12.1786,4.554
39.8912,19.52,5.05411
39.6026,19.1557,5.00732
39.7475,19.3391,5.03066
34.5685,12.9156,4.37261
39.1622,18.5987,4.93884
40.457,20.2348,5.15009
40.3172,20.0608,5.12615
38.7158,18.0272,4.87196
40.5945,20.4148,5.17473
40.6465,20.2325,5.16242
38.566,17.8344,4.84999
38.1119,17.2487,4.78465
36.5742,12.3379,4.39886
36.7091,12.2178,4.41228
35.4423,13.783,4.43913
35.4182,13.9664,4.45953
35.2722,13.5749,4.42093
35.0894,13.5442,4.42298
36.7149,15.4443,4.5962
34.751,13.1262,4.3887
36.112,14.7168,4.52587
35.9604,14.6002,4.51583
35.7823,14.2876,4.48581
35.5845,14.2066,4.48145
37.4976,16.4548,4.69947
37.3423,16.2544,4.67854
37.1863,16.0534,4.65777
37.9593,17.0514,4.76313
37.6522,16.6546,4.72056
36.2515,14.8611,4.53933
39.7245,14.7909,4.88413
41.4525,18.2292,5.19974
38.3196,12.1815,4.63243
38.3721,10.984,4.52128
38.3685,10.974,4.52023
38.3528,10.985,4.52426
38.3826,10.9746,4.51804
38.3279,10.9824,4.52706
38.3351,10.9998,4.52869
38.3336,11.0165,4.53123
38.3509,11.0082,4.52797
38.3215,11.0359,4.53513
38.3379,11.0542,4.53594
38.3489,11.0321,4.53167
38.3456,11.0806,4.53872
38.3599,11.0554,4.53372
38.3277,11.1584,4.54999
38.3585,11.1463,4.54614
38.3199,11.1126,4.54502
38.3137,11.1937,4.55489
38.355,11.1843,4.5512
38.334,11.2822,4.56362
38.2761,11.2818,4.56516
38.2827,11.3368,4.57023
38.244,11.2463,4.56225
38.2769,11.5234,4.586
38.0469,11.4026,4.56676
38.0118,11.4713,4.56767
38.1091,11.4523,4.57364
37.9704,11.3774,4.55974
40.3979,15.6367,4.97619
40.4472,15.6881,4.98159
40.4908,15.6217,4.97674
40.4457,15.7665,4.98713
40.5232,15.6954,4.98342
38.1918,11.5097,4.58181
38.1008,11.5259,4.57734
38.1462,11.604,4.58498
40.9344,16.9503,5.0892
40.8818,16.8799,5.081
41.0145,16.8687,5.08961
40.0171,15.1743,4.92648
40.1008,15.1679,4.93148
40.0773,15.0843,4.92493
40.05,15.2601,4.93328
40.5359,16.1549,5.0155
40.5752,16.2581,5.02377
40.6689,16.1688,5.02423
41.1751,17.5108,5.13932
41.1382,17.4097,5.13093
41.2703,17.5114,5.14797
41.2646,17.4146,5.14152
41.2295,17.6078,5.14929
41.3249,17.6847,5.16222
41.3542,17.5583,5.15679
41.803,18.7078,5.26068
41.771,18.5973,5.25194
41.8964,18.7466,5.27226
41.8975,18.6202,5.26462
38.6086,12.5041,4.6765
38.6998,12.5641,4.68682
38.7065,12.4749,4.68028
38.7058,12.6738,4.69489
38.8139,12.601,4.69527
39.1453,13.5202,4.77645
39.0897,13.4473,4.76848
39.0856,13.3425,4.76246
38.4088,12.0832,4.63363
38.5468,12.4062,4.66539
40.9318,17.0275,5.0928
38.8147,12.8893,4.71673
39.9215,15.0191,4.9114
40.166,15.4769,4.953
40.3285,15.7928,4.98126
36.8166,12.076,4.42351
40.52,16.0706,5.00989
37.3932,12.1391,4.50887
35.0021,12.1041,4.28412
35.1531,12.1441,4.28969
35.1288,11.9449,4.27402
34.8769,12.2107,4.2927
35.0011,12.2742,4.29847
34.4184,12.364,4.31696
34.3413,12.2122,4.30336
34.2269,12.3304,4.32154
34.1719,11.9783,4.28454
34.0121,11.9149,4.28466
34.0315,12.1015,4.30516
33.86,11.8477,4.285
33.8692,12.0402,4.30745
34.2436,12.5031,4.34081
34.0493,12.2835,4.32573
34.0676,12.4579,4.34588
36.2779,12.2256,4.36284
36.3514,12.0741,4.36534
36.1176,12.195,4.3463
39.2046,13.4182,4.77382
34.9169,13.3349,4.40573
38.3554,11.117,4.5426
38.3475,11.1022,4.5414
38.2647,11.1981,4.55725
38.2967,11.2381,4.56034
38.3477,11.2268,4.55677
38.2496,11.5951,4.59038
38.3447,11.5646,4.5907
38.3556,11.3413,4.56911
38.3232,11.7569,4.60544
38.325,11.6564,4.59786
38.3964,11.9632,4.62438
38.4544,12.1877,4.64394
40.1242,15.3611,4.944
40.2136,15.5813,4.96185
39.3868,14.0135,4.82002
39.388,14.2487,4.83015
39.483,14.1525,4.83433
39.016,13.2315,4.75146
38.9616,13.1204,4.74128
41.6615,18.3464,5.22822
41.7369,18.4609,5.2415
38.0352,11.5791,4.5749
39.6455,14.4274,4.86045
39.6078,14.3365,4.85291
40.4825,16.0022,5.00355
37.6975,11.977,4.54943
37.9594,11.7795,4.57607
37.8376,11.8788,4.56511
40.2664,20.243,5.14115
40.1757,19.8795,5.10173
39.8447,19.7027,5.06958
39.4144,19.1537,4.99994
39.2686,18.9678,4.97719
40.8289,16.7918,5.07189
37.3121,16.4373,4.69674
38.8271,18.4018,4.9103
38.6784,18.2098,4.88833
36.0839,14.8764,4.54332
35.9677,14.7552,4.53251
38.2291,17.6279,4.82335
38.3794,17.8231,4.84491
41.5714,18.1335,5.20845
40.4001,15.8621,4.99022
41.6034,18.2416,5.21718
40.6239,16.3685,5.03324
39.9626,15.1089,4.91903
40.2815,15.6894,4.9725
39.8129,14.8626,4.89513
38.8786,13.0098,4.72879
39.7667,14.6728,4.88211
41.4187,17.8396,5.17884
38.5014,12.2972,4.65473
41.918,18.8646,5.2807
41.973,18.9674,5.29174
38.3499,11.8544,4.6139
34.2368,12.6781,4.36229
38.737,12.7862,4.70442
41.3887,17.7556,5.1716
37.5404,12.0651,4.52918
36.9122,11.9251,4.43411
34.5182,12.1498,4.29144
34.7269,12.1906,4.29179
39.5589,19.3383,5.02295
39.1219,18.7813,4.95475
39.9865,19.8815,5.09304
39.7022,19.5217,5.04621
34.5792,13.09,4.39264
34.4009,12.8847,4.37772
38.9748,18.5924,4.93245
40.5404,20.5967,5.18933
40.4044,20.4178,5.16495
38.5291,18.017,4.86654
40.1278,20.0621,5.11699
35.9917,12.1347,4.33267
38.0779,17.4314,4.80186
37.9259,17.2341,4.78053
35.2583,13.7552,4.44093
35.3938,14.1496,4.48116
35.0744,13.7266,4.44452
36.8446,15.8313,4.63539
36.6876,15.6274,4.61519
36.53,15.4229,4.59516
35.5891,12.1683,4.30707
35.7763,14.503,4.50924
35.7818,14.727,4.53462
35.5701,14.4006,4.50392
37.4666,16.6377,4.71746
37.1569,16.2364,4.67618
37.001,16.0344,4.65573
37.7734,17.0362,4.75937
37.6204,16.8374,4.73835
34.7442,13.3041,4.40978
36.372,15.2174,4.57527
36.2246,15.0392,4.5584
39.9083,14.9111,4.90481
39.474,14.0498,4.82804
38.3794,10.9374,4.51221
38.3874,10.9359,4.51041
38.3827,10.9289,4.51006
38.3713,10.9452,4.51502
38.3858,10.9459,4.51251
38.3466,10.9559,4.52063
38.342,10.9699,4.52343
38.358,10.9663,4.5206
38.3394,10.9445,4.51992
38.3263,10.9579,4.5237
38.4227,11.0296,4.52042
38.4109,11.0378,4.52388
38.4252,11.0441,4.52249
38.3942,11.0386,4.52664
38.4071,11.0541,4.52717
38.3938,11.068,4.53128
38.3943,11.0861,4.53396
38.4127,11.0742,4.52953
38.3832,11.0545,4.53067
38.3745,11.0739,4.53464
38.3689,11.0172,4.52694
38.3691,10.9982,4.52397
38.3702,11.0988,4.53866
38.3737,11.0366,4.52924
38.381,11.125,4.54112
38.3148,11.0668,4.53973
38.2858,11.0779,4.54326
38.2857,11.0386,4.53855
38.3836,11.1725,4.54729
38.3911,11.2067,4.55111
38.418,11.1745,4.54399
38.4669,11.2722,4.5524
38.4576,11.235,4.54808
38.3953,11.1506,4.54314
38.4015,11.3587,4.569
38.4257,11.3907,4.5714
38.4458,11.3434,4.56417
38.2115,11.2026,4.55856
38.4011,11.5092,4.58528
38.4193,11.5609,4.59019
38.466,11.5266,4.58511
38.4086,11.6194,4.59601
38.4763,11.5851,4.59129
38.1041,11.3065,4.56431
38.1078,11.3757,4.56891
38.0316,11.3305,4.56177
38.1589,11.2888,4.565
41.884,18.3327,5.24118
41.8807,18.2572,5.23378
41.8229,18.2776,5.23454
41.9132,18.2028,5.22748
41.835,18.2125,5.22889
41.6006,17.9606,5.19944
41.5827,17.9039,5.19426
41.6674,17.9103,5.19757
41.5756,18.0341,5.20292
41.6497,18.0754,5.21056
41.6847,17.9929,5.20546
41.6803,18.1479,5.21757
41.7502,18.0638,5.21338
38.7854,12.501,4.68545
38.8586,12.438,4.67973
38.7695,12.4102,4.67651
38.4278,11.7799,4.61085
40.4909,15.8324,4.99356
40.5484,15.7695,4.99007
39.5676,13.8634,4.81737
39.4767,13.8534,4.81513
39.4872,13.9439,4.82202
39.4044,13.8207,4.81001
39.6994,14.3295,4.85734
39.7417,14.3898,4.8632
39.7953,14.3307,4.85966
39.7421,14.4571,4.86784
39.8265,14.4044,4.86628
40.7997,16.4662,5.05074
40.8555,16.529,5.05773
40.9123,16.4452,5.05212
40.8691,16.6076,5.06394
40.9436,16.5317,5.06024
40.6313,15.925,5.00421
40.5489,15.9384,5.00328
40.5745,16.0026,5.00879
40.4777,15.91,4.99794
39.5559,13.9985,4.82839
39.6038,13.9338,4.82376
39.5695,14.0701,4.83409
39.6401,14.0021,4.82995
39.8303,14.5825,4.88018
39.8713,14.6501,4.88652
39.9298,14.588,4.88298
39.8445,14.7403,4.89101
39.9683,14.6724,4.89058
38.9769,12.7092,4.70844
38.8889,12.7293,4.70893
38.9145,12.8014,4.71595
38.8127,12.7053,4.70377
38.8331,12.7834,4.71075
41.4867,17.7489,5.1778
41.422,17.6927,5.17011
41.4145,17.6265,5.16504
39.0586,13.0573,4.74188
39.0851,13.1389,4.74913
39.1491,13.0561,4.74338
39.0037,12.9957,4.73504
39.2473,13.5115,4.78208
39.3285,13.5471,4.78759
39.3295,13.4402,4.77882
39.924,14.7938,4.8986
39.9895,14.8395,4.90437
40.0228,14.7553,4.89819
38.4823,12.0157,4.63263
38.5244,12.0924,4.64068
38.5817,12.0042,4.63407
40.3789,15.7166,4.98056
38.3953,11.4435,4.57861
40.2408,15.3864,4.95248
40.2809,15.4788,4.96044
40.3533,15.3912,4.95579
39.6526,14.2485,4.84984
40.015,15.0211,4.91774
40.9537,16.7789,5.08016
41.186,17.2082,5.12273
38.6691,12.3955,4.67207
42.0409,18.8739,5.29228
37.9382,11.6413,4.56823
41.0213,16.9785,5.09741
41.5313,17.8427,5.18705
40.2278,15.3038,4.94621
37.4003,11.9503,4.50626
41.7367,18.2445,5.22786
41.7804,18.3456,5.23777
35.5734,12.0079,4.29662
35.6316,11.8858,4.29337
35.4489,12.0907,4.29542
36.0939,12.0172,4.33682
37.9366,11.5319,4.56359
34.8567,12.0622,4.27958
34.9745,11.9649,4.27244
34.3361,12.0499,4.28624
38.3872,11.0222,4.52509
38.3845,11.0058,4.52288
38.1853,11.2471,4.56227
38.2863,11.1539,4.55183
38.2304,11.1508,4.55346
38.3996,11.108,4.53653
38.2632,11.11,4.54815
38.1616,11.2062,4.55869
38.1749,11.1625,4.55516
40.7498,16.3779,5.04226
41.8598,18.5083,5.25434
40.1851,15.219,4.9386
37.6928,11.7992,4.54391
39.1368,13.2308,4.75783
41.338,17.4648,5.14925
39.6021,14.1594,4.84162
41.8411,18.412,5.2462
38.5901,12.1813,4.65072
40.2136,20.4246,5.15843
39.2262,19.1501,4.99501
38.4576,11.8615,4.61871
36.6596,15.8104,4.63558
35.9171,14.895,4.54975
38.6401,18.3921,4.90643
38.7876,18.584,4.92829
38.0429,17.6138,4.82064
38.193,17.8102,4.84193
39.6555,19.7038,5.06395
39.797,19.885,5.08727
40.6128,16.0779,5.01559
37.2552,11.8471,4.48299
37.1086,11.7327,4.45955
41.9918,18.6766,5.2747
42.008,18.7757,5.2831
38.962,12.8982,4.72567
41.1266,17.1195,5.11322
41.115,17.018,5.1053
38.6283,12.2971,4.6621
41.2216,17.3136,5.13208
34.1977,12.1615,4.30374
33.8804,12.2324,4.33043
35.3022,12.0135,4.28434
40.7047,16.2785,5.03335
34.6925,11.973,4.27194
35.9139,11.9605,4.31827
37.5521,11.8658,4.52633
37.8207,11.7134,4.55755
33.8917,12.4164,4.35306
34.1362,11.7918,4.26582
34.0701,12.6307,4.36745
36.7419,11.883,4.4094
37.5876,17.02,4.75765
37.4347,16.8203,4.73694
37.2811,16.62,4.7164
37.1267,16.4191,4.69602
39.0806,18.9635,4.97261
38.9343,18.7746,4.95035
39.9381,20.064,5.11067
39.5135,19.5204,5.04072
39.3705,19.3359,5.01774
38.4916,18.1993,4.88478
40.3498,20.6001,5.18212
40.0766,20.244,5.13441
38.3425,18.0054,4.86331
34.2319,12.8486,4.38389
34.4912,11.9031,4.26764
37.8919,17.4166,4.79948
37.74,17.2187,4.7785
35.2342,13.9384,4.46271
35.2098,14.1215,4.48578
35.0503,13.9097,4.46773
34.9146,13.5142,4.42657
34.731,13.4843,4.43242
36.5027,15.6058,4.61571
36.3452,15.4004,4.59599
36.1904,15.2024,4.57728
36.0481,15.0343,4.5619
36.9716,16.2172,4.67577
36.8159,16.0141,4.6556
39.8139,14.4943,4.87324
38.411,11.6967,4.60317
40.3347,15.5675,4.96881
38.509,11.9376,4.62668
40.9086,16.693,5.07186
34.5699,13.2704,4.41526
40.0271,14.9228,4.91171
34.3966,13.0586,4.3995
38.3908,10.955,4.51318
38.3998,10.947,4.50997
38.3924,10.9648,4.51462
38.4017,10.9569,4.51141
38.3432,10.9327,4.51749
38.3551,10.9416,4.51709
38.3409,10.9186,4.51559
38.3254,10.9318,4.51993
38.3761,10.9604,4.51675
38.3614,10.954,4.51811
38.4065,11.0233,4.52219
38.4392,11.0991,4.52945
38.4454,11.1143,4.53094
38.4592,11.1034,4.52671
38.4401,11.1323,4.5347
38.4629,11.1207,4.52907
38.3876,10.9887,4.51957
38.3975,11.0116,4.52172
38.4,10.9987,4.51914
38.4175,11.0938,4.53193
38.4222,11.1488,4.53972
38.4469,11.1564,4.53753
38.4103,11.1302,4.53846
38.1689,11.0794,4.54786
38.1849,11.1228,4.55161
38.2156,11.0972,4.54858
38.1162,11.2385,4.56013
38.1192,11.1716,4.5553
38.6618,12.0224,4.63561
38.6262,12.081,4.64209
38.7291,11.9977,4.63019
38.6673,11.9609,4.62829
40.2794,15.1818,4.93679
40.2844,15.2422,4.94234
40.3468,15.1859,4.93565
40.2555,15.1293,4.932
39.0519,12.8525,4.72317
39.1299,12.8734,4.72425
39.1153,12.7858,4.71418
39.0512,12.919,4.72968
40.4288,15.4054,4.95654
40.476,15.4418,4.959
40.4986,15.3607,4.94823
40.3871,15.474,4.96322
39.2893,13.2733,4.76356
39.2974,13.3439,4.77012
39.3615,13.2808,4.7626
39.2503,13.2101,4.75784
39.2095,13.3034,4.76554
38.914,12.5812,4.69503
38.9958,12.6102,4.69697
38.9786,12.5227,4.68667
38.9015,12.6553,4.70246
40.1129,14.8695,4.90851
40.072,14.8219,4.90426
40.1645,14.8053,4.90046
39.8733,14.3327,4.85917
39.8636,14.2687,4.85267
39.9306,14.3703,4.86134
39.9421,14.281,4.85002
42.0404,18.5157,5.261
42.0982,18.5554,5.26468
42.1085,18.4679,5.25314
42.0086,18.5858,5.26765
38.4991,11.7176,4.60505
39.9754,14.4405,4.86734
39.8926,14.4453,4.87002
39.9083,14.5137,4.87631
38.683,12.1274,4.64696
38.7124,12.0637,4.63919
40.1632,14.9539,4.91611
40.1713,15.0216,4.92235
40.2416,14.9542,4.91398
40.1169,14.9219,4.91331
40.095,14.9867,4.91847
38.5544,11.8575,4.61909
40.1753,15.1112,4.93005
40.2618,15.0457,4.92335
41.9609,18.5179,5.26012
41.0303,16.6827,5.07481
39.7287,14.1534,4.84364
41.3872,17.3751,5.14332
41.6299,17.8406,5.19042
41.2204,17.1191,5.11709
40.7135,16.0727,5.01767
41.1288,16.9107,5.09681
42.1243,18.7914,5.28979
38.7061,12.2024,4.6549
40.8296,16.2937,5.03792
37.7961,11.5417,4.54894
37.8802,11.428,4.55381
38.044,11.2578,4.55831
40.5786,15.8527,4.99748
36.216,12.08,4.35119
36.2507,11.9072,4.34885
37.4086,11.7583,4.50363
39.4956,13.7015,4.80265
41.0663,16.7649,5.08273
36.9855,11.7929,4.44249
36.9581,11.6071,4.43574
35.6101,11.733,4.28393
35.7242,11.6306,4.28775
35.6016,11.5501,4.27449
35.7734,11.7957,4.29921
34.4215,11.7285,4.25207
34.5433,11.7468,4.25238
34.5264,11.6057,4.23984
34.2997,11.8545,4.26711
36.8426,11.7437,4.42107
35.0262,11.8236,4.26245
34.8717,11.8864,4.26483
34.7606,11.7764,4.2548
33.9855,11.7364,4.26592
33.8662,11.694,4.26688
35.1675,11.7678,4.26264
35.0952,11.6488,4.25201
35.305,11.8122,4.27106
35.2822,11.6094,4.25745
34.6274,11.8183,4.25831
36.0732,11.8256,4.32744
35.4755,11.8842,4.2839
36.5717,11.8208,4.38525
36.6812,11.6953,4.39757
34.9295,11.7019,4.25116
38.3974,10.976,4.51565
38.3696,10.9312,4.5129
38.2452,11.0619,4.54378
38.3113,11.0067,4.53224
38.4538,11.4243,4.57371
38.4544,11.472,4.57936
38.4342,11.2043,4.54639
41.2062,17.0465,5.11034
41.3149,17.23,5.1288
41.425,17.4666,5.15239
41.4779,17.5472,5.16069
38.4172,11.233,4.55218
38.5238,11.7886,4.61216
38.484,11.6491,4.59806
39.7736,14.2433,4.8518
41.7844,18.1485,5.22194
41.3172,17.3216,5.13706
41.1938,16.9714,5.10315
39.4189,13.5646,4.79022
40.4545,15.5375,4.96909
39.0145,12.7949,4.71729
39.1103,12.9703,4.73499
39.6718,14.0767,4.8367
37.699,11.6558,4.54069
41.5908,17.7645,5.18268
40.8467,16.3843,5.04603
40.3107,15.3123,4.94863
40.6695,15.9978,5.01083
39.3987,13.4916,4.78349
39.1928,13.1356,4.75096
41.9419,18.423,5.25086
38.6038,11.9176,4.62492
41.5663,17.6949,5.17576
41.5037,17.6435,5.16994
40.1589,20.6057,5.17801
37.0956,16.6016,4.71732
36.9414,16.3997,4.69723
37.5541,17.2022,4.77848
37.4019,17.0026,4.75792
36.1606,15.3769,4.59865
36.0148,15.1967,4.58217
36.4747,15.7886,4.63766
38.4532,18.3813,4.90478
39.0381,19.1454,4.9925
38.0067,17.7958,4.84103
38.156,17.9922,4.86216
39.6076,19.8855,5.08391
39.7481,20.0669,5.10721
42.0817,18.701,5.28023
38.7568,12.3008,4.66531
33.7062,12.1826,4.33718
33.6794,11.9615,4.31075
37.2566,11.6512,4.47983
37.1181,11.5785,4.45863
33.7164,12.3743,4.36184
40.0234,20.4255,5.15412
36.7865,16.1968,4.67723
36.3929,11.7517,4.36093
34.5475,13.4536,4.44013
34.0586,12.8084,4.39146
35.8825,15.0496,4.56944
37.2491,16.8024,4.73754
35.5644,14.6107,4.52924
35.7386,14.9273,4.56053
35.3752,14.3404,4.50474
39.3248,19.5176,5.0377
39.1821,19.332,5.01495
38.893,18.9565,4.97023
38.747,18.7658,4.94817
39.8865,20.2459,5.1305
39.4666,19.7021,5.0607
38.3049,18.1874,4.88341
37.8568,17.5987,4.82003
37.7059,17.401,4.79918
35.0261,14.0926,4.49224
34.8906,13.6973,4.44994
34.8667,13.8802,4.47458
34.7071,13.6672,4.45721
36.6309,15.993,4.65738
36.3179,15.5832,4.61808
42.0629,18.6298,5.27295
38.4252,11.1135,4.53391
41.2782,17.1535,5.12118
38.4058,10.9861,4.51589
38.8803,12.5175,4.6883
40.7814,16.2043,5.02967
39.4544,13.6443,4.79747
40.765,16.1296,5.02287
38.6005,18.574,4.92635
41.1134,16.8232,5.08854
40.9782,16.6088,5.06755
38.3813,10.892,4.50349
38.3872,10.8914,4.50203
38.384,10.8846,4.50142
38.3846,10.8994,4.50417
38.4204,10.983,4.51243
38.4211,10.9737,4.51052
38.4112,10.9753,4.51288
38.4295,10.9753,4.50895
38.4264,10.967,4.508
38.4266,10.9916,4.51274
38.4367,10.9933,4.51086
38.433,10.9839,4.50984
38.4266,11.0027,4.51482
38.4113,11.0078,4.51869
38.3551,10.9256,4.51446
38.3957,10.9379,4.5091
38.434,11.0819,4.5274
38.494,11.1987,4.53709
38.5167,11.2044,4.53403
38.509,11.1825,4.53153
38.4689,11.2028,4.54167
38.4931,11.2197,4.54076
38.454,11.1799,4.54019
38.2179,11.0214,4.5407
38.2523,11.0205,4.53873
38.2403,10.9827,4.5351
38.2028,11.0564,4.54491
38.4924,11.338,4.55902
38.4776,11.3086,4.55643
38.5277,11.3439,4.5556
38.5177,11.3117,4.55193
38.5024,11.4367,4.57168
38.0733,11.1186,4.55031
38.1377,11.1186,4.55137
38.1071,11.055,4.54598
38.0514,11.1857,4.55416
38.7898,11.9731,4.62226
38.7961,12.0344,4.63078
38.8221,11.9275,4.61132
38.7467,11.9289,4.61952
38.5382,11.5441,4.58296
40.3115,15.0853,4.9258
40.348,15.0327,4.91697
41.6337,17.479,5.14754
41.6895,17.4812,5.14197
41.665,17.4319,5.1368
41.6406,17.5359,5.15514
38.5585,11.6665,4.59718
39.9236,14.214,4.84272
39.8614,14.1996,4.84499
39.8121,14.1688,4.84361
37.9886,11.1146,4.54683
37.9821,11.2051,4.5517
37.9875,11.2682,4.55547
39.5474,13.6424,4.79555
39.6317,13.642,4.79054
40.115,14.7397,4.89515
40.0843,14.6689,4.88848
40.0602,14.6069,4.88251
38.6374,11.8462,4.61546
40.0052,14.5844,4.88198
40.0731,14.5333,4.87287
40.3985,15.3078,4.94711
40.4311,15.3525,4.95085
40.4763,15.2982,4.94182
39.7541,14.0745,4.83536
39.819,14.0993,4.83538
39.8149,14.02,4.8258
41.1698,16.7547,5.08027
41.8755,18.1467,5.22182
41.0737,16.5961,5.06536
37.922,11.2477,4.54968
37.8855,11.3204,4.54989
37.9577,11.3084,4.55538
39.6668,13.6835,4.79313
40.6879,15.8371,4.99468
41.7774,17.987,5.20554
41.3608,17.144,5.1193
41.3127,17.068,5.11193
41.6176,17.6206,5.16724
40.8072,16.0658,5.01549
41.2445,16.8991,5.09449
42.1746,18.7068,5.28095
40.8796,16.2105,5.02881
41.6951,17.7625,5.18159
40.5867,15.6203,4.9745
39.7086,13.9256,4.82066
41.398,17.2753,5.13323
39.4408,13.4145,4.77436
39.5213,13.5643,4.78786
40.3711,15.2446,4.9412
39.2838,13.127,4.74833
39.9911,14.5204,4.87561
38.4908,11.3808,4.56518
38.8613,12.3477,4.66909
40.3276,15.1321,4.93041
40.7204,15.9148,5.00205
40.9292,16.3427,5.04167
37.6968,11.2066,4.52697
37.8252,11.2268,4.54053
37.7884,11.0984,4.53198
37.6445,11.3043,4.52411
37.7726,11.3338,4.5393
41.4847,17.3887,5.14407
41.5217,17.4565,5.1509
37.6923,11.4204,4.53308
37.6194,11.5337,4.52726
37.5449,11.3872,4.51412
42.0268,18.4525,5.2541
38.7719,12.1203,4.64397
37.5662,11.6911,4.52416
37.4283,11.5406,4.50206
34.6517,11.6671,4.2451
36.1816,11.4832,4.32901
36.0763,11.3291,4.31317
34.2725,11.6634,4.24861
36.462,11.4708,4.36413
36.3534,11.5672,4.35182
36.5223,11.6182,4.37467
36.2138,11.688,4.338
36.7391,11.279,4.40021
36.6385,11.1604,4.38464
36.5328,11.3133,4.37152
36.8558,11.4289,4.41867
36.948,11.2479,4.42986
35.1665,11.503,4.24551
35.2959,11.4067,4.24684
40.5513,15.5492,4.96796
40.5498,15.4681,4.9583
36.6448,11.5592,4.39036
36.5695,11.48,4.37881
33.542,11.6546,4.28217
33.6706,11.5259,4.25818
33.5258,11.4838,4.26223
33.4147,11.7711,4.30726
33.5682,11.8159,4.3006
36.775,11.5754,4.40892
37.7841,11.4302,4.54385
33.7165,11.7284,4.27942
35.4564,11.6708,4.27061
41.2744,16.9828,5.10326
33.5222,12.1386,4.34722
34.0946,11.5752,4.24457
38.3936,10.9286,4.50779
38.3668,10.9173,4.511
38.3773,10.921,4.50969
38.3783,10.9094,4.50737
38.3889,10.9183,4.50687
38.4054,10.9664,4.51242
38.4154,10.995,4.51564
38.4223,11.0161,4.5181
38.4308,11.0618,4.52457
38.3024,10.9752,4.5289
38.2769,10.9979,4.53422
38.5795,11.7276,4.6036
38.5153,11.4886,4.57747
41.8368,18.0187,5.2077
38.9182,12.3969,4.67311
38.9367,12.4552,4.6798
39.0708,12.7196,4.70777
39.0476,12.6589,4.70109
39.3372,13.2227,4.75707
38.6035,11.7898,4.61006
41.0366,16.5342,5.05957
41.1247,16.6404,5.06854
40.6113,15.7006,4.98249
39.206,12.981,4.73431
39.1851,12.9212,4.72794
39.3227,13.1717,4.75183
41.0098,16.4662,5.05281
41.4695,17.3099,5.13519
39.2517,13.0512,4.74078
40.9178,16.2673,5.03371
41.1975,16.829,5.08795
39.7312,14.0083,4.82897
40.773,15.9879,5.00814
40.998,16.3927,5.04476
40.1913,14.8857,4.90839
39.3902,13.3481,4.76895
38.6842,11.893,4.61898
40.8533,16.132,5.02104
42.1471,18.6271,5.27204
41.6495,17.6939,5.1749
42.2252,18.7667,5.28691
38.8055,12.1998,4.65266
41.7232,17.8417,5.19012
38.8567,12.26,4.65811
41.7669,17.915,5.1975
41.9567,18.2646,5.23364
40.2942,20.7819,5.20167
39.833,20.4272,5.15261
39.4185,19.8834,5.08291
39.2778,19.6989,5.05988
36.9103,16.582,4.72015
36.7563,16.3791,4.7003
38.7055,18.9473,4.97005
38.5598,18.7555,4.9482
37.5201,17.3842,4.80088
37.3685,17.1847,4.78044
38.9938,19.3267,5.01455
38.1184,18.1739,4.8841
38.2664,18.3691,4.90528
41.9827,18.341,5.24205
37.0416,11.4384,4.44565
33.4721,11.9523,4.32644
37.2273,11.4732,4.47278
39.6962,20.248,5.12937
39.5583,20.0667,5.10612
38.4135,18.5628,4.92663
37.9698,17.9776,4.86306
37.6708,17.5829,4.82147
37.8206,17.7806,4.84219
34.6926,13.8428,4.48163
40.1032,20.7865,5.19995
39.9685,20.6065,5.17612
33.8934,12.5926,4.37611
36.6015,16.1754,4.68059
34.3865,13.2392,4.42344
34.3732,13.4151,4.44803
34.2234,13.0241,4.40721
34.0488,12.9849,4.41615
35.982,15.3629,4.60417
35.8545,15.2064,4.59029
35.5569,14.8183,4.55568
35.5706,15.0361,4.58356
37.2164,16.9845,4.76019
37.0637,16.7837,4.74011
35.3628,14.5301,4.52916
35.3579,14.7234,4.5548
35.1852,14.3044,4.51015
35.1792,14.4808,4.53378
35.0109,14.2681,4.51645
38.8503,19.1379,4.99218
36.446,15.971,4.66103
36.2899,15.7658,4.64159
36.1333,15.5595,4.62228
42.0207,18.3922,5.24716
40.1644,14.6767,4.88457
41.4145,17.199,5.12388
41.1165,16.7036,5.07615
41.5627,17.5706,5.16292
38.3978,10.9166,4.50459
38.3955,10.9114,4.50408
38.4025,10.9123,4.50261
38.3955,10.8961,4.50098
38.3904,10.8958,4.50214
38.3921,10.901,4.50281
38.4079,10.925,4.50391
38.4011,10.925,4.50548
38.4025,10.931,4.50634
38.3973,10.9215,4.50565
38.4006,10.9068,4.50197
38.395,10.9057,4.50308
38.3891,10.9075,4.50477
38.405,10.9382,4.50719
38.4089,10.9436,4.50736
38.4135,10.938,4.50518
38.4124,10.9584,4.50945
38.4096,10.9503,4.50851
38.3756,10.8972,4.50568
38.3761,10.8872,4.50368
38.4165,10.9666,4.51014
38.4335,11.0116,4.51506
38.4446,11.0134,4.51302
38.4403,11.0032,4.51201
38.4346,11.0216,4.51671
38.4373,11.0343,4.5185
38.4423,11.0472,4.51986
38.4529,11.0361,4.51562
38.4543,11.0875,4.5248
38.45,11.0714,4.52274
38.4489,11.0579,4.52051
38.4739,11.16,4.5339
38.4672,11.1397,4.53158
38.4833,11.1806,4.53582
38.4915,11.1428,4.52768
38.5067,11.2805,4.54855
38.4981,11.249,4.54476
38.5437,11.4049,4.56289
38.5562,11.4494,4.56806
38.5919,11.4152,4.55781
38.5957,11.5287,4.57535
38.5733,11.4935,4.57266
38.6428,11.5369,4.57048
38.626,11.4947,4.5659
40.206,14.6239,4.87265
40.149,14.6302,4.87961
40.115,14.6097,4.87963
39.9689,14.1588,4.83009
39.9133,14.163,4.83673
39.8706,14.1379,4.83686
39.8822,14.0896,4.82945
39.8654,14.0525,4.82587
39.9183,14.0505,4.8196
40.114,14.5706,4.87456
40.1497,14.5212,4.86373
38.5419,11.3708,4.55789
38.6118,11.6221,4.58734
38.6309,11.6755,4.59317
38.6756,11.629,4.58105
38.6787,11.7813,4.60403
38.652,11.73,4.59903
38.7095,11.8329,4.60878
38.7468,11.7778,4.59609
38.7401,11.8724,4.61179
38.7728,11.8251,4.60056
38.7965,11.8749,4.6058
38.5458,11.6079,4.59062
38.5991,11.5704,4.58114
42.29,18.7448,5.28036
42.3486,18.7502,5.27533
42.3224,18.6994,5.26979
42.2698,18.5978,5.25877
42.2105,18.5952,5.26435
42.2242,18.6474,5.27097
42.177,18.555,5.26098
42.0245,18.237,5.22621
42.0838,18.2401,5.22062
42.0597,18.1912,5.2153
42.036,18.2861,5.23246
41.952,17.9863,5.19398
41.894,17.9842,5.19966
41.9052,18.0333,5.2059
41.8481,17.9452,5.19752
41.8394,17.884,5.18947
41.8984,17.8876,5.184
41.8726,17.8363,5.17858
41.7633,17.7296,5.17322
41.7283,17.6893,5.17021
41.7968,17.6826,5.16224
41.6849,17.58,5.15796
41.7442,17.5809,5.15178
41.7155,17.5315,5.14711
41.527,17.274,5.12671
41.4811,17.2329,5.1245
41.5834,17.2768,5.12115
41.5572,17.2264,5.11604
41.4391,17.1346,5.11391
41.4744,17.1736,5.1166
41.5061,17.1265,5.10583
41.5311,17.176,5.11092
41.3149,16.8647,5.08561
41.3756,16.8679,5.07948
41.3493,16.8169,5.07442
41.3273,16.9194,5.09237
41.2965,16.715,5.06436
41.2372,16.7141,5.07075
41.2508,16.767,5.0771
41.1923,16.6715,5.06845
41.1854,16.6133,5.06089
41.2418,16.6154,5.05505
41.2178,16.5652,5.04992
42.06,18.3433,5.2389
42.0839,18.3987,5.24509
42.1322,18.3448,5.23245
41.1119,16.3579,5.02992
41.0556,16.3584,5.0363
41.0677,16.4099,5.04243
41.0162,16.3226,5.03472
40.9213,16.1015,5.01261
40.8846,16.06,5.01014
40.9534,16.0514,5.00147
40.8414,15.9484,4.99864
40.8027,15.907,4.99637
40.874,15.8981,4.98741
40.6232,15.5474,4.96301
40.6551,15.5872,4.96562
40.6888,15.5399,4.95471
40.668,15.6415,4.97193
40.7153,15.5911,4.95937
40.3098,14.921,4.90512
40.3706,14.9248,4.89882
40.344,14.8735,4.89416
40.3207,14.9759,4.91164
40.2909,14.7708,4.88483
40.2321,14.77,4.89135
40.2453,14.8222,4.89733
40.1954,14.7287,4.88897
40.1016,14.4119,4.85276
40.0446,14.4081,4.85853
40.0515,14.4636,4.86544
40.0113,14.3673,4.85592
39.8382,13.896,4.80566
39.7779,13.8931,4.81191
39.7887,13.9486,4.81848
39.7422,13.8515,4.80937
41.118,16.5252,5.0542
41.0893,16.4702,5.04894
41.1497,16.5762,5.05869
41.1887,16.5169,5.04579
38.8393,12.0809,4.63397
38.8539,12.1343,4.64069
38.9004,12.0823,4.62749
39.5907,13.5317,4.77912
39.6512,13.5347,4.7729
39.6244,13.483,4.76819
39.6035,13.5834,4.78504
40.9855,16.2675,5.02975
40.9606,16.2086,5.02385
41.056,16.26,5.02141
39.5104,13.3766,4.765
39.5709,13.3796,4.75877
39.5441,13.3279,4.75404
39.5237,13.4297,4.77107
39.3834,13.017,4.72488
39.3218,13.0137,4.73118
39.3334,13.0669,4.73772
39.2865,12.9728,4.72839
41.9267,18.0895,5.21231
41.9555,18.144,5.21797
41.9992,18.0908,5.20577
39.1511,12.7123,4.70192
39.1859,12.7532,4.70497
39.2224,12.7059,4.69334
39.1934,12.8074,4.71231
39.2462,12.7564,4.69889
38.9195,12.2318,4.64964
38.9782,12.236,4.64385
38.9538,12.1863,4.63843
38.9288,12.2846,4.65681
39.0518,12.4935,4.6777
39.0145,12.4501,4.67437
39.0851,12.4464,4.66641
40.4213,15.1871,4.93152
40.3975,15.1325,4.92621
40.3727,15.0807,4.92133
40.641,15.7701,4.98903
40.7223,15.7577,4.983
40.6929,15.7027,4.97806
40.7561,15.7974,4.98549
40.7899,15.7487,4.97466
39.3608,13.1229,4.74321
39.385,13.1741,4.74821
39.4321,13.1212,4.73559
39.411,13.2264,4.75311
39.4409,13.2807,4.75794
39.4839,13.2266,4.74578
39.2226,12.8646,4.71817
39.2565,12.9172,4.72294
39.2986,12.8624,4.71007
39.7079,13.7942,4.80456
39.1191,12.6578,4.69654
39.0894,12.6042,4.69107
39.0599,12.5474,4.68508
38.9841,12.3981,4.66913
38.9538,12.3438,4.66353
40.5415,15.4021,4.95036
40.5756,15.346,4.93874
41.3561,16.9823,5.09893
41.3922,17.0269,5.10236
41.4261,16.9723,5.09036
42.1551,18.5048,5.2553
42.1854,18.4508,5.24397
39.991,14.319,4.85112
40.0199,14.2649,4.84019
40.7706,15.85,4.99137
40.8427,15.8476,4.98349
41.5641,17.3901,5.14035
41.5985,17.4411,5.14494
41.6326,17.3831,5.1327
41.4051,17.0798,5.10882
41.4744,17.0776,5.10172
41.5737,17.5066,5.15507
41.8458,18.0834,5.21517
39.6594,13.8602,4.81536
41.5376,17.3279,5.1336
41.6986,17.6327,5.16445
42.2549,18.7037,5.27695
41.9907,18.1966,5.22293
41.8038,17.8391,5.18579
40.8548,16.0042,5.00511
40.9339,16.1532,5.01858
41.2801,16.8241,5.08275
39.4756,13.4922,4.78166
39.5548,13.4891,4.77644
40.6024,15.5009,4.95849
40.6297,15.4471,4.94771
40.4489,15.2428,4.93668
32.6688,11.2805,4.31534
32.6448,11.4159,4.33903
32.8233,11.3318,4.30482
32.6432,11.1551,4.29968
32.4981,11.2652,4.33487
40.469,15.1319,4.91875
33.4267,11.3388,4.25128
33.2475,11.3897,4.27131
33.366,11.5544,4.28293
33.5249,11.2103,4.22992
33.4188,11.1545,4.22971
32.7093,11.568,4.35429
32.688,11.6933,4.37697
32.8534,11.664,4.35078
32.5657,11.5573,4.37218
39.1647,12.6028,4.68312
32.7993,11.4924,4.33138
32.9737,11.4978,4.31226
32.7349,11.2341,4.30061
34.5161,11.1788,4.20452
34.3714,11.1453,4.20078
34.3835,11.2851,4.21247
34.2647,11.0834,4.19557
34.2601,11.2483,4.20988
34.3984,11.5727,4.23783
34.492,11.4057,4.22268
34.2859,11.448,4.22773
34.8168,11.5793,4.23968
35.0065,11.4962,4.23867
33.1036,11.409,4.28668
33.0011,11.3457,4.28794
33.1216,11.2779,4.26743
34.6651,11.4788,4.22971
36.7899,11.1062,4.40568
35.1523,11.3535,4.23604
35.4496,11.4763,4.26011
35.6115,11.3478,4.26677
36.3475,11.3911,4.34777
34.8493,11.3496,4.22377
38.3662,10.904,4.50877
38.3544,10.9108,4.51209
38.3012,10.9442,4.52476
38.2738,10.9598,4.52966
38.0404,11.0621,4.54538
38.201,10.986,4.53769
38.1675,11.0205,4.54235
40.2749,14.8803,4.90264
41.776,17.7836,5.17999
38.8851,12.1911,4.64653
39.4746,13.3357,4.76254
37.8994,11.157,4.54359
33.5419,12.3274,4.37159
33.298,11.9191,4.33836
36.6855,11.4385,4.39443
37.1629,11.3054,4.46114
39.2296,19.8797,5.08432
38.5183,18.9367,4.9721
36.8784,16.7639,4.74456
36.7252,16.5611,4.72482
39.6425,20.4286,5.15383
37.1829,17.1663,4.78438
34.6744,14.021,4.50785
35.8155,15.3599,4.61246
35.9489,15.5348,4.62828
34.1165,11.3479,4.22129
33.2422,11.73,4.31749
33.3438,12.1017,4.35959
35.3481,14.9206,4.58254
37.6346,17.7644,4.84541
37.4849,17.5658,4.8249
39.0892,19.6942,5.06146
39.1363,19.5133,5.03708
38.8059,19.3187,5.01633
38.9479,19.5075,5.03883
39.9125,20.7871,5.20052
39.5063,20.2473,5.13059
39.3689,20.0641,5.10738
38.3728,18.744,4.95045
38.2267,18.5503,4.92906
38.0799,18.3553,4.90786
34.992,14.4462,4.54247
37.3655,11.3401,4.48964
37.9321,18.159,4.88684
37.7836,17.962,4.86603
40.0461,20.9667,5.22433
34.5332,13.6292,4.46466
34.8519,14.0558,4.4989
34.3559,13.5934,4.47442
36.5713,16.3575,4.70524
36.4167,16.1532,4.68582
36.2613,15.948,4.66651
36.1054,15.7419,4.64733
34.2119,13.2003,4.43184
34.0345,13.1637,4.44259
33.8833,12.7697,4.4011
33.8715,12.9478,4.42739
35.7447,15.0787,4.57939
35.6928,15.1983,4.59797
37.031,16.9656,4.76441
33.5416,12.5128,4.39818
33.7167,12.5507,4.38606
33.7073,12.7306,4.41256
38.8482,11.9788,4.61662
38.4675,11.0752,4.51995
39.7519,13.7403,4.7923
39.03,12.3428,4.6556
38.419,10.9515,4.50662
38.5329,11.2556,4.54018
38.6627,19.1283,4.99406
33.362,12.284,4.3841
38.3893,10.881,4.49941
38.3859,10.8771,4.49946
38.3917,10.8763,4.4978
38.4041,10.9189,4.50356
38.5426,11.285,4.54363
38.5546,11.3153,4.54684
39.935,14.1075,4.82639
40.1717,14.5764,4.86955
35.7885,11.2847,4.28089
37.5221,11.1912,4.50651
34.6683,11.2702,4.21377
32.8088,11.1695,4.28306
32.9675,11.2118,4.27278
32.926,11.0398,4.25342
33.1679,11.5435,4.29896
33.5193,11.0746,4.2148
33.4385,11.0354,4.21474
36.2193,11.3081,4.33001
36.1519,11.1362,4.31858
35.0216,11.3117,4.22747
33.0548,11.6972,4.33223
35.4386,11.295,4.25091
35.2842,11.2325,4.23731
38.3905,10.8857,4.50008
38.3931,10.8909,4.50052
38.3981,10.9015,4.50147
38.3671,10.8906,4.50618
38.4108,10.9313,4.50449
38.4165,10.9443,4.50577
38.4227,10.9592,4.5073
38.4727,11.0905,4.52175
38.3557,10.8955,4.50923
38.4584,11.0482,4.51675
38.3423,10.9006,4.51243
38.4632,11.0609,4.51815
38.3253,10.907,4.51611
38.4786,11.1068,4.52359
38.2792,10.9247,4.52447
38.4995,11.1625,4.52971
38.3047,10.9147,4.5201
38.5228,11.2283,4.53718
38.2479,10.9351,4.52877
38.5675,11.3464,4.55003
38.6075,11.455,4.56206
38.2113,10.9456,4.53266
38.1701,10.9604,4.5363
38.6572,11.5823,4.57593
38.6955,11.6791,4.58658
38.0547,10.9973,4.54088
38.1185,10.9793,4.53941
41.8458,17.7852,5.17334
41.8231,17.7335,5.16748
39.8909,14.0024,4.81558
39.8607,13.9519,4.81153
40.3147,14.8236,4.89009
40.2344,14.672,4.87656
39.5146,13.2781,4.74999
38.9244,12.1355,4.63351
39.4069,13.0687,4.73033
40.1228,14.468,4.85884
40.0508,14.3118,4.84357
39.9916,14.2135,4.83575
42.0299,18.1418,5.2106
41.9754,18.0387,5.19993
39.6742,13.5869,4.77816
39.5947,13.4324,4.76405
41.32,16.7676,5.07003
42.2961,18.6486,5.26427
42.2436,18.547,5.25328
42.2166,18.4997,5.24849
42.1556,18.4008,5.23907
41.4519,17.0251,5.09584
39.0576,12.3954,4.66114
40.4941,15.1859,4.92401
40.4188,15.0285,4.90894
40.3937,14.9768,4.90402
40.9242,16.0027,4.99754
40.9005,15.9492,4.9921
40.8159,15.7978,4.97907
40.6617,15.4923,4.95071
40.6015,15.3988,4.94372
37.9855,11.0187,4.54064
38.7199,11.7289,4.59153
39.7819,13.7937,4.79683
39.7017,13.6374,4.78257
38.8741,12.0302,4.62201
41.7678,17.6334,5.15762
41.3994,16.9218,5.08538
39.1924,12.6556,4.6886
39.1122,12.4967,4.6716
40.7383,15.644,4.96478
41.925,17.9378,5.18916
40.5208,15.2397,4.92906
41.1353,16.4112,5.03552
41.0297,16.2078,5.01647
39.3273,12.9152,4.71522
41.1595,16.4661,5.0413
40.7623,15.6989,4.97035
41.0035,16.1545,5.01137
40.9798,16.1025,5.00617
39.2706,12.8096,4.70478
37.9001,11.051,4.53823
35.9539,11.2107,4.29645
36.6934,16.7428,4.75089
36.5404,16.5393,4.73141
36.2321,16.13,4.69291
37.5976,17.9456,4.87109
37.4488,17.7471,4.85064
35.5442,15.1937,4.60697
39.855,20.967,5.22752
39.9861,21.1462,5.25137
38.3312,18.9248,4.97638
37.8936,18.3401,4.9125
39.0408,19.8745,5.08817
39.7779,20.6078,5.17705
39.4525,20.4271,5.15748
39.5874,20.6085,5.18076
34.7987,11.1516,4.20891
33.6319,11.1483,4.21738
37.6585,11.0923,4.51919
34.1446,11.1637,4.20352
34.0672,11.032,4.19258
35.2365,11.0544,4.22579
37.1166,11.1582,4.45257
36.9869,11.0459,4.43294
32.4734,11.4233,4.36359
33.2755,11.2181,4.24721
35.5561,11.201,4.25653
38.7599,19.499,5.04278
38.6182,19.3088,5.02033
33.1273,11.882,4.35113
37.2907,11.1727,4.47654
36.0769,15.9239,4.67385
35.9211,15.7169,4.65492
35.7713,15.5161,4.63668
33.1716,12.0655,4.37325
35.1593,14.6591,4.55969
35.3752,15.1227,4.60946
37.3344,17.3664,4.80454
37.2993,17.5478,4.83033
37.1489,17.3478,4.81022
36.9976,17.1471,4.79031
39.3167,20.2441,5.13423
39.1797,20.0599,5.11111
33.885,13.1061,4.44915
38.9007,19.6878,5.06542
33.5572,12.6707,4.41979
33.3874,12.4484,4.40569
39.7217,20.7879,5.20402
38.4754,19.1173,4.99818
38.186,18.7312,4.95487
38.0402,18.5362,4.93358
34.8334,14.2339,4.52502
34.6843,14.1783,4.52972
37.746,18.1432,4.89169
34.5153,13.8075,4.49098
34.5254,13.965,4.51287
34.3662,13.751,4.49633
34.1959,13.3788,4.45827
34.0465,13.3217,4.46443
35.6437,15.3406,4.62071
36.8457,16.9455,4.77054
33.2147,12.2302,4.39297
38.5794,11.3782,4.55352
39.8115,13.8445,4.80099
39.7267,13.6875,4.78724
42.1079,18.2918,5.22643
41.2677,16.6658,5.05998
39.4569,13.1739,4.74088
40.2643,14.7195,4.88017
40.4435,15.0797,4.91383
39.3566,12.9652,4.71976
39.1372,12.5498,4.67754
41.0858,16.31,5.02558
41.6089,17.3299,5.1268
40.547,15.2942,4.93426
39.0026,12.2895,4.64992
38.4479,11.0244,4.51445
36.3428,11.2082,4.34437
36.3866,16.3351,4.7121
38.4851,11.1242,4.52552
38.4215,10.9382,4.50327
38.4393,10.9761,4.50674
38.4477,10.9944,4.50847
38.4566,11.0146,4.51045
38.5778,11.288,4.53738
38.6048,11.3492,4.54353
31.367,10.9772,4.49704
31.4197,11.0127,4.49011
31.3222,10.9785,4.51378
34.4608,11.0217,4.19182
34.6688,11.0925,4.2011
36.4957,11.0993,4.36391
33.1245,11.1052,4.24471
35.6774,11.1967,4.26735
35.6195,11.0601,4.25753
35.8049,11.1069,4.2776
32.7453,11.0504,4.27296
35.4306,11.1137,4.24278
32.4594,11.0804,4.31123
32.3279,11.1651,4.34258
32.2747,11.3357,4.37887
32.1268,11.1284,4.36698
32.9507,11.851,4.36729
38.4017,10.8965,4.4995
38.3992,10.8911,4.49902
38.4044,10.9018,4.49993
38.4069,10.9073,4.50045
38.4155,10.9251,4.50204
38.379,10.8784,4.50135
38.4282,10.9522,4.50452
38.4318,10.9598,4.50519
38.4093,10.9131,4.50107
38.3965,10.8861,4.49863
38.3597,10.8819,4.50606
38.3703,10.8801,4.50356
38.3942,10.8811,4.49817
38.4124,10.9191,4.50155
38.4185,10.9315,4.50262
38.4248,10.945,4.50386
38.4357,10.9678,4.5059
38.4727,11.0497,4.51375
38.4789,11.063,4.515
38.4917,11.0928,4.51801
38.4435,10.9849,4.50752
38.4849,11.0776,4.51652
38.4989,11.1088,4.51955
38.4617,11.0257,4.51149
38.4673,11.0374,4.51253
38.3466,10.8844,4.50895
38.3307,10.8873,4.51213
38.5237,11.1643,4.52496
38.5335,11.1854,4.52694
38.5532,11.233,4.53197
38.3115,10.8907,4.51557
38.5063,11.1264,4.52139
38.5143,11.145,4.52327
38.2878,10.8947,4.51928
38.654,11.4585,4.5545
38.5653,11.2591,4.53444
38.6365,11.4201,4.55066
38.6737,11.4986,4.55825
38.2594,10.8996,4.52312
38.7129,11.5863,4.56737
38.733,11.6328,4.57242
38.5918,11.3177,4.54019
38.0796,10.928,4.53525
38.1373,10.9201,4.53337
38.8573,11.8782,4.59673
42.3838,18.7012,5.26059
42.3575,18.6504,5.25506
42.3313,18.5996,5.24955
42.3049,18.5489,5.24408
42.2511,18.4489,5.23372
42.2784,18.4988,5.2388
42.171,18.2949,5.21732
42.1469,18.243,5.2113
42.0948,18.1421,5.20058
42.0664,18.0918,5.19575
42.0405,18.0404,5.1902
42.0152,17.989,5.18457
41.9887,17.9386,5.17938
41.964,17.8876,5.17373
41.9104,17.7863,5.16344
41.8851,17.735,5.15787
41.8579,17.6845,5.15289
41.8325,17.6332,5.14737
41.7531,17.4807,5.1318
41.7259,17.4311,5.12701
41.621,17.2265,5.10595
41.6477,17.2774,5.11106
41.5405,17.0756,5.09114
41.5687,17.1249,5.0956
41.436,16.8705,5.07026
41.4109,16.8186,5.06476
41.3055,16.6146,5.0447
41.3323,16.6654,5.04954
41.2522,16.5144,5.03528
41.2254,16.4633,5.03044
38.8328,11.8269,4.59123
38.8839,11.9293,4.60186
41.1725,16.3603,5.02055
41.1477,16.3087,5.0153
41.0926,16.2081,5.00648
41.1204,16.2587,5.01089
41.0405,16.1046,4.99665
41.0675,16.1556,5.00124
41.0156,16.0528,4.99151
40.9882,16.0021,4.98708
40.9077,15.8489,4.97328
40.8813,15.7974,4.96852
40.8541,15.7471,4.96416
40.7766,15.593,4.94966
40.7511,15.5412,4.94469
40.6692,15.3904,4.93173
40.5608,15.1856,4.9136
40.484,15.0292,4.89863
40.4325,14.9263,4.88895
40.4055,14.8753,4.88446
40.38,14.8235,4.87951
40.3269,14.7208,4.8702
40.2998,14.6696,4.86567
40.1652,14.4139,4.84299
40.189,14.4673,4.84854
40.0781,14.3596,4.84756
40.114,14.3101,4.83312
38.9365,12.0323,4.61251
40.0328,14.1565,4.81963
39.9269,13.9501,4.80084
39.8467,13.7945,4.78673
39.7666,13.6388,4.77254
39.7934,13.6901,4.77714
38.2255,10.9051,4.52687
39.6602,13.4328,4.7538
39.5795,13.278,4.73976
39.5242,13.1747,4.73062
39.472,13.0703,4.72035
39.4198,12.9666,4.70993
38.9898,12.136,4.62336
39.3636,12.864,4.70022
39.3106,12.7591,4.68925
39.2031,12.5519,4.66765
39.0422,12.2394,4.63442
39.151,12.4474,4.65622
39.0679,12.2921,4.64029
39.0964,12.344,4.64547
38.1851,10.9114,4.53034
38.6206,11.3832,4.54681
38.758,11.68,4.57674
38.7816,11.7293,4.58181
38.692,11.5418,4.56294
41.8053,17.5828,5.1424
41.7799,17.5314,5.1369
41.5957,17.175,5.10046
41.5152,17.0239,5.08564
41.4889,16.9729,5.08051
40.2151,14.5196,4.85345
40.2429,14.5703,4.85773
40.2706,14.621,4.86204
39.4449,13.0188,4.71545
39.6072,13.3291,4.74422
39.498,13.1224,4.72552
39.7131,13.5365,4.76336
39.6874,13.4843,4.75837
41.9372,17.8369,5.16857
40.587,15.2382,4.91856
40.5085,15.0812,4.90382
40.6971,15.4403,4.93586
40.6137,15.2905,4.92339
39.3369,12.8114,4.69476
40.8015,15.6453,4.95484
40.7234,15.4914,4.94052
38.9106,11.9804,4.60701
42.2243,18.3981,5.22839
42.1986,18.3462,5.22259
40.9358,15.8996,4.97755
40.8283,15.6964,4.95945
39.1227,12.3964,4.65116
41.3577,16.7168,5.05482
41.2785,16.5647,5.04009
39.9795,14.0525,4.81015
40.005,14.1049,4.81519
39.9539,14.001,4.8053
39.8743,13.8458,4.79114
42.1201,18.1927,5.20612
39.8187,13.7428,4.78228
39.7402,13.5878,4.76791
41.1995,16.4113,5.02526
39.2571,12.6561,4.67857
39.2309,12.6039,4.67295
41.4625,16.9217,5.07536
41.385,16.7674,5.05958
40.9627,15.9505,4.98211
38.8072,11.7777,4.58642
41.6991,17.3808,5.12203
41.6724,17.3296,5.11683
40.4569,14.9783,4.89417
40.1403,14.3613,4.83779
40.0593,14.2083,4.82435
38.9625,12.0844,4.6181
39.3921,12.9153,4.70502
37.931,10.9526,4.53421
37.8318,10.9699,4.52955
39.0167,12.1874,4.62868
38.0119,10.9398,4.53582
37.7174,10.979,4.52087
36.6453,11.0187,4.38417
33.0174,12.0078,4.38307
38.7127,19.6788,5.07169
38.5722,19.4886,5.04905
38.1444,18.9115,4.98294
37.9995,18.7166,4.96149
39.7949,21.146,5.25751
36.6608,16.9241,4.7787
36.8124,17.1267,4.7983
39.1273,20.2393,5.14049
37.5779,11.0027,4.50778
32.8033,11.8155,4.38077
32.5254,11.7173,4.40464
31.9817,11.2672,4.41651
32.121,11.2763,4.39359
32.1011,11.3734,4.41443
31.8067,11.0191,4.40286
31.9389,11.1211,4.39744
31.9791,11.0004,4.36904
32.3921,11.5452,4.39609
34.5787,11.0411,4.19535
37.4059,11.0239,4.48835
32.2893,11.0186,4.32452
36.3264,11.0311,4.33988
39.3972,20.6064,5.18707
33.5956,11.0276,4.20592
32.604,11.0065,4.28238
39.2627,20.4234,5.16372
38.8522,19.8674,5.09451
38.9907,20.0541,5.11742
34.7531,11.0325,4.19966
37.1949,11.0192,4.46109
37.8539,18.5206,4.94029
34.1888,11.0396,4.1921
35.9759,11.033,4.29521
36.3557,16.5166,4.74005
37.1138,17.5289,4.83791
36.202,16.3116,4.72095
36.0477,16.1056,4.702
36.9636,17.3283,4.81802
33.3142,11.0421,4.22305
35.737,15.6909,4.66448
35.5937,15.4946,4.64675
39.6639,20.9673,5.23387
35.4648,15.3072,4.62939
39.5311,20.7878,5.21046
32.6714,11.8368,4.40273
36.5086,16.7207,4.75929
38.4308,19.2973,5.02669
38.2883,19.105,5.00465
35.8927,15.8987,4.68317
35.1715,14.8276,4.58285
37.4119,17.928,4.87829
37.2632,17.7287,4.85801
35.0013,14.6036,4.56434
33.7218,12.8894,4.43432
34.8429,14.3911,4.54687
37.7074,18.3239,4.91938
37.5601,18.1264,4.89874
34.2067,13.5365,4.48016
40.0854,14.2603,4.8292
42.41,18.752,5.26614
39.1757,12.4998,4.66221
39.2852,12.7071,4.68356
40.3525,14.7726,4.87513
39.6329,13.3814,4.74923
39.8993,13.8987,4.79639
38.4523,11.0042,4.50933
38.5426,11.2086,4.52951
31.1978,10.9283,4.56241
31.1805,10.9123,4.56745
31.2243,10.9368,4.54618
31.1983,10.9034,4.54545
31.2722,10.9488,4.52475
31.332,10.9275,4.49434
31.4719,11.0623,4.48759
31.6789,11.1261,4.44992
31.6428,10.9935,4.43044
31.5594,11.0827,4.46874
33.7111,11.0261,4.20103
34.8756,11.0149,4.20339
34.3439,11.0324,4.19151
31.1475,10.8812,4.58083
31.1545,10.8815,4.56978
31.1576,10.8912,4.57641
31.1695,10.891,4.56108
31.1672,10.9018,4.57442
31.237,10.9076,4.52519
40.6421,15.3403,4.92741
39.5521,13.2264,4.7352
31.2778,10.9056,4.50691
40.5363,15.1326,4.90824
31.5042,10.9786,4.45871
31.4076,10.9401,4.47485
31.816,11.1875,4.43329
