X,Y,Z
28.69686368,6.92668261,4.77747180
28.55017904,7.03995559,4.72726925
28.32716399,6.71959940,4.73331186
29.12954003,7.57104268,4.76593672
28.99726699,7.67316569,4.71880624
28.77246478,7.35627380,4.72239701
29.76118623,8.48488134,4.75801137
29.92761176,8.35640879,4.80019714
30.12140644,8.64437877,4.79871995
29.97285099,9.18321578,4.67525336
30.04653858,9.12591288,4.71706210
30.23743492,9.38598929,4.71920992
28.90706825,7.74290340,4.67010825
28.84960540,7.78752687,4.61964285
28.61687606,7.47668563,4.61951850
30.80159074,10.29042214,4.69252042
30.86704872,10.23932680,4.73037900
30.95883314,10.36658249,4.73177987
29.35315966,8.34857100,4.66968523
29.43546183,8.28482423,4.71522315
29.64494434,8.57474697,4.71497152
31.01095168,10.69819601,4.62206314
31.02741481,10.68459053,4.65623612
31.05996269,10.73304703,4.65353654
31.13582038,10.87116444,4.59919781
31.12880074,10.86194571,4.59890019
31.12965933,10.86173313,4.60934126
30.61811728,10.17941524,4.61132139
30.61283684,10.18438747,4.57822055
30.45882234,9.98217514,4.57248489
30.96621417,10.63844168,4.62181472
30.96184808,10.64269202,4.59195453
30.90395625,10.56666615,4.58960441
30.90866158,10.56213389,4.62061633
30.92792035,10.54634084,4.65733758
30.98430809,10.62355500,4.65747342
26.91412079,5.32809222,4.50015924
26.93068728,5.31489577,4.56873128
27.16343707,5.62390229,4.56735874
28.58492989,7.50174502,4.56699588
28.57605185,7.50911999,4.52100612
28.34178964,7.20186170,4.51730717
27.38648172,5.94897006,4.50561202
27.40032375,5.93790113,4.56627227
27.64012370,6.25520409,4.56547538
26.26336471,4.42586896,4.57225276
26.24270060,4.44233189,4.49194712
26.04169264,4.17494249,4.48877154
26.68323610,5.02408982,4.49745322
26.70126383,5.00975247,4.57018992
28.10524044,6.89176144,4.51406225
28.11576987,6.88321374,4.56503902
28.35143840,7.19394908,4.56565767
31.10716861,10.83353672,4.59798589
31.10872376,10.83213601,4.61518997
31.12074982,10.84909603,4.61235082
31.11958571,10.84984382,4.59851018
31.09086458,10.81212501,4.59729964
31.09293252,10.81003613,4.61776285
31.04228017,10.74832039,4.59526913
31.04560340,10.74496963,4.62138966
31.07234820,10.78153303,4.61989760
31.06966607,10.78428555,4.59641103
31.00704900,10.70205245,4.59381011
30.83479201,10.46461982,4.61847898
30.82984660,10.46934462,4.58663858
30.73481525,10.34455339,4.58290406
30.73994030,10.33969203,4.61539825
29.89670160,9.24417825,4.55337491
29.90279523,9.23867369,4.58972754
30.09804302,9.49553135,4.59503567
28.81957077,7.81117429,4.56926529
28.81134926,7.81810292,4.52539522
27.86633761,6.57857110,4.51111624
27.87785756,6.56928675,4.56500937
27.14827639,5.63599483,4.50285728
26.45874803,4.72796912,4.49472177
26.47819017,4.71250193,4.57148555
26.06324633,4.15774833,4.57165239
25.86696144,3.94011866,4.48505281
25.88867059,3.92266495,4.56907938
25.72480840,3.74766487,4.48147222
30.85485680,10.44820652,4.65598718
30.28078122,9.74843256,4.56611282
30.28639861,9.74323744,4.60060496
30.46426025,9.97709705,4.60623452
30.09220938,9.50086663,4.55968103
29.69349652,8.97734476,4.54723147
29.69989825,8.97163817,4.58473044
29.48350292,8.70152072,4.54133710
29.49026666,8.69557451,4.58014431
29.26688974,8.41684335,4.53569396
29.27407007,8.41061723,4.57598815
29.04243327,8.12179025,4.53033847
29.05009443,8.11523982,4.57231508
27.62749802,6.26533081,4.50835713
31.08425880,10.77163898,4.64942302
30.96656110,10.51572285,4.69514892
30.63926923,10.16218622,4.65013481
30.76059444,10.32283267,4.65356349
30.48590505,9.95950838,4.64577282
30.12090327,9.47706868,4.63637667
30.30859680,9.72524966,4.64098298
29.72448462,8.95193788,4.62840936
29.51594644,8.67509087,4.62522109
29.30100805,8.38922762,4.62264040
29.07847255,8.09280415,4.62073402
28.38560289,7.16723790,4.62049655
28.15246237,6.85461278,4.62240236
27.91739278,6.53854240,4.62513474
27.68283604,6.22204991,4.62861331
27.44654246,5.90208305,4.63269071
27.21345387,5.58517862,4.63731578
26.75952390,4.96474645,4.64762349
26.98476198,5.27307150,4.64239953
26.54050605,4.66441827,4.65254991
26.32919068,4.37513504,4.65657170
26.13173270,4.10532387,4.65839430
25.95789679,3.86989607,4.65734810
25.74580969,3.73065534,4.56475096
29.92644769,9.21964333,4.63216458
31.06143191,10.65755039,4.69233276
31.02102331,10.59441743,4.69455086
30.89484434,10.41656052,4.69439176
30.68114616,10.12911341,4.68968903
30.35238527,9.69075212,4.68207650
30.52867905,9.92576482,4.68603442
30.16589111,9.44168456,4.67841167
29.77253779,8.91429551,4.67267767
29.56591044,8.63604550,4.67080082
29.13311130,8.05029920,4.66940938
28.67754244,7.42963617,4.67192011
28.44991904,7.11741687,4.67494127
28.22090092,6.80166440,4.67903553
27.99045187,6.48208272,4.68412801
27.76105040,6.16166893,4.69013534
27.53044910,5.83736867,4.69692207
26.86301874,4.88510791,4.72064988
27.08145265,5.19859149,4.71247116
27.44134109,5.40953037,4.76731262
27.30353863,5.51573676,4.70443473
26.65060200,4.57981905,4.72842409
26.44520751,4.28637567,4.73496009
26.25211552,4.01378755,4.73879050
25.93340542,3.58883357,4.73623998
26.07993143,3.77767314,4.73937940
27.88154827,6.06871588,4.74857037
28.10344416,6.39486824,4.74044848
27.02036252,4.76402958,4.78783199
27.22888205,5.08503033,4.77754377
31.02864472,10.46720081,4.73208483
30.74792369,10.07701700,4.72809525
30.96371018,10.16434080,4.76729865
30.42209741,9.63643499,4.72196548
30.59683001,9.87262754,4.72511690
30.34288665,9.30429398,4.75901242
29.84870999,8.85513410,4.71561110
29.21912126,7.98375388,4.71645726
29.55639842,8.19139614,4.75952468
28.26831784,6.26757061,4.79366959
27.64160835,5.25502311,4.82451920
27.84662719,5.59345566,4.81355066
26.81764593,4.45161905,4.79757788
26.62095267,4.15210092,4.80561750
26.43432049,3.87548136,4.81082490
30.69736054,9.79468407,4.76322651
30.84646744,10.00059266,4.76554103
27.65923011,5.73807231,4.75755491
30.98768073,9.89142297,4.80273831
30.52489598,9.55675952,4.76087225
30.67216810,9.44292933,4.79945451
29.96083658,8.76838096,4.75748573
29.34538156,7.88625841,4.76212434
28.91151295,7.24890978,4.77106844
27.05957247,4.26585781,4.85674100
27.24849379,4.58838882,4.84670579
30.15508550,9.04186935,4.75785173
30.31055525,8.92176048,4.79815451
30.49394503,9.18755963,4.79842532
28.48242757,6.59970331,4.78504058
28.05712997,5.93318263,4.80320463
27.44286718,4.92003026,4.83572101
30.84139587,9.68334303,4.80105559
29.72949999,8.05780914,4.80268666
30.16345045,8.17448396,4.83986522
30.34894077,8.46884035,4.83801655
29.52605492,7.74683766,4.80627799
29.31876860,7.42499006,4.81107160
28.90660909,6.76467067,4.82423918
28.30792107,5.73938733,4.85069117
28.50391028,6.08552008,4.84121901
29.11039182,7.09534995,4.81710981
28.70436701,6.42822486,4.83232914
28.11418143,5.38670906,4.86065934
30.53084834,8.75178552,4.83699711
30.70797133,9.02240651,4.83673717
29.78208767,7.54928662,4.84630618
29.97480164,7.86858226,4.84261111
25.81333051,3.67923854,4.65323766
33.55664739,8.74992181,4.85430871
33.46114409,8.95013880,4.87191546
33.34219636,8.80549196,4.86901571
33.40636887,8.61819399,4.85395742
33.24748447,8.67996880,4.86611132
35.38216826,8.64387286,4.69145819
35.33716194,8.81672097,4.71577427
35.23794713,8.75329143,4.71942300
35.23699068,8.59742213,4.70234381
35.11012436,8.67780995,4.72460384
37.00969208,9.68919278,4.60818545
37.14280039,9.84528103,4.60863725
36.98815962,9.90625372,4.63607035
36.84767380,9.80024749,4.64261220
33.77465723,8.46234661,4.81926367
33.97330810,8.54033360,4.81125358
33.83031077,8.63304849,4.82883436
33.70441658,8.62996477,4.83691380
31.22448051,10.64878347,4.75305103
31.15596650,10.65554792,4.73163547
31.20157735,10.57850571,4.75907562
31.10884113,10.60172341,4.72820700
31.11947176,10.51678437,4.74863402
38.24715627,10.70597529,4.53281681
38.24510935,10.75219194,4.53890027
38.20823762,10.73439873,4.54551388
38.18704347,10.69358068,4.54550978
38.32032613,10.80574379,4.52546344
38.32110005,10.82916966,4.52819955
38.30036347,10.82275779,4.53321997
38.28742598,10.79975353,4.53387428
37.02460112,3.09426043,3.58724598
37.02729876,3.10580550,3.58920055
37.01703435,3.10121996,3.59119108
34.11844770,7.00162240,4.64331914
34.02003599,7.12613114,4.66828319
33.91872178,6.96226747,4.66081431
34.30301724,7.01466644,4.62379882
34.20131143,7.19913764,4.65687394
33.93054622,6.58374704,4.61584334
33.84013955,6.67701806,4.63702841
33.74008615,6.52165418,4.63045546
34.02043093,6.73800458,4.62363078
33.83127505,6.80507687,4.65261218
33.66672847,6.74029419,4.66321710
33.70230627,6.92716748,4.67993559
33.55343559,6.61665304,4.66175898
34.22499171,6.83801014,4.61172420
34.07248887,6.88153604,4.63452123
33.94803460,6.43230278,4.59578562
33.51967350,6.89275438,4.69504225
33.72763162,7.10093210,4.69598842
33.97243269,7.62461205,4.72638143
34.10556556,7.61123784,4.71206773
34.07456099,7.74283948,4.72869535
33.85363225,7.48507180,4.72352430
34.04324347,7.48178193,4.70460890
33.82136292,7.32166297,4.70983477
33.73288276,7.25056325,4.71115710
33.87301090,7.17195653,4.68875559
33.65809116,7.40495331,4.73394873
34.19880441,7.51737173,4.69261969
34.37050005,7.57030485,4.68047067
34.24312617,7.70796087,4.70860705
33.54957159,7.06192490,4.70968214
33.40569727,7.01754251,4.71917358
33.99160119,7.30378459,4.69080321
34.38778062,7.13929452,4.62884621
34.49299496,7.03194598,4.60338696
34.53253789,7.18063127,4.61684551
33.45446320,6.74313578,4.68588274
34.24261678,6.62820340,4.58399854
34.09136389,6.53042407,4.59041629
33.82097197,6.31769836,4.59726243
33.97200387,6.27763135,4.57421772
34.42908004,6.87588970,4.59185502
33.63361124,6.32772775,4.62030526
33.51181407,6.47161776,4.65024098
33.43599461,6.31078901,4.64072326
33.38718126,6.60073308,4.67769373
33.32039070,6.45233667,4.66882481
34.27687916,6.42076803,4.55382139
33.58461848,7.23901782,4.72431784
34.40679503,6.70633205,4.57341255
32.82050860,6.09690301,4.68424670
32.71412540,6.18945572,4.70450455
32.70879875,5.97814806,4.68383127
32.93630928,6.11245487,4.67365049
32.86215533,6.23918586,4.69443350
34.80452713,7.54993586,4.62931083
34.86351244,7.65958823,4.63557363
34.72039064,7.66904510,4.65329832
34.79985414,7.38961020,4.61026932
34.95748146,7.51503948,4.60645885
34.14518095,7.37461262,4.68258361
34.07863751,6.15596752,4.54592980
34.11430905,6.33406613,4.56350502
33.72577159,6.15873854,4.58982595
34.40887919,7.27025850,4.64192341
34.29959098,7.39085198,4.66793775
34.55040877,6.76338129,4.56249974
33.26079804,6.74369176,4.70557100
33.19502565,6.59039408,4.69642906
34.54926307,7.30506034,4.62988567
33.24711315,6.28994879,4.65917250
33.35419653,6.15415047,4.63242739
33.12724834,6.42800514,4.68653443
33.05105585,6.23525110,4.67434139
34.61606071,6.90142124,4.57178894
34.69616302,7.07990587,4.58437731
33.53696885,6.15643117,4.61179313
33.89794817,6.14823881,4.56764398
34.31555555,6.17712423,4.51779235
33.33835885,6.89233376,4.71305818
34.42464158,6.51262039,4.54653583
34.44798372,6.33298294,4.52029816
34.49307978,7.43722863,4.65190920
34.64021565,7.38013658,4.62823675
34.67805370,7.25677994,4.60870396
34.83961659,7.20119782,4.58169889
34.97446619,7.30597630,4.57787967
34.73732151,6.73745809,4.53476473
32.25126944,6.08953097,4.74015637
32.30820642,5.93693958,4.72053624
32.39266999,6.05665033,4.72355937
32.36774515,5.77595189,4.69908293
32.50018203,5.91109328,4.69874908
34.44059784,7.75039981,4.69302495
34.34609687,7.90341227,4.71903484
33.24651333,7.05311441,4.73770203
33.62783936,5.98457375,4.58111563
34.59896414,6.59433665,4.53431972
33.81434394,7.69921221,4.74846137
33.94869246,7.75139953,4.74133931
33.06617636,6.01569379,4.64934531
32.93478382,6.39964963,4.70327058
33.00235121,6.57172787,4.71377448
33.06420805,6.74113008,4.72450392
33.19311198,6.14057651,4.64887151
33.25858033,5.99332732,4.62536143
34.56085364,5.91424356,4.44975433
34.49312543,6.05656762,4.47803207
34.37438799,5.94989359,4.48054497
34.53222593,6.19267729,4.49053600
34.54871402,7.62661464,4.66757315
34.67150255,7.51184597,4.64033729
33.68009356,7.58021661,4.74903986
33.46786527,7.60072983,4.76941899
33.62006170,7.75006479,4.77018939
33.44394963,7.38462031,4.75147211
34.17931433,5.98610863,4.51155493
34.57668982,6.39997363,4.51179312
34.56173220,6.29490759,4.49997329
33.99046337,5.98368097,4.53589405
33.43815889,5.99274030,4.60458663
33.80776090,5.98413961,4.55902727
33.14280751,6.90397143,4.73292945
33.38343410,7.19828532,4.73912116
34.69231844,6.26066135,4.47734357
32.88849366,5.96811278,4.66366790
32.74848551,6.37386099,4.71919497
32.64568550,5.76609727,4.66887593
32.50859297,5.72753389,4.67958957
32.58372071,5.58478696,4.65695127
32.81685848,5.79389361,4.65316639
34.17065282,7.89008434,4.73455309
34.51906436,7.93320503,4.70486108
34.43430516,8.07124298,4.72793442
35.11687684,7.04603491,4.52473495
35.12512779,7.20442580,4.54481706
34.98715142,7.12427698,4.55262380
35.25664542,7.08404463,4.51058476
33.42052134,7.97180355,4.80518035
33.44338587,7.81798803,4.79057137
33.57626252,7.95088247,4.79157445
33.32527724,7.74780185,4.79379687
33.27223844,7.64628264,4.78934166
33.27796335,7.50369455,4.77654771
33.17421177,7.76526135,4.80655162
33.10095773,7.61642086,4.79998988
32.35677838,6.20570673,4.74082936
32.44654045,6.30841434,4.74182942
32.29026822,6.40279842,4.76432207
32.58553054,6.33393826,4.73110178
32.45070100,6.47659166,4.75658672
33.87953927,7.83533032,4.75575250
34.00676957,7.87187789,4.74789277
33.88633889,8.00260114,4.77090917
34.74591233,6.43086828,4.49273829
34.78457567,6.57201847,4.50636713
34.88374451,6.63581948,4.50130412
34.87638574,6.14764350,4.43569083
34.86914719,6.30929382,4.45887089
34.95673866,6.46180278,4.46727106
33.74852599,7.87687059,4.77097248
32.53550230,6.13864334,4.71736216
34.68494931,6.05561533,4.45086005
34.26332905,5.79351551,4.47576236
32.86585163,6.72182481,4.74128949
32.91808867,6.91874451,4.75479866
34.86845834,7.05231536,4.55879601
33.89396145,5.80894847,4.52690109
33.52133089,5.81214501,4.57389325
33.71062906,5.81160709,4.55050766
33.15975001,5.82553441,4.61807748
33.34099163,5.82130428,4.59651491
35.00649958,7.71965616,4.62576683
34.82979560,7.83310469,4.66009421
32.14260353,5.97197773,4.73975300
32.79995282,6.54596845,4.73081017
34.62130947,7.79762499,4.67910393
34.64422247,5.75923906,4.41725935
34.44707650,5.77553441,4.44778311
34.07858290,5.81030599,4.50287761
32.98153795,5.81726912,4.63738790
33.04725775,7.08036215,4.75817424
34.92324108,6.77792667,4.51506691
34.81022243,6.91871277,4.54895830
33.17085283,7.22531761,4.76064051
33.27369778,7.34650132,4.76281671
33.09445710,7.41324195,4.78359334
32.95308598,7.93042704,4.83382666
32.85200339,7.96027334,4.84192203
32.80464446,7.82744835,4.83585653
33.07400949,8.02439846,4.83289406
32.88862957,8.10698011,4.84933948
32.61763558,6.51685416,4.74510875
31.94528555,6.14810135,4.77279330
31.97197471,6.01397810,4.75918269
32.08632327,6.12116294,4.75813147
32.00765009,5.85786347,4.74223737
32.99742563,8.29309198,4.85517882
33.06183199,8.16820572,4.84355937
33.13188145,8.26567603,4.84603535
32.84795951,8.30259156,4.86317375
34.58576226,8.10863328,4.71694285
34.26993365,8.08444229,4.74482400
32.19462014,5.81657548,4.72041065
35.00265995,6.94243013,4.52636872
35.06002990,8.25441955,4.68301719
35.00160223,8.10260753,4.67206340
35.14941860,8.10101637,4.65486100
34.86859802,8.03618964,4.67923632
35.04087377,7.93414820,4.64767042
32.74365153,7.01274157,4.77797281
32.71669434,6.86583289,4.76758336
32.57313647,7.00126546,4.79071106
34.72892432,5.89336365,4.42271511
34.15907024,5.62678296,4.46910839
33.42201760,5.64017062,4.56613691
35.07454147,6.78847556,4.49553367
32.23937707,5.64971159,4.70000581
32.06505638,5.69651543,4.72200685
32.85493326,7.12203990,4.77814500
33.25831182,7.92900355,4.81346725
32.41505334,5.60506051,4.67722257
35.03568821,6.63943975,4.48051180
32.97953099,7.26063832,4.77982856
35.18877096,7.78537005,4.61145524
35.24103908,7.96149243,4.62688240
32.75581643,5.60126488,4.63963129
32.18536840,6.24787964,4.76022513
33.48253834,8.08145015,4.80955460
33.34900076,8.10858120,4.82109626
33.79666527,5.63100868,4.51798241
34.88532818,5.96718539,4.40969663
34.86918839,5.77060800,4.38546056
34.53625651,5.59809330,4.41202519
34.75877605,5.57922842,4.37667259
31.96186265,5.55227474,4.71886053
31.86231687,5.72743254,4.74436035
31.87075904,5.40850327,4.71462536
32.06364402,5.37346674,4.69147792
32.12125687,5.54741914,4.70228341
35.15693017,7.59120847,4.59093234
34.34142834,5.61257281,4.44187634
34.69690120,7.97484305,4.69088990
35.13210803,7.39382224,4.56874229
33.07277582,5.65355392,4.60917606
32.91281271,5.63531178,4.62555868
32.66356984,6.69205098,4.75684232
33.23831468,5.65217658,4.58960538
33.60569106,8.14048091,4.80533626
35.05628390,6.25059570,4.42354540
33.71902519,8.03030537,4.78718753
34.07956949,8.04492630,4.75816291
33.60697737,5.63026459,4.54208279
34.29526099,8.28683362,4.76236330
34.38823325,8.20823028,4.74624824
34.44722842,8.38758427,4.75858408
34.15786446,8.22310318,4.76828898
33.78742289,8.21574438,4.79790894
32.48304362,6.65893216,4.76963692
31.64422813,5.55170422,4.74949734
31.56621562,5.69424555,4.76856813
31.44503951,5.55271512,4.76776184
31.71356151,5.66724589,4.75299309
31.27853874,5.64526012,4.78935036
31.23507132,5.48034876,4.78036338
31.21560939,5.79645895,4.80538268
31.10573431,5.65258513,4.80377119
33.46111675,8.23561328,4.82321733
34.49434937,8.21114400,4.73657747
34.61518303,8.28406390,4.73247212
33.09227497,7.88212326,4.82133169
33.00682734,7.78148112,4.81957392
32.67882574,5.39425858,4.62640023
35.06471684,6.05860269,4.39556415
35.24604426,6.13777805,4.37934158
35.20292217,6.89191731,4.49171186
32.91969879,7.67319914,4.81741425
32.93458886,7.53072959,4.80544586
32.91796297,7.39453468,4.79582671
32.77618744,7.46399839,4.81167195
34.74391231,8.16268654,4.70666799
34.90392874,8.21703268,4.69582323
34.77730238,8.35291417,4.72372307
34.94256274,8.40957933,4.71296613
34.92662359,5.60826175,4.35515736
34.90697709,5.48876896,4.34242586
35.04190899,5.51814436,4.32561708
33.19384061,8.13563973,4.83329430
35.16396053,6.51511008,4.44476196
35.20060936,6.68340779,4.46303619
35.29780821,6.39758376,4.40839093
35.34094722,6.55845309,4.42487101
33.00145670,5.50154402,4.60079456
33.97954809,5.63306085,4.49419433
34.06551006,5.45024614,4.46009835
31.80073438,5.56004951,4.73537256
31.81148162,6.08719192,4.77922367
32.79825609,7.29719688,4.79709672
33.98567758,8.19764448,4.78047580
32.52647558,6.83846480,4.78114267
35.34615244,7.65644281,4.57471103
33.69698268,5.43411710,4.50741785
33.32077751,5.46837250,4.55886327
33.50715145,5.45242108,4.53386947
32.08824331,6.41282274,4.78230809
32.31365694,6.61139356,4.77987033
31.73076577,5.43555326,4.73099323
31.58636727,5.39701256,4.74151864
33.11163823,8.41116443,4.85654692
33.28165625,8.30387283,4.83979785
35.29942604,8.09984745,4.63673946
35.25899911,8.26082890,4.66101272
35.42058911,8.01501296,4.61104298
35.43692055,8.17612492,4.62914600
31.39107953,5.74433818,4.78754554
32.86830061,5.45156999,4.61083280
35.38281959,7.84016652,4.59364973
34.81256217,5.38650725,4.34349784
34.62695805,5.41870919,4.37557619
32.00948632,6.26777499,4.77713026
31.68390680,5.81191698,4.76783865
31.82706293,5.91662445,4.76387621
32.27238643,5.45688273,4.67762591
35.05570436,5.86216622,4.36976129
35.05625956,5.68456584,4.34555906
35.30765312,7.46705518,4.55501547
32.47758755,5.42992250,4.65264591
35.28326743,7.27264808,4.53246557
34.43159870,5.43637334,4.40657836
33.88535508,5.45963766,4.48565805
34.24207006,5.44573396,4.43491732
32.63746155,7.17594622,4.79964318
33.61175252,8.33479372,4.82057375
33.14371372,5.47949390,4.58154413
34.98714687,5.36720528,4.31428564
35.09555713,5.21966352,4.27840613
35.16441771,5.39534100,4.29055110
31.40607609,5.36087412,4.75536853
31.50460965,5.85851488,4.78688589
32.76570477,7.98207614,4.84819302
32.59176549,7.95097787,4.85545121
31.84154433,6.25733621,4.79012473
32.14504870,6.57743726,4.79077951
32.34228770,6.80119150,4.79283223
33.01251751,5.31621072,4.57904841
33.93886195,8.73917597,4.82969177
31.73764671,5.26654626,4.71485678
32.76306546,8.77265486,4.88940864
32.88835962,8.64841335,4.87976350
32.95294370,8.78519133,4.88401651
32.91674082,8.47200345,4.86948957
33.07797747,8.61684096,4.87035661
31.62947468,6.00762506,4.78808618
32.02748107,6.70020482,4.80891167
31.97397797,6.57536687,4.80378289
31.98739384,6.82290114,4.82027903
31.87059805,6.75584393,4.82362877
33.44059587,8.42565272,4.83867416
34.89549831,5.22656134,4.31019873
33.92514403,8.35617685,4.79932798
34.51801969,5.26527918,4.37219293
33.57241964,5.26279800,4.50333717
33.26397287,8.51571021,4.85507687
32.77202733,7.62958123,4.82413254
35.14149431,6.38083798,4.42920548
35.23257641,6.27919656,4.40135300
32.37509616,5.27120102,4.64763632
34.07520608,8.37230423,4.78888954
34.20212912,8.37547326,4.77873127
34.29467294,8.44170890,4.77706111
35.37066073,6.74798031,4.44743033
33.21135036,5.29418844,4.55250276
32.38597849,6.97068242,4.80260255
32.42707785,7.13174911,4.81163280
35.22280335,5.76677960,4.33113255
35.43108453,7.14412367,4.49430378
31.53851702,5.22293403,4.73071294
31.25344671,5.31579745,4.76558276
31.07757142,5.33718266,4.78278375
31.17355127,5.18926617,4.76243384
35.57142252,7.91308570,4.57825361
35.54317930,7.72160514,4.55686819
34.32925488,5.26961308,4.40040098
34.14215000,5.27544604,4.42785766
30.86493275,5.27256591,4.79575283
30.77665612,5.46532310,4.81607151
30.65864302,5.29389847,4.81355053
31.00787358,5.17967058,4.77653012
35.42924287,8.32592331,4.64846779
35.32323288,8.46085639,4.67707279
35.50201711,8.47339374,4.65744112
31.06183781,5.49439412,4.79591200
30.94607656,5.42842470,4.80046201
32.15082690,6.77065630,4.80502936
35.60523897,8.09405948,4.59720708
35.61611748,8.28898737,4.62055679
35.12967803,8.46400190,4.69909918
35.20315239,5.57843583,4.30873327
33.96376428,5.28552864,4.45389755
33.39560997,5.28307968,4.52830042
35.24140789,5.95610304,4.35451221
32.83156800,5.28351239,4.59687665
35.49725993,7.53354860,4.53806289
32.68700026,5.14669372,4.59895305
32.54029849,5.26748026,4.62872676
31.92034953,5.24553273,4.69409457
32.62295439,7.37099884,4.81545861
31.67094823,6.20827506,4.79987374
31.90093076,6.42074909,4.79786747
31.32730396,5.91998180,4.80551767
35.46065477,7.34128366,4.51718399
32.44565116,7.29762929,4.82221424
32.21086395,5.26565338,4.66511058
34.70243242,5.24488446,4.34198041
32.06408895,5.13086072,4.66752263
33.58713152,8.53263805,4.83723155
34.17158736,8.54466377,4.79644901
32.20708820,6.94476561,4.81361242
30.31726867,4.99760754,4.81960066
30.42077450,5.11962817,4.81986898
30.27558671,5.17696496,4.83354863
30.38402388,4.83517007,4.80329380
30.48574662,4.99312683,4.80635043
32.59937293,7.54652706,4.82944622
35.41870243,6.24074418,4.36779076
33.83562436,5.12284771,4.45168629
33.81802275,5.30602119,4.47613483
33.71431745,5.24166724,4.48224073
35.38023449,8.92319585,4.72275451
35.46141367,8.80027536,4.70028438
34.64232035,8.48165958,4.75003656
32.53235653,8.33050328,4.87759955
32.44151988,8.21217963,4.87545535
32.57023510,8.14517541,4.86711815
32.32951684,8.19257181,4.87843559
32.42681522,8.07470377,4.86953705
32.44873900,7.96097694,4.86282321
32.41426394,7.84605390,4.85824435
30.72517836,5.15330462,4.79850114
30.57331270,5.45828476,4.83004128
30.45157898,5.28941597,4.82825916
30.93592928,5.73821945,4.82210060
31.05758806,5.82465735,4.81897975
30.91766797,5.94034525,4.83536408
30.93686715,5.57270519,4.81121770
32.25186642,7.09551907,4.82110438
32.27181362,7.24320572,4.82975223
32.13405896,7.19987179,4.83544510
32.27567732,7.39583516,4.83927485
32.11088876,7.33448445,4.84490813
30.79481285,5.65742425,4.82691811
30.65557879,5.60262536,4.83299254
30.65043525,5.77832272,4.84291333
31.49327577,6.16623986,4.81027000
31.69779612,6.41974806,4.81292913
31.35138030,5.20020564,4.74678495
31.07455392,5.03806185,4.75897426
35.40303148,5.85496310,4.31551473
32.27666313,5.10801368,4.64177994
36.01633896,8.42033044,4.58445138
35.86550234,8.53977624,4.61983904
35.82901991,8.34621335,4.60004163
35.88733641,8.70298242,4.63735775
35.73880916,8.67784253,4.65306136
31.65909062,5.06744850,4.70424322
32.90161758,5.12496222,4.57115826
32.70539694,8.08115714,4.85733003
33.47123381,5.09709392,4.49700655
31.79429999,6.59167529,4.81786442
32.71579539,8.23198323,4.86533271
34.41138759,5.09711092,4.36674200
33.64602304,5.09179738,4.47345187
33.29069028,5.10567979,4.52107861
34.79903849,5.07670909,4.30578941
35.39815625,6.95134637,4.47213382
35.51873564,6.62031447,4.40728458
35.76634076,7.97452340,4.55997724
35.34943133,5.45576030,4.26972927
35.65113637,7.40562324,4.49910784
35.61253675,7.21418753,4.47809701
31.85745085,5.08904800,4.68556042
31.46378685,5.04821262,4.72230927
30.86512323,5.05017179,4.77884799
34.52434112,8.59957641,4.77217388
32.74024928,8.58585158,4.88204485
35.18909266,5.06208425,4.24354522
34.99783262,5.06903646,4.27417152
30.56711431,5.14598991,4.81056079
30.66101465,5.00898923,4.79319207
35.69145363,8.48813687,4.63578113
35.56791787,8.64546757,4.67003423
32.43870073,7.46827378,4.83418005
35.37735149,5.66436616,4.29328046
35.30935452,5.23279880,4.24682490
35.73033432,7.78899917,4.54016153
34.80526715,8.54991469,4.74153061
32.72110265,8.40902403,4.87433156
31.44803344,6.01574483,4.80308167
31.26776864,5.03920015,4.74078493
33.09778946,5.11871615,4.54661632
35.69127984,7.59319640,4.51911564
32.59748083,7.73579254,4.84205801
35.57969749,7.01698079,4.45507729
35.42028221,6.03938746,4.33884758
35.54866477,6.82071491,4.43164008
34.23018077,5.09784110,4.39327106
32.03867612,6.94058384,4.82474023
34.03580647,5.09907705,4.42109669
31.12567047,5.98514563,4.82439650
34.60204759,5.08588489,4.33688889
35.48239740,6.43204024,4.38561624
34.35703269,8.61412800,4.78768883
32.47013395,5.10798650,4.61989429
32.24417265,8.08728482,4.87682873
32.35562261,7.97439889,4.86752832
32.08008212,8.15914496,4.88424389
32.07141305,8.01807280,4.87946712
31.28532949,6.12652452,4.82238467
36.16472674,8.72975051,4.60418902
36.02356170,8.62179445,4.60936221
36.21175774,8.51683254,4.57029975
36.14515167,8.88106125,4.62583930
36.00082200,8.82915553,4.63829317
32.75955608,9.22498226,4.90504707
32.89604700,9.30295121,4.90557770
32.79576717,9.40169297,4.90933261
32.82407624,9.04567195,4.89834190
32.92732241,9.16414508,4.90042342
32.42300211,7.64381367,4.84613760
34.66706586,8.68201594,4.76749566
33.40436135,9.13404664,4.88466535
33.24046525,9.00714306,4.88445981
35.27892570,4.89758931,4.20836340
35.35691631,5.04272636,4.21485264
35.49693144,5.12379554,4.20342555
31.73344033,6.87540444,4.83953601
31.85842678,6.95037110,4.83662258
31.64381665,7.03704213,4.85309481
31.69182627,6.75302467,4.83479123
31.38346809,6.81233754,4.85476435
31.30298029,6.67237966,4.85198508
31.46446263,6.67491754,4.84355531
31.24144730,6.82849754,4.86192887
35.12593854,8.84352909,4.74049867
34.99027900,8.81361341,4.75066966
35.24342882,8.94626859,4.73941002
35.05310564,9.02110922,4.76542340
33.14029373,8.81647142,4.87853694
32.46491974,8.78244315,4.89630436
32.43984563,8.94000483,4.90087494
32.28479883,8.80754880,4.89906696
32.59426514,8.85485630,4.89634986
32.08501256,7.08301377,4.83105302
34.96972199,8.61529212,4.73220061
30.48250411,5.65392413,4.84636638
35.60590943,6.11620941,4.32130679
31.54207089,6.32050802,4.81723847
31.61212757,6.62064762,4.83171389
34.21547641,8.75598377,4.81124348
34.35213006,8.82178034,4.80643445
34.24328880,8.95069447,4.82523686
34.50734592,8.79877089,4.79205523
34.41527953,9.00789022,4.81739257
30.80932746,5.80767551,4.83475142
33.74459085,4.91891789,4.43947127
32.98740093,4.94125354,4.54016926
34.32081518,4.91902274,4.35772875
35.61814323,8.82039552,4.68457543
33.76019376,8.79355416,4.84533466
31.94311728,7.07198854,4.83892286
32.59396300,8.68827061,4.89054155
32.85302333,8.90192034,4.89220724
32.71854268,8.94424380,4.89695274
33.62893802,8.91552109,4.86124733
31.17093993,4.87415368,4.73562360
35.55456651,5.73776707,4.27578265
34.83236067,8.75831366,4.75996814
31.96662176,4.92509009,4.65748786
31.56551000,4.89342049,4.69743087
32.16488233,4.93194574,4.63611782
32.37476931,4.94056773,4.61311039
35.66827666,6.49898169,4.36721741
35.70007279,6.69145210,4.39043066
33.36868366,4.91863592,4.48939277
35.72451845,6.89635830,4.41648654
35.80311575,7.27746252,4.45937669
35.84342899,7.46695762,4.48004887
35.88083553,7.65925329,4.50130899
32.25859295,7.56287476,4.85017937
35.79895982,8.15556884,4.57937756
35.92280698,7.84894758,4.52132644
35.96020956,8.03629145,4.54141277
30.57668151,4.84108856,4.78764386
33.89628862,8.90016046,4.84459186
34.06634864,8.88907959,4.83266438
34.07622373,8.69626121,4.81658058
35.08760577,4.90911262,4.23970308
30.14349154,5.04127348,4.83454264
30.77022226,4.85781430,4.77193736
35.99010487,8.22519079,4.56245208
35.63383317,6.31156076,4.34522718
35.76301356,7.08601473,4.43806093
32.56495155,8.52473506,4.88492555
35.79305663,8.87700140,4.67023573
35.49857776,5.33575831,4.23069822
34.89791539,4.91738558,4.27020149
34.69842102,4.91657158,4.30074930
31.37509767,6.31669933,4.82825947
31.46458975,6.50110470,4.83369244
30.40363219,5.48401313,4.84233015
32.78641753,4.94981620,4.56562873
32.57926275,4.95626619,4.59099273
30.17131716,4.84426083,4.82046388
31.77016741,4.90904901,4.67725111
31.36936410,4.88202310,4.71656013
30.97094693,4.86928420,4.75441326
34.12956137,4.92099718,4.38580092
33.55635979,4.92063469,4.46500915
33.18300666,4.93014318,4.51449142
35.52335457,5.54339923,4.25427973
32.09902929,7.49509545,4.85450838
35.58009871,5.93092778,4.29884103
35.48258070,4.90168891,4.17703878
33.00411093,8.98117416,4.89124857
32.34377221,8.32220629,4.88323086
34.68424324,8.88293286,4.78499500
31.96354780,7.23244851,4.84706106
32.24496333,7.74508169,4.86076590
30.72668173,5.95330385,4.84738947
32.69220380,9.08074180,4.90176497
32.58286555,9.02088796,4.90147546
32.59189547,9.18953880,4.90560303
30.34723849,5.77719040,4.85907392
30.46908545,5.85787218,4.85654085
30.28547645,5.94883868,4.86804024
30.26328772,5.62699540,4.85690962
30.60417782,6.10796859,4.86050386
30.58300482,5.94474760,4.85463425
31.53922446,6.78335885,4.84530274
33.38770203,9.30483072,4.89383572
33.49587273,9.35580666,4.89256667
33.40807858,9.46562780,4.90058150
33.60984605,9.28926508,4.88461951
33.57884605,9.49171374,4.89636433
32.17394146,8.27341736,4.88585536
35.46674775,4.57118545,4.13655085
35.63404063,4.61557752,4.11611657
35.52072193,4.71870051,4.14738474
35.77937343,4.50600953,4.07869451
35.79615370,4.69141659,4.10061371
32.08393577,7.66301385,4.86376271
31.79870938,7.14694895,4.85100929
29.83885953,4.84724570,4.84361863
29.99173912,4.78538662,4.82978187
29.99353091,4.94217554,4.83884257
30.07996379,4.65836752,4.81502003
36.06857128,8.98178085,4.64819192
29.89883662,5.22643245,4.85837410
29.98914224,5.09530459,4.84726268
30.09090302,5.22035234,4.84750303
35.63089936,8.98469448,4.70186201
35.49957879,8.95813923,4.71363994
35.73370370,9.12016163,4.70525381
35.53723317,9.14007850,4.72927362
32.23265047,7.91798134,4.86976917
33.07048892,4.76319596,4.50949198
30.67667408,4.68164367,4.76600933
33.76281453,8.99332728,4.85901597
33.93785062,9.07780777,4.85471022
30.22927128,5.39371351,4.84804103
32.38182290,8.48343412,4.88820877
31.10800101,6.16743595,4.83634228
31.61273442,6.88378013,4.84672979
34.50125029,4.91738793,4.33069775
34.22525730,4.74452434,4.34985556
35.76710040,5.99808913,4.27954295
33.93595724,4.92068599,4.41322835
33.64715435,4.74714211,4.43198411
35.82160629,6.38016887,4.32658282
34.03061487,4.74431916,4.37806000
35.70661210,5.62055307,4.23615680
31.87352116,4.74272438,4.64926769
31.27429938,4.71192744,4.71042670
35.66001749,5.21735970,4.19008599
34.85252916,8.98538674,4.78005811
32.68112626,4.78449750,4.56000449
31.47369127,4.72539598,4.69092920
31.67575730,4.73309626,4.67003257
36.03359535,7.53146907,4.46154735
35.87938242,6.77120145,4.37515319
35.91668148,6.96003384,4.39713797
35.95471367,7.14961324,4.41892862
36.18295351,8.29099340,4.54443135
34.78835800,4.75016094,4.26566760
36.11396820,7.91135302,4.50273343
36.14980152,8.10332547,4.52383833
33.83552495,4.74256568,4.40544852
33.45861230,4.75071101,4.45776984
35.64996355,5.00806073,4.16458480
35.37059128,4.73278984,4.17273678
30.27915190,4.66555852,4.79954618
33.58913184,9.09711718,4.87455132
35.99473345,7.33973587,4.44018921
36.07355094,7.72040163,4.48214925
35.18673212,4.73716301,4.20207758
36.30156215,8.85798197,4.60201254
36.20298144,9.02569168,4.63605306
36.30527768,8.67189244,4.57763579
34.59748495,4.74399401,4.29411466
30.48218976,4.66998185,4.78254399
34.40762509,4.74056596,4.32233188
34.98570093,4.74140537,4.23397829
31.18123350,6.30874769,4.83980017
35.79270761,6.19071356,4.30339002
35.84821143,6.56826960,4.35010334
34.56601018,8.98744552,4.80407408
35.73555625,5.81250756,4.25808535
30.87806209,4.69118368,4.74791382
31.25726280,6.48314925,4.84481615
32.27198055,4.76618106,4.60644491
35.67682772,5.42587202,4.21475487
32.47455204,4.77629311,4.58381201
31.07561829,4.70096706,4.72948645
33.26501378,4.75149452,4.48323896
31.92686845,7.59026677,4.86684707
30.98203935,6.10602218,4.84055084
30.80414460,6.14618591,4.85246024
31.93803701,7.42428917,4.85850284
32.87687283,4.77101664,4.53458113
34.12025735,9.09716330,4.84486091
31.78151702,7.33672531,4.86127899
30.96781973,6.28879651,4.85066654
34.68293639,9.07751994,4.80264871
35.37284714,9.07281798,4.73942736
31.46210098,6.96888739,4.85840827
36.07955942,9.16575744,4.66874685
34.83418883,9.30858154,4.81071496
34.79093368,9.16460817,4.80160585
34.92612265,9.16888533,4.79072941
32.07124330,7.84061439,4.87235600
29.68136262,4.60363197,4.84046482
29.77084458,4.48314158,4.82685931
29.86011914,4.66005951,4.83145030
29.50898663,4.65923766,4.85425407
29.57915779,4.48408739,4.84054889
31.11934709,6.63533946,4.85907219
31.15568629,6.76999918,4.86311587
31.00172350,6.78152460,4.86939208
31.09350841,6.92806139,4.87118744
34.28080039,9.15121970,4.83839287
34.41150374,9.20506480,4.83362822
34.32204562,9.37242939,4.85225236
34.54086133,9.15136981,4.81995552
34.50660695,9.33670459,4.83734462
33.49660268,9.23366779,4.88625998
31.31122911,7.12426823,4.87068780
31.27148400,6.95981781,4.86601406
31.46713290,7.16506764,4.86664128
31.34363840,7.27300659,4.87468403
31.30711395,7.42610410,4.88000880
31.18281792,7.29324058,4.87927773
33.75920809,9.19329329,4.87208044
32.20283576,8.44998502,4.89084687
32.02379459,8.42833775,4.89289039
33.00444667,9.28153783,4.90304088
33.11905405,9.34113026,4.90284113
32.97029223,9.43353207,4.90853259
33.09236260,9.16364474,4.89648393
35.64640045,4.79981460,4.13823048
35.05450894,9.20344378,4.78277494
35.10900432,9.32100131,4.78892405
34.97769800,9.33065788,4.80100278
35.20647545,9.17571205,4.76622900
34.12406876,4.56502149,4.34202955
32.42010404,8.65148159,4.89304305
32.23837992,8.61992150,4.89501887
32.63114500,9.36122280,4.90907117
31.76329962,7.52302535,4.87015893
31.91072908,7.75831761,4.87448640
35.92195538,5.88240687,4.23916472
35.79998063,4.89339837,4.12632103
33.15690923,4.58562579,4.47775743
30.10063121,5.55080250,4.86166195
29.98856829,5.40557684,4.86125690
31.38009808,4.54666467,4.68346785
35.85893229,5.50801274,4.19737354
33.54540894,4.57527346,4.42498084
30.78499774,4.51504576,4.74140977
31.05725209,6.46876303,4.85457999
35.08538902,4.57497501,4.19682825
32.06662537,4.75323838,4.62865068
31.78125259,4.56623000,4.64147313
31.97336529,4.57263832,4.62035958
32.17681158,4.58904682,4.59856830
35.97787548,6.26413567,4.28577537
35.83669848,5.31158790,4.17485802
33.73371010,4.57134022,4.39857966
32.76860815,4.60369990,4.52900677
34.69229068,4.57030337,4.25725077
30.38427724,4.49827492,4.77751662
36.18559348,7.40361649,4.42128876
36.22564177,7.59326903,4.44232668
32.37564290,4.60059092,4.57637378
30.18263566,4.49183039,4.79463699
36.37665240,8.35432275,4.52574651
36.10871418,7.02370355,4.37783620
36.03313530,6.64537674,4.33351617
36.30320172,7.97692804,4.48472199
36.34116467,8.16719314,4.50542289
30.21126875,5.79720541,4.86587687
30.43851386,6.04609665,4.86529468
31.61983428,7.25070689,4.86420695
36.36648560,9.06031699,4.61860133
36.54902771,9.12244836,4.60167158
36.42795159,9.24907970,4.63347723
36.46157654,9.42308969,4.64981558
36.31475488,9.39080645,4.66514951
36.60847875,9.33099467,4.61923870
32.24713168,9.04345224,4.90336651
32.43137134,9.12990829,4.90495168
29.97618152,4.49130527,4.81161692
35.92800213,9.02834572,4.67150163
36.25631311,9.20748002,4.65105839
35.89062387,5.69559534,4.21787837
31.17534169,4.54301337,4.70468695
31.58577728,4.55839987,4.66236269
35.59472531,4.40643992,4.09445379
36.48939348,8.92254106,4.58463604
36.45381019,8.73042235,4.56477035
30.58639468,4.50481177,4.75951640
36.41753824,8.54728306,4.54576271
34.03240388,9.22700205,4.85949315
33.89764086,9.29015228,4.87108589
36.07120431,6.83469733,4.35570860
36.14678273,7.21283166,4.39966965
33.35318343,4.57933583,4.45128438
33.93311314,4.57229954,4.37055481
34.49704490,4.56970448,4.28700868
34.31333436,4.56392607,4.31391759
32.96481327,4.59339526,4.50325186
34.88255873,4.57304545,4.22818664
36.00608937,6.45081827,4.30890602
33.25353434,9.22517319,4.89447043
35.94877591,6.07644207,4.26289899
31.75751887,7.68671534,4.87658086
35.74994318,9.32692184,4.72607002
35.89832552,9.22886716,4.69820559
35.81799935,5.10284530,4.15061397
36.26456047,7.78401650,4.46347578
32.57629870,4.61051864,4.55334801
30.06177004,5.72902084,4.86954205
29.68157429,4.75160331,4.84843994
29.81880919,5.04640723,4.85471369
29.67034328,4.92252233,4.85728150
31.60548873,7.44313223,4.87248197
34.16068747,9.28736594,4.85610317
29.84483355,5.49673887,4.87064439
29.79722692,5.37661223,4.86874042
29.72092588,5.49720845,4.87505466
34.02175254,9.58547752,4.88317647
33.88766016,9.64766274,4.89275164
33.89056928,9.48865617,4.88357318
33.79217109,9.77897629,4.90317286
33.75458698,9.59023370,4.89496407
31.90019234,7.94009302,4.88137505
35.38201786,9.26299421,4.75796679
29.38433633,4.78122040,4.86629854
29.31019286,4.67206542,4.86576662
29.35198831,4.92451461,4.87276049
29.20744046,4.83263308,4.87592533
34.03391675,9.39573137,4.87068128
34.88846023,9.47771928,4.82087209
34.75663380,9.43008707,4.82688598
34.62382001,9.47750179,4.84020705
34.67554404,9.27902939,4.82047157
32.84163076,9.57171759,4.91301949
32.71795637,9.67096295,4.91448567
32.66593405,9.52867056,4.91206948
32.98548819,9.60851822,4.91323709
32.88342160,9.76523216,4.91682911
32.45421185,9.31956425,4.90802104
35.89247485,9.41313646,4.71929276
35.62765226,9.26557692,4.73290483
32.49581172,9.48885910,4.91038090
32.40551800,9.56961608,4.90979472
32.30949863,9.46272513,4.90767963
32.51330842,9.67763096,4.91217855
31.61604574,7.77011845,4.88272771
31.73565961,7.85229865,4.88252577
31.53218948,7.93493193,4.88776474
31.60342833,7.62412014,4.87873953
32.06094817,9.05811450,4.90203773
32.09554160,9.19597749,4.90313820
31.91869795,9.14197149,4.89966082
32.09210371,8.91745805,4.90112127
30.09846697,5.90406952,4.87329842
29.97819281,6.02952458,4.87918059
29.92035170,5.87231230,4.87766568
29.88613873,6.15353040,4.88215139
29.76596752,6.02302309,4.88253419
33.26768720,9.41476923,4.90222652
33.28551357,9.62344136,4.90983394
29.52075145,4.83435672,4.86148320
32.05499896,8.58141268,4.89590873
31.88427749,8.55326897,4.89600535
32.08566411,8.74577803,4.89874883
31.90760956,8.70280744,4.89786733
33.74739051,9.39229139,4.88445665
31.97753891,8.28290483,4.88993367
36.77879926,9.34504518,4.59798170
36.89952245,9.25080271,4.57005896
36.92315539,9.46638990,4.59326482
36.72413053,9.18237417,4.58533766
36.15236867,9.35567152,4.68168939
30.13649319,6.04772008,4.87569810
30.25786148,6.16995045,4.87517006
31.46101199,7.35338556,4.87386102
35.60722318,9.41670186,4.75079194
35.74869001,9.50678811,4.74517158
35.74398378,9.69260672,4.76450434
35.58726153,9.59021385,4.77016090
29.93976608,5.58870221,4.86983120
31.13247519,7.10162559,4.87536290
30.86618335,6.46672110,4.86318354
30.98076569,4.52802923,4.72317536
30.48959876,4.33248937,4.75366850
34.40849037,4.38548636,4.27650913
30.89040635,4.35030881,4.71569522
36.07454245,5.77009575,4.19984685
34.02418223,4.39525377,4.33499122
36.13225745,6.15312757,4.24600812
36.19373926,6.52509869,4.29149881
36.01901112,5.38691095,4.15647229
35.27941163,4.56888633,4.16564798
34.98184072,4.40174241,4.19016824
32.85678014,4.42364080,4.49723555
36.22667948,6.71006686,4.31397818
36.37752886,7.46627567,4.40212281
36.41633420,7.65731265,4.42366751
36.05253312,5.57144313,4.17594716
35.99579350,5.18839134,4.13403821
33.24572467,4.41047138,4.44523993
32.47192907,4.43617204,4.54653331
36.30092721,7.08730230,4.35859862
34.59408795,4.39351016,4.24923847
36.45456158,7.84912421,4.44518925
36.49417705,8.04009261,4.46614427
36.53309166,8.22984841,4.48675477
36.56907595,8.41851986,4.50732444
36.60239288,8.60699671,4.52790048
36.63453138,8.79639227,4.54838344
33.44415774,4.40772451,4.41827353
33.63542714,4.39557355,4.39046178
30.07842827,4.32566621,4.79064173
30.28601656,4.32662508,4.77218476
32.27285248,9.25198279,4.90585417
32.28079148,4.42372639,4.56825544
32.07984247,4.40536054,4.59011341
30.64229653,6.28636640,4.86561210
30.46035765,6.23979568,4.87078720
35.95735393,4.78481497,4.08751849
35.97274657,4.98689255,4.11143908
35.51353958,9.31655681,4.75019128
36.00821804,9.32897579,4.69634687
29.68492520,5.23344146,4.86870154
29.38072185,4.51648756,4.85497911
29.23153788,4.56149987,4.86540087
29.20198127,4.38858524,4.85949194
36.67754408,8.98955055,4.56739529
35.77831473,4.34867225,4.05747640
35.92661138,4.40203256,4.04126578
29.66098393,4.32971099,4.82501800
30.79098211,6.33150136,4.86109678
31.88252043,4.39400511,4.61189681
31.68989702,4.38711638,4.63318606
31.48977444,4.38124704,4.65496189
31.28541719,4.37535919,4.67668165
35.94334056,4.58075719,4.06277158
29.86980546,4.32697188,4.80835109
36.11150158,5.95100505,4.21987627
30.68637341,4.34485129,4.73568653
32.66409917,4.42981523,4.52214726
33.83054384,4.39814322,4.36329107
36.26355154,6.89853598,4.33637274
35.37365748,4.39681458,4.12800025
33.05208792,4.41517091,4.47119147
31.90245804,8.13176747,4.88714675
29.63508616,5.07667369,4.86538688
34.78727356,4.39557645,4.21966729
35.17566646,4.39828330,4.15933005
36.16589288,6.33347011,4.26736900
30.93883150,6.62874740,4.86633714
29.50392319,5.00438346,4.86880783
35.42648232,9.46934472,4.77397880
36.03948934,9.49590420,4.71120002
30.68104013,6.46395930,4.87010397
31.71777619,8.03478254,4.88763657
31.73881355,8.66543732,4.89625084
31.73662347,8.53054948,4.89536272
31.66516872,8.40548454,4.89391717
31.85225469,8.41320764,4.89393220
37.17885661,9.68979817,4.58578051
37.32288672,9.79826405,4.57937760
36.09914440,4.16971043,3.97976178
36.25431809,4.15097473,3.95124920
36.22097955,4.32560088,3.98306143
35.98167870,4.03263582,3.97768573
36.18735641,3.99376705,3.93724372
31.29220862,7.72428831,4.88632638
31.26702944,7.58280311,4.88417063
31.42274116,7.56243329,4.88113171
31.15563671,7.49896948,4.88400806
35.24074711,9.38854772,4.78350426
35.07321334,9.49508819,4.80765265
35.10943940,9.67573663,4.82032300
35.24762392,9.58783715,4.80122509
35.22568372,9.80055080,4.82164699
29.46201074,5.49875215,4.88208861
29.48758308,5.34216042,4.87876541
29.62541323,5.41418455,4.87612320
29.49728904,5.17672570,4.87443877
31.82177395,8.28686948,4.89183553
31.69435450,8.21769454,4.89146642
36.08423480,4.46903037,4.02525434
34.31094724,9.60306091,4.86913013
34.46569257,9.53502908,4.85503512
34.45079148,9.72256429,4.86922469
34.17059373,9.48964261,4.86940669
30.05467742,6.18124564,4.88001863
36.84767923,9.62667787,4.62246540
36.74235649,9.50153489,4.62175163
31.92737977,8.99512555,4.89988061
31.75947101,9.06571592,4.89607175
31.93356372,9.29755453,4.89931823
31.72781985,9.23807325,4.89326726
30.99934936,7.25639279,4.88176611
30.95461114,7.09125996,4.87924766
30.82495221,7.25188008,4.88354160
33.98252098,9.79143414,4.89674731
36.57615595,9.54722734,4.64929416
36.38036252,9.59750090,4.68055751
30.88731500,6.94173729,4.87729232
30.81550884,6.78540327,4.87518920
30.68957481,6.94256279,4.88097068
30.76023387,7.10001055,4.88231318
34.75817685,9.59023761,4.83963219
31.93059915,8.85194779,4.89930311
33.12593560,9.52823696,4.90930214
30.74482079,6.62452566,4.87282559
34.21308215,4.38870789,4.30629668
33.92099298,4.21991456,4.32685455
36.15139871,5.06953342,4.09426462
36.10730170,4.66935111,4.04859291
33.34267100,4.22955531,4.40948519
31.60379945,4.21415489,4.62387814
36.23545729,5.65054370,4.15854175
32.37903898,4.25540469,4.53692653
34.11185719,4.21563644,4.29820295
34.50176747,4.21135360,4.23867126
36.29232275,6.03301566,4.20413541
35.27421380,4.22902837,4.12044853
35.07597068,4.22546722,4.15120220
34.88495444,4.22291954,4.18082484
36.35471313,6.40610152,4.24957041
31.09180787,4.35875928,4.69564016
30.59448725,4.16747951,4.72732085
29.88153489,5.72732342,4.87559858
29.75159572,5.62904760,4.87717814
36.60679044,7.72195106,4.40524863
36.64586302,7.91236269,4.42657387
36.68547706,8.10293858,4.44759537
36.17405453,5.26287011,4.11606263
36.20921392,5.45367594,4.13590837
36.56849590,7.53073193,4.38347916
36.33850592,7.27674217,4.38062691
36.53065763,7.34026932,4.36156927
36.79282277,8.67503994,4.51047119
36.82461938,8.86561373,4.53121381
30.99737214,4.18416944,4.68738788
32.75283291,4.25017683,4.48959176
32.94659116,4.24534807,4.46409370
32.11570657,9.38115347,4.90366431
29.45237421,4.34418518,4.84108904
29.13961453,4.68601124,4.87433035
29.10452590,4.55651630,4.87158271
33.53100676,4.22514415,4.38302757
33.13461827,4.24383186,4.43923884
28.82741595,4.20855127,4.87197586
28.95689772,4.15217151,4.86196925
28.98360813,4.29741377,4.86762704
28.72822767,4.13936199,4.87403441
28.82406750,4.04024182,4.86373202
31.46363980,7.75329989,4.88495238
30.51290343,6.42894287,4.87434994
30.31293342,6.39399620,4.87847098
36.86342709,9.05894483,4.55082800
32.30347278,9.64925480,4.90778238
28.97358313,4.47454936,4.87491042
28.81410994,4.37446706,4.87887893
29.12509660,4.17550499,4.85282048
33.72895836,4.22240721,4.35482392
29.33820142,4.17960464,4.83854227
35.90090598,9.60117740,4.73841636
35.90097476,4.22097238,4.01958702
36.04645495,4.31741063,4.01019541
35.68516893,4.22433692,4.05460904
36.19754469,9.54402933,4.69744801
34.69134513,4.21789445,4.21030530
34.30626738,4.21244602,4.26862037
36.72395371,8.29388720,4.46854572
36.75970418,8.48461289,4.48952617
36.42042631,6.77487683,4.29461566
36.38701300,6.58907769,4.27193224
36.45633268,6.96265844,4.31717208
36.32589866,6.21552614,4.22574487
29.55275519,4.16702336,4.82152186
36.12133598,4.87427579,4.07344156
32.18785917,4.24442125,4.55887187
31.99234056,4.23138403,4.58069799
31.79132274,4.21771523,4.60269391
36.49312592,7.15133465,4.33955623
31.39327093,4.20614883,4.64669769
33.45205659,9.61965792,4.90600144
30.12140531,6.35030900,4.88109763
36.26776859,5.83438040,4.17926692
30.79339751,4.17823538,4.70815641
30.38972991,4.16246685,4.74706300
30.18132312,4.16125613,4.76679634
35.48248663,4.23954670,4.08899741
29.76229229,4.16388975,4.80425342
29.97189553,4.16190805,4.78595300
33.59133752,9.73713281,4.90734049
35.40989944,9.69804578,4.79700862
29.33556461,5.10496917,4.87830926
36.07374196,9.70089442,4.72935822
36.19539309,9.85420200,4.73143837
36.24466334,9.70557961,4.70955991
36.36689008,9.82941255,4.70808650
36.04020712,9.90977284,4.75484644
31.53515722,8.13748509,4.89087698
29.73605322,5.82101025,4.88090927
29.01975821,4.82601407,4.88252999
29.05587404,4.95818007,4.88390553
28.90141973,4.97235850,4.88767789
29.17797716,5.02200684,4.88153541
28.98388399,5.12730013,4.88733237
30.55913581,6.60930406,4.87735025
28.94912826,4.67191123,4.88153328
34.15509708,9.69433606,4.88333280
29.59010287,5.56846091,4.88025122
37.39878408,10.00602910,4.59315027
37.25929459,10.07420410,4.61918024
37.24534506,9.95222789,4.60731124
37.18744273,10.17811173,4.64008496
37.11176202,10.03603665,4.63434044
31.80251493,8.93555238,4.89762853
31.76080080,8.81373219,4.89692452
33.25060903,9.81001008,4.91650746
33.10614302,9.74393839,4.91592984
33.16405750,9.90788662,4.91978928
31.14693082,7.84969497,4.88782319
31.14146649,7.67386681,4.88648876
31.00145549,7.60409360,4.88603929
28.31674643,4.21521671,4.89273784
28.15167446,4.17529717,4.89604102
28.22479336,4.03830252,4.89167962
28.02981050,4.22998226,4.89802782
28.03355775,4.05075449,4.89689899
31.98184483,10.11761890,4.88691458
31.86092967,10.20376299,4.87561362
31.83559020,10.01403894,4.88063664
32.01361297,10.24419923,4.88511371
31.01616368,7.42431079,4.88421833
34.60078507,9.65881014,4.85548151
34.74351545,9.79712199,4.85643987
29.90746483,6.33037465,4.88279875
34.93830471,9.67394089,4.83329257
35.05406162,9.80586309,4.83537918
33.39644469,9.78047600,4.91344251
36.71102082,9.68628609,4.64761910
31.56704710,8.60603778,4.89374531
32.12454721,9.56878650,4.90315310
31.61825413,8.94840910,4.89306878
35.37900419,4.06606939,4.08006820
32.56013808,4.25563603,4.51454759
32.09616206,4.06647636,4.54795653
36.33971176,5.15065683,4.07538632
36.28044798,4.75857627,4.03289773
34.98107337,4.04886057,4.14064238
35.17714372,4.05683221,4.11079121
32.46585735,4.07490019,4.50348760
31.20027019,4.19149189,4.66633876
31.30679968,4.02509103,4.63508306
31.10826769,4.01417491,4.65587792
36.54804839,6.47000614,4.22996482
36.45257025,5.91232542,4.16218473
30.69902514,4.00318811,4.69863072
34.59627843,4.03912010,4.19949097
36.39403391,5.52913185,4.11747666
29.23411523,4.00938170,4.83393812
29.44391533,4.00505833,4.81720456
36.72214272,7.40509110,4.34289691
36.64924887,7.02720285,4.29812596
37.01306830,8.93673125,4.51470016
36.87578211,8.16743639,4.42957936
36.83709694,7.97583292,4.40814779
33.62308902,4.05011106,4.34623741
33.81629795,4.04364846,4.31760994
30.28450057,3.99771675,4.74029700
30.49328449,3.99883899,4.71943966
31.94447783,9.47255811,4.89810084
31.90261987,4.05689775,4.56999510
31.70082717,4.04161036,4.59190270
30.37146701,6.58343446,4.88041222
30.16371557,6.56167792,4.88235975
32.67552682,9.82445157,4.91575026
32.50679975,9.87310720,4.91270415
35.89755044,9.79599987,4.75879753
35.73320207,9.88824584,4.78458878
30.88501046,7.37612146,4.88444793
28.47611780,4.33608723,4.89036104
28.49113130,4.17194850,4.88594521
28.65737484,4.24782958,4.88157631
28.40030166,4.03505604,4.88511616
28.61500202,4.05081797,4.87583184
28.63292416,4.44036539,4.88740642
31.32199992,7.89831522,4.88845878
29.32174501,5.44082674,4.88411771
32.34402921,9.82810534,4.90835956
32.41886195,10.03150307,4.90960023
37.12394048,9.52628726,4.57362348
29.56634875,5.74163088,4.88289737
28.78788254,4.55859210,4.88464298
36.54975714,9.74587385,4.67560227
32.12940595,9.78458136,4.90129544
32.22916636,9.98326171,4.90277495
33.22800746,4.06698970,4.40331386
33.03569030,4.06664664,4.42902847
37.07600771,9.32675786,4.55569659
32.84266406,4.07151135,4.45499804
33.42736484,4.05295894,4.37407642
31.35845829,8.07594568,4.89006915
30.61828360,6.78022113,4.87944686
36.61409285,6.83972596,4.27540225
36.75962064,7.59529190,4.36495243
36.98189024,8.74439156,4.49360394
37.04157638,9.12869130,4.53551807
29.32635733,5.27605671,4.88195203
34.00416679,4.03615760,4.28901928
30.89963371,4.01250782,4.67839089
30.07456423,3.99797950,4.76069417
29.65402934,4.00165748,4.79930680
29.86429050,3.99929441,4.78042103
29.02462945,4.01464083,4.84931666
34.20198074,4.04177336,4.26026522
34.78876885,4.04463040,4.17026821
36.25750929,4.55093397,4.00856675
35.78018257,4.05462766,4.01396266
35.57225694,4.06291074,4.04870585
34.39927396,4.03945072,4.22993017
36.79824326,7.78538011,4.38664798
36.91340303,8.35992250,4.45098620
36.94883462,8.55237018,4.47235140
36.58029589,6.65340766,4.25256517
36.51556427,6.28689206,4.20758577
36.42683070,5.71796852,4.13844558
36.30471268,4.95414505,4.05498178
36.48596938,6.09706363,4.18403302
32.28652303,4.07497651,4.52577675
31.50317922,4.04094804,4.61472002
31.80127627,9.38813790,4.89387879
29.99516021,6.48502399,4.88271648
31.52376617,8.30985876,4.89246674
34.30042696,9.79933331,4.88256220
36.71842513,3.41781778,3.73236029
36.77639730,3.38818300,3.71393389
36.80582224,3.45017131,3.72072705
36.82098033,3.39494104,3.70574053
36.44762929,3.76686400,3.85267711
36.39555382,3.64612377,3.83985931
36.54550393,3.65609631,3.81395803
36.30987920,3.63251821,3.85288445
36.32468719,3.55397215,3.83555675
31.94146502,9.65286591,4.89545035
35.57608222,9.79438719,4.79074386
35.39941930,9.89689744,4.81565183
29.15960129,5.20898960,4.88484613
32.29685218,10.12887743,4.90365573
32.39859424,10.18878460,4.90730204
32.29749552,10.26474392,4.90139046
32.54762995,10.20675150,4.91294083
32.43397133,10.30661822,4.90731508
34.57443509,9.81327177,4.86820507
29.18106839,5.54868161,4.88599480
29.32301821,5.57299449,4.88493927
29.23347648,5.72200933,4.88508151
29.15623361,5.38274983,4.88613138
37.54200851,10.21754340,4.59767123
37.70624219,10.20864917,4.57397073
37.62718981,10.35927681,4.60162517
37.47288948,10.12055680,4.59616447
37.59398697,10.04795615,4.57158533
36.69233889,9.87368487,4.67143633
30.43090227,6.76328741,4.88178621
34.63561840,9.95618256,4.87448332
34.77896350,9.97792209,4.86734993
34.69816214,10.16596713,4.88505946
34.29925360,9.96601186,4.89288620
34.45233241,9.92603323,4.88271236
34.37667609,10.12177579,4.89854762
34.16113531,9.89273667,4.89487123
29.42411443,5.65394138,4.88416536
30.86057206,7.52964662,4.88533057
29.54065388,5.93955114,4.88393946
30.99401534,8.10647627,4.88494331
30.93322917,8.20657520,4.88188591
30.84486457,8.09669587,4.88095388
31.15479031,8.04303691,4.88823518
31.05827114,8.20961040,4.88541319
31.33352703,9.29048113,4.87274415
31.37649770,9.15626998,4.87938879
31.50408209,9.27142561,4.88291660
31.17007396,9.20764834,4.86513044
30.11998219,6.89400694,4.88140000
30.08761585,6.73755247,4.88227722
30.24912972,6.74347297,4.88269142
29.96504808,6.64937011,4.88191186
31.37907225,8.24703596,4.89097419
31.37502637,8.38284295,4.89089641
31.23899908,8.36472984,4.88829940
31.46067101,8.47387721,4.89214403
31.27754198,8.49820979,4.88803778
31.57138901,9.11791162,4.88918855
31.63480485,9.40793913,4.88613074
31.58295482,8.78064696,4.89344770
28.86491897,4.83508802,4.88704489
30.98552644,7.78339337,4.88651031
30.83429275,7.70489079,4.88494501
30.99022931,7.96429257,4.88603054
30.82764064,7.89620649,4.88333530
35.07856129,9.99187177,4.84837929
36.27603007,9.96738105,4.73385251
31.21548911,8.21672104,4.88870353
30.63442692,7.26385022,4.88393174
30.71309838,7.43300090,4.88439261
34.91818992,9.88735546,4.85152478
33.67347497,9.94637810,4.91411935
30.49005119,6.93560535,4.88276514
28.60084686,4.63684715,4.89088498
36.43326005,4.63728885,3.99178551
32.37236715,3.89439642,4.49107898
32.19366269,3.89495779,4.51341584
35.27969076,3.89008785,4.06912386
32.64990999,4.07550845,4.48032330
32.55425036,3.89486444,4.46813912
31.41266218,3.85988837,4.60213839
32.80813326,9.97224465,4.91899985
36.36455399,5.33347859,4.09573656
36.52825868,5.21901691,4.05468744
30.55882756,7.10296131,4.88342407
33.12683207,3.88991037,4.39231859
36.67624580,6.16738221,4.16540228
36.70895776,6.35082600,4.18778557
32.74095059,3.89567627,4.44422282
30.80315314,3.83940920,4.66791540
36.61344707,5.79209119,4.12012185
36.68552436,7.21554782,4.32060712
36.77357806,6.71813045,4.23326165
36.91392419,7.46982363,4.32418130
28.70603624,3.85866073,4.86023658
28.91493550,3.85296190,4.84570213
37.20029279,9.00913515,4.49860914
34.69167443,3.86813973,4.15914572
34.88597136,3.87268215,4.12921530
35.08247276,3.88087732,4.09924865
33.51640227,3.87861156,4.33687206
29.54520520,3.84007727,4.79366106
29.33472108,3.84354772,4.81219649
36.84214425,7.09213621,4.27912544
37.13667314,8.62162966,4.45564649
37.16939363,8.81542020,4.47728027
37.06483207,8.23394080,4.41207767
37.02726012,8.04106310,4.39016900
30.17745468,3.83481378,4.73295526
30.38758085,3.83464058,4.71148852
36.20406067,3.83158387,3.90708024
36.05343986,3.86532984,3.93846855
36.53279446,9.95452496,4.70095388
35.88285366,9.98785388,4.77922504
35.74211805,10.06715417,4.80042252
29.73671675,6.22234467,4.88314841
29.81050214,6.53707229,4.88140364
28.11146666,3.87350146,4.89096195
33.49491250,9.93964955,4.91742015
33.30528356,9.97401457,4.92075069
34.03149596,10.01526583,4.90670997
32.04111639,9.97739688,4.89393475
31.91125527,9.83348407,4.89033192
32.14372039,10.15554456,4.89548028
32.60910592,10.01160440,4.91532877
36.83372977,9.97910790,4.66467111
36.95843082,10.05923089,4.65714526
28.13715865,4.34988294,4.89696683
28.30763059,4.42086892,4.89497547
28.45328785,4.52391071,4.89296882
36.39300418,4.22287590,3.93919596
36.37065940,4.04333866,3.91430215
36.58419535,5.59875098,4.09746885
36.55300800,5.40894569,4.07635524
30.59668623,3.83568719,4.68966511
36.64591115,5.97807652,4.14210950
36.49311900,5.02636211,4.03454027
37.22929635,9.20182915,4.51942655
37.10162490,8.42772403,4.43391125
29.12457850,3.84788914,4.82961611
36.98940107,7.84953926,4.36822850
36.95139140,7.65923751,4.34626708
34.29643842,3.86804538,4.22039659
34.10196626,3.86690484,4.24971003
34.49387211,3.86770175,4.18994012
28.74669066,4.74854004,4.88879606
31.21192555,3.85056754,4.62390445
31.81096208,3.88188787,4.55819745
31.00510072,3.84741829,4.64672026
36.46357583,4.83504167,4.01366813
37.30375727,9.58865075,4.55714671
36.40894841,4.43262136,3.96739286
28.49792735,3.86489559,4.87298177
28.30090611,3.87026622,4.88316727
35.86559247,3.87859937,3.97201779
35.66993420,3.88742574,4.00558805
29.38833000,5.82612097,4.88455302
32.93286275,3.89283727,4.41867706
36.80748689,6.90475585,4.25625213
33.01567182,9.93755828,4.92040001
37.26411939,9.39571132,4.53897682
29.96680032,3.83574348,4.75389239
33.90289211,3.86469266,4.27903098
29.75596496,3.83746554,4.77417519
33.70997536,3.87154638,4.30819677
36.74135652,6.53423133,4.21042138
33.85824444,9.96889313,4.91014808
32.00344021,3.88879496,4.53590354
35.25574961,9.98797153,4.83492946
31.77575940,9.53294584,4.89018531
35.56561297,10.02883843,4.81296213
31.42856561,8.74540904,4.88960509
31.60594903,3.86940848,4.58086113
36.15883384,10.01286623,4.75210172
37.04834413,3.06240879,3.57197129
37.04659261,3.06284823,3.57265651
37.04698966,3.06117644,3.57211560
37.04536269,3.06307762,3.57311662
37.04523364,3.06160718,3.57279852
37.04580347,3.06439796,3.57329571
37.04457045,3.06566422,3.57400960
37.04389572,3.06344485,3.57368658
37.04436071,3.06761319,3.57455524
37.04673513,3.06691315,3.57360661
37.04569012,3.07051540,3.57483170
37.02697533,3.07952081,3.58296860
37.02873577,3.08666483,3.58414913
37.02086706,3.08394147,3.58590041
37.03180121,3.09260701,3.58463514
37.01362755,3.08995036,3.58951100
36.95432930,3.27708184,3.64898221
36.93356013,3.28447036,3.65575638
36.92469493,3.24251781,3.64849050
36.91113099,3.28559462,3.66140635
36.92641729,3.30928335,3.66303219
36.89974667,3.31900927,3.67150039
36.86007054,3.32861012,3.68273815
36.87348646,3.27527396,3.66796572
36.89432396,3.36903461,3.68375032
36.84979438,3.37144858,3.69434634
36.80712072,3.34224156,3.69749208
36.73314041,3.32867288,3.71057808
36.65700979,3.35871179,3.73278521
36.65942150,3.27401783,3.71462514
36.65737598,3.41534039,3.74438811
36.60225330,3.39809971,3.75199439
31.39618248,10.52885825,4.80347547
31.37256733,10.60202963,4.79159016
31.30675011,10.53929537,4.78683759
31.41718752,10.66205111,4.79278767
31.34000627,10.67940121,4.77551014
36.58302681,3.31129571,3.73811555
36.56085796,3.45117870,3.77091715
36.49863909,3.36782313,3.76643292
36.48903174,3.46817468,3.78824245
36.56035780,3.53457119,3.78756797
36.65757010,3.48376608,3.75830246
36.44956382,3.54581722,3.81084959
37.87940851,10.57102503,4.58810485
37.97038438,10.55802487,4.57197872
37.97791295,10.65638356,4.58148318
37.80900711,10.48889039,4.58989800
37.92721831,10.46294298,4.56863520
36.21981104,3.60248545,3.86352688
35.36461807,10.09591365,4.83533668
37.69721841,10.46426602,4.60324970
37.73684064,10.59467792,4.61146013
37.52644909,10.52598852,4.63271163
36.76042953,3.93387989,3.82539508
36.67546900,4.02314006,3.85711933
36.65532539,3.89666783,3.83833168
36.87680459,3.87127678,3.79098696
36.86563857,4.06772040,3.82934988
36.12925531,3.70899998,3.89860524
36.04697171,3.52445516,3.87999458
36.29577562,3.72176414,3.87167852
28.98781506,5.32754247,4.88756178
30.71980304,7.61378704,4.88379680
29.56980439,6.13186837,4.88321175
29.71586822,6.38239610,4.88206415
29.56623689,6.31847099,4.88111386
36.59469617,3.79536048,3.83099031
36.33608752,3.87618265,3.89193412
31.11079300,8.32457878,4.88546242
31.09066060,8.48195317,4.88237592
30.95062079,8.34984571,4.87979491
28.71354725,4.95242017,4.89034859
36.39362939,10.03062052,4.72641302
36.68222505,10.06851861,4.69427391
32.55713192,10.41722528,4.91140423
32.63476297,10.57151026,4.91302987
32.46060802,10.61633820,4.90318922
31.62703156,9.96246471,4.86736938
31.74163421,9.85899446,4.87955524
31.47070646,9.90772553,4.85684637
31.56455863,9.77754790,4.87027016
36.38497720,10.21209528,4.74630495
36.26524221,10.10994736,4.74985547
36.36354163,10.36152401,4.76382082
36.22853742,10.28439859,4.77143200
28.05530493,4.50372938,4.89537407
27.91564763,4.39933154,4.89598570
27.94965852,4.58566985,4.89182683
30.30179023,6.91869969,4.88278146
33.14257312,10.07395889,4.92342494
30.83070304,8.25691866,4.87717808
30.68404141,8.21519327,4.87188583
34.53471369,10.07792004,4.88812762
29.42425009,6.07744812,4.88271585
36.51719826,3.92720899,3.86890027
36.14405411,10.15971445,4.76845781
36.02171466,10.09225716,4.77497482
27.95592243,3.87652975,4.89579659
27.99373605,3.71746132,4.89033064
29.76130648,6.88391721,4.87346678
29.81140029,7.02043066,4.87119123
29.62542387,7.00482364,4.86358631
29.80077628,6.73195171,4.87820862
29.93256792,6.84289775,4.87898980
31.41328842,9.43906563,4.87259262
37.17748555,10.32855496,4.65765723
37.35667280,10.21078692,4.62145813
34.20309083,10.23764296,4.91200097
34.07240310,10.19580088,4.91431617
34.19790247,10.09018873,4.90438335
33.91167292,10.15865384,4.91725438
36.52758626,10.14410138,4.72195143
36.83839596,10.15728882,4.68365326
37.02002622,10.21753501,4.66638046
30.53500410,7.41024160,4.88249340
31.45003958,9.02436039,4.88598090
28.17461713,4.50689189,4.89574300
35.19517817,10.14882643,4.85227115
31.66840300,10.15722678,4.86191122
27.88600160,4.18249858,4.89881232
27.84776881,3.99265548,4.89921051
29.36203088,5.97846342,4.88333671
29.40097407,6.23553651,4.87977462
34.89921291,10.08311943,4.86733981
37.00493106,3.09717861,3.59378450
36.96377818,3.14710908,3.61683219
36.94659916,3.15619158,3.62339198
36.94841739,3.13164625,3.61728333
36.97144373,3.16859570,3.61977626
36.86792123,3.21841700,3.65668234
36.82645895,3.24556592,3.67222537
36.83068578,3.29585269,3.68223936
36.78366174,3.27887789,3.68901725
36.74634426,3.49307937,3.74214887
36.74205833,3.56906153,3.75854814
36.65720992,3.59983188,3.78159874
33.56493934,10.11473247,4.92240395
30.36163676,7.09175890,4.88255759
32.45965591,3.71431265,4.45480069
32.27898190,3.71421639,4.47765783
31.90899347,3.71138611,4.52304168
35.75827517,3.71614531,3.96291841
37.44962784,9.46914565,4.52281080
35.47273098,3.89165235,4.03828193
35.18271800,3.71238582,4.05674882
36.71463303,5.29122118,4.03458724
36.90227486,6.41507210,4.16781982
36.93461205,6.59882559,4.19071151
36.83669593,6.04750778,4.12277782
36.65086910,4.90586687,3.99261819
36.87757611,7.28069609,4.30182381
37.03477765,7.15767534,4.26001397
33.31720872,3.88710314,4.36592202
33.02414561,3.71476794,4.38089902
32.64416628,3.71521199,4.43119418
36.77279521,5.67103415,4.07794726
34.58966208,3.69709213,4.14886968
34.39188125,3.69606267,4.17954131
34.19589653,3.69447341,4.20940936
29.64711619,3.67621603,4.76735572
29.43604713,3.67890868,4.78744258
30.06948153,3.67287079,4.72505923
30.28026517,3.67207510,4.70309681
37.10599441,7.53447736,4.30519859
33.40799950,3.70937860,4.32726593
33.60334891,3.70131423,4.29828386
29.01507266,3.68645489,4.82473466
28.80552282,3.69108284,4.84152724
37.25273072,8.30225975,4.39473973
37.21618999,8.10827912,4.37240754
37.28869862,8.49718554,4.41695862
37.32322983,8.69245497,4.43905031
34.98640437,3.70517713,4.08719786
34.78840389,3.69872898,4.11776097
31.31529309,3.68649388,4.59028365
31.51551739,3.69279360,4.56768841
30.69983171,3.67284299,4.65806760
30.90680021,3.67593919,4.63549536
29.66556324,6.66335466,4.87637147
29.57230767,6.52227423,4.87730745
35.86203634,10.17397163,4.79883301
35.66880262,10.24614565,4.82296017
27.66816962,3.96653864,4.90002911
27.72543031,4.13171519,4.89864819
31.90976841,10.38596410,4.87206479
31.58685501,9.57786735,4.87884680
31.42654647,8.88720437,4.88754006
33.73915529,10.13904161,4.92041280
37.41804986,9.27303353,4.50260785
37.38749963,9.08115580,4.48214040
37.35597574,8.88729708,4.46089110
37.48885544,9.66030153,4.54070125
31.75778470,9.71054109,4.88500347
36.53882592,4.11754918,3.89745764
36.68221852,5.09676627,4.01340988
36.61763825,4.71242598,3.97162065
35.37494889,3.71626371,4.02616291
36.58692074,4.51629435,3.94940666
37.47935181,10.34580233,4.61994683
37.33482633,10.42242226,4.64701007
28.19151894,3.70753569,4.88128627
36.96683705,6.78330885,4.21379557
37.00060715,6.97015363,4.23696003
37.53550876,9.84833714,4.55659243
32.95792465,10.15365455,4.92298757
33.28761286,10.17249024,4.92577070
33.41995006,10.08991607,4.92317142
33.21602407,3.71118130,4.35423512
28.38881955,3.70190559,4.87031092
29.21788116,5.91912862,4.88261883
31.71613181,3.70761310,4.54584641
28.99031743,5.53174168,4.88601346
29.07872303,5.67330015,4.88481462
32.74274266,10.16164103,4.91887392
31.10973996,3.68268583,4.61344034
36.74341640,5.48002555,4.05589171
30.49053756,3.67195445,4.68071169
37.06991076,7.34579650,4.28274737
28.59676618,3.69624100,4.85680206
29.22530058,3.68235442,4.80663471
28.42000605,4.71266776,4.89336074
28.27566493,4.60419189,4.89467757
28.56810305,4.83053564,4.89187384
36.80573697,5.85868553,4.09974594
37.17947208,7.91557901,4.35000619
37.14263526,7.72428509,4.32759821
33.99904076,3.69521559,4.23927639
33.79890769,3.69547658,4.26899446
36.56099932,4.31410290,3.92458613
35.94590900,3.70566815,3.92951648
30.41774752,7.27944407,4.88185805
35.57012688,3.72105021,3.99494641
29.85835174,3.67422705,4.74651396
28.78045472,5.11488786,4.88943105
30.53608919,7.59535052,4.88036711
35.47545715,10.23224214,4.83782003
32.09982536,3.71538971,4.50016868
32.83262142,3.71598958,4.40662882
37.04607932,3.06013414,3.57215954
37.04610377,3.05876318,3.57181516
37.04742629,3.05943990,3.57154530
37.04239695,3.07156315,3.57615956
37.04287749,3.06889823,3.57535240
37.04007222,3.07173452,3.57695201
37.03987858,3.06877876,3.57629336
37.04094101,3.07450385,3.57734779
37.03815347,3.07684505,3.57881222
37.03717676,3.07196820,3.57793709
37.02892622,3.06886291,3.57978817
37.02647143,3.07346148,3.58166186
37.02261315,3.06775384,3.58147379
37.03327705,3.06944354,3.57856227
37.03253727,3.07540702,3.58024215
37.04305354,3.07994236,3.57799359
37.03724468,3.08175864,3.58029665
37.03217668,3.08214188,3.58198683
37.03523384,3.08774653,3.58238583
37.04203912,3.08721103,3.58009318
37.03936737,3.09570942,3.58301309
37.01473473,3.07803389,3.58633117
37.01453027,3.08342732,3.58768299
37.00888493,3.08178905,3.58896649
37.02104843,3.07552018,3.58382159
37.03219945,3.09902682,3.58606251
37.03784814,3.10628507,3.58605769
37.00738184,3.07282150,3.58727146
37.01505138,3.07004955,3.58432343
37.00439673,3.08727004,3.59158621
36.99833232,3.07805216,3.59115635
37.01957310,3.11272589,3.59318546
37.03267205,3.11897982,3.59072890
36.99619157,3.08939327,3.59445700
36.99636070,3.09741481,3.59630495
36.98774211,3.09458461,3.59807475
37.00935913,3.11717129,3.59724602
37.00947772,3.10712931,3.59482587
36.99646330,3.10737336,3.59862745
36.98562778,3.08153236,3.59559677
37.01927297,3.12466359,3.59612506
37.01085204,3.12605064,3.59892055
37.03017042,3.13609181,3.59560275
36.96848625,3.10546950,3.60591811
36.96845159,3.11626887,3.60843966
36.95618232,3.11374438,3.61112083
36.98114322,3.10267376,3.60181066
36.98154375,3.11722830,3.60510735
37.01417450,3.13555574,3.60021229
37.00141991,3.14402838,3.60586698
37.00017547,3.12602289,3.60197492
37.02262648,3.15571418,3.60253539
36.95266768,3.09409534,3.60750307
36.97144960,3.08873939,3.60121306
36.93135753,3.10657371,3.61592704
36.98300510,3.14972057,3.61229524
36.98708262,3.13318111,3.60731619
38.33694216,10.81981436,4.52227674
38.34692020,10.80595455,4.51730506
38.35571303,10.82569065,4.51702945
37.00132285,3.16323106,3.61041005
36.98744656,3.16586341,3.61485071
36.96938177,3.12942966,3.61124808
36.99406853,3.18216200,3.61684602
36.97630153,3.19778423,3.62523837
36.95308082,3.21410874,3.63498675
36.95646115,3.23530106,3.63896134
36.95005774,3.18329989,3.62871608
38.32880286,10.76070800,4.51711722
38.30275904,10.75628228,4.52426566
38.31655891,10.73526515,4.51755428
38.27940984,10.76897482,4.53222320
38.28176057,10.73637550,4.52757477
36.97829183,3.22786225,3.63164746
37.00884550,3.21260990,3.61989210
37.00569592,3.25201636,3.62993996
38.25089305,10.79354477,4.54242658
36.96922238,3.25547970,3.64031627
38.29773741,10.70555837,4.51926633
36.95343542,3.31001682,3.65663265
36.99270984,3.29488070,3.64327177
36.98451699,3.35097242,3.65812465
36.93071214,3.19970927,3.63733466
36.92354967,3.17044647,3.63247810
36.90021253,3.19120263,3.64290504
36.93416265,3.34737267,3.66965434
36.95120893,3.42365812,3.68246653
38.14084899,10.70500587,4.55672403
38.15613895,10.74944743,4.55862551
38.08505161,10.71393944,4.56874000
31.23312730,10.69423461,4.74713323
31.23686490,10.74186517,4.73873163
31.18474090,10.71281987,4.72811032
31.27323814,10.67038520,4.76172534
31.28412289,10.71833234,4.75652784
38.07603620,10.64129329,4.56231620
38.13727175,10.66301163,4.55264642
38.04622189,10.58045973,4.56104936
38.13962926,10.59016757,4.54368984
36.89037054,3.49109698,3.71100269
36.86879182,3.41668486,3.69985925
36.82139483,3.54286588,3.73678940
36.92735476,3.59698049,3.72523842
36.82258842,3.64133019,3.75670861
36.73796127,3.65198983,3.77598822
36.79266092,3.73711981,3.78186224
36.72664195,3.82182481,3.81105580
36.67623119,3.71114295,3.79963423
31.41865559,10.34368199,4.82332959
31.35035007,10.44368026,4.80465097
31.27185673,10.32278993,4.80423051
31.52548098,10.35720546,4.83563210
31.47920198,10.46123761,4.82188545
36.68706389,10.25524108,4.71365255
31.01520909,8.62742526,4.87585167
30.90155325,8.54013625,4.87277427
31.16233280,8.64329344,4.88193233
31.02449463,8.78263398,4.87165896
29.06136341,5.82997138,4.88182681
29.24315960,6.11123577,4.87917274
31.25765727,9.01193759,4.87721406
27.78277212,4.59877638,4.88606738
27.73531905,4.44607687,4.89058089
27.73409403,4.75192865,4.87574771
27.63461115,4.69796243,4.87273461
34.58291583,10.37978175,4.90434532
34.74837543,10.35810827,4.89484640
34.71754490,10.50670175,4.90562114
34.51069121,10.21974932,4.89814595
34.28097307,10.19862210,4.90698905
34.34619623,10.34491749,4.91235445
31.35200465,8.63340129,4.88863723
31.24310236,8.80625755,4.88177756
30.16977821,7.07026767,4.88008751
28.65776119,5.40050617,4.88421382
28.64252650,5.24796085,4.88740458
28.81169962,5.28191441,4.88811761
28.65584468,5.55628501,4.87949467
28.51237941,5.50912409,4.87618357
33.43917901,10.25542845,4.92759318
28.81843923,5.45511013,4.88563375
30.21997378,7.24073839,4.87846140
30.25039009,7.38407585,4.87646363
30.09851169,7.37587327,4.87143961
30.37371743,7.47953011,4.87809397
30.17367102,7.54439191,4.86936996
34.87571412,10.27471577,4.88225793
34.99934863,10.38566048,4.88255257
34.86278396,10.44742889,4.89450187
35.15010815,10.32675404,4.86882592
35.11103753,10.50192712,4.88384646
27.61735700,4.24073598,4.89414275
27.60054793,4.38454861,4.88805693
27.44924464,4.28038501,4.88593779
27.74933448,4.29772979,4.89568832
35.40422639,10.39750509,4.85647835
35.54433379,10.37480672,4.84402918
35.49847478,10.52095318,4.85912049
35.30210943,10.27469447,4.85436192
33.10951259,10.48900165,4.92875916
32.99086120,10.35023793,4.92530227
33.13109120,10.26433321,4.92655462
32.84175458,10.32341427,4.92173447
35.03220649,10.20314009,4.86750272
27.55653840,4.11418244,4.89621845
37.01874641,10.39592175,4.68558820
36.86093680,10.33721148,4.69997167
37.14329135,10.52117621,4.68232279
36.90586875,10.53751738,4.71491706
36.02565357,10.28226805,4.79272236
28.08898824,4.66279116,4.89245307
28.04819980,4.87736132,4.88450290
27.88958304,4.76294873,4.88315862
32.68628625,10.31422599,4.91715212
32.35830274,10.42831732,4.90138595
28.23564034,4.80009923,4.89145377
29.20535793,6.34827771,4.87070452
29.39097906,6.43322465,4.87452272
34.12712870,10.35529322,4.92024209
30.64439782,7.79410765,4.88008983
37.04476855,3.05963981,3.57246882
37.04215786,3.06592270,3.57485866
37.04318597,3.06090754,3.57329712
37.04125239,3.06245823,3.57430571
37.03888438,3.06437349,3.57553895
37.03598432,3.06674014,3.57704534
36.92382046,3.13781807,3.62498683
36.89675585,3.15108298,3.63471099
36.86418007,3.16830650,3.64641512
36.82397940,3.18873771,3.66032019
38.09866628,10.50865259,4.54262457
38.01579962,10.51124058,4.55878119
38.04154003,10.43143224,4.54481868
36.77899391,3.21359495,3.67592957
36.72526326,3.24414777,3.69429775
31.47573863,10.59414559,4.80963244
37.96501696,10.33567395,4.54768745
37.80619920,10.36068026,4.57628879
31.59007588,10.42614446,4.83845132
36.37059391,3.42594711,3.80254768
37.88297044,10.21088770,4.54715038
33.96323110,10.33787501,4.92369727
31.59009887,10.53902063,4.83034358
31.62734016,10.32065357,4.84923433
31.71134779,10.45424237,4.85007991
33.61763229,10.32631557,4.92859771
29.98534704,7.03962573,4.87637387
28.52152816,5.01586364,4.89026919
37.68523719,9.71504607,4.51913553
32.54837296,3.53466080,4.41722887
32.36566205,3.53397673,4.44060968
35.47012806,3.54301147,3.98188902
36.77221041,4.59048477,3.92809622
31.81871528,3.53865930,4.50951774
37.12776022,6.66379237,4.17049672
37.09548488,6.47976150,4.14736306
36.86967773,6.23145454,4.14515729
36.99682212,5.92714214,4.07937338
36.90294726,5.36107903,4.01337161
31.00983514,3.51252890,4.60166920
30.80260333,3.51012174,4.62495073
37.57535331,9.15181898,4.46412956
30.59326064,3.50948843,4.64831374
30.38295129,3.50966808,4.67146075
36.51878346,10.35220116,4.74458747
32.92447033,3.53667195,4.36790548
37.19350078,7.03600720,4.21718616
29.74942134,3.51322346,4.73868817
29.53795952,3.51532004,4.76008333
36.83852714,4.97624068,3.97079970
36.71465899,4.19651820,3.87923371
29.32672207,3.51797237,4.78077509
29.11596567,3.52114876,4.80060945
35.08442990,3.53602585,4.04422093
28.69651099,3.52887896,4.83689994
28.48795705,3.53344473,4.85294000
37.40395107,8.17734214,4.35426976
37.36832225,7.98363304,4.33151979
37.33272389,7.79129615,4.30871522
37.29731329,7.60052193,4.28590945
34.68703911,3.52819751,4.10687866
34.48829416,3.52570263,4.13786091
34.09275961,3.52372697,4.19863779
34.29090911,3.52363075,4.16826417
31.21341623,3.51798157,4.57885080
31.41791988,3.52171771,4.55532126
33.69413418,3.52676988,4.25852861
33.49772980,3.53096774,4.28756307
35.84013280,10.36395645,4.81800796
29.63650999,6.81935861,4.87098445
29.50572941,6.73160988,4.86880159
31.50869667,10.24223935,4.84143603
33.80346194,10.31109084,4.92578205
34.18457106,10.48927355,4.92480841
34.00513980,10.51575851,4.93003784
28.92742092,5.73404541,4.88137633
27.21602750,3.58130152,4.90030088
27.39038660,3.63020452,4.90114037
27.25822619,3.76673375,4.89757580
27.51245903,3.53301621,4.89957577
27.55944000,3.68474293,4.90042860
35.98604141,10.46389664,4.81323258
36.12133241,10.41119137,4.79499207
36.10881873,10.53775784,4.80786942
27.67135482,3.55113304,4.89629509
27.59031033,3.83404425,4.90056237
27.43455649,3.80179123,4.90010547
37.80501845,10.06149526,4.54222179
27.77648085,3.76725930,4.89800024
31.75669172,10.30335981,4.86264363
31.44628092,10.07080793,4.84549319
36.21622708,3.45702646,3.83715847
35.83837476,3.53361019,3.91796834
35.65499176,3.54027069,3.95040053
31.39721674,9.62993109,4.86388305
31.25791872,9.53635685,4.85712140
36.74120091,4.39567115,3.90538584
27.86824555,3.54978654,4.88941060
30.17209052,3.51038874,4.69429093
29.96087358,3.51159119,4.71672463
32.73543094,3.53583013,4.39294581
37.16004714,6.84909203,4.19385008
37.26217419,7.41128995,4.26313383
33.30640961,3.53334575,4.31500676
33.11447626,3.53548100,4.34192915
32.18492834,3.53441814,4.46355218
32.00460617,3.53629306,4.48631925
35.27755908,3.53911638,4.01312579
27.49278005,3.95768883,4.89847245
34.88727146,3.53167719,4.07541699
37.43951665,8.37228196,4.37690733
37.47474118,8.56811013,4.39937256
37.64346658,9.53116293,4.50267242
28.90587176,3.52479012,4.81938430
33.89425775,3.52564507,4.22881310
37.54266112,8.95861565,4.44321733
37.50919063,8.76389921,4.42154842
28.62961969,5.10734593,4.88955800
36.86964143,5.16886867,3.99222697
37.03014254,6.11191597,4.10174624
37.06295224,6.29577737,4.12440630
29.37323746,6.62796880,4.86699901
36.96488874,5.73852501,4.05676918
36.93298550,5.55100520,4.03510564
28.07362544,3.54390542,4.87950203
28.28025501,3.53845733,4.86723573
35.67456490,10.47733493,4.84195065
31.62208428,3.53053345,4.53218941
33.28251173,10.36760145,4.92961058
29.02321357,6.02527187,4.87548681
32.14620682,10.37260996,4.88999437
28.79868357,5.63614610,4.88099476
28.38232473,4.91320706,4.89087486
37.73318643,9.89273251,4.53333920
37.60665328,9.34386481,4.48443822
32.73397187,10.46545183,4.91811084
37.04955473,3.05615156,3.57003208
37.04919138,3.05588230,3.57008656
37.04966218,3.05567290,3.56987860
37.04981411,3.05651785,3.57003597
37.04917188,3.05655531,3.57025855
38.37628194,10.85432121,4.51374426
38.37769175,10.86302807,4.51443311
38.36602979,10.85848346,4.51793303
38.38475818,10.85762851,4.51102362
38.35907549,10.84814878,4.51890023
38.36990043,10.84557005,4.51483582
38.36035331,10.83914167,4.51726888
38.34923404,10.84191580,4.52129102
38.33924289,10.83307325,4.52328002
38.33091664,10.84986616,4.52794269
31.11073895,10.80349239,4.65274510
31.13120723,10.80740653,4.66852071
31.12974093,10.82737134,4.65430760
31.14805215,10.80287577,4.68261353
31.14919977,10.82630125,4.67184261
31.19941869,10.67795479,4.74051458
31.28679114,10.61796725,4.77265862
31.38022258,10.23093681,4.82718222
29.22800914,6.54658592,4.86344946
29.04665804,6.22497988,4.86887076
36.20789457,10.66022878,4.80891654
36.13667244,10.76746540,4.82544746
35.97896251,10.65987276,4.83097824
36.39449121,10.62695281,4.78591989
36.36379640,10.87116444,4.81163763
35.75135925,10.66118117,4.85063079
35.83220427,10.76674981,4.85250787
35.61482453,10.87116444,4.87713680
35.84109122,10.52857325,4.83213494
27.31627998,3.93723544,4.89442129
30.04327733,7.21656596,4.87386661
28.49231508,5.18893924,4.88638411
28.19448709,4.99568594,4.88489645
26.69897364,3.74513464,4.86405432
26.69440140,3.62645543,4.87290594
26.86013763,3.70716460,4.88101678
26.56498462,3.71592747,4.85113532
28.49750597,5.35531659,4.88151551
28.50312693,5.64129394,4.86968440
28.42139059,5.59514343,4.86770494
29.56612479,7.16034940,4.85272408
29.43634572,7.08878095,4.84774117
29.44719202,7.23715567,4.83915578
27.61879735,4.82124789,4.86286433
27.54938187,4.77901618,4.86021600
31.27493961,10.15429333,4.81969256
31.27866651,10.01518133,4.83078490
29.08266049,6.51262311,4.85684549
29.08680713,6.64893632,4.84909413
29.00421132,6.61269737,4.84514495
30.83096579,8.82066093,4.85793223
30.70192864,8.81172538,4.84849824
30.73820248,8.65186979,4.85898263
30.93267762,8.95557695,4.85915155
26.76383854,3.37300825,4.89205125
26.67844310,3.49170657,4.88061826
26.58062521,3.37615167,4.88025332
26.52097129,3.55091938,4.86141454
34.46647746,10.49918481,4.91602582
30.99111283,9.19430693,4.85221895
31.05367145,9.06800614,4.86283373
30.90737033,9.09745239,4.85030518
35.26062593,10.44643416,4.87026505
30.46410770,7.77105316,4.87469021
30.49083363,7.93923904,4.87120812
30.33869930,7.66685241,4.87259103
29.32029195,6.83203263,4.85443947
29.30789898,6.99727952,4.84367359
29.22116111,6.94700865,4.83996410
29.47195887,6.91237688,4.85951694
36.41974236,10.47589674,4.76858744
31.20317244,9.39135773,4.85960406
31.06563935,9.54959323,4.83881764
27.84122423,5.11549608,4.85891993
27.85178133,4.97160367,4.86971219
28.00784918,5.05826651,4.87405436
27.73417535,4.87269066,4.86808894
36.70236862,10.45137729,4.73205524
28.90734854,5.89640911,4.87597770
28.74105755,5.84837051,4.87136196
31.35029721,9.93214564,4.84406631
33.73350335,10.45275956,4.93152562
33.60200473,10.54384962,4.93464125
33.44283501,10.46030889,4.93236859
33.27812863,10.56515132,4.93253119
36.26547625,10.48319320,4.78652312
30.89714440,8.68902902,4.86759312
32.91407319,10.52080371,4.92399232
30.99775175,9.34445760,4.84462595
30.66664969,8.01869879,4.87635523
30.32960128,7.85475849,4.86627262
37.04866136,3.05605350,3.57030456
37.04850984,3.05670810,3.57051572
37.04963374,3.05717053,3.57025648
37.04798896,3.05631926,3.57059270
37.04881133,3.05733596,3.57057012
37.04799423,3.05724633,3.57081876
37.04830446,3.05821957,3.57095523
37.04718629,3.05674748,3.57096336
37.04936254,3.05805871,3.57056498
37.04719499,3.05794244,3.57125395
37.04615443,3.05723858,3.57142436
37.04900765,3.05915874,3.57095315
37.04864602,3.06062703,3.57143376
37.04485521,3.05784554,3.57200054
37.04782104,3.06442214,3.57263825
37.04322608,3.05858332,3.57271496
37.04120233,3.05946868,3.57359113
37.04505587,3.07483487,3.57609593
37.03580579,3.06203348,3.57595671
37.03886272,3.06066010,3.57463986
37.03175511,3.06424373,3.57778092
37.02707983,3.06420283,3.57923632
38.33803404,10.78493610,4.51739052
36.90078097,3.11456666,3.62546015
37.01927880,3.18197487,3.60973782
38.30966069,10.77840151,4.52509015
36.86790527,3.12423701,3.63566853
36.83028073,3.13636685,3.64728990
31.16608464,10.78639373,4.69926988
31.17067322,10.81918516,4.68924686
31.19897156,10.80732969,4.70791193
38.27870506,10.66825983,4.51988242
38.20641782,10.77920351,4.55116224
31.19689007,10.76487116,4.71940745
31.23621872,10.79271526,4.72693343
31.28366233,10.77652958,4.74577705
38.23337048,10.66596520,4.53137747
38.25663063,10.62656242,4.52059654
38.19690657,10.63565033,4.53641470
38.22653696,10.57721969,4.52219527
38.19133776,10.51167392,4.52269830
31.40563931,10.73484923,4.78171226
31.48214807,10.70623182,4.79935011
36.49925466,3.24254699,3.74095593
36.59034827,3.21430140,3.71653151
31.33876814,10.75635179,4.76388375
36.78600601,3.15113348,3.66073419
36.73295942,3.16861390,3.67639503
38.15049515,10.43220355,4.52240233
31.84434939,10.58484464,4.85630470
36.91525742,3.72562689,3.75438616
38.09828716,10.33689364,4.52215232
36.24516323,3.30512646,3.80278475
36.66755680,3.18716141,3.69456576
36.96817400,3.51428421,3.69828146
31.57634101,10.67077400,4.81769942
37.88073190,9.76164335,4.49290835
35.91955942,3.35178424,3.87115053
29.70728430,7.16424194,4.86102566
29.87494570,7.18606848,4.86832488
37.80020266,9.40690817,4.46133654
27.01329754,3.55632349,4.89594551
27.07807511,3.73746629,4.89219499
27.13145803,3.91352992,4.88710338
26.93889027,3.89774835,4.87481410
32.27146079,3.35396998,4.42590021
32.08971183,3.35500146,4.44903993
32.45346827,3.35415667,4.40256460
32.63877399,3.35539255,4.37857444
36.80510340,4.78335560,3.94964780
36.90109735,4.27965389,3.85837881
37.25600735,6.36067966,4.10267024
37.28850000,6.54479395,4.12587781
37.19019728,5.99208119,4.05705455
37.22332912,6.17647208,4.07968136
37.22748633,7.22329115,4.24030357
37.41974019,7.28970378,4.21957919
27.76171402,3.38333687,4.88758570
27.96639686,3.37871614,4.87688796
31.11216790,3.34898008,4.56672882
37.52151974,7.86035853,4.28885462
37.55595582,8.05358748,4.31186173
32.82721179,3.35654136,4.35372112
28.37974688,3.37012843,4.84874170
28.58798602,3.36626137,4.83192699
37.02559478,5.04753110,3.94816922
33.78957436,3.35615697,4.21787856
37.32072480,6.72939979,4.14929764
37.15655480,5.80629704,4.03475250
37.12443908,5.61850481,4.01258511
29.85183385,3.35076524,4.70806918
30.06332878,3.34930387,4.68518305
34.58590075,3.35709424,4.09546754
34.38705869,3.35431639,4.12640538
30.27457063,3.34818107,4.66194070
30.48540014,3.34741632,4.63839459
29.42869062,3.35457095,4.75246891
29.21752655,3.35695485,4.77374415
29.00695539,3.35967781,4.79421019
28.79708820,3.36277623,4.81367254
37.69537978,8.83472797,4.40142776
37.73004113,9.02844658,4.42248048
34.98341688,3.36213027,4.03215534
31.52141324,3.35801380,4.51937780
38.04083074,10.22074673,4.51976501
36.38513714,3.27784411,3.77063626
37.85458322,10.66558163,4.60190916
28.80681733,6.02274271,4.86649176
28.67063819,5.99268495,4.86032271
28.87961628,6.17208458,4.86294216
28.72714257,6.17241052,4.85320064
26.82634661,3.52297685,4.88872554
26.94859551,3.38267391,4.89864707
28.61603988,5.94296323,4.85975205
31.23052195,10.46555040,4.78135497
31.36569642,9.79547095,4.85327655
26.75601322,3.84812844,4.86130553
37.35314057,6.91545744,4.17288933
37.59057795,8.24810745,4.33473131
37.62537986,8.44363358,4.35737818
33.20574264,3.35699861,4.30204062
33.85878109,10.44638772,4.92985693
31.90762060,3.35770869,4.47214650
31.71967171,3.35966367,4.49555677
27.38036744,4.10376866,4.89073396
35.37033439,3.36460104,3.96836799
35.17797545,3.36309373,4.00026158
34.78528100,3.36041449,4.06406718
33.59104914,3.35614922,4.24703425
37.48735695,7.66860861,4.26577073
37.45344318,7.47840838,4.24267091
34.18771933,3.35364511,4.15726203
33.98830085,3.35452578,4.18784426
28.34330117,5.10262909,4.88550536
37.92952505,9.92780176,4.50491808
37.09177410,5.43033178,3.99104335
37.05822821,5.23893005,3.96958870
27.61237802,4.54915312,4.88032981
37.38626907,7.10222827,4.19633500
36.99270762,4.85435350,3.92652969
37.66038544,8.63950670,4.37965953
27.14444467,3.39740605,4.90147261
32.03383248,10.56200265,4.87490853
37.76446149,9.22009024,4.44265597
36.08976014,3.33055851,3.83648897
27.36810470,3.42010565,4.90049421
35.55626111,3.36275639,3.93649348
35.73651885,3.35937445,3.90477188
34.32258629,10.56424433,4.92432690
30.90485681,3.34730547,4.59062544
30.69562126,3.34705450,4.61459531
31.31635273,3.35337184,4.54325223
28.17248891,3.37428677,4.86382510
32.24004543,10.57198076,4.89030571
27.56938612,3.38700368,4.89519343
31.10085034,8.92573664,4.87123075
36.96010601,4.66200069,3.90473936
36.92861628,4.47041570,3.88243908
37.98288527,10.08192597,4.51402580
33.39736063,3.35581889,4.27485271
29.64022160,3.35251280,4.73052822
36.54868052,10.54733290,4.76046910
37.32376917,10.58057942,4.66482485
31.22276932,9.68581039,4.84606108
37.21066745,10.70725980,4.69239138
35.36316263,10.53902905,4.87014468
29.20838617,6.70942355,4.85395134
30.51158118,8.13927179,4.86563677
28.62458077,5.71212613,4.87217039
30.74088113,8.41621184,4.86834163
37.83803913,9.58829318,4.47834861
31.69136446,10.62827609,4.83645970
33.01558517,3.35712208,4.32831614
37.03151517,10.67610430,4.71264335
37.05050343,3.05499085,3.56943070
37.05041971,3.05482226,3.56941710
37.05064218,3.05481888,3.56934211
37.05047141,3.05519752,3.56949225
37.05029872,3.05504280,3.56951169
37.04947838,3.05483647,3.56973392
37.04926234,3.05513470,3.56987910
37.04903007,3.05484319,3.56988456
37.04932663,3.05545577,3.56993671
37.04887386,3.05538895,3.57007065
37.05053551,3.05634020,3.56975219
37.05088972,3.05655496,3.56968703
37.05034765,3.05684172,3.56993817
37.05081611,3.05603871,3.56958447
31.15704319,10.75018511,4.70704407
31.12051571,10.77166742,4.67928726
29.01140228,6.38983634,4.85914697
28.88845119,6.31234422,4.85574098
31.13863517,10.38715951,4.77317531
31.13679100,10.23348081,4.79149216
27.19596276,4.08741272,4.88169326
29.92724985,7.35848372,4.86443893
27.44475533,4.47501083,4.87427237
34.58568246,10.54583270,4.91380970
34.66880814,10.68491797,4.91813089
30.16298818,7.75622297,4.86109801
28.15539540,5.17437537,4.87565603
31.19289568,9.86947476,4.83120400
34.97564034,10.52822298,4.89357319
35.04705677,10.67288872,4.89908554
35.42191475,10.68554706,4.87691307
30.53367847,8.33890203,4.85901858
28.32735302,5.28155875,4.87836598
30.34285544,8.05034408,4.85938401
34.15082430,10.65098872,4.93260020
34.48067764,10.65116899,4.92347165
33.78853756,10.61453305,4.93605502
34.85660404,10.62426671,4.90600873
35.23871052,10.62349778,4.88442618
36.55035004,10.71730960,4.77668623
36.71864031,10.64089103,4.74900912
33.03336796,10.65249745,4.92766172
32.91479936,10.71639645,4.92354829
33.43451231,10.65373874,4.93589649
32.76993752,10.64551379,4.91822438
35.58906266,10.64606543,4.86205558
26.61930238,3.82162144,4.84738615
31.13706057,10.05179600,4.80957649
32.62165463,10.71515069,4.91023663
33.60272040,10.71778325,4.93857175
37.05021586,3.05532004,3.56960753
37.05044995,3.05550529,3.56957516
37.05011075,3.05563681,3.56972049
37.05002524,3.05509989,3.56961681
37.04993148,3.05538593,3.56971841
37.04964333,3.05520002,3.56976852
37.04996108,3.05604522,3.56987080
37.05040852,3.05592279,3.56969173
37.05021548,3.05634287,3.56985940
37.04819151,3.05552291,3.57032988
37.05029403,3.05768723,3.57016409
37.04740816,3.05569209,3.57063079
37.05020485,3.05868875,3.57044017
37.04643751,3.05592479,3.57100855
37.05011468,3.05998049,3.57078791
37.04521694,3.05620570,3.57147953
37.03943933,3.05745801,3.57367163
37.04999111,3.06373871,3.57175308
37.05009812,3.06162854,3.57119874
37.04368825,3.05654811,3.57206521
37.03301164,3.05896445,3.57610077
37.04948662,3.06947024,3.57332821
37.03658881,3.05817121,3.57476489
37.04935640,3.07358009,3.57438009
37.01707379,3.06195014,3.58176844
37.02350300,3.06060636,3.57947628
37.04908834,3.07863993,3.57570947
37.02859408,3.05955322,3.57763804
37.04881730,3.08503512,3.57736558
37.04750023,3.11539375,3.58520876
37.04800393,3.10283140,3.58198245
37.04849780,3.09308946,3.57944134
37.00913832,3.06339639,3.58450054
38.35014142,10.85666968,4.52292843
38.38184745,10.84766376,4.51073145
38.37852347,10.83699872,4.51049212
38.36776857,10.83441277,4.51406606
38.37384239,10.82497713,4.51056193
36.97309004,3.07030363,3.59645127
37.04578668,3.15027457,3.59422116
37.04659125,3.13062908,3.58920495
36.98764880,3.06762985,3.59174909
36.99956753,3.06541717,3.58779924
38.36757116,10.80984649,4.51075779
38.36193387,10.79030833,4.51008561
36.90877583,3.08189173,3.61602953
31.12891876,10.84334412,4.63927920
31.13753317,10.85869847,4.63505438
31.12729885,10.85096291,4.62684635
31.14628319,10.85002607,4.65426648
36.95552109,3.07329259,3.60192085
38.34708156,10.74203396,4.50866884
36.93475368,3.07758696,3.60838936
38.30280985,10.84602920,4.53541752
31.11434675,10.82729947,4.63523845
31.16903130,10.84764542,4.67510003
31.22944064,10.83600511,4.71252065
37.04482194,3.17407137,3.60026464
31.19551357,10.84256232,4.69388047
37.04374272,3.20340730,3.60763598
37.04251130,3.23855504,3.61638591
36.87805863,3.08598689,3.62459634
38.32465473,10.67596082,4.50721893
38.31064837,10.63392805,4.50607350
38.26996115,10.83318062,4.54243255
38.35475355,10.76792596,4.50954745
37.04178680,3.28168927,3.62680254
36.84243428,3.09111208,3.63435240
31.32201202,10.81936870,4.74855061
38.33686650,10.71183487,4.50802977
31.12015365,10.71295436,4.70208887
36.80050397,3.09741398,3.64559897
38.24662476,10.44982322,4.50073574
38.27065156,10.52468374,4.50370475
37.03698186,3.47677570,3.67308393
37.03573476,3.39721983,3.65534188
38.22195775,10.82747275,4.55324199
38.29374100,10.58416577,4.50469212
37.04116403,3.33380802,3.63919160
38.16701293,10.81757228,4.56408075
37.90529086,10.76629757,4.60475421
38.01493343,10.78065095,4.58859684
31.45682065,10.79643187,4.78408875
31.54497502,10.78105332,4.80213149
36.75062962,3.10497746,3.65865079
38.21486131,10.36000549,4.49766083
38.10076477,10.80265350,4.57556974
36.61848251,3.12449014,3.69175771
36.69084586,3.11408920,3.67390737
37.03411086,3.68245288,3.71883626
31.93767963,10.72673204,4.85793310
31.38347310,10.80895800,4.76633017
37.77529758,10.74866570,4.62190922
37.03616133,3.56597169,3.69315163
36.15115822,3.17572373,3.79550552
30.84992212,9.37601450,4.82761159
30.85175325,9.24675415,4.83656067
29.59756678,7.31029517,4.84646827
29.77533535,7.31688711,4.85796000
27.27564713,4.22125798,4.87896648
29.99481966,7.49964670,4.86232557
36.42332470,3.15230980,3.73783364
36.53114471,3.13782682,3.71288547
37.03465358,3.82057127,3.74743228
31.65269970,10.76432053,4.82060238
35.81891833,3.18959893,3.85945973
38.02081368,9.64523452,4.44986082
27.04169437,4.05192075,4.87251993
26.88554636,4.07034265,4.85558044
32.35866176,3.17382277,4.38753048
32.17627048,3.17439872,4.41099179
31.99355474,3.17585438,4.43428950
35.26831047,3.18765906,3.95531835
33.49185021,3.18152389,4.23401196
34.68321697,3.18867208,4.05241750
37.41605547,6.24189073,4.05567510
37.44865347,6.42593362,4.07890783
37.67592670,7.73882507,4.24347844
37.48115956,6.61047600,4.10238844
28.89838062,3.19782309,4.78754254
29.10867299,3.19563118,4.76643996
37.28206843,5.49737376,3.96614002
37.31571665,5.68547950,3.98798739
37.34950477,5.87170645,4.01008219
29.95418405,3.18860823,4.67588458
30.16565078,3.18723103,4.65225200
37.81080886,8.51536726,4.33390040
29.53096730,3.19187099,4.72213517
29.31958984,3.19367496,4.74459319
37.54566509,6.98250728,4.14988028
37.18020257,4.92582169,3.90139413
37.11769711,4.54344166,3.85660256
30.58748037,3.18512454,4.60420902
30.79747556,3.18444205,4.57986184
28.27239778,3.20602259,4.84427316
28.06579669,3.20911484,4.86013465
33.10775838,3.17852372,4.28801405
37.64321887,7.54767743,4.22028326
37.61068050,7.35798452,4.19696710
37.91883417,9.09535354,4.39575065
34.08374435,3.18460330,4.14622735
33.88458518,3.18473173,4.17652471
27.05655201,3.21828269,4.90195596
31.21364425,3.18503790,4.53096012
31.41734973,3.18749940,4.50688844
31.61554018,3.18527208,4.48248973
31.78225346,10.74116291,4.83959968
38.13868256,10.12148294,4.48583941
38.17825909,10.25086506,4.49292694
26.17646367,3.32471918,4.83854238
26.28865202,3.20020051,4.86593517
26.36949355,3.38102543,4.85917173
26.32241771,3.55637594,4.83390677
26.27467547,3.69720531,4.80586989
26.14153528,3.57902343,4.79615416
26.66849356,3.21393925,4.89384917
26.48010584,3.21028872,4.88273940
26.42380688,3.67448942,4.83568707
27.75215874,5.08657257,4.85342702
38.09833665,9.97460817,4.47616234
38.05889907,9.81467381,4.46405377
37.04304342,10.87116444,4.73039827
37.61439001,10.72038334,4.64089888
37.03746091,3.98217666,3.77866663
35.64044338,3.19178936,3.89166456
26.20684203,3.45345265,4.82759140
36.29712180,3.16527335,3.76540272
35.98936328,3.18402042,3.82734525
37.08979968,4.35490114,3.83318791
37.05460588,4.16424788,3.80846861
37.51332908,6.79610939,4.12613430
37.57817573,7.16967617,4.17350351
37.14818223,4.73401685,3.87921609
37.24730673,5.30790775,3.94470219
37.21374754,5.11736248,3.92309770
37.38318540,6.05716658,4.03265939
32.54323547,3.17481833,4.36365193
37.98435657,9.46817892,4.43375316
32.73012024,3.17634665,4.33913155
27.86052538,3.21225189,4.87398445
34.88040284,3.18982759,4.02047683
34.48412869,3.18621665,4.08393001
28.48011606,3.20305683,4.82669422
28.68882654,3.20030357,4.80770115
34.28390513,3.18484779,4.11526880
37.95623595,9.28335310,4.41423370
37.88227501,8.90393169,4.37603400
37.84621294,8.71026078,4.35534304
37.74233879,8.12528208,4.28932746
37.70893250,7.93140204,4.26651131
32.91853089,3.17715454,4.31383476
26.86097568,3.21657670,4.90009368
33.29839654,3.17974686,4.26144510
35.45696854,3.18494037,3.92249837
35.07559209,3.18895276,3.98800017
26.63502309,3.93641944,4.83689012
37.41695427,10.71482260,4.66622098
30.37680611,3.18606507,4.62834870
29.74257437,3.19017146,4.69919973
37.77622914,8.32012785,4.31184040
31.00646881,3.18419878,4.55538059
29.08658611,6.74383594,4.84283511
27.25457341,3.21932526,4.89985274
26.76868511,3.98238835,4.85015580
33.27277506,10.72526239,4.93412480
28.36182004,5.48095770,4.87052173
34.31754284,10.72743198,4.93203482
31.80734704,3.17984227,4.45808929
27.65677445,3.21539603,4.88547608
32.13067435,10.72235780,4.87630922
32.31104649,10.73008053,4.89032232
28.88476860,6.41335489,4.84918954
28.79476193,6.27050787,4.85179972
27.48815960,4.66752110,4.86371683
28.49703091,5.73532044,4.86434197
27.29372621,4.36828414,4.87032893
27.45473186,3.21851605,4.89426140
29.32502222,7.18998313,4.83160358
29.29482732,7.09291916,4.83601165
32.47738499,10.87116444,4.89782717
33.96606613,10.71053093,4.93766389
31.05789236,9.73364676,4.82534260
27.95071736,5.20109356,4.86133868
30.57385479,8.53068586,4.85294969
30.38002690,8.23441973,4.85344188
30.01469937,7.64648125,4.85711609
30.18843531,7.94248373,4.85437406
31.27123217,10.82829005,4.73069503
37.04178645,3.05696156,3.57278781
36.88310260,10.72091492,4.73622728
31.11959495,10.84108865,4.62614592
31.04446832,10.32195339,4.76212792
32.76577240,10.87116444,4.91529959
36.72113156,10.87116444,4.77095645
29.14486111,6.85204496,4.84015569
27.61836320,4.90520838,4.85613773
27.67470695,5.00355120,4.85314476
28.93513842,6.52276659,4.84576868
33.15584511,10.66061243,4.93099178
33.42279682,10.87116444,4.93860193
33.08550455,10.87116444,4.92927862
28.67706413,6.06839636,4.85622814
28.54886761,5.84498929,4.86122612
33.77411769,10.87116444,4.94279342
34.13075567,10.87116444,4.94130473
34.49486906,10.87116444,4.93379322
34.86384363,10.87116444,4.92032135
35.99094925,10.87116444,4.84752669
35.23732670,10.87116444,4.90133743
26.02563415,3.42507008,4.79560091
37.05071302,3.05531568,3.56944082
37.05015668,3.05482624,3.56950570
37.05075872,3.05563624,3.56950450
37.04984600,3.05483093,3.56961028
37.04578668,3.05489099,3.57096939
37.04776989,3.05486194,3.57030710
37.04847043,3.05485154,3.57007237
37.05098443,3.05721910,3.56981898
37.05110643,3.05807467,3.56998896
37.04689066,3.05487488,3.57060112
37.05126375,3.05917784,3.57020813
37.04440160,3.05491095,3.57142996
37.05146693,3.06060260,3.57049119
37.05172834,3.06243556,3.57085533
37.04267103,3.05493552,3.57200309
37.04972634,3.06619057,3.57244336
37.04052642,3.05496539,3.57270969
37.05206040,3.06476377,3.57131785
37.03072410,3.05509387,3.57588575
37.05247658,3.06768149,3.57189746
37.03466902,3.05504374,3.57461838
37.03789205,3.05500121,3.57357202
37.05299574,3.07132072,3.57262035
37.05364321,3.07585882,3.57352173
37.05445092,3.08151894,3.57464586
37.05545859,3.08857865,3.57604775
38.38999901,10.86495063,4.51002018
38.39376873,10.86550407,4.50859485
38.39476700,10.87116444,4.50901029
38.39261209,10.85894567,4.50811293
37.02589275,3.05515241,3.57741718
37.01996634,3.05522001,3.57926629
36.99271986,3.05546793,3.58742212
38.38482798,10.86558413,4.51212196
38.38223720,10.87116444,4.51388449
38.38941185,10.87116444,4.51113890
37.01267951,3.05529669,3.58150076
38.38948413,10.84120937,4.50680657
38.39120773,10.85098261,4.50752697
37.00372017,3.05538080,3.58419289
37.05671594,3.09738502,3.57779613
31.13198094,10.86088287,4.62031093
31.13704320,10.87116444,4.61070859
37.05828686,3.10838330,3.57997906
38.37207505,10.87116444,4.51755203
37.06025272,3.12213958,3.58270825
38.37816351,10.77701831,4.50204056
37.06577812,3.16075882,3.59036159
38.35804117,10.87116444,4.52228420
36.97923962,3.05555155,3.59127680
31.16542828,10.87116444,4.65796510
36.96283473,3.05562585,3.59583222
38.38482578,10.81479526,4.50485268
38.38737659,10.82925911,4.50592384
31.15026748,10.87116444,4.64037694
31.14127887,10.87116444,4.62437575
38.33911160,10.87116444,4.52820272
38.36884468,10.72417802,4.49807144
37.06271169,3.13933485,3.58611762
38.31448869,10.87116444,4.53530626
37.06957394,3.18724712,3.59560172
36.94320894,3.05568080,3.60111482
36.82135294,3.05521406,3.63135567
36.89241674,3.05564188,3.61416549
36.91994410,3.05569446,3.60718992
38.38177761,10.79751131,4.50356867
31.25407345,10.87116444,4.71257909
38.35584570,10.65047196,4.49246339
38.34750966,10.60320727,4.48882197
38.28309950,10.87116444,4.54365020
31.18755829,10.87116444,4.67623843
38.24381866,10.87116444,4.55325657
38.36288511,10.69038604,4.49551082
36.85986494,3.05549395,3.62216792
37.07421106,3.21955472,3.60198044
37.08655628,3.30525189,3.61881288
37.09468206,3.36137487,3.62974864
37.07981292,3.25850116,3.60964772
36.77570082,3.05474031,3.64192612
38.31114754,10.39706853,4.47250454
38.32566472,10.47935955,4.47910586
31.21696965,10.87116444,4.69452683
38.19499495,10.87116444,4.56421145
31.29969017,10.87116444,4.73039576
31.35501947,10.87116444,4.74806827
37.11666851,3.51188065,3.65860782
38.13432256,10.87116444,4.57663485
36.65605962,3.05285886,3.66838649
36.72134563,3.05399173,3.65414295
38.33758790,10.54695448,4.48444066
37.10453334,3.42907039,3.64282286
31.50181570,10.87116444,4.78354723
31.42167641,10.87116444,4.76572921
37.13192742,3.61499293,3.67787591
36.57668185,3.05119002,3.68518433
38.05891420,10.87116444,4.59061953
36.47991879,3.04884074,3.70504871
37.15108436,3.74266097,3.70101304
38.21900342,9.87508189,4.42792049
35.90118138,3.03203580,3.81508024
37.96521546,10.87116444,4.60627087
31.71421246,10.87116444,4.82024597
31.59821240,10.87116444,4.80168502
32.26358526,3.01574841,4.37573672
32.08195655,3.01628890,4.39903815
35.54668196,3.02591083,3.87854520
31.70938149,3.01759868,4.44589884
31.89811396,3.01690095,4.42230778
32.44673365,3.01526923,4.35189008
32.63265845,3.01485661,4.32728410
37.62215703,6.49476043,4.05335286
37.58952833,6.31083723,4.02992699
37.52418304,5.94135680,3.98361403
37.49144411,5.75550265,3.96096033
32.82040669,3.01452072,4.30199792
33.00942003,3.01427171,4.27606492
37.72119893,7.05227505,4.12426729
37.75447464,7.23975983,4.14762885
37.39217889,5.18936582,3.89434137
37.78792354,7.42855174,4.17067411
37.82153622,7.61881706,4.19333238
38.02637521,8.78348149,4.32173494
37.88930946,8.00373780,4.23756350
27.15405797,3.04810681,4.89921159
34.97525462,3.02097383,3.97642335
31.31291117,3.01929150,4.49460315
28.16619983,3.04083677,4.83958528
28.37316823,3.03899436,4.82126143
33.68737113,3.18430218,4.20586794
33.78174240,3.01460615,4.16483917
34.58079384,3.01796013,4.04089969
34.38076897,3.01681166,4.07275797
36.36133053,3.04567696,3.72867018
29.84486946,3.02807839,4.66649307
30.05639660,3.02660363,4.64250131
29.63331874,3.02957547,4.69020923
29.42192064,3.03102504,4.71358890
30.26772099,3.02518299,4.61827324
30.47866183,3.02383633,4.59383516
27.75630302,3.04423198,4.87082809
37.84891899,10.87116444,4.62381463
38.29336928,10.29631063,4.46425613
38.27172814,10.17369401,4.45397584
36.22202808,3.04172684,3.75560505
37.70497420,10.87116444,4.64378104
36.06747667,3.03691756,3.78460883
38.24668951,10.03186895,4.44177760
38.15888462,9.53465139,4.39655150
38.18964024,9.70881349,4.41281333
30.88345116,9.47786628,4.82396519
37.20063265,4.06232023,3.75439822
37.17420009,3.89378332,3.72715560
35.72701172,3.02845981,3.84651878
37.22961380,4.24155115,3.78074987
35.16951844,3.02269180,3.94380312
35.36033382,3.02430585,3.91111769
33.58572511,3.01427172,4.19387709
33.19879230,3.01412294,4.24958061
37.85532638,7.81055966,4.21562105
37.92347545,8.19815862,4.25916859
33.39070048,3.01411329,4.22222080
34.18023289,3.01586792,4.10414071
33.98028216,3.01513453,4.13487426
37.42535752,5.37918490,3.91642202
37.35893085,4.99831856,3.87217675
37.32574877,4.80663541,3.84984409
37.55692578,6.12672597,4.00668086
37.65501937,6.67978847,4.07699275
38.09400371,9.16708677,4.36084545
38.12695297,9.35378944,4.37921010
28.58127484,3.03717882,4.80154916
28.79036244,3.03545760,4.78070456
37.52766042,10.87116444,4.66720041
31.85404297,10.87116444,4.83926972
32.02340330,10.87116444,4.85874408
37.95776882,8.39336391,4.28041988
37.99210738,8.58873982,4.30128953
31.10699141,3.02029183,4.51948997
30.89862517,3.02138667,4.54440579
30.68903545,3.02256960,4.56920468
34.77912314,3.01937339,4.00876496
31.51427468,3.01839234,4.47000261
37.45857314,5.56856335,3.93865946
38.06041197,8.97662660,4.34165001
37.26062853,4.42674617,3.80469878
27.55370114,3.04570778,4.88311399
37.68805719,6.86571815,4.10068798
37.29287909,4.61556542,3.82733536
27.96052394,3.04260006,4.85620204
29.00027366,3.03388214,4.75896601
29.21084884,3.03243136,4.73654689
32.22853720,10.87116444,4.87842141
26.57260879,3.05006047,4.89570520
26.38632426,3.05025881,4.88527994
37.31020543,10.87116444,4.69557232
26.76335051,3.04965180,4.90118300
26.95741294,3.04900359,4.90220846
27.35289241,3.04700638,4.89272277
38.37389095,10.75279164,4.50022599
37.05067470,3.05504696,3.56938743
28.09751353,6.40340072,4.26098627
27.87180333,6.08009082,4.24040994
27.75880812,6.16639562,4.32014522
27.39940136,4.95854748,4.04098539
27.19633887,4.63410075,4.00359592
26.98969930,4.79240798,4.13994633
30.70976751,9.03602791,4.22367629
30.53047143,8.76659928,4.20319741
30.31610406,8.92941719,4.28326881
26.47503228,4.71642055,4.41655773
26.25946109,4.43061962,4.40992506
28.55063833,7.04420019,4.29763089
28.32462328,6.72576202,4.27999412
28.22313126,6.80313411,4.34843859
26.05867265,4.16344286,4.40387023
30.91129457,10.56201049,4.55913990
31.01326495,10.69819053,4.56598366
30.96872148,10.63836831,4.56259187
26.69885680,5.01291811,4.42362663
29.49258677,8.69539490,4.50305386
31.09002495,10.77045890,4.54613755
31.06646197,10.73164860,4.54035948
31.04765113,10.74504670,4.56948742
27.16237996,5.62583597,4.43780528
27.64013684,6.25620559,4.45109511
27.39983422,5.93933834,4.44461927
31.12993403,10.86186563,4.58849581
25.88363104,3.92919953,4.39880230
26.92899484,5.31740523,4.43078429
29.05211695,8.11513527,4.48881878
28.82137734,7.81113085,4.48193047
29.27625971,8.41046854,4.49589520
30.74267286,10.33951025,4.55100425
30.83749499,10.46446168,4.55537628
31.07406693,10.78169297,4.57316990
31.09427616,10.81025454,4.57699751
27.87831396,6.56993706,4.45723630
28.11662590,6.88359041,4.46322950
28.35265302,7.19412607,4.46920772
28.58646444,7.50178894,4.47535370
29.70232667,8.97144080,4.51027832
29.90531511,9.23846832,4.51758557
30.10063863,9.49532345,4.52490370
30.28905669,9.74302961,4.53220963
30.46696636,9.97689151,4.53933298
30.62084984,10.17921780,4.54572008
30.93554407,10.54453114,4.52634862
31.10967535,10.83236779,4.58087904
31.12133222,10.84929208,4.58472707
26.11908387,4.11938383,4.30705148
26.31868024,4.38681759,4.31722938
26.75342272,4.97207045,4.34134101
27.21127651,5.58909835,4.36600372
26.98074578,5.27857094,4.35387497
27.44595975,5.90466418,4.37752728
27.91945606,6.53901381,4.39828798
28.15563488,6.85431631,4.40776223
28.38977540,7.16634564,4.41687691
28.85537751,7.78590521,4.43495078
28.62193797,7.47535050,4.42585531
29.52293652,8.67310375,4.46190650
29.73171870,8.94990610,4.47061790
30.31629286,9.72321993,4.49598010
30.49368115,9.95750028,4.50395592
30.76840097,10.32090034,4.51695666
30.64708322,10.16021050,4.51105957
30.86260631,10.44632758,4.52191720
31.03444905,10.68301123,4.53524623
30.99170558,10.62184100,4.53066742
27.68366242,6.22347555,4.38828753
29.08477483,8.09100394,4.44404795
29.30770026,8.38731399,4.45305661
30.12848371,9.47502466,4.48768452
29.93387624,9.21759580,4.47922901
26.42158329,4.30975382,4.21256635
26.53218679,4.67381668,4.32888612
26.84768731,4.90066889,4.24967678
27.07004891,5.21079236,4.26880063
27.29562989,5.52502292,4.28712698
27.52555487,5.84419503,4.30429980
27.99056671,6.48502724,4.33477223
28.45404207,7.11771012,4.36131329
28.68332919,7.42901939,4.37365762
28.91419228,7.74165721,4.38572639
29.14125783,8.04862959,4.39740506
29.36208487,8.34660395,4.40865977
29.57545367,8.63385761,4.41947735
29.78259874,8.91193661,4.42993180
30.17667738,9.43916306,4.44981268
29.98332053,9.18075022,4.44005478
30.53987472,9.92321566,4.46817833
30.36341087,9.68820652,4.45923480
30.69244645,10.12657922,4.47608502
30.81293835,10.28791476,4.48264576
30.97783394,10.51327358,4.49325916
30.90618588,10.41408254,4.48820436
31.03214035,10.59199529,4.49832303
31.07226867,10.65515681,4.50385584
26.63113702,4.59916503,4.23054847
26.78056205,4.48570046,4.11258419
26.57728897,4.19219943,4.08670213
27.20434477,5.10822606,4.16725989
27.42236451,5.42817677,4.19341278
27.81832535,5.61993315,4.11055524
27.60612537,5.28712117,4.07685153
28.47124562,6.61358530,4.19589345
28.25211243,6.28496634,4.16993837
28.69009262,6.93769396,4.21969505
28.77554400,7.35900430,4.31420764
28.90855775,7.25763410,4.24167744
29.00250211,7.67477718,4.33005636
29.22606148,7.98455539,4.34503649
29.12977009,7.57800925,4.26234107
29.44374544,8.28501932,4.35916233
29.65431444,8.57446730,4.37248005
29.76789200,8.48855607,4.31626595
29.85899371,8.85446758,4.38513539
29.96900609,8.77134047,4.33185072
30.05755679,9.12496422,4.39717811
30.12514315,8.65297746,4.26529255
29.92915692,8.36616440,4.24589781
30.24903325,9.38484766,4.40858770
30.35320893,9.30627563,4.36008532
30.43414679,9.63516059,4.41943674
30.76054947,10.07559514,4.43852175
30.60921743,9.87126140,4.42960401
30.97171882,10.36509537,4.45220300
30.87983454,10.23787223,4.44591008
31.04157707,10.46566073,4.45800071
27.64516251,5.75280567,4.21791325
28.03525437,5.95475781,4.14163839
30.53598460,9.55841571,4.37286474
30.70904648,9.79608648,4.38469251
30.85860054,10.00180937,4.39498245
26.99832680,4.31938363,3.96615475
29.34821862,7.89187075,4.28163242
29.56135763,8.19593796,4.29958608
30.16444741,9.04427236,4.34645406
30.97617341,10.16542076,4.40349110
30.50097905,9.19446117,4.29987845
28.06634973,5.42866939,3.97552691
28.26895238,5.77475781,4.01707259
28.47281904,6.11522142,4.05488250
28.68027727,6.45308931,4.08946768
28.88868664,6.78551128,4.12104157
29.09784180,7.11290188,4.15002839
29.52186604,7.75966034,4.20197527
29.31078570,7.43990457,4.17704183
29.76785472,7.57174033,4.10063576
29.72844285,8.06894791,4.22488190
30.68041223,9.44921545,4.31527633
30.85060922,9.68912596,4.32937775
30.99764266,9.89681871,4.34155849
30.15731972,8.19246100,4.15649622
29.96496959,7.88859569,4.12987018
30.34594678,8.48509054,4.18085431
30.35299096,6.29451554,3.73379686
30.14285673,6.25848010,3.75279893
30.17728832,6.42890113,3.78288944
30.24329063,6.11447926,3.71110288
30.39268150,6.09956018,3.69142579
30.32567035,5.99786446,3.67874811
31.01674328,7.65533898,3.91208686
30.93192405,7.51773086,3.89693141
30.90325947,7.67219293,3.92883151
30.78065329,7.59887744,3.93088295
30.79765766,7.76704494,3.96048362
30.52797281,5.36800316,3.54063330
30.72971671,5.26666566,3.51040575
30.57375539,5.20485670,3.50730216
30.66871674,5.46732723,3.55003219
30.84038423,5.41206740,3.53106945
30.77830029,5.56834658,3.56185245
32.03848709,7.00195276,3.74131146
32.21323369,6.97200374,3.73479902
32.13591758,6.83417127,3.71672218
31.94654760,6.86572917,3.72393166
34.18184740,8.65674360,3.97239616
34.11424613,8.44116197,3.94901783
34.04064203,8.61024546,3.96016660
33.93205889,8.50426438,3.94472208
33.45221581,10.38587962,4.13752017
33.56926449,10.18997066,4.11171992
33.41902741,10.17823290,4.11411158
33.59450198,10.55089571,4.15222455
33.62423211,10.34658036,4.12823780
33.61134623,6.76878186,3.75473904
33.71942661,6.66881190,3.75183271
33.57877111,6.60735670,3.73549044
33.73685420,6.85937517,3.77277939
33.96571749,7.03385898,3.80735067
33.82027459,6.99902043,3.79293080
33.79842797,7.17460596,3.80893108
34.13543781,7.07609652,3.82527054
34.09894002,6.86539392,3.80170036
33.55093574,6.95140064,3.77000145
33.44182132,6.76031862,3.74311130
33.84247713,6.72854292,3.76719169
33.91376871,6.86489047,3.78651713
33.98375518,6.69594587,3.77515415
33.69962128,7.03399099,3.78806556
33.85978170,6.56809279,3.75206930
32.90823969,6.43792083,3.67978327
32.87138814,6.29101245,3.66075599
32.71876230,6.38991324,3.66692005
33.07634518,6.48549168,3.69284868
33.05142467,6.28590941,3.66854087
32.74402126,6.20443390,3.64513327
32.76317265,6.05635516,3.62779315
32.61127621,6.09716251,3.62699987
32.92124180,6.11189338,3.64164248
33.28663829,6.81646282,3.74057265
33.28474531,6.68411787,3.72587830
33.17411275,6.78333633,3.73134365
33.35067222,6.93932249,3.75730938
34.28751383,6.94323085,3.82590958
34.28383473,6.77357996,3.80913294
34.31450962,6.63026187,3.79789360
34.15761607,6.66028523,3.78649705
33.41591520,6.55288930,3.71907630
33.99193471,7.22060617,3.82755665
34.41244482,6.84130458,3.82782125
34.19041148,7.27804673,3.84903676
33.55850857,6.40674056,3.71261505
33.24393998,6.51488386,3.70483168
34.24822794,6.50238519,3.77893077
34.04141165,6.48718968,3.75883163
33.39985966,7.10136876,3.77729082
33.19770314,6.37073016,3.68603464
33.23233485,6.20441717,3.66916723
34.34219996,7.44113708,3.87716918
34.37919850,7.26314959,3.86434382
34.49768892,7.50591973,3.89719813
34.53937651,7.34453382,3.88686840
34.32259954,7.11246557,3.84517716
34.03565619,7.37988110,3.84610741
34.14766465,7.47424027,3.86371048
33.71774958,6.48369718,3.73232059
33.85471928,7.39254029,3.83421879
33.57632858,7.17744121,3.79501566
34.70242996,7.55573179,3.92158131
34.83841947,7.56475892,3.93642862
34.75513956,7.40001948,3.91347426
34.58302607,7.63628404,3.91669945
34.74272476,7.69232796,3.93731511
33.87274691,6.37515849,3.73308141
33.39413136,7.57897729,3.82771523
33.54109167,7.59150725,3.83565744
33.48793178,7.39957501,3.81318581
33.31996916,7.71282220,3.83919420
33.48183452,7.75910361,3.85028741
33.42000741,7.24600246,3.79368197
33.33600880,7.33994683,3.79975967
33.27609523,7.22109779,3.78431435
33.11917047,6.65872108,3.71469402
33.36964994,6.33712781,3.69246970
33.55349115,6.16608164,3.68614083
33.10106471,6.09863970,3.64944519
34.51049889,7.14439116,3.86588378
33.22325652,7.06754757,3.76519210
34.03690683,6.27511214,3.73659975
34.19892082,6.34035053,3.75793056
34.19471134,6.15728465,3.73870500
34.34466168,6.38117778,3.77583297
34.44153159,6.51451278,3.79863344
33.18177700,6.91508467,3.74643976
33.67733279,7.33482257,3.81707629
32.91964994,6.62650804,3.70250080
32.78971249,6.53431301,3.68685114
34.46462727,6.97624169,3.84572906
34.11027815,7.62151545,3.87435833
34.24957285,7.61472472,3.88483960
33.71715753,6.27587457,3.71023939
33.37929049,6.13142797,3.67021240
33.25657432,5.98245114,3.64541893
33.99343744,7.53383217,3.85749439
34.35136408,6.22645670,3.76074677
33.00824634,6.82621326,3.72915021
34.44127371,6.70047873,3.81695480
34.59777273,6.81384578,3.84349086
33.95429887,8.10725644,3.90867101
34.06282981,8.02349190,3.90780829
33.95428493,7.92801173,3.89187457
34.19459826,8.01395542,3.91624803
34.10364977,7.88921245,3.89838005
33.31826143,7.45523670,3.81140024
33.17768535,7.37766805,3.79765257
34.48311801,7.88834143,3.92898283
34.49498494,7.75568157,3.91869332
34.34602227,7.78764834,3.90830488
34.41459330,7.62160242,3.89972237
33.67306571,7.50768752,3.83416151
34.84003162,7.84478764,3.96003588
34.89135534,7.70058406,3.95350219
34.99160953,7.60240334,3.95610392
34.51856857,6.31186727,3.78596871
33.88053797,6.17561721,3.71275603
34.64045676,6.15273842,3.78224194
34.71237162,6.02768671,3.77691831
34.55847349,6.01069982,3.75925859
34.72987861,6.29116804,3.80559806
34.83885241,6.12856606,3.80057539
34.23804099,7.88840866,3.90838477
34.17419703,7.75926614,3.89184171
34.36538507,7.99275723,3.92778344
33.75342184,5.87695249,3.67022582
33.62512255,5.96919098,3.67000245
33.73332434,6.07002799,3.68944694
33.46401398,5.94393360,3.65518355
33.99281917,7.73200359,3.87606720
33.21350535,7.77554549,3.84277303
33.06156219,7.76355778,3.83795076
33.15115680,7.95679604,3.86157585
33.19270892,7.58515549,3.82111517
32.74309688,6.65260013,3.69970885
32.63094618,6.55435668,3.68460506
32.58566545,6.74517234,3.70738857
32.57245487,6.27286174,3.64783276
32.51446432,6.43409485,3.66674021
33.04366215,5.90834922,3.62399199
33.03681054,7.02425540,3.75294470
33.09421542,7.20388143,3.77534525
34.71821399,7.18952184,3.89089208
32.79123179,6.78980685,3.71765522
34.61554291,7.48850724,3.90705591
32.85068515,5.92439832,3.61572905
32.67698175,5.92760411,3.60833075
34.61321092,6.62427837,3.82668246
34.48453672,6.14638435,3.76570408
34.03765106,6.07390576,3.71565587
34.36670579,6.02159195,3.74115764
32.40373631,6.32251872,3.65011755
32.41182282,6.15384091,3.62840662
32.49376005,5.96010346,3.60571542
33.82687437,7.61212006,3.85369951
34.65497048,6.45436640,3.81417990
32.84622808,6.97257597,3.74099375
32.96687068,7.36602261,3.79017075
33.07262214,7.47714244,3.80557408
32.97054745,7.57409681,3.81439473
31.95830603,5.52788098,3.53468134
32.07825591,5.59592305,3.54639457
32.07330042,5.39160270,3.51809011
31.93373208,5.68997990,3.55722115
34.66445161,5.70885863,3.73900074
34.63339760,5.56894973,3.72124439
34.53638600,5.64711779,3.71934724
34.79332798,5.56993836,3.73813773
33.66395908,7.69763047,3.85266732
33.89085437,5.97375893,3.69219386
34.50031575,5.82226792,3.73384509
34.68640692,5.88387142,3.75938842
32.29251771,6.46759052,3.66751227
34.63563042,7.84289812,3.93934813
33.34636490,5.81342109,3.63221533
33.19779067,5.76143099,3.61630030
33.46017604,5.75255383,3.63357223
33.34763282,5.62259016,3.61074390
32.24223374,6.12615410,3.62142355
32.22737851,6.28391184,3.64235896
32.31962946,5.99957330,3.60607521
32.17576560,6.02929578,3.60736053
34.15598203,5.78815827,3.69647845
34.03741021,5.87431058,3.69457721
34.18406131,5.95818907,3.71698015
34.04270803,5.68342403,3.67483892
32.91202627,5.77322240,3.60067845
34.66438319,6.99738335,3.86765769
34.94011496,7.23142275,3.91822556
34.79489677,6.56908163,3.84016009
32.06928224,6.15774153,3.62384061
32.36588071,5.82151476,3.58384113
32.55199108,5.74223034,3.58003871
33.61574603,5.78299489,3.64886915
32.89203821,7.16300659,3.76467075
32.49041526,6.90363891,3.72604421
32.65150001,6.93168915,3.73174261
32.36858456,6.97298604,3.73435362
32.49612251,7.06908870,3.74716226
34.30232740,5.80663620,3.71247955
34.95396886,7.43250643,3.93746307
35.04393436,7.79859771,3.97816271
34.89964424,7.01926957,3.89446624
34.75276488,6.70987172,3.84947298
34.83968912,6.41274436,3.82939999
32.43529950,6.60603163,3.68728727
33.81267543,7.81060033,3.87206291
34.81372995,6.84767047,3.86914052
32.75438497,5.75766934,3.59078677
32.69928198,7.10946269,3.75436733
35.20173633,7.24835079,3.94878941
35.11050928,7.20403920,3.93454753
35.09359891,7.32321456,3.94331342
35.08142681,7.09064982,3.92096316
31.40284899,5.53895043,3.53545101
31.47061548,5.40647604,3.51408035
31.28497440,5.44312592,3.52214404
31.52520105,5.54716492,3.53539592
35.08368000,6.96051760,3.90909745
35.00733510,6.85397055,3.89061601
35.17758768,6.85165042,3.90916850
33.64734115,7.89085197,3.87118743
33.89234380,5.78283184,3.67190356
34.57714056,8.05162870,3.95126359
35.23446787,7.57838195,3.98132728
35.22970740,7.71785383,3.99246264
35.36229182,7.61148381,3.99887661
35.13464368,7.47976691,3.96156596
35.12154663,7.63605072,3.97336557
34.94416179,6.69443418,3.86838836
33.69298022,5.59037066,3.63407188
33.76497148,5.71969162,3.65416883
33.87228701,5.58089641,3.64846884
33.52706037,5.59973619,3.62168522
34.91540954,6.27616370,3.82374626
34.99081700,6.38081127,3.84241075
35.09088709,6.28026424,3.84309207
34.97108315,6.51466602,3.85364279
35.12559428,6.43701897,3.86269622
32.58216158,5.38632615,3.53632352
32.51389332,5.55007669,3.55408150
32.67295644,5.57510089,3.56437123
32.37852453,5.62287524,3.55830324
32.75395779,7.29992494,3.77834667
32.81606145,7.46315227,3.79884682
32.76225236,7.60252793,3.81516964
31.93098744,5.83775192,3.57812661
32.02895566,5.96984292,3.59747010
32.06361065,5.78566987,3.57230247
34.28412447,8.13641022,3.93377785
34.43446651,8.18271546,3.94974921
34.30018876,8.33007518,3.95179820
34.85184904,5.94281516,3.78289353
35.01999381,6.16414700,3.82359898
32.22101283,5.69959544,3.56375616
32.19581689,5.88430286,3.58806688
32.35201518,6.80838069,3.71278141
31.80848345,5.58227977,3.54065099
31.87459612,5.40375948,3.51568983
31.77782483,5.78289830,3.56969755
34.39388037,5.64085064,3.70423690
34.12382129,8.19087460,3.92709929
32.11972838,6.42017133,3.66012558
32.09905878,6.54968417,3.67791518
33.02686925,5.68068275,3.59623695
33.32782016,7.87094931,3.85650085
33.31985020,8.06671363,3.87746316
32.95270517,7.93715201,3.85664387
33.01308228,8.12030271,3.87859473
32.87353965,7.75882812,3.83483550
32.85483696,5.61267937,3.57828789
31.84326484,5.95637159,3.59486088
35.15750613,8.06785327,4.01241842
35.10317659,7.94784252,3.99681498
34.96911223,8.01217714,3.98725435
35.25332525,7.90812698,4.01068713
33.15989821,5.55571908,3.59006145
34.83682525,5.76095674,3.76252262
34.21293496,5.60866928,3.68304161
34.76405549,8.01709164,3.96635734
33.48167001,7.97677449,3.87294419
32.22690028,6.65495775,3.69209568
33.79931455,8.00532493,3.89018403
32.02239112,6.32556760,3.64704101
32.23496032,5.50985915,3.53872076
31.00616776,5.40946501,3.52390693
30.90964885,5.51776024,3.54637177
31.03593375,5.55143620,3.54690218
30.95315772,5.25600382,3.49941210
34.50098224,5.48232227,3.69851571
35.52822521,8.35906055,4.07810899
35.54752817,8.50763134,4.09146052
35.68654789,8.45079156,4.10429173
35.39200471,8.33991621,4.06038572
35.42734485,8.48397887,4.07527422
34.27110277,8.51353430,3.96561029
34.03893910,8.74361651,3.97233771
33.63781013,8.09136880,3.89090962
31.86989053,6.37444809,3.65494627
31.94932561,6.47130947,3.66793111
31.79232077,6.46412636,3.66910610
34.39266773,8.49027688,3.97238816
34.48363697,8.37267545,3.96973944
34.36925127,8.65826709,3.98486659
34.53907079,8.57673405,3.99109126
31.85668322,7.04006524,3.75142863
31.95830456,7.19359099,3.77045626
31.16865625,5.55462683,3.54299684
31.09866490,5.71924304,3.57267135
31.13475527,5.44362983,3.52563833
35.22526399,6.98988588,3.92762702
35.37195607,6.85189797,3.93089042
31.76350229,6.20046908,3.63096465
31.72374694,6.07553680,3.61304297
31.61006342,6.20397009,3.63413431
31.89008649,6.25347851,3.63740035
31.88647162,6.10231107,3.61576774
31.80621919,6.59081017,3.68730771
31.94859158,6.60555356,3.68696167
32.03835661,6.70146415,3.69935413
35.10037962,6.74271622,3.89012651
33.19426006,5.24829133,3.55658054
33.12711087,5.38643836,3.56810807
33.27337898,5.42005139,3.58227965
32.97770219,5.45869344,3.56696440
32.27051456,7.30735645,3.77933022
32.40879386,7.22412649,3.76705887
32.28961271,7.12411729,3.75458556
32.56683609,7.25576263,3.77116484
33.16097173,8.17219738,3.88604936
33.31000876,8.26879275,3.89927326
33.04632802,8.27858712,3.89727110
32.76757412,7.92376810,3.85453656
32.59930881,7.62431475,3.81769631
32.68194804,7.75984713,3.83444730
32.49820159,7.75342377,3.83516742
34.60316986,8.24904971,3.96990081
34.33447760,5.45284798,3.67855965
34.91979778,5.46329301,3.74046415
34.81384233,5.40445871,3.72304426
35.01418857,5.60667289,3.76547634
35.33210588,7.44759872,3.98130103
31.69740798,5.93650703,3.59270040
32.62327316,7.45206021,3.79599534
35.22933471,7.13875261,3.94193818
33.79547789,8.20347317,3.90921938
35.02111599,6.01932231,3.80886913
33.95251628,8.30301999,3.92689316
35.30812651,8.08168075,4.03077517
35.43057285,7.98563706,4.03759754
35.45472456,8.17840166,4.05555479
31.44666504,5.69590605,3.55930424
31.28254130,5.62192319,3.55091672
31.63882915,5.64565447,3.54967367
31.66005557,5.43936446,3.51882499
33.44224076,5.43200915,3.59630574
33.60878119,5.42628896,3.60901356
33.75951699,5.44426732,3.62375500
35.38677365,7.77014468,4.01499521
35.22345893,7.34977081,3.96029114
35.12235732,6.60397574,3.87896340
35.40407083,7.87362630,4.02548072
35.05040010,8.20836715,4.01147892
35.25184625,8.24507095,4.03687266
31.59206892,5.83125284,3.57800963
34.70805373,8.16315133,3.97270362
32.77715251,5.42631821,3.55134943
34.85971663,8.18030025,3.98912253
34.05023786,5.48276946,3.65418145
33.47510691,8.16959253,3.89287545
33.15671608,8.36347438,3.90772183
32.39790156,5.43505064,3.53453587
32.26459507,5.32154640,3.51448503
33.89639253,5.36621345,3.62738998
35.40463516,6.67881987,3.91756224
35.25045807,6.70955187,3.90347918
35.51086258,6.56340028,3.91773751
35.30900598,6.52431685,3.89157748
35.54361798,7.84949173,4.04003224
34.75816973,8.31392115,3.98960756
35.35522185,7.24993243,3.96638008
35.01548965,5.83645632,3.78939204
35.20034198,6.12201058,3.83879828
34.16977975,5.22102442,3.63746712
34.04656323,5.28438975,3.63246325
34.18497367,5.38929995,3.65707286
34.24588204,5.08995142,3.63069126
34.07525264,5.07673467,3.61243251
33.62838956,8.28964978,3.91054463
34.67479538,5.42987855,3.71104416
34.74109203,5.27010880,3.70118337
34.93144826,5.29217704,3.72376658
35.51514845,7.36863867,3.99547607
35.47764005,7.51938615,4.00441678
35.65342565,7.50782976,4.02393949
31.54261482,6.03237036,3.60947090
35.47588670,8.63493801,4.09204219
30.44905739,5.24037912,3.52182443
30.46345092,5.08050324,3.49037292
30.35642556,5.34421557,3.54858122
32.57225250,5.21423902,3.51387576
32.65637144,5.08473999,3.50178975
32.47982700,5.08945095,3.49299025
32.71233161,5.25677933,3.52673746
33.30058636,8.46537376,3.92072424
32.99175148,8.46724903,3.91958446
35.03049789,5.42509122,3.74831001
35.15322758,5.46265855,3.76538809
35.13822269,5.27416426,3.74399429
33.53388012,5.26115106,3.58431990
35.64822065,8.23194739,4.08302600
35.27882641,8.44609066,4.05509406
31.71733837,6.34555953,3.65309830
32.41957278,7.37950945,3.78726074
34.64517569,8.43389545,3.98864966
33.01484162,5.24061526,3.54322931
32.84063598,8.10147679,3.87609619
32.57887710,7.91289374,3.85470016
31.56946365,5.25192994,3.49018022
35.26942639,6.31809010,3.86638751
33.72710280,5.25751498,3.60030677
35.19341158,5.91719119,3.81690422
33.91408384,8.68849877,3.96130582
33.78271858,8.40146976,3.92791264
34.42134394,5.32769974,3.67405935
34.29272107,5.26821495,3.65472543
35.52526448,7.66140656,4.02218204
31.15968910,5.28160872,3.49823790
35.39587254,7.05307154,3.95280685
31.37577129,5.25416395,3.49081191
35.60417654,8.03664894,4.06239615
34.56455344,5.29183787,3.68498888
35.18653480,5.58902175,3.78212467
35.17890617,5.73316746,3.79627086
31.41155072,5.89389919,3.59096924
31.27367781,5.79190655,3.57850963
33.35801195,5.25324433,3.56938445
31.76513771,5.25158428,3.49193548
32.86213732,5.30393120,3.54124135
34.92796007,8.35986108,4.01017186
32.41997914,7.57771969,3.81323313
32.43368661,5.26241917,3.51349553
35.11361817,8.39733164,4.03284689
31.86085690,6.73077869,3.70642924
33.46141308,8.37101878,3.91369354
32.90300959,8.27853062,3.89734537
32.12635918,7.10904905,3.75459124
32.13220176,7.25322546,3.77438004
32.65295338,8.08659204,3.87589990
32.72719195,8.26658237,3.89761830
31.96036960,5.23359578,3.49310924
32.13843434,5.19463285,3.49282036
32.19916560,5.04664458,3.47462169
32.04394024,5.06178923,3.47111253
32.14746820,4.90556966,3.45283829
33.90272358,5.17027444,3.60643935
31.61887094,6.53818200,3.68445640
34.40223074,8.83280590,4.00188526
34.52288211,8.77669619,4.00610008
34.32806954,8.97950874,4.00944005
34.50345706,8.95438056,4.01914356
30.93138004,5.81791536,3.59720279
31.01863116,5.88560131,3.60427283
30.78785002,5.82918690,3.60770094
30.87690753,5.98487920,3.62947160
34.80825460,8.48987524,4.00826569
33.61652146,8.48839598,3.93032914
34.66860580,8.73324177,4.01452313
34.69790932,8.58636660,4.00551826
34.77702659,8.84699937,4.03291911
34.83956873,8.69603909,4.02715903
34.43641308,5.13919678,3.65539914
35.97723289,8.97296956,4.17845810
36.04207597,9.11837607,4.19683573
36.13542429,8.93545632,4.19619787
35.87220705,9.11063779,4.17434975
35.28014732,5.50288312,3.78318050
35.29563529,5.36129454,3.76998307
35.31934301,5.62875780,3.80049661
35.44602197,5.47270836,3.79766666
32.14493640,7.37909739,3.79152645
32.23636786,7.47742318,3.80296589
32.08084730,7.48264401,3.80782717
33.09934692,8.85956530,3.96534313
33.17015048,8.72520000,3.94924747
33.02787359,8.68310927,3.94508564
33.29397060,8.65909309,3.94213095
33.14965560,8.55856466,3.93004017
32.09654446,7.60744471,3.82497929
32.24095521,7.62781100,3.82344653
32.31662210,7.74800391,3.83793124
30.51024199,5.56247981,3.57836950
30.63355750,5.64290483,3.58438428
35.75097838,8.62150927,4.12482306
35.61833016,8.63557107,4.10939918
35.70658338,8.80352832,4.13227700
35.88539594,8.52082605,4.13421705
35.18081638,5.09083551,3.72907578
35.29022647,4.98478681,3.72935956
35.12788229,4.94379988,3.70757267
35.41226430,4.88655548,3.73173359
35.26838462,4.77583404,3.70433590
30.89393618,5.66768278,3.57314432
33.11431990,5.10389280,3.53364441
32.96883529,5.03907690,3.51557209
35.58411504,7.16096683,3.98434839
35.67766245,7.32532809,4.01031848
33.76574495,8.79147424,3.96558241
33.77058835,8.59515708,3.94639116
32.30921531,5.13544729,3.49123544
31.36334019,6.04855122,3.61677618
35.32629454,8.62193591,4.07345953
35.21770383,8.78028645,4.07252465
35.38854695,8.80222952,4.09359302
35.16177494,8.58826207,4.05237686
30.24216851,5.04499560,3.49860846
30.37667300,4.89359760,3.45950123
30.18477203,4.86969732,3.46764811
30.31498579,5.20627929,3.52492457
35.41841694,6.17928528,3.86835631
35.54881920,6.74178813,3.93981306
33.27296527,5.09046637,3.54380600
34.28537498,8.80161278,3.99147635
32.79173163,8.44185903,3.91861460
32.83290179,8.65067558,3.94397931
32.83153523,5.13927058,3.51906370
31.76031413,6.88679988,3.73206373
35.74817806,7.90472798,4.06904264
31.66712208,5.08239830,3.46529464
32.39251831,7.89734541,3.85620828
35.35057125,5.79669518,3.82131263
35.57115512,6.93620262,3.96141558
31.51043258,6.36363833,3.66127646
35.03261311,5.10505898,3.71469931
31.67633855,6.73087895,3.71163916
31.13928235,5.87563427,3.59705882
34.84410787,5.10309996,3.69433318
35.30314845,5.16779069,3.75034415
32.95896239,4.87663839,3.49458842
32.78424778,4.92599373,3.48916421
33.14358026,4.92758989,3.51435936
30.67436251,5.07302662,3.47780984
31.24152754,5.96480701,3.60763024
35.83221395,8.29996661,4.11083656
30.86994023,5.08436103,3.47220349
33.44847205,8.57335596,3.93490544
31.27456475,5.08769355,3.46477950
31.06786137,5.09550474,3.46895264
31.85980822,5.08000169,3.46856610
35.79132996,8.10040497,4.09014719
31.47372132,5.08205722,3.46350256
33.75282268,5.06273034,3.58067691
35.70634325,7.71428770,4.04807913
35.46460496,6.37033576,3.89303094
33.45822326,5.09852223,3.55945723
33.61276375,5.12488990,3.57545424
34.98059294,8.54904643,4.03005236
34.14538209,8.88061047,3.99027671
34.63920843,5.11680024,3.67408304
35.38174721,5.98206049,3.84395071
31.42116766,6.19695819,3.63829589
32.46578188,8.06821409,3.87721039
32.53771127,8.24614872,3.89891756
31.21521027,6.16646173,3.64164393
33.60697773,8.68547384,3.95024619
31.06267141,6.03315417,3.62699109
32.00479387,7.37458987,3.79491648
32.60778082,8.86415164,3.97851765
32.75691128,8.85175526,3.97145031
32.64155202,8.71472217,3.95743972
32.47654569,8.94505130,3.99574675
32.64935658,9.03335062,3.99931182
34.02721416,4.90054634,3.58795736
33.90408671,4.97801293,3.58499542
34.08948106,4.75311687,3.57712090
33.88921618,4.77588999,3.56024125
30.22568451,5.31627279,3.55400005
30.15336555,5.21070376,3.53925031
30.07365634,5.37629960,3.58071201
32.34632062,4.93695631,3.46601018
34.65343463,9.11803777,4.04357403
34.65237087,8.91060206,4.02714831
32.13750574,7.74969160,3.84365848
32.20562545,7.89066447,3.86101580
31.96637433,7.73552447,3.84876707
32.02634071,7.89404007,3.86911694
35.44081542,5.05225063,3.75259555
34.53830424,4.94464639,3.64470361
35.72282746,6.80745555,3.96559269
33.77027054,4.90396057,3.56404988
30.74529402,5.70348179,3.58796394
33.59176650,4.94449972,3.55278331
34.17804290,4.91898751,3.60490678
31.39121576,6.53890758,3.69347888
34.35288786,4.93523685,3.62445017
35.85975592,8.71969740,4.14556999
35.54246238,8.79503142,4.11145208
35.64938310,6.42701563,3.91891242
31.66921934,7.05802664,3.76130076
35.56993702,6.04573667,3.87077055
34.94681292,4.93755781,3.68741163
33.44121845,8.77565356,3.95647584
31.76227555,4.91728612,3.44214259
32.27039507,8.04702053,3.88045113
31.57229494,4.91119369,3.43766601
31.38000240,4.90829800,3.43547141
33.37170721,4.91961612,3.53126970
32.56618809,4.91868211,3.47506237
36.02260385,8.35804007,4.13885058
35.98052927,8.15438391,4.11751178
35.82764359,7.38847089,4.03336528
35.79612369,7.19542254,4.01168485
35.84980112,7.58253669,4.05349088
35.89548461,7.77652991,4.07581505
30.63296101,5.80890612,3.61486584
30.48148384,5.94800244,3.65354876
30.67432899,5.98700187,3.64426761
36.11025151,8.72737244,4.17787587
35.98020413,8.81796624,4.16791120
35.85245134,8.90732270,4.15792514
35.97951445,8.66360957,4.15662654
36.07076823,8.54609297,4.15932440
32.67876149,8.56388030,3.93662595
33.27990841,8.86548691,3.96520462
32.60988864,8.42266238,3.92015063
35.03818931,8.74049871,4.05030474
30.58730558,4.90272857,3.45016113
30.36560099,5.49732836,3.57747508
30.78337607,4.90579527,3.44310551
31.56738102,6.88909117,3.74008145
35.93475928,7.97481946,4.09726335
34.74483175,4.94201513,3.66625755
31.30408461,6.35757938,3.66854976
31.48063049,6.71351179,3.71682595
33.92838369,8.89208655,3.98123884
35.45272762,5.25127984,3.77503759
35.49714168,5.66991291,3.82372764
35.53083101,5.86070513,3.84725230
30.98193257,4.91238528,3.43919892
31.17647200,4.91444531,3.43688666
31.95833655,4.91003500,3.44652539
35.75441600,7.00299353,3.98843271
35.60977934,6.23298795,3.89455677
32.92999820,8.84450311,3.96606701
32.34615460,8.22974107,3.90288955
33.59923704,8.88847143,3.97104721
30.48480079,5.74311745,3.61442727
31.92119483,7.55718370,3.82462452
34.92059078,8.88530635,4.04921527
29.89590327,5.10284086,3.54221526
29.96871859,4.99724584,3.51239875
29.80786078,4.96054166,3.52108541
29.97890870,5.23504047,3.56131958
30.06092389,5.09179038,3.52338622
32.49884980,8.58406631,3.94531847
29.80107475,4.78329945,3.48312223
29.93281894,4.70662604,3.45398392
29.79345330,4.59331158,3.44207142
29.98545954,4.85981140,3.48187555
33.31131311,9.05013416,3.98602497
33.17657934,9.03360214,3.98499612
33.25834134,9.23009066,4.00694821
33.43924715,8.97226312,3.97772222
30.09364987,4.97079999,3.49554153
30.09480649,4.72321107,3.44427633
36.38896052,9.12692353,4.24253847
36.36202834,9.25305957,4.24787573
36.52085490,9.22797057,4.26673898
36.33497253,8.98007933,4.22503536
36.22443724,9.14503995,4.22243975
30.22140661,5.44562929,3.58015751
30.21196698,5.59981126,3.61184446
35.59718706,8.94818816,4.12876532
32.87028049,4.73473874,3.47018249
35.27938876,8.99600334,4.09466579
31.78963330,7.37396125,3.80343211
31.76973808,7.19014037,3.77681009
30.92049886,6.14890523,3.65524742
33.01286915,9.01948708,3.98581584
35.65331785,5.53279829,3.82571578
32.10597021,8.02134133,3.88377758
33.75229032,9.00077434,3.98602191
35.72335683,5.91792799,3.87354839
33.68483082,4.75892053,3.53915601
35.68925546,6.61287594,3.94227950
35.86716832,6.67750519,3.96810993
33.26183101,4.74999439,3.50163274
31.86633593,4.74372340,3.41889482
35.93937444,7.06001517,4.01451097
36.13139733,8.02341137,4.12483189
31.27964712,6.70883490,3.72677931
36.20413227,8.41471336,4.16565351
36.28617541,8.78871384,4.20469764
31.27920158,4.73872332,3.40723888
31.47743562,4.73881467,3.40900788
31.08276333,4.73669162,3.40731812
35.98021373,7.26062189,4.03859124
36.01194757,7.45864555,4.06089747
34.64873679,4.76857493,3.63678997
34.45282912,4.76033089,3.61512125
31.47388843,7.06442365,3.77241046
31.58458931,7.25225863,3.79553480
34.18399031,9.09137933,4.01113334
34.31157831,9.16502345,4.02441148
32.06034855,4.74594263,3.42636637
32.25961048,4.74323259,3.43489914
32.48208509,8.77443186,3.97197326
35.47177218,4.73249241,3.72123400
35.58626349,4.90057576,3.75145624
35.71876149,9.01915704,4.14869527
35.79787597,6.28880870,3.92038461
35.76015979,6.10276231,3.89687159
35.61175661,5.13562517,3.77932703
32.84265110,9.01623454,3.98978755
35.83282710,6.48689360,3.94476094
31.10667306,6.34855354,3.67757412
31.03561034,6.20357787,3.65736125
34.80388926,9.00971576,4.04774555
33.47793449,4.75553721,3.52038001
34.46006919,9.14300967,4.03164702
34.27034676,4.75817976,3.59597088
35.09449170,8.93290827,4.07019109
32.42779580,8.40201766,3.92337707
33.06088831,4.74154084,3.48488884
30.49272649,4.73474193,3.42249074
30.28987162,4.72808843,3.43196741
32.11757503,8.20472222,3.90976545
32.46396407,4.74291191,3.44560786
31.18909088,6.52611935,3.70220810
34.84668964,4.77034270,3.65823383
30.69481099,4.73103824,3.41387914
36.25095977,8.60176871,4.18606703
36.16758145,8.21918725,4.14545274
31.37825830,6.88016632,3.74863789
36.04363442,7.64049090,4.08115766
30.34697322,5.66811083,3.61223697
35.68738460,5.73232095,3.85025627
30.89201456,4.73061102,3.40881208
31.67237414,4.73989455,3.41286035
35.62654202,5.33797606,3.80237882
30.74332514,6.19147602,3.67583522
35.90311367,6.86756668,3.99133090
34.03841389,9.03759501,3.99945343
33.89055178,9.11156200,4.00093781
36.09035631,7.84243640,4.10446470
32.66640005,4.74448776,3.45791222
33.58231552,9.08756004,3.99157207
30.33248540,5.85173039,3.64944190
30.90250790,6.32721053,3.68759050
34.97153550,9.07766246,4.06832718
35.46216196,8.97595989,4.11436938
35.56378267,9.13730510,4.13750233
29.81378764,5.54590602,3.64693874
29.96216571,5.49679166,3.61799602
29.88744566,5.38671890,3.60358739
30.08003886,5.54409624,3.61444161
35.83345775,9.28704212,4.18104195
35.96251384,9.27865897,4.19717079
35.88183652,9.44140334,4.19719166
30.53738635,6.14279726,3.68510449
32.03208734,9.40578485,4.09815802
32.17530093,9.39876023,4.08332261
32.12810843,9.27612630,4.06882544
32.31628031,9.45718466,4.07993215
32.25838277,9.31318329,4.06328590
35.26550861,9.19116077,4.10664286
35.39332493,9.15755888,4.11870308
35.17907624,9.31472496,4.10596277
35.32738639,9.34796082,4.12410918
30.05867293,5.70300228,3.64950043
30.18808975,5.77396838,3.64923677
29.92917870,5.63697190,3.65149244
29.91163781,5.78459997,3.68500486
34.20110941,9.27888382,4.02871394
32.32449061,8.52591005,3.94509122
35.62562895,4.71079771,3.73490374
35.55598406,4.56599113,3.71177732
35.76244631,4.79004812,3.75745281
35.75176001,4.56496638,3.73181577
31.91401895,8.06558703,3.90084241
32.93821008,9.18711265,4.00839973
31.70072994,7.57111096,3.83825860
31.59936341,7.43695351,3.82356696
31.48917522,7.60872821,3.85870930
35.71867008,9.21598915,4.16183632
35.13877258,9.13389477,4.08913262
36.10486094,9.27050456,4.21526311
31.78449804,7.72097543,3.85630472
33.72926761,9.19809614,4.00541555
34.36232501,4.58438266,3.58532627
33.09212309,9.19519089,4.00547065
32.77033175,9.20492085,4.01673745
35.78866033,5.21324072,3.80562111
33.98096894,4.58952583,3.54702632
36.01462883,6.55189694,3.97058444
32.97240832,4.57212625,3.45623057
36.08488222,6.92608360,4.01671836
32.57024659,4.57010892,3.42807659
35.84377578,5.59974758,3.85225048
35.94899820,6.16169583,3.92259187
34.74903277,4.60212560,3.62866700
32.16407925,4.57325126,3.40571556
31.96914852,4.56768752,3.39610489
31.18175948,6.88244200,3.76200183
30.99377025,6.50595832,3.71187585
35.87759428,5.79087282,3.87593348
36.12409529,7.12550240,4.04106063
31.57616684,4.56769147,3.38325601
31.37465438,4.57062792,3.37998378
31.18387328,4.56308033,3.37705423
36.39560835,8.47286493,4.19361796
36.23611745,7.70328182,4.10882451
33.37646901,4.58335271,3.49027344
30.79082524,4.56002641,3.37966764
30.98986567,4.55861892,3.37667498
36.31919086,8.08785962,4.15244934
36.28359132,7.89311437,4.13132604
31.28269517,7.04448163,3.78162880
31.36294588,7.22101234,3.80486595
34.56685825,9.31986183,4.05329544
34.74243999,9.33463463,4.06741161
32.26388442,9.15357946,4.03920844
32.45479099,9.11131393,4.02016073
32.33711516,9.01367862,4.01367704
32.58411387,9.24165446,4.03074642
32.32137175,8.85704358,3.99221153
29.66739848,4.70527106,3.48003577
29.59405225,4.56809982,3.45701840
29.51339935,4.72140335,3.50179493
29.77932705,5.24816101,3.58687165
29.74668803,5.10153924,3.55883387
29.99655077,4.56704315,3.41887950
35.36345795,4.58057744,3.69295933
32.23371459,8.39048165,3.93047663
36.47068992,8.85873636,4.23315151
36.50872279,9.03627547,4.25127009
30.58909981,4.56468438,3.38587118
30.38701002,4.56858684,3.39485680
36.43898847,8.66095752,4.21390051
36.23597113,9.36596876,4.23889296
36.16471971,7.32553773,4.06521793
36.20476166,7.51498655,4.08781199
32.32018715,8.68096285,3.96720973
34.04366699,9.21213213,4.01588684
31.83236502,7.88318337,3.87819074
35.90757306,5.98295352,3.89937716
33.57349886,4.58264035,3.50754497
32.77011669,4.57147815,3.44152038
32.36706265,4.57130480,3.41610863
35.97878517,6.36339067,3.94702961
30.18782392,4.57195361,3.40649457
34.84864811,9.20284963,4.06625870
36.05149921,6.73951515,3.99399691
34.17343484,4.58460894,3.56578169
34.37644979,9.33862947,4.04296027
33.17807612,4.57552233,3.47273813
33.77901482,4.58889289,3.52738216
35.04851486,4.76880180,3.67985659
35.15139938,4.59047460,3.67113811
35.76613225,5.00609886,3.78115480
34.94189564,4.60316997,3.64975275
31.05855261,6.69843942,3.74005813
34.56078764,4.59204648,3.60724479
36.35620557,8.28188689,4.17322388
33.42146810,9.16596159,3.99886947
31.77284839,4.56725459,3.38874784
35.81425749,5.40794988,3.82892513
30.18999592,5.95164994,3.68474135
36.05935577,9.44450393,4.22060175
35.01899200,9.27239035,4.08699996
34.80245684,9.49288480,4.08423954
34.89968603,9.39553474,4.08504003
34.92403268,9.58169794,4.10082675
29.63730888,4.85110121,3.51628608
29.61645691,5.02253520,3.55738914
32.40149457,9.28341920,4.04809760
32.15210001,8.97277066,4.02085876
33.75441229,9.49570446,4.03621405
33.69920122,9.35950370,4.02147881
33.57153919,9.47311578,4.03256607
33.92221822,9.54033158,4.04359089
33.87438461,9.33316905,4.02211930
32.14204992,8.57161287,3.96198117
30.86651911,6.78263871,3.77111684
30.89493931,6.63057301,3.74152094
30.71600301,6.68242851,3.76771623
30.98776530,6.90875413,3.78230375
29.25797642,4.57807917,3.50179075
29.15167403,4.68452862,3.54352365
29.32660437,4.73528776,3.52987410
29.28162477,4.40890843,3.45746759
29.08915597,4.51034085,3.51002895
28.72598421,4.51182793,3.57200641
28.80800286,4.39901625,3.52767717
28.66865430,4.36474334,3.54364639
28.95088964,4.37204314,3.49674926
28.80732497,4.24251688,3.48653417
29.04723453,4.81471621,3.59259714
29.19111640,4.81531012,3.56933627
29.27926942,4.88914445,3.57354674
30.03493735,6.08721933,3.73198199
29.45320427,5.28221399,3.63937082
29.61234933,5.31590734,3.62376267
29.61045553,5.17900834,3.59331742
29.70292768,5.42400562,3.63525390
35.06743693,9.47819233,4.10628882
35.21868701,9.46019734,4.12007622
35.32977499,9.55162546,4.13798869
32.87826468,9.36326809,4.03283406
33.27075496,9.42070224,4.02889490
33.40319367,9.35997081,4.02050483
33.18339898,9.55345994,4.04644984
33.36891412,9.57950715,4.04573690
29.44735492,4.90391312,3.55269932
29.41766613,4.56612935,3.47754724
36.32173877,9.51810817,4.26026236
36.19421697,9.52886395,4.24390072
36.27977283,9.69104322,4.26559388
36.44000397,9.39944039,4.26811056
34.35391089,9.52787481,4.05800349
34.50031084,9.49613666,4.06339756
34.42717491,9.66843425,4.07377159
31.50787509,7.99778957,3.92097243
31.69854257,8.02514652,3.90953079
31.64738098,7.85820661,3.88686690
31.76135992,8.17473374,3.92835362
33.56783471,9.27409290,4.01118909
35.46642674,9.29056752,4.13610024
34.66452431,9.49497592,4.07406046
32.08179147,9.13713255,4.05161334
31.92407731,9.04147952,4.05123759
31.94108540,9.24118667,4.08132056
33.13995681,9.38026555,4.02669764
33.01233229,9.32759764,4.02366091
30.56941505,6.33604358,3.71827192
30.72772006,6.37393773,3.71021524
30.81115360,6.50416260,3.72631633
34.22160951,9.47303628,4.04701051
34.05798729,9.40921296,4.03482569
32.14549034,8.77174475,3.99134628
36.03669513,5.65628678,3.87725706
36.16915179,6.42254911,3.97242818
35.96523580,5.28268896,3.83038629
33.47737324,4.41626996,3.47774325
35.58680394,9.34865957,4.15424244
33.87139679,4.41129045,3.51431450
36.10303948,6.03442959,3.92425622
32.67398330,4.40065415,3.41118868
34.66350821,4.41852756,3.59801773
34.46828484,4.41529133,3.57648427
36.58792805,8.52985290,4.22119347
34.26901287,4.41044643,3.55472651
36.54803610,8.33977857,4.20057245
36.50868073,8.14918844,4.17958401
33.08156678,4.40994575,3.44308063
36.24055371,6.79886027,4.01952030
32.26896175,4.40173208,3.38583290
32.07326538,4.39550024,3.37455662
30.68542675,4.39401074,3.35048314
30.28338994,4.40039396,3.36582715
35.45453738,4.41476408,3.68423029
31.67491802,4.39462076,3.35796250
35.04419560,4.42826315,3.64099069
36.65912286,8.92258233,4.26131476
36.68956566,9.11428782,4.27974599
30.88780338,4.38964596,3.34666889
31.08844667,4.38773877,3.34581695
31.10397407,7.05320890,3.79717846
36.35536104,7.38163477,4.09113803
36.39531674,7.57387149,4.11418741
36.70790028,9.32326939,4.29745390
36.57334110,9.36082971,4.28288575
36.61913009,9.50835752,4.29901901
35.64425859,4.40245180,3.70290097
35.90992548,4.67306731,3.75922366
35.91803488,4.46672785,3.73739573
32.52230098,9.42304228,4.05971474
29.49344348,4.40517559,3.43050108
31.28447706,4.39027156,3.34799997
36.27275106,6.99271784,4.04303724
31.87810257,4.38969762,3.36476395
36.31128185,7.18886901,4.06714393
32.70664453,9.39329860,4.04469663
36.00321757,5.47155511,3.85426322
35.92175830,4.88738418,3.78364176
35.94429256,5.08636350,3.80728623
29.68837594,4.40547536,3.41001414
31.61659987,7.70824845,3.86526606
30.08482090,4.40234690,3.37748251
36.43159559,7.75971259,4.13574140
29.88583633,4.40410448,3.39227127
36.47080309,7.95600646,4.15811193
36.62358316,8.72863040,4.24165107
34.85075645,4.42457002,3.61925665
35.24992407,4.42036968,3.66269072
32.47546333,4.39646432,3.39741343
36.13470158,6.23078303,3.94846642
36.06691306,5.85613993,3.90159461
32.03707009,8.40502373,3.94404263
36.19883330,6.61536252,3.99594223
31.90553836,8.26697773,3.93205447
34.07479438,4.41397930,3.53504453
30.03158914,5.87775372,3.68892700
33.28015679,4.41399545,3.46011781
33.67741962,4.41537993,3.49611025
31.42309445,7.41105946,3.83151072
35.73119522,9.41155455,4.17609900
31.71773294,9.01883870,4.06899771
31.80547332,8.91012774,4.04189310
31.63231030,8.86091697,4.05220819
31.78207200,9.14745523,4.08308814
35.46075040,9.46130482,4.14667407
33.01315696,9.51194284,4.04658378
29.75700453,5.73733034,3.69633682
30.62202347,6.51064800,3.74556555
36.06333325,4.15640707,3.71206649
36.04886448,4.00109428,3.68688498
35.88531255,4.07440529,3.68326573
36.22181661,4.23209959,3.73606020
36.21581913,4.01831296,3.70373563
29.44760269,5.10890136,3.60018056
35.79799660,4.38601834,3.71671976
35.74227866,4.24292644,3.69337746
35.91549999,4.27439908,3.71463247
29.91878046,6.48651596,3.83325550
29.86860990,6.35199313,3.81242499
29.74724245,6.51320529,3.86783339
30.02807406,6.39159295,3.79637893
31.45389691,7.81124338,3.89486835
35.06566332,9.88079020,4.13454957
35.19201589,9.79906948,4.14050343
35.05918189,9.68963341,4.12045893
35.32643643,9.73240302,4.14960629
35.19295229,9.61895319,4.12830303
35.60362592,9.54452161,4.16887762
28.53282868,4.33698075,3.56202566
28.43509322,4.22272649,3.54990103
28.38799684,4.41745721,3.61354136
28.61151859,4.21185731,3.51289777
31.33382187,7.70718725,3.88821842
31.28254955,7.82221716,3.91280554
31.28746885,7.56314969,3.86805383
31.16496243,7.71660779,3.90658830
30.62468876,6.97102447,3.83173997
30.80167577,6.95462959,3.80864178
30.71536867,6.83888909,3.79661834
30.91977635,7.10026381,3.82271095
36.78253001,9.48536486,4.31848172
36.75289719,9.65444297,4.32636053
36.44995930,9.60436403,4.28300249
32.25599766,9.65723288,4.11523060
32.13509811,9.53914602,4.10872136
32.04863609,9.72581529,4.14715755
31.95900040,9.55994841,4.13055418
31.96402309,8.54400767,3.97025372
35.95356411,9.58981414,4.21583350
35.78440862,9.62795114,4.19642547
29.81533784,5.96371099,3.73694057
36.09888797,9.64103639,4.23820589
30.30334996,6.48669870,3.77780939
30.44457006,6.48728037,3.76061561
36.07764566,4.76153622,3.78455202
31.97388550,8.68675891,3.99142031
31.97322974,8.85976962,4.01822702
32.64282616,9.57807090,4.07351101
36.39461249,6.67014115,4.02064784
32.87791909,4.39834691,3.42561643
33.18492110,4.24335148,3.42789862
33.77659534,4.24174530,3.48204411
36.32991492,6.28726694,3.97298649
34.17227738,4.23965453,3.52197509
36.46307851,7.05571593,4.06843051
36.26299054,5.90986205,3.92568188
32.78107058,4.23432871,3.39410849
36.70006684,8.20757528,4.20598999
36.66055099,8.01634268,4.18425079
36.73864073,8.39959044,4.22728147
36.62134506,7.82315329,4.16192073
36.58686553,7.63091072,4.13969477
36.54550832,7.43958774,4.11638314
32.37339382,4.23029894,3.36528917
32.17732361,4.22503834,3.35271150
30.18058001,4.23162219,3.33521554
30.48383517,4.39813369,3.35689956
30.38039515,4.23009318,3.32606862
34.24011815,9.67013859,4.06546983
34.08087775,9.59652405,4.05315335
34.95455279,4.24905830,3.60865263
31.20911414,7.18319613,3.81048027
31.05254715,7.23034409,3.83260560
30.78278729,4.22399371,3.31560481
30.58082205,4.22756381,3.31961937
36.81098587,8.79252024,4.26888362
34.56974464,4.24203350,3.56501566
31.47668451,4.39591704,3.35258545
31.77600966,4.22284468,3.33264603
35.35056011,4.25016009,3.65272305
35.14759890,4.25390321,3.63081217
32.98726249,4.23939376,3.41091786
33.38382749,4.24474106,3.44551930
30.98565575,4.21994984,3.31404488
31.18699276,4.21721399,3.31514552
36.22578341,5.72701942,3.90245424
34.59713182,9.66217672,4.08290974
34.77778741,9.66398181,4.09538162
36.13002734,5.16077270,3.83259769
29.28790564,5.03653342,3.60737108
29.13206542,4.95936346,3.61399150
29.63147294,5.59301539,3.68295275
29.49386074,5.45323289,3.67236745
36.59732727,9.72780439,4.31069645
36.73733961,9.84144876,4.33666516
29.10942812,4.34848278,3.46644770
29.01024929,4.21923050,3.44806124
28.89226753,4.51572146,3.54338124
28.98100719,4.66336211,3.56588731
29.19655169,4.22200298,3.42242006
32.45038190,9.60963939,4.09152074
36.90433236,9.37407051,4.32556533
36.92947916,9.58767599,4.34417155
36.86212137,9.76117438,4.34767115
29.39217041,4.23299508,3.40077445
33.79394402,9.66750177,4.05428706
33.66383014,9.61608308,4.04806951
36.06764335,4.34698924,3.73775782
36.06570300,4.55529361,3.76089278
36.87679517,9.18250097,4.30775677
36.84612670,8.98820319,4.28887814
36.77367899,8.59683180,4.24822320
34.76365085,4.24282372,3.58654716
29.58729517,4.23365631,3.37989337
31.38435853,4.21789366,3.31895895
31.57796796,4.22174463,3.32510321
36.50319973,7.24638069,4.09232308
36.42869626,6.86420376,4.04475720
36.15847246,5.34646453,3.85522519
31.97947290,4.22093507,3.34153598
29.98195161,6.25457096,3.77441471
31.85286613,8.44172715,3.96307949
32.82572438,9.54805673,4.05920025
36.10122019,4.96091145,3.80836277
35.55525474,4.24548683,3.67422932
36.29292781,6.10092294,3.94924882
32.57792133,4.22850977,3.37853825
29.78338285,4.23418151,3.36225632
29.98147150,4.23349981,3.34731035
36.35826185,6.48682916,3.99737035
34.37312008,4.24121969,3.54353501
33.97550358,4.24166350,3.50191586
31.71948367,8.32591797,3.95581219
31.56948493,8.18949221,3.94699846
31.21096048,7.36427239,3.84108582
33.58055223,4.24447794,3.46360047
36.44193814,9.78150561,4.29317290
29.84320089,6.18217014,3.77985399
35.96153564,9.78627492,4.22888170
31.81735222,8.60416741,3.99169628
31.10746870,7.53571970,3.88078531
30.97729275,7.81799987,3.94647786
31.03315866,7.39652901,3.86387857
30.86874792,7.30700218,3.86566436
34.17920326,9.86696622,4.08137764
34.08887855,9.75483590,4.06832592
33.99745557,9.91690303,4.08200238
34.34572691,9.83490423,4.08439309
34.78030294,9.99527738,4.12105912
34.82670481,9.84179217,4.11252903
34.68803523,9.82816924,4.10194658
34.93223150,9.76842427,4.11520423
33.53636567,9.68387720,4.05566405
35.46336586,9.65258066,4.15937636
30.50770086,6.65819200,3.78609954
29.28599924,5.21151136,3.64924371
33.66568966,9.78049621,4.06560663
28.83165051,5.12482515,3.71025581
29.00681548,5.07994234,3.66558997
28.94990358,4.95588576,3.64497248
29.13334329,5.13516860,3.65664636
37.23831118,9.99571066,4.40990051
37.17142468,10.11656120,4.41015799
37.32638117,10.10990406,4.42772030
37.08991873,9.96243374,4.38992955
31.88452841,9.68694122,4.16001349
31.87600572,9.82117216,4.18331751
31.74386958,9.73396998,4.18593636
28.24908074,4.25195293,3.59695672
28.33082955,4.05819761,3.52456421
28.14099278,4.06174555,3.56590974
30.18792391,6.59740556,3.81571741
30.33217098,6.63554543,3.80363101
30.20901769,6.76438325,3.84671992
33.94667245,9.72341446,4.06208739
30.04911040,6.54385568,3.82505382
31.59492071,9.14821958,4.10529903
31.56085518,9.00094977,4.08430812
31.73291104,9.28700693,4.11189850
29.56428377,5.75853357,3.73053463
31.31421638,7.96162106,3.93358449
31.68283021,8.49940468,3.98718000
31.80876599,8.76580784,4.01830916
32.19137256,9.85693999,4.15236427
32.38319051,9.80076883,4.12515268
32.57108324,9.76612063,4.10474537
30.56592359,6.81600763,3.80934590
32.75920347,9.73695864,4.08803051
31.54792398,8.38938417,3.98225790
31.35832876,8.13097890,3.95811832
32.88491659,4.07575236,3.37634907
28.87815831,4.80908523,3.62093792
33.68049233,4.07194495,3.44645936
34.52106190,9.82762250,4.09208778
33.28421839,4.07754269,3.41039017
36.20105630,5.53640226,3.87958000
36.42045621,5.78290291,3.92519680
36.25949094,4.83558919,3.80838823
33.08561291,9.67809180,4.06469606
33.22401087,9.73975304,4.06772258
36.48649555,6.16200389,3.97268943
34.07561587,4.06909488,3.48588869
36.69492171,7.30538464,4.11642459
36.65636184,7.11462161,4.09248424
36.61991509,6.92606796,4.06875090
36.96116783,8.66148636,4.27426744
36.85148695,8.07572992,4.20924842
31.87935732,4.05303921,3.30667895
31.68055000,4.05015861,3.29723227
31.48430084,4.04656769,3.28933824
28.70773465,4.05853525,3.45379430
28.90123017,4.05952579,3.42253032
29.48612744,4.06227918,3.34841730
29.29071570,4.06135519,3.36982457
30.47771316,4.06002931,3.28659717
32.47936498,4.06124660,3.34369567
30.07778312,4.06315778,3.30295151
30.88091187,4.05455005,3.28062782
30.67870641,4.05777583,3.28244056
35.45281576,4.07988105,3.63925839
31.08372595,4.05041067,3.28109653
31.28546318,4.04698128,3.28395522
34.67013787,4.06815923,3.55007805
34.86602720,4.06991404,3.57224969
36.58477455,6.73533686,4.04472907
36.55306063,6.54410239,4.02082829
36.28462609,5.03069726,3.83180584
36.32122981,5.22185134,3.85565999
29.45155648,5.64206904,3.72248094
29.29390690,5.38931256,3.69003813
37.02130470,9.78854289,4.36961216
36.90195352,9.94194065,4.36477457
37.13626431,9.64619059,4.37321305
28.21904767,4.43057363,3.65402749
28.15132648,4.33813940,3.64320874
28.51454173,4.05741601,3.48825399
28.56006635,4.48709958,3.59729316
35.61325525,9.75404028,4.18322234
36.73617837,7.49789771,4.14047392
32.08202922,4.05264529,3.31725771
32.28131262,4.05558891,3.32964255
37.09170857,9.44402846,4.35296662
28.80192440,4.65902179,3.59638986
29.09546648,4.06039200,3.39453458
29.68240708,4.06309170,3.33030129
30.27759212,4.06183906,3.29334951
35.77334157,9.86299996,4.20941610
33.48805111,4.07747908,3.42899518
36.22407895,4.43895132,3.76160920
35.65617790,4.07588566,3.66038015
33.88286583,4.07496181,3.46704964
33.09283947,4.07509695,3.39332974
36.14488503,9.80571935,4.25440501
36.77550218,7.69261171,4.16413616
36.81240391,7.88389793,4.18677975
36.23679473,4.63993387,3.78498521
33.38888479,9.79958964,4.07073564
36.88949173,8.26920658,4.23133980
36.92491513,8.46601069,4.25304094
36.99734616,8.85833894,4.29518946
37.03198862,9.05543796,4.31547604
29.62465759,6.00963272,3.77704143
29.64844961,5.87934567,3.74411151
35.05876744,4.07527195,3.59476047
31.85426755,9.41901774,4.11952595
35.25218181,4.08075612,3.61727924
34.47394327,4.06876180,3.52851103
34.27578532,4.06993527,3.50720264
36.51630633,6.35721989,3.99693488
37.06370998,9.25050473,4.33475026
36.45329160,5.97430510,3.94906956
36.35295253,5.40693468,3.87844923
36.38768990,5.60322971,3.90276469
36.55302056,9.93820408,4.31793516
29.30092843,5.55343911,3.72759687
31.38225213,8.30499312,3.98551688
36.31003821,9.94329506,4.28500952
36.78847249,3.48223150,3.63703704
36.76632245,3.43481805,3.62709465
36.71978922,3.47645716,3.63399493
36.79278998,3.38925778,3.61866495
36.71804509,3.38139004,3.61500586
31.39886797,8.45875076,4.01022295
31.14852291,7.90578594,3.94187282
29.91985084,6.77547223,3.89505000
29.85931947,6.90558163,3.93392554
30.04898849,6.90108464,3.90010072
29.75655851,6.73589657,3.91533540
36.86206928,10.10453492,4.36986563
36.73811244,10.03084166,4.34871739
36.75206052,10.20675515,4.36125158
37.00314952,10.10477921,4.38833092
29.66918436,6.14025847,3.79872140
29.48144752,5.92684529,3.78273975
31.65076342,8.67240068,4.01880555
28.62084841,4.65107792,3.62903074
30.38200979,6.80339577,3.83024470
32.94103533,9.71013215,4.07476468
33.06334325,9.86573755,4.08909471
35.46271223,9.85134750,4.17203671
29.12147310,5.30948481,3.70117808
31.07538431,8.33913946,4.02954039
31.02494607,8.19577653,4.00992806
30.88626216,8.34088203,4.05703615
31.20636554,8.24476285,3.99547606
30.37188456,7.29743278,3.93039963
30.55148580,7.26659934,3.89802901
30.50116791,7.12503849,3.87730967
30.67304175,7.34625063,3.89702434
30.70449401,7.14668348,3.85523376
37.46724168,10.09877085,4.44154711
37.42549468,10.24364710,4.44756144
37.62647729,10.21429226,4.46374770
29.13898463,5.65181783,3.78094206
29.11967083,5.48265291,3.74361098
28.94431775,5.60850553,3.80924156
29.29269065,5.71572394,3.76738127
29.29909054,5.88150971,3.80531183
29.41682559,5.78607015,3.76163972
29.32173645,6.04807072,3.84021703
32.96828648,10.02594324,4.11436454
32.87473387,9.89573377,4.10249765
32.81562584,10.10046599,4.13375436
33.10575432,10.07091014,4.11309912
29.49798892,6.10576132,3.82072765
29.90694885,6.62591183,3.86506440
29.70474711,6.31465037,3.83135626
28.02593884,4.60606954,3.74960752
28.15131755,4.55863099,3.70574114
28.06757590,4.43178515,3.68948854
28.28528368,4.59220967,3.68426682
33.81081189,9.84868106,4.07307623
33.66401182,9.99131912,4.08836249
34.71382772,10.16125505,4.13000302
34.61318334,9.99279081,4.11071640
34.93262648,9.95883011,4.12924053
33.53146751,9.88258983,4.07778213
33.39832856,9.99663628,4.09341510
33.51641182,10.04779738,4.09665895
33.24417049,9.93901549,4.09113633
33.26683743,10.12850441,4.11335097
27.94413414,4.35286953,3.69657913
27.80930005,4.36752657,3.73495356
27.90762465,4.49076159,3.74598223
27.87512445,4.22382952,3.67567453
34.44106288,10.00012853,4.10284656
34.26929880,10.01565865,4.09780154
34.35874906,10.17535578,4.11511831
34.12146696,10.02541712,4.09483325
34.16320751,10.19703386,4.11204817
37.20043836,9.83960931,4.39458844
32.00812876,9.92247095,4.18354992
28.05490660,4.24523320,3.63872374
27.94451786,4.06144864,3.61071847
31.78623450,9.57508617,4.15359316
30.77924481,7.45693489,3.90429000
35.19244934,9.95760681,4.15135338
36.09432372,9.95832600,4.25666963
35.91811824,10.00222354,4.23605572
35.31762007,9.92073064,4.16111370
31.50898064,8.56216343,4.01552016
31.33250584,8.60180383,4.04323928
31.22598849,8.43261307,4.02663580
31.66825957,9.44748038,4.14708890
28.44964079,4.62186725,3.65643068
28.97365559,5.22856563,3.70875346
28.77449993,4.95824476,3.67889307
28.69718809,4.80959999,3.65561023
30.44395956,6.96977188,3.85466952
37.32899205,9.71692902,4.39951927
36.41442710,4.71802865,3.80729144
36.44251679,4.90281317,3.82982379
32.13187393,10.04873238,4.18916750
32.31976486,9.99547817,4.16047449
32.50520366,9.94819398,4.13616824
36.71042129,6.41697589,4.01863915
32.68466083,4.06381420,3.35884602
32.99171946,3.90718019,3.35548993
36.40075319,3.78247076,3.67665292
36.26364594,3.83370652,3.67618914
36.37703188,3.93832267,3.70241089
36.11399014,3.86694038,3.66994312
33.97936315,3.89847684,3.44696967
37.04038500,8.13879375,4.23261418
37.00322922,7.94466453,4.20979434
36.96551050,7.75277339,4.18674726
36.64549315,6.03731243,3.97062163
33.58430577,3.90153180,3.40802944
36.81331895,6.98558859,4.09094459
35.35707276,3.90823984,3.60057355
35.76618929,3.90300431,3.64343965
34.37684167,3.89783172,3.48909068
28.60389887,3.88816540,3.42439218
28.79801872,3.88902282,3.39224778
29.18842228,3.89088803,3.33801723
29.38457141,3.89161841,3.31581572
30.97932435,3.88527493,3.24542761
30.77719130,3.88852351,3.24521924
31.98353742,3.88414751,3.27992190
29.87944530,4.06373873,3.31522302
30.17515970,3.89361961,3.25897576
37.14767788,8.72791322,4.29873784
37.11224041,8.53123788,4.27714996
36.88659041,7.36554112,4.13885166
32.18580990,3.88507479,3.29201902
32.38726928,3.88878944,3.30589835
31.18214606,3.88116097,3.24776024
31.38473227,3.87777892,3.25235638
37.21784318,9.12289215,4.34046077
37.25014725,9.31888551,4.36006772
36.58285932,5.65928826,3.92355325
31.85022653,9.96478320,4.21073526
31.92143256,10.11825379,4.22692301
37.37740502,9.93657376,4.42085432
30.05074703,6.69975547,3.85744049
28.02543773,3.88452058,3.53936775
27.74152090,4.08309022,3.66707133
28.21756137,3.88569038,3.49799854
35.95017182,3.88443592,3.65825914
36.37717609,4.12545668,3.73227461
31.17044284,8.08000743,3.97038687
37.28030399,9.51175890,4.37864608
31.54006533,9.32286422,4.14259894
31.58574812,3.87748163,3.25948666
31.78434438,3.88087264,3.26894951
34.57465517,3.89632086,3.51059099
34.17878382,3.89901836,3.46799085
36.67568820,6.22949147,3.99469855
36.74367768,6.60817854,4.04292402
34.96916185,3.89826782,3.55525278
35.16338898,3.90295027,3.57799601
35.55523722,3.90857112,3.62231126
34.77237604,3.89654390,3.53275256
36.51353524,5.28228900,3.87681128
36.54424180,5.47227126,3.90002402
36.61269594,5.84796824,3.94684244
36.47707297,5.09227972,3.85323700
28.41048177,3.88694824,3.45962264
36.38639754,4.32159883,3.76003274
36.39973270,4.52093141,3.78414520
36.77742222,6.79711853,4.06693711
35.61337241,9.96230825,4.19612182
36.92551488,7.55946646,4.16297995
32.58828935,3.89602438,3.32155873
28.99281054,3.88991860,3.36346258
29.58123388,3.89251394,3.29705496
29.77846913,3.89332370,3.28140629
30.37515473,3.89234420,3.25179665
30.57585216,3.89070027,3.24728238
33.19171480,3.90298873,3.37197503
33.38836589,3.90649955,3.39038617
33.78446156,3.90278214,3.42790167
32.79385362,3.90107274,3.33824337
37.18307195,8.92555707,4.31992860
32.68600862,9.92249234,4.11831875
37.07612217,8.33540744,4.25512692
37.04378925,3.05736403,3.55644738
37.04360457,3.05888682,3.55673803
37.04492013,3.05825798,3.55665582
37.04357420,3.05988989,3.55693230
37.04478495,3.05976348,3.55694447
37.04241966,3.05977079,3.55687439
37.04154197,3.06103707,3.55709485
37.04348761,3.06113838,3.55717266
37.03809405,3.06651371,3.55806308
37.03566015,3.06622565,3.55793899
37.03516774,3.06858516,3.55838672
37.04082769,3.06530230,3.55790504
37.03891879,3.06359086,3.55751619
37.03150656,3.06793984,3.55816298
37.03228792,3.07201028,3.55898045
37.03849456,3.06944956,3.55864744
37.03587899,3.07600400,3.55985652
37.03698271,3.07211316,3.55912576
37.03938751,3.07475228,3.55970756
37.01726453,3.10764419,3.56565599
37.01265655,3.11593738,3.56720962
37.02093082,3.11710088,3.56759441
37.00361449,3.11914286,3.56768859
37.01619938,3.12724571,3.56951084
36.99428341,3.12105549,3.56791966
36.99213234,3.10874094,3.56543404
36.99975696,3.13281362,3.57034342
36.98672478,3.14802043,3.57318563
36.97537763,3.16819264,3.57706886
36.99516031,3.16837433,3.57735680
36.96535066,3.18200635,3.57971642
36.98719951,3.18991982,3.58155455
36.91739986,3.18240940,3.57920138
36.88643790,3.18288785,3.57884055
36.89852408,3.20709351,3.58391981
36.86567633,3.18158049,3.57822569
36.86052171,3.20568070,3.58301926
36.92182847,3.33255482,3.60944021
36.87454591,3.33504965,3.60934948
36.92268852,3.38049824,3.61901178
36.90775804,3.30269858,3.60330166
36.78032369,3.28634321,3.59764140
36.77573916,3.33451635,3.60725486
36.82409326,3.30603155,3.60262584
36.75674593,3.24763566,3.58915391
36.72522052,3.30081036,3.59898846
36.82433030,3.35130244,3.61174302
36.82336874,3.24772775,3.59082050
36.85449186,3.39174449,3.62038371
36.82416656,3.44602017,3.63064204
36.89561063,3.45010376,3.63253106
36.85395921,3.52138117,3.64598644
36.77814355,3.53263744,3.64667343
36.71871070,3.56754135,3.65179266
36.81087757,3.60765257,3.66193034
36.61335232,3.42418027,3.61958738
36.64765932,3.51425668,3.63886211
36.62121077,3.59965387,3.65437449
36.56181348,3.50867628,3.63394104
36.48824562,3.42381511,3.61318104
36.45347773,3.52154519,3.63051523
36.84764818,3.71105834,3.68213180
36.95110591,3.72652159,3.68591259
36.92770361,3.61790317,3.66540154
36.77566079,3.78986896,3.69518544
36.90136839,3.83722602,3.70578401
36.52756175,3.58137191,3.64636967
36.55066146,3.65074906,3.66085342
36.53721086,3.75211165,3.67909336
36.61889652,3.69510695,3.67240501
36.44362438,3.63747130,3.65235530
36.65871463,3.79792116,3.69293915
36.57922000,3.83797733,3.69668345
36.61905243,3.92767900,3.71410343
36.72329591,3.68043023,3.67351129
36.75644493,3.90985665,3.71594029
36.52088111,4.02962484,3.72617819
36.70539016,4.08878492,3.74382315
33.83762535,10.01818585,4.09073962
33.96555733,10.13444079,4.10326895
35.77040738,10.07330511,4.22163937
31.72111917,9.89243343,4.21623272
36.50521626,3.87744208,3.69981505
27.42861164,4.19248906,3.78575251
27.60067455,4.20524187,3.74137987
27.54641312,4.05192930,3.70880505
27.73645244,4.24656387,3.71773220
35.13909109,10.40876769,4.17791484
35.29874302,10.34016716,4.18701733
35.17167112,10.24359566,4.16910946
35.03709523,10.53246719,4.17910719
35.15175518,10.59409989,4.19198534
28.65810750,5.22211963,3.77137300
28.67165084,5.07822410,3.73094788
28.50107140,5.12840279,3.78146343
28.79750186,5.31346730,3.76531048
28.95191881,5.40750015,3.75757668
31.47078742,8.73427360,4.04939135
28.51860712,4.79352858,3.68806791
30.25292384,6.94819889,3.87766333
35.08723140,10.08564125,4.15087261
35.28266174,10.12461395,4.17115427
35.45489426,10.05125970,4.18390120
31.61553008,9.61491143,4.18304382
30.63566297,7.68115667,3.96696447
30.64218828,7.51432278,3.93355576
34.27666836,10.32925759,4.12689149
34.29083957,10.48733753,4.14195276
34.44652199,10.36429314,4.13486314
34.12395999,10.42200955,4.13324880
30.99080499,8.02206136,3.98235408
32.86901752,10.27146539,4.15331382
32.97217317,10.18047155,4.13441349
32.98669743,10.35005321,4.15592390
28.05082250,4.90219710,3.82816458
27.99640733,4.75249268,3.79921269
27.87335247,4.85176473,3.86093276
27.84812620,4.66323114,3.81217747
29.52996591,6.26457528,3.85113496
29.35154696,6.22065163,3.87493280
36.28497662,3.65949992,3.64578790
29.56484981,6.43762014,3.88400653
31.15507254,8.61232432,4.06868673
31.27089427,8.79414931,4.08564559
31.42330314,9.05562284,4.11151106
31.39205141,9.21140572,4.14349927
31.44020972,8.90831250,4.08341164
31.29878141,8.96345006,4.11225071
29.39436435,6.38749131,3.90547965
29.42892268,6.52707191,3.93108197
29.19057537,6.36982032,3.94372738
36.90918154,10.24495181,4.38473293
36.79249962,10.37780226,4.37676224
36.59581590,10.14826665,4.33637846
36.62019140,10.32658627,4.35002608
31.48740934,9.49356180,4.17999801
29.15301029,5.81076587,3.81661168
27.64868372,3.93932581,3.64694325
36.45080188,10.09436934,4.31322205
36.95673951,3.16874745,3.57695423
36.93539104,3.15913830,3.57474955
36.94460884,3.18265518,3.57960086
36.96109079,3.15208399,3.57366284
36.95893231,3.20085345,3.58342435
36.93029162,3.20418120,3.58375758
36.94519853,3.22879390,3.58888060
36.91508895,3.22837751,3.58844182
36.91881982,3.26291490,3.59544076
36.87089655,3.28208834,3.59864153
36.88140647,3.23905219,3.59012064
28.59351893,4.95679128,3.71557952
30.31449355,7.11850560,3.90296054
32.62368745,10.11280313,4.14994828
33.09324567,3.73405712,3.33168811
33.48756306,3.73147300,3.36723297
36.63612611,4.96527858,3.84905816
36.73947173,5.53167982,3.91862995
32.89801339,3.73279817,3.31480787
32.69725738,3.73140118,3.29830665
36.80499214,5.91233526,3.96594060
36.86956630,6.29090037,4.01391864
33.88295787,3.72836889,3.40569570
36.97127964,6.85756203,4.08656870
37.15521046,7.81426457,4.20683318
37.19182931,8.00886511,4.23031172
36.58036811,4.59849055,3.80432442
37.26339108,8.40127798,4.27629681
34.28018043,3.72734910,3.44727091
34.87533466,3.72598727,3.51313859
34.67699113,3.72564073,3.49070179
29.47955229,3.72274930,3.26276825
29.67722471,3.72352947,3.24639648
27.81213589,3.88218517,3.58853833
28.11213868,3.71644611,3.46998732
27.91953851,3.71530912,3.51231884
28.69410370,3.71951586,3.36136472
28.49955721,3.71856941,3.39437943
37.46718573,9.58163991,4.40141639
30.67453955,3.72184063,3.20799871
30.47353302,3.72345888,3.21046384
31.68844387,3.71020058,3.22938315
31.88866557,3.71299739,3.24017932
37.33375500,8.79551607,4.32057002
37.29878228,8.59815590,4.29866579
31.28173993,3.71298015,3.21422666
31.07831163,3.71647512,3.21002382
36.84916220,7.17474992,4.11485984
37.07748701,7.42789478,4.15887577
35.85700919,3.73365927,3.62217674
35.07273747,3.72752447,3.53584614
35.26768989,3.73115584,3.55858896
37.36897878,8.99317057,4.34196009
37.40381830,9.19066791,4.36267182
36.16724691,3.73521389,3.65071096
35.90654107,10.19148300,4.24556598
32.08828866,10.24428379,4.22592382
31.91514065,10.34166830,4.26544914
33.75028240,10.19925883,4.11013392
37.57002008,9.98635069,4.44204890
37.25569599,10.26719157,4.43012090
33.27846960,10.31984287,4.13630287
28.33941346,4.77205093,3.72166203
28.15909461,4.73209365,3.75281282
36.03025088,3.72858767,3.63763898
34.90629517,10.16573755,4.14267992
27.49078081,3.86797497,3.66638601
31.71272447,10.05902003,4.24633755
31.71412285,10.25830837,4.28109022
29.28224792,3.72202732,3.28236183
29.97619671,3.89382159,3.26884958
30.07381457,3.72470453,3.22290492
29.87527110,3.72416837,3.23319846
37.51302806,9.78630573,4.42178203
33.29316959,3.73254892,3.34928957
33.68689374,3.73136092,3.38655053
36.90223772,6.48076861,4.03818250
37.00635111,7.04649643,4.11071981
32.49555969,3.72477268,3.28170365
32.29207295,3.71971783,3.26633480
34.47822587,3.72618812,3.46868863
29.55140159,6.63846283,3.93235596
32.26230389,10.17809121,4.19470009
32.08887334,3.71672115,3.25260313
37.22741784,8.20516967,4.25351397
36.55671236,4.40920182,3.78117111
31.48571336,3.71038946,3.22065669
36.67008005,5.15418912,3.87220392
32.44510074,10.13945247,4.16982534
30.27314321,3.72448815,3.21538955
30.87601121,3.71955192,3.20792865
28.30554159,3.71757290,3.43062441
28.88949815,3.72035723,3.33167005
29.08561227,3.72125072,3.30536090
31.03377648,8.48109920,4.06168709
34.08220069,3.72837716,3.42634681
36.18571990,10.08992162,4.27660357
36.04569886,10.13375390,4.26033389
36.77363498,5.72321183,3.94236304
37.43720196,9.38648734,4.38250718
37.07662001,10.26596061,4.40790388
30.81716778,7.95017706,3.99262620
35.46113464,3.73533559,3.58092201
34.53825896,10.16907564,4.12160511
36.54178541,4.21428270,3.75521743
30.50735074,7.41687177,3.93386891
35.65716831,3.73599065,3.60218681
36.70491980,5.34517300,3.89563181
37.04150362,7.23625438,4.13478982
37.11604236,7.62050410,4.18293227
35.61465674,10.17103454,4.20903397
31.57449593,9.78735628,4.21920865
36.60758647,4.78239964,3.82679798
37.04831868,3.05591828,3.55630707
37.04868602,3.05565798,3.55626817
37.04837983,3.05540573,3.55620951
37.04905354,3.05562059,3.55627257
37.04884884,3.05526584,3.55619723
37.03985913,3.06160636,3.55715637
37.04018055,3.05939611,3.55673495
37.03704650,3.06090029,3.55693769
37.03603588,3.06418744,3.55755116
37.03317375,3.06196381,3.55703781
37.03342761,3.06552658,3.55774154
37.02792366,3.06922417,3.55832368
37.02902141,3.06425648,3.55737709
37.02299469,3.06601951,3.55757539
37.04017033,3.07848173,3.56045732
37.03568895,3.08120134,3.56086818
37.04181271,3.08423959,3.56162656
37.03137282,3.07715745,3.55996553
37.02826734,3.07342642,3.55915675
37.02569340,3.07719430,3.55983540
37.02028048,3.07564825,3.55940764
37.02090620,3.08231688,3.56073494
37.03534174,3.08682521,3.56195997
37.03097261,3.08808056,3.56209797
37.03319706,3.09230300,3.56297988
37.02346373,3.07169015,3.55870133
37.04059564,3.09152849,3.56301682
37.02947816,3.09696880,3.56380861
37.03771846,3.10002341,3.56460393
37.01654460,3.06966959,3.55814678
37.01479426,3.07736879,3.55962771
37.01476425,3.08243369,3.56062690
37.02910905,3.10395297,3.56517320
37.02346774,3.10528769,3.56531546
37.02647485,3.11139935,3.56658193
37.01509077,3.08889428,3.56190933
37.02949494,3.08325246,3.56111503
37.00888648,3.08150471,3.56032419
37.00406470,3.08937520,3.56179061
37.02150928,3.09862072,3.56396068
37.02585650,3.08993997,3.56234521
37.01055825,3.09836731,3.56369322
36.99977496,3.09865944,3.56355602
36.99253242,3.09838743,3.56337946
37.03651266,3.11051078,3.56662911
37.03195078,3.12269410,3.56891926
36.99722066,3.07838348,3.55948419
36.99320831,3.09044708,3.56181096
36.98400415,3.09597079,3.56275973
36.97714933,3.10555904,3.56456758
37.00621684,3.10768156,3.56545905
37.01401125,3.14342123,3.57267492
37.03017208,3.13872250,3.57203666
36.98018603,3.12316575,3.56813058
36.96248230,3.10909417,3.56505784
36.96694174,3.09082193,3.56146365
36.94533573,3.09663657,3.56230862
37.00764945,3.15712912,3.57529357
37.01788561,3.17868949,3.57971936
37.00203568,3.14534702,3.57286973
36.96005110,3.12346204,3.56790559
36.94690120,3.11451841,3.56592689
36.94447607,3.13268140,3.56954662
36.92216102,3.11072112,3.56479961
36.96687164,3.13581068,3.57047436
38.32978994,10.82296047,4.50451693
38.31881367,10.80548699,4.50454728
38.30628366,10.82623512,4.50871021
38.35010500,10.82302624,4.50072182
38.33924417,10.80273515,4.50061005
36.91749998,3.13727291,3.57009020
36.90245489,3.15825385,3.57410594
36.88631183,3.12665184,3.56744919
36.87063154,3.16029021,3.57399633
36.81989182,3.20105127,3.58127282
36.84201924,3.17486879,3.57641694
36.78237334,3.21036680,3.58227183
36.79344841,3.16223655,3.57275251
36.72328298,3.18996764,3.57638297
38.07532824,10.47320701,4.49599865
38.07796840,10.54623938,4.50249917
38.16551305,10.53129087,4.49569910
37.98898515,10.42983591,4.49449149
37.99000994,10.52704537,4.50280997
31.22586631,10.51603594,4.42224899
31.26103010,10.60627913,4.43396701
31.32384168,10.53961105,4.40529768
31.14212178,10.50764081,4.44086551
31.17306510,10.59519577,4.45378188
36.53611655,3.34224233,3.59939241
36.53563430,3.24765063,3.58013106
36.41793887,3.30449715,3.58482293
36.63316627,3.31009000,3.59746383
36.36335586,3.43621316,3.60780333
36.35716850,3.54926321,3.62973100
36.24056600,3.49203295,3.60990593
36.12624910,3.59099365,3.61993766
36.25231146,3.33404632,3.57905854
36.06490908,3.39272503,3.57518778
32.85530937,10.41803170,4.17434260
32.84876681,10.55582410,4.19389009
32.97861367,10.51487736,4.17844763
32.74444473,10.65190196,4.21647980
32.92898054,10.68783376,4.20563018
29.02266585,5.74869432,3.82779161
28.77302816,5.49546353,3.81706670
35.05048758,10.25867546,4.16021979
28.41174682,4.94888539,3.75344921
30.12649717,7.09837717,3.92875078
33.12283861,10.24848898,4.13479011
30.47944468,7.59401394,3.97342369
35.77404219,10.26198311,4.23319996
30.58357990,8.29157323,4.09645881
30.51280701,8.40823313,4.13276415
30.68196753,8.43865217,4.10894307
30.52356968,8.13805327,4.07584293
30.41041993,8.26419099,4.12202944
30.65003044,7.86402505,4.00062465
32.73238319,10.48576227,4.19386607
32.61840038,10.42312003,4.19516412
32.60474034,10.56668250,4.21749706
32.54586391,10.29477023,4.18320698
32.47963423,10.46579502,4.21527369
35.45394764,10.25705495,4.19685780
36.02089036,10.31501167,4.26732995
35.88941056,10.33920962,4.25186845
35.94662056,10.51460038,4.26895831
36.17201585,10.25024500,4.28382190
27.63581316,4.37240867,3.78285229
27.50670389,4.31154625,3.80050631
27.49985366,4.42213939,3.83694661
31.31226661,9.54139322,4.21543655
31.16582927,9.58610850,4.24835987
31.26358134,9.70541538,4.25403121
31.02674955,9.53846146,4.26415786
31.08142233,9.71746989,4.28905059
29.71385963,6.90352071,3.96070416
29.76726904,7.04821144,3.98271156
29.60080548,6.99714790,4.00454667
29.15430940,5.97643899,3.85634605
29.01093843,5.88965596,3.86502314
29.17104754,6.16585869,3.89862131
30.07100077,7.40532174,4.00353713
30.22392548,7.40708202,3.97691390
30.18494439,7.26668275,3.95419537
30.34102927,7.49654412,3.97584136
30.82401334,8.14600137,4.02909181
36.31586288,10.34992060,4.30900838
36.31410384,10.16525041,4.29844233
27.70286140,4.78212360,3.88837142
27.67936203,4.64014202,3.85200589
27.51728531,4.70005673,3.91874140
27.74486328,4.51714768,3.79665246
27.57810007,4.53202989,3.84812546
32.72284370,10.29867793,4.16818117
34.63932938,10.33479833,4.14019515
34.79362792,10.31579927,4.14690348
34.94272185,10.39447118,4.16236420
31.35083139,9.37395589,4.17881721
31.20328430,9.26471144,4.18168467
32.08964253,10.43911709,4.25758886
28.88528364,5.79659385,3.86899505
28.74140627,5.68544606,3.87291329
28.69198979,5.89220429,3.93813345
29.58580406,6.83023444,3.96937281
28.96952245,6.07156758,3.91921117
36.45932956,10.26264400,4.32404166
37.04586201,3.05882364,3.55679476
37.04705552,3.05857717,3.55678383
37.04630758,3.05761865,3.55657435
37.04643969,3.05976799,3.55699613
37.04466225,3.06302614,3.55757541
37.04565951,3.06121327,3.55725311
37.04182408,3.06307481,3.55750015
37.04356462,3.06528370,3.55798188
37.04173682,3.06804790,3.55846660
37.04073802,3.07175920,3.55916149
36.96790377,3.25498761,3.59435984
36.95270220,3.30093092,3.60340846
36.98015566,3.22146561,3.58777524
36.95576162,3.34347978,3.61192053
38.04186620,10.59561194,4.50792252
38.04710779,10.66369671,4.51360083
38.12006335,10.61277643,4.50650716
37.97411721,10.62855961,4.51118764
37.88710830,10.57582544,4.50542656
37.88988558,10.45707888,4.49613189
29.28125313,6.52040308,3.96033779
37.92699695,10.34072040,4.48701453
37.77998629,10.35898383,4.48440422
28.62744913,5.38457601,3.82062577
28.52306809,5.28506575,3.81820185
29.93924299,7.07307796,3.95589266
28.22686616,4.92690095,3.79092769
36.77314923,4.66359914,3.82067741
35.94808508,3.56472235,3.59869784
36.83007758,5.02836981,3.86499097
32.21885836,10.33792337,4.22486749
32.37352125,10.32209079,4.20475241
35.56382493,3.56157333,3.55862370
32.60271641,3.55978782,3.25623528
32.40000776,3.55595343,3.24022611
36.93111887,5.59637769,3.93426010
36.89854850,5.40600191,3.91096262
36.86308612,5.21729820,3.88792392
37.16460011,6.91942665,4.10285353
37.19892071,7.10894239,4.12713917
30.17202077,3.55610472,3.17744821
37.41473629,8.27182390,4.27057724
36.99668794,5.97748098,3.98181146
36.96491464,5.78741927,3.95794789
36.93664604,6.66965674,4.06244997
37.13045129,6.73081591,4.07854936
33.19538336,3.56222936,3.30664580
37.52001980,8.86362394,4.33818926
34.38212239,3.55640078,3.42475062
29.77397847,3.55519427,3.19645957
29.57541936,3.55461219,3.21044386
30.77368977,3.55333936,3.16881523
28.58959007,3.55087799,3.32993968
28.39439256,3.55006036,3.36400305
29.17935413,3.55329053,3.24812409
28.98214831,3.55255763,3.27203456
31.79202381,3.54422130,3.19903025
31.99411133,3.54698120,3.21121490
31.17860725,3.54885787,3.17466471
30.97557404,3.55124980,3.17065993
34.77996712,3.55574058,3.46901318
34.97853862,3.55594895,3.49164436
37.30605073,7.68363535,4.19943523
37.59018180,9.25865629,4.38039890
37.62318694,9.45605229,4.40041456
31.54646260,9.95454217,4.25329705
31.50585653,10.13396305,4.29248559
37.17054010,10.41552651,4.42903143
36.97167567,10.41485221,4.40318390
29.33912262,6.66357299,3.98197908
29.22338750,6.61532882,3.99590237
29.16656695,6.71481701,4.03324192
33.28847969,10.51274216,4.15966747
37.83810830,10.20764529,4.47431352
37.75961161,10.03745721,4.45744202
37.50985486,10.36745214,4.46454420
37.64365291,10.42974715,4.48076880
29.10262107,6.56668862,4.01168346
31.43811327,9.66002059,4.21720218
33.75495864,10.40656528,4.13253839
33.87976399,10.29972283,4.12004438
31.77296957,10.43355700,4.30278522
31.64485644,10.41253880,4.31995900
36.83618726,6.10321180,3.98997289
37.02982344,6.16559154,4.00576141
34.01106166,10.30338871,4.12058690
36.80111508,4.84448830,3.84272280
36.72732390,4.29663209,3.77477183
27.36921253,4.02230346,3.74900360
37.26898378,7.49045850,4.17536335
37.23331212,7.29937316,4.15132330
35.75786765,3.56173705,3.57921605
32.19612706,3.55165823,3.22510374
35.17592123,3.55677564,3.51431226
33.98568956,3.55827546,3.38281015
29.97286256,3.55575834,3.18547548
34.18388154,3.55725437,3.40349138
30.57247659,3.55498588,3.16926711
30.37184879,3.55594552,3.17214381
33.59004912,3.56038513,3.34336758
33.78678748,3.55839371,3.36246368
33.39266376,3.55972791,3.32431873
37.65379624,9.65206431,4.41955895
37.70509758,9.84580454,4.43884157
28.78548943,3.55174590,3.29929499
29.37714898,3.55399319,3.22766827
37.36089902,10.40338977,4.45111990
37.55516589,9.06124369,4.35964137
37.34328696,7.87924367,4.22349262
37.37904586,8.07559368,4.24723492
35.63074202,10.38306687,4.22370532
29.44025734,6.78109823,3.98806704
37.45004544,8.46880804,4.29356738
32.80123263,3.56203008,3.27257263
32.99900137,3.56118433,3.28906542
37.06228088,6.35457693,4.02998118
37.09592501,6.54268318,4.05423635
34.58093345,3.55601095,3.44666522
31.58806070,3.54442321,3.18889416
31.38305557,3.54638593,3.18075747
31.17310727,9.43727579,4.21890825
31.06073610,8.76581267,4.11087615
30.99924253,8.62389036,4.09358096
30.66109366,8.04262896,4.03402167
30.47554077,7.77799331,4.01107758
30.86199457,8.54446798,4.09987173
31.24059484,9.10219461,4.14593175
36.74735227,4.48122711,3.79828818
31.90513033,10.55560960,4.30356739
31.53265848,10.31370838,4.32104425
38.37399976,10.85342671,4.49901889
38.38351260,10.85421631,4.49680117
38.37879472,10.84272057,4.49662553
38.37993379,10.86301115,4.49872558
38.36724363,10.84404495,4.49947526
38.36546412,10.85419451,4.50100964
38.35697029,10.83667689,4.50084050
38.35618422,10.84974231,4.50244875
31.13466726,10.84339362,4.55806315
31.14182077,10.85860816,4.56318744
31.15670139,10.84958236,4.54408911
31.12261214,10.84118696,4.57003421
31.13032413,10.85161562,4.57071027
31.13687717,10.80578968,4.53382863
31.11253195,10.79577328,4.54454647
31.12040392,10.82442478,4.55724617
31.16158950,10.82296187,4.52785562
31.15995624,10.79397977,4.51671071
31.10866734,10.62696025,4.48139092
31.15627573,10.66043578,4.47553200
31.11756806,10.69413148,4.49897003
31.30052732,10.43347401,4.38835692
31.39570039,10.47930868,4.37816771
31.34550140,10.63689889,4.42105221
31.40805904,10.37038152,4.35443597
31.42427169,10.57764688,4.39202456
31.51939019,10.47961852,4.35453553
31.40373055,10.24157543,4.33052488
31.68559355,10.57701371,4.34302272
37.49322042,10.54651250,4.47470620
29.00642792,6.26237466,3.95841100
28.57123101,5.56410017,3.88094505
27.17930119,4.25875763,3.88363580
27.29708608,4.27554577,3.85168613
27.26110460,4.15403282,3.82343926
27.39195824,4.35620873,3.84842837
33.92280467,10.46346915,4.13697940
31.11424223,8.94746925,4.13660465
36.69223218,10.64258928,4.37745813
36.65544252,10.50338819,4.36477949
36.51636203,10.64243730,4.35269032
36.79414756,10.71776769,4.39575621
36.84665678,10.57036801,4.39506395
36.47639739,10.44488665,4.33651233
35.73565968,10.54208715,4.24506294
35.57796919,10.54156485,4.22760250
35.63685795,10.69206338,4.24300621
35.79532811,10.40820540,4.24428340
30.00765795,7.24833324,3.98134314
33.13037862,10.42796161,4.15734349
35.44774278,10.45088314,4.20854601
28.29874934,5.10712076,3.82332254
30.31523227,7.68338171,4.01869781
29.44204319,6.92881158,4.02238733
30.49255867,7.96288818,4.04565368
35.28795249,10.52358218,4.19832607
35.04215929,10.67153447,4.18968725
35.12596918,10.70921624,4.19826394
31.39131304,9.98878661,4.28513801
34.02636416,10.59818638,4.15054146
34.17081631,10.59898188,4.15102642
33.89818699,10.65603670,4.15749715
33.97606643,10.71282416,4.16265802
28.46163107,5.41062176,3.86633852
28.39385910,5.54609080,3.91993034
28.37710481,5.26728307,3.84807593
30.66202319,8.18554975,4.06209003
30.72659842,8.28390047,4.07097382
30.95932646,8.87051714,4.14675349
30.91885021,9.00120377,4.17875278
32.28978280,10.51592222,4.24449314
34.74525803,10.49815785,4.15879536
34.43620930,10.58840286,4.15457744
31.02435706,9.14297422,4.18807674
31.00558385,9.35210767,4.23165884
30.87803884,8.73775443,4.13460269
36.15203236,10.43720148,4.29146026
31.40522643,9.83324104,4.25401290
28.86515543,5.94500719,3.91099022
37.04789548,3.05562090,3.55623598
37.04832792,3.05636963,3.55639498
37.04882922,3.05607947,3.55635451
37.04783262,3.05625653,3.55635742
37.04801855,3.05686457,3.55648133
37.04724032,3.05593379,3.55627613
37.04873798,3.05667751,3.55646771
37.04852452,3.05736442,3.55659431
37.04720713,3.05679662,3.55644268
37.04753532,3.05757065,3.55660328
37.04826544,3.05825181,3.55675845
37.04637433,3.05637487,3.55633474
37.04794163,3.05937182,3.55696581
37.04521147,3.05688038,3.55639694
37.04754538,3.06078827,3.55722861
37.04216556,3.05809887,3.55654126
37.04707431,3.06256304,3.55755891
37.04650359,3.06464776,3.55794667
37.04488769,3.07066439,3.55906863
37.04375302,3.07507998,3.55989536
37.04575851,3.06735188,3.55845000
37.04450052,3.07961126,3.56079978
37.00764012,3.07252788,3.55852346
36.98234407,3.08222203,3.55999084
37.02699902,3.15689584,3.57555933
38.32091990,10.77874274,4.50134630
38.32338541,10.83962390,4.50737625
38.29773359,10.79682266,4.50697308
38.29310978,10.77124632,4.50502799
38.26974989,10.78549858,4.50968016
38.30716633,10.74535982,4.50012175
38.27776360,10.81788248,4.51187284
37.01378026,3.20889688,3.58564791
38.16928365,10.73144395,4.51424789
38.20313866,10.76021741,4.51427295
38.22846072,10.72108637,4.50813660
38.11955259,10.76590952,4.52010758
38.16990890,10.78407339,4.51897555
38.26984361,10.74990207,4.50610334
38.28398084,10.71138081,4.50018519
37.00912149,3.24207063,3.59217498
36.97502632,3.43512076,3.63016579
36.98904164,3.37414349,3.61820844
38.23795887,10.77027849,4.51189263
38.24624970,10.80859328,4.51469497
38.21112910,10.79853521,4.51715412
38.25365336,10.66473037,4.49959247
38.18296005,10.66916961,4.50742508
36.84089142,3.13752591,3.56880425
37.00287383,3.28074532,3.59979259
31.22581097,10.73262084,4.47384395
31.17149664,10.71624806,4.48644056
31.18399484,10.76830518,4.49791520
31.21190031,10.66847888,4.46131240
38.11391925,10.69626625,4.51428211
38.05878243,10.74493068,4.52016629
36.99743326,3.32469340,3.60846605
36.69370007,3.25246783,3.58811024
36.63515472,3.21171567,3.57751775
31.27973747,10.68973314,4.44845500
31.28047967,10.76234714,4.46579206
31.22886963,10.78917714,4.48855447
31.09977457,10.55867416,4.46527763
38.21596901,10.60673851,4.49823813
37.98704218,10.71992312,4.51856179
31.34418282,10.72976900,4.44168751
31.42720624,10.68963860,4.41422164
37.90032315,10.69095616,4.51461797
28.98961340,6.42603460,4.00329626
36.95451876,3.51105547,3.64494045
38.07464907,10.36448334,4.48590722
38.15454331,10.44096818,4.48779918
36.89626526,4.18434929,3.76279916
29.83161871,7.21835861,4.00803684
36.93917585,4.54649887,3.81063204
37.88907052,9.89852210,4.44714676
28.11627425,5.08009558,3.86185766
36.99493525,4.90719240,3.85448468
35.27782936,3.38507314,3.49087658
35.08113889,3.38551704,3.46845431
33.69112319,3.38824998,3.31768956
37.25628845,6.41707574,4.04155192
37.22294894,6.22925900,4.01733702
37.28995078,6.60492081,4.06587360
37.12298545,5.66128650,3.94571727
34.08774930,3.38758891,3.35820806
37.56627494,8.14309315,4.25891047
37.60147525,8.34013184,4.28218265
37.48507564,8.66619562,4.31612942
37.70645853,8.93241861,4.34940784
35.37083843,3.55889164,3.53676676
35.66344761,3.38526691,3.53375080
37.05707534,5.28028736,3.89939113
37.19008166,6.04051344,3.99320277
30.27086503,3.38808878,3.13248213
30.07106053,3.38788647,3.13833395
29.67207876,3.38711103,3.15887971
29.47292562,3.38666692,3.17375077
29.27414123,3.38611038,3.19186496
29.07578600,3.38549065,3.21327772
28.87800169,3.38481528,3.23817525
28.68081115,3.38404985,3.26644426
31.07650606,3.38419886,3.13367618
30.87375917,3.38562256,3.12989935
32.50607260,3.39024879,3.21284764
31.48575297,3.38104689,3.14745452
31.28052686,3.38272331,3.13959452
31.53471779,10.64008834,4.38244889
37.74154054,9.13004800,4.37068092
37.77622279,9.32804471,4.39133214
37.07190940,10.57602983,4.42583023
28.76307083,6.06551451,3.96591584
28.84218839,6.20757556,3.98328870
33.43163895,10.59319981,4.16300932
33.31662249,10.69988684,4.18149541
29.04081685,6.69606054,4.05883839
29.05483828,6.76442631,4.07260234
31.28585559,10.29811906,4.36405731
33.77763682,10.58274926,4.15143303
33.50753386,10.68622751,4.17102757
33.57351939,10.70555140,4.17081749
38.00812994,10.22312431,4.47538004
28.56807512,5.74890681,3.93074793
28.50579424,5.88210344,3.98231589
36.89405465,4.00870997,3.73519775
29.43454875,7.10552052,4.06587767
29.63613087,7.19513181,4.04261680
37.77803580,10.51495043,4.49610835
37.79484396,10.65709585,4.50736179
27.71850285,4.95689219,3.93701281
27.92476986,5.05217887,3.90565081
28.28874072,5.41443361,3.91077933
37.94399322,10.07045141,4.46265104
37.66746121,10.60537854,4.49483749
32.70560612,3.39060832,3.22869534
32.90270202,3.39054983,3.24511607
33.10037706,3.38993802,3.26224749
30.47109703,3.38785964,3.12919307
30.67202093,3.38695629,3.12836364
34.28623260,3.38690941,3.37930094
34.57494084,10.48720660,4.15022292
34.48509928,3.38663047,3.40105120
37.32376650,6.79359920,4.09031159
32.30388730,3.38751812,3.19724629
37.67150380,8.73495722,4.32749749
37.63650272,8.53751188,4.30506669
37.35736490,6.98286867,4.11473921
37.39107190,7.17288588,4.13908411
36.91610174,4.36881372,3.78853896
37.53056198,7.94656849,4.23530277
37.49466481,7.75008936,4.21133517
31.29048020,10.12091939,4.32837114
37.02433650,5.09237556,3.87676561
28.48426940,3.38330180,3.29817376
35.47201004,3.38522449,3.51281678
37.09015755,5.47097656,3.92246040
31.69157573,3.37964174,3.15713929
31.89698242,3.37990946,3.16874595
36.32126388,10.53928234,4.32002106
37.84571782,9.71544236,4.42985415
34.88298841,3.38600122,3.44582420
34.68408137,3.38639829,3.42327964
37.15663069,5.85190984,3.96937889
37.42514162,7.36338377,4.16322128
37.45954158,7.55547430,4.18726713
32.10099494,3.38299950,3.18228146
29.87148420,3.38755056,3.14709214
33.29629211,3.38963019,3.28002188
33.88958083,3.38831154,3.33774810
37.81056179,9.52435393,4.41116274
34.90993762,10.60113154,4.17600687
29.28324123,6.84653989,4.03829108
37.28687971,10.56594835,4.45253564
32.11741768,10.63821538,4.28664106
30.32583165,7.87231781,4.05607388
35.85273210,3.38167831,3.55268916
36.96655965,4.72549040,3.83250730
33.49450817,3.38899368,3.29861643
37.04945921,3.05470062,3.55610698
37.04962531,3.05475037,3.55612194
37.04959570,3.05454304,3.55608077
37.04943358,3.05490125,3.55614509
31.19054379,10.80861347,4.50878426
31.12866033,10.76181418,4.51877706
28.86133757,6.34735421,4.01447382
28.43457968,5.67603104,3.94490426
31.16870811,10.39776573,4.40964061
30.15130878,7.56876649,4.02377014
29.89870589,7.38926717,4.03273169
33.12737849,10.62130266,4.18252577
35.44030368,10.63121343,4.21934752
28.19036931,5.25693568,3.89245365
30.15667492,7.77430428,4.06658662
34.60727931,10.65014831,4.16540008
27.39477081,4.53109287,3.90334570
29.28877471,7.01174966,4.07710143
27.56310531,4.86330341,3.95582829
30.34898728,8.06532938,4.09206598
35.82287038,10.67406049,4.26284368
31.15067865,10.22838706,4.37776511
31.21811877,9.90251386,4.29961509
36.96665302,10.72698369,4.42013327
36.80498099,10.87116444,4.40529412
32.44514806,10.64135448,4.24576117
32.28780746,10.70951347,4.27549094
30.70382400,8.64461143,4.14612104
36.14786331,10.63290123,4.30148570
27.87722584,5.22066242,3.96938152
28.03203249,5.21229016,3.92243504
27.74948913,5.11590164,3.97627291
29.58404844,7.36590800,4.09356605
29.74150302,7.35522509,4.05700002
36.65878478,10.75373423,4.37859114
31.12517241,10.06208979,4.34904857
32.59440478,10.72057496,4.24134495
36.32695331,10.71773248,4.33021155
28.91971282,6.55489486,4.05316491
30.83897229,8.89262427,4.17142136
28.64071006,6.10229798,4.00627133
28.63098509,6.02956838,3.98945772
30.55419448,8.55086605,4.15428870
37.04918224,3.05504502,3.55616498
37.04918423,3.05531695,3.55621781
37.04943152,3.05516826,3.55619683
37.04924763,3.05476940,3.55611358
37.04894762,3.05484844,3.55611936
37.04942427,3.05548666,3.55625838
37.04856071,3.05494005,3.55612485
37.04937441,3.05587049,3.55633127
37.04807836,3.05504347,3.55612965
37.04933084,3.05637662,3.55642810
37.04746666,3.05518224,3.55613729
37.04928503,3.05701096,3.55654974
37.04666567,3.05537157,3.55614892
37.04924574,3.05780141,3.55670191
37.04562617,3.05561273,3.55616337
37.04916683,3.05880243,3.55689371
37.04886734,3.06360201,3.55781622
37.04907951,3.06006475,3.55713600
37.04255392,3.05621312,3.55618590
37.04427984,3.05584685,3.55616730
37.04049813,3.05671725,3.55622237
37.04858797,3.06899693,3.55885566
37.04859185,3.07713358,3.56043743
37.04830336,3.07271601,3.55956987
37.03780475,3.05737649,3.55627184
37.04898039,3.06164937,3.55744055
37.03436112,3.05808325,3.55631191
37.02997327,3.05891423,3.55635520
37.02465622,3.05999004,3.55643069
37.04753503,3.09689247,3.56425282
37.04796809,3.08888195,3.56270499
37.04831229,3.08226879,3.56142796
37.01800325,3.06136759,3.55654390
37.04610269,3.13247658,3.57115908
37.04660281,3.11833738,3.56841001
38.36970311,10.82833429,4.49712250
38.36956178,10.86233490,4.50103566
37.00968278,3.06301834,3.55668593
37.04721864,3.10664594,3.56614524
36.99931939,3.06518610,3.55690505
38.35902856,10.86098441,4.50311276
38.34647171,10.85840816,4.50528785
36.92637340,3.07992799,3.55865475
36.95035224,3.07482243,3.55800086
36.98652626,3.06782668,3.55719400
38.34169884,10.84135367,4.50433843
38.33045794,10.85565213,4.50786699
36.97011526,3.07085099,3.55751954
37.04576743,3.14958195,3.57449591
38.36327786,10.80678294,4.49610952
37.04481412,3.17052545,3.57857583
37.04409021,3.19568241,3.58349421
31.14149759,10.82967633,4.54343570
31.18650748,10.84454871,4.52423761
38.35393817,10.78257364,4.49540414
38.31404401,10.67142674,4.49092825
38.33020970,10.71613506,4.49280903
38.31116401,10.85224892,4.51063773
38.22485837,10.83734334,4.51954145
38.18454159,10.83083214,4.52218368
37.04402687,3.26016557,3.59614855
37.04344380,3.30074587,3.60410432
31.22179001,10.83622268,4.50569186
37.04422680,3.22551730,3.58935093
36.89391333,3.08680192,3.55950988
38.34354433,10.75226115,4.49417083
38.07973786,10.81466895,4.52550002
38.13772753,10.82293940,4.52421771
38.28769735,10.84742135,4.51350568
36.85443754,3.09419544,3.56027324
37.04276384,3.34839576,3.61343561
37.04127689,3.40553920,3.62458939
38.25873044,10.84282903,4.51661485
36.66158407,3.12667949,3.56119795
36.74288160,3.11583639,3.56186420
38.29122659,10.61816912,4.48912845
38.26596217,10.55059222,4.48591252
31.26705035,10.82329045,4.48586990
36.80426403,3.10265733,3.56087713
31.32778866,10.80800750,4.46416340
37.04176766,3.66281235,3.67385972
37.03413575,3.56183806,3.65479356
37.04000527,3.47468535,3.63802240
31.40542266,10.79101976,4.44074836
38.20781713,10.37437167,4.47528276
37.93006983,10.78963294,4.52288994
38.01187773,10.80206003,4.52514537
38.24212459,10.46888887,4.48070260
31.63290883,10.74202230,4.38334860
36.56362529,3.14375133,3.56028922
29.97437478,7.52667899,4.04811438
30.85304896,9.24482029,4.23849491
30.85589076,9.38131642,4.26530003
36.30294752,3.18342285,3.55204669
37.07118047,4.25665420,3.77314422
37.71920359,10.75539251,4.50898093
37.83405929,10.77390682,4.51780330
37.12238175,4.60940238,3.81798025
35.95193342,3.21274033,3.52766756
38.04291145,9.77047478,4.42746946
37.18894700,4.97091572,3.86125692
35.56983101,3.20872948,3.48684819
37.21881786,5.15734308,3.88345119
37.24972015,5.34641649,3.90599507
37.51646495,6.85814331,4.09631598
37.54955689,7.04794530,4.12072933
37.31538600,5.72617218,3.95187310
33.00414870,3.21938575,3.21687742
37.75285725,8.21239073,4.26313782
37.78783192,8.40978139,4.28584461
37.82280990,8.60723640,4.30813029
37.85779770,8.80471390,4.32997820
37.41679853,6.29244912,4.02320136
34.78698518,3.21662509,3.39885063
29.96961720,3.22043520,3.09841064
29.76948294,3.22023876,3.10799278
34.19049577,3.21763392,3.33274164
33.99204679,3.21794232,3.31182809
30.57103021,3.22034811,3.08676448
37.48328613,6.66891120,4.07184226
37.28231402,5.53640380,3.92879495
37.34962004,5.91545402,3.97530667
31.38378593,3.21778666,3.10494061
31.17897263,3.21853418,3.09722333
37.68253722,7.81880330,4.21663927
33.79405924,3.21820015,3.29154723
33.59602111,3.21783861,3.27173681
37.92802118,9.19951751,4.37201319
37.96451457,9.39496312,4.39180845
32.00309420,3.21694754,3.13863322
32.20755756,3.21913189,3.15303627
36.44721995,3.16491390,3.55809843
37.04288652,3.78764875,3.69681288
31.50408069,10.76833362,4.41409206
34.75976274,10.67376471,4.17375543
37.04183776,3.92829154,3.72160665
38.11951267,10.11168287,4.45727705
31.79744425,10.72334257,4.35049026
38.07545243,9.94905074,4.44399885
37.58274644,7.23838782,4.14497107
38.00300932,9.58580076,4.41033481
37.05335191,4.08726058,3.74777963
36.13566583,3.20166726,3.54229602
37.09531308,4.43208602,3.79623225
35.18218733,3.21368720,3.44383305
34.98514423,3.21547172,3.42142305
37.61569084,7.43011512,4.16902953
28.97151966,3.21863040,3.17796615
29.17044858,3.21915805,3.15553248
28.77315121,3.21802329,3.20391450
29.36980495,3.21960428,3.13645175
37.71771727,8.01524189,4.24004912
34.47217861,10.73928357,4.16909079
34.36849602,10.71518001,4.16466710
34.29193468,10.66179524,4.15841436
33.20138221,3.21838879,3.23440202
33.39850356,3.21866955,3.25285386
32.80676356,3.21984450,3.19993570
35.37743185,3.21134098,3.46577207
37.57632932,10.72900644,4.49469865
29.56950004,3.21996228,3.12065300
30.16988172,3.22055789,3.09184530
34.38938841,3.21743418,3.35430864
37.89278778,9.00216466,4.35130835
32.40908289,3.22113595,3.16827865
31.79653685,3.21626913,3.12567509
31.58972414,3.21685433,3.11443870
27.46714964,4.82020266,3.97290571
29.19239199,6.96169976,4.08799596
29.11454169,6.86430984,4.08288688
37.45015855,6.48041085,4.04743902
37.18519192,10.72148197,4.44888914
37.39564090,10.71781799,4.47454530
32.60850948,3.22096281,3.18383300
30.37026248,3.22058430,3.08799576
30.77261116,3.21980231,3.08799030
30.87800911,9.10722012,4.20665576
30.97524278,3.21915455,3.09150632
33.81495700,10.70614959,4.16423152
37.38320446,6.10438543,3.99915507
31.96774391,10.73393588,4.32476751
34.20757407,10.71444332,4.16259343
34.08782880,10.72575477,4.16341064
28.57532911,3.21739189,3.23329381
28.86256994,6.44551210,4.03944660
35.97923766,10.71733065,4.28426439
28.76941234,6.30344730,4.02621218
28.44419493,5.77061141,3.96816728
35.25075340,10.70013112,4.20718708
27.23852732,4.40060655,3.91115469
30.88517600,9.47843858,4.27916533
29.45652349,7.26309988,4.09836765
32.12894161,10.87116444,4.32382432
30.72934044,8.81709932,4.17596618
29.99852351,7.67065634,4.07488902
30.18510375,7.96107027,4.10107212
37.04868371,3.06600723,3.55827772
35.75930865,3.20579858,3.50670942
37.16018701,4.78797924,3.83938315
34.58829777,3.21717469,3.37639998
31.05923245,10.32449883,4.41926074
36.49489950,10.87116444,4.36145465
32.42035201,10.87116444,4.28433900
27.38860955,4.75242083,3.97685722
27.37365450,4.65506380,3.95010908
33.50596834,10.87116444,4.19310151
33.43722201,10.71114341,4.17697368
35.05869282,10.87116444,4.20553234
33.69211971,10.71456754,4.16807150
33.89189877,10.87116444,4.18066048
27.57520449,4.96022732,3.98257335
27.60944892,5.05602671,4.00182576
34.27971116,10.87116444,4.17831002
34.96940373,10.72101536,4.18874728
34.87341870,10.74770666,4.18535874
29.28381059,7.11376009,4.10321893
29.31829602,7.20780829,4.11787507
28.98781016,6.65094047,4.06058563
28.69437163,6.20523226,4.01967686
36.16083469,10.87116444,4.31578551
28.57523575,5.97994111,3.99057484
28.34448789,5.63715408,3.95783716
28.27235725,5.56034638,3.95578184
32.75776960,10.87116444,4.24672321
35.80772493,10.87116444,4.27232574
34.66909920,10.87116444,4.18647465
33.12458952,10.87116444,4.21541966
35.43943842,10.87116444,4.23470951
37.04965983,3.05499211,3.55616994
37.04969995,3.05527308,3.55622573
37.04911169,3.05454718,3.55606613
37.04877531,3.05455005,3.55605598
37.04938236,3.05454487,3.55607431
37.04980984,3.05604258,3.55637853
37.04974865,3.05561408,3.55629344
37.04835412,3.05455364,3.55604330
37.05010682,3.05812206,3.55679143
37.04781333,3.05455824,3.55602707
37.04998420,3.05726352,3.55662095
37.04988691,3.05658223,3.55648568
37.04711258,3.05456418,3.55600612
37.05070204,3.06228947,3.55761887
37.04352000,3.05459435,3.55590038
37.04620562,3.05457184,3.55597917
37.04503293,3.05458170,3.55594457
37.05045713,3.06057486,3.55727844
37.05026178,3.05920706,3.55700686
37.05100585,3.06441639,3.55804115
37.04157917,3.05461047,3.55584447
37.03911442,3.05463076,3.55577479
37.03601814,3.05465601,3.55568951
37.05183545,3.07022341,3.55919402
37.05137890,3.06702781,3.55855961
37.03215014,3.05468723,3.55558681
37.02732402,3.05472578,3.55546521
38.38767630,10.86724169,4.49728299
38.38904915,10.87116444,4.49739477
38.39459174,10.87116444,4.49591709
38.38262129,10.87116444,4.49902327
37.05239511,3.07414031,3.55997158
37.05308070,3.07893776,3.56092386
37.05770225,3.11125489,3.56733578
37.02130504,3.05477337,3.55532434
37.05391947,3.08480600,3.56208856
38.38728210,10.86156951,4.49670750
38.39223291,10.85779367,4.49493460
38.39359776,10.86553018,4.49550339
38.37479985,10.87116444,4.50086736
37.05494284,3.09196400,3.56350903
37.01379863,3.05483115,3.55516041
37.00443734,3.05489995,3.55497086
38.39031538,10.84692440,4.49413405
31.13358236,10.86130553,4.57783058
31.14350202,10.87116444,4.57394892
31.13729184,10.87116444,4.58773941
38.36516502,10.87116444,4.50297169
38.35331792,10.87116444,4.50536342
36.99276347,3.05497951,3.55475409
37.05618840,3.10067344,3.56523700
38.29974412,10.87116444,4.51422957
37.06760951,3.18038199,3.58102369
37.06176997,3.13966389,3.57296654
37.05954101,3.12410114,3.56988274
38.38453789,10.81417516,4.49171175
36.97820564,3.05506816,3.55450607
38.38778026,10.83255430,4.49307306
36.96004782,3.05516249,3.55421424
31.15647072,10.87116444,4.55836861
36.90908832,3.05533810,3.55340956
38.38052454,10.79142583,4.49001995
37.06444163,3.15830297,3.57665698
38.33881073,10.87116444,4.50805200
36.93739034,3.05525487,3.55386481
37.07135755,3.20647160,3.58617571
38.32113445,10.87116444,4.51102813
38.20642110,10.87116444,4.52420433
38.16247542,10.87116444,4.52712692
37.07579540,3.23731311,3.59225321
31.20664092,10.87116444,4.52525042
38.37564125,10.76374542,4.48795117
38.24323781,10.87116444,4.52095079
38.27404042,10.87116444,4.51757413
31.17715412,10.87116444,4.54208688
38.36969337,10.73003072,4.48541591
38.36244102,10.68892254,4.48230124
37.97322440,10.87116444,4.52999127
38.04757932,10.87116444,4.53051797
37.08730354,3.31700919,3.60787666
37.08105848,3.27381403,3.59942473
36.82931488,3.05539211,3.55184578
36.87366189,3.05539369,3.55277825
38.34280452,10.57762443,4.47373486
38.32982140,10.50404509,4.46796025
38.35359118,10.63876089,4.47846494
36.77407673,3.05529561,3.55042087
31.29880315,10.87116444,4.48919363
31.24645590,10.87116444,4.50773244
36.61972157,3.05453976,3.54463895
31.36669663,10.87116444,4.46915305
37.09472641,3.36817165,3.61783008
31.45414400,10.87116444,4.44699002
38.11005279,10.87116444,4.52936676
37.88494989,10.87116444,4.52713835
37.78036107,10.87116444,4.52111257
36.70551881,3.05504642,3.54818843
37.10362216,3.42920455,3.62960781
37.11444523,3.50300418,3.64368468
37.16467964,3.83762742,3.70438545
36.37577025,3.05238463,3.53025499
38.31399291,10.41435240,4.46079561
37.24171673,4.31962668,3.77811439
38.24251569,10.00956162,4.42670837
37.30167569,4.67153197,3.82082190
37.39746059,5.22398227,3.88522730
35.85759592,3.04672054,3.48367408
37.59740450,6.35883957,4.02290613
37.56410122,6.17099500,3.99912242
37.66437336,6.73574936,4.07101663
37.63080866,6.54693483,4.04689740
37.49735413,5.79305211,3.95236726
37.73183172,7.11521722,4.11902912
37.76571386,7.30608266,4.14265731
35.28397671,3.04686754,3.42003816
33.89639781,3.04935055,3.26494423
38.07721280,9.07373412,4.33833397
38.00756997,8.67872536,4.29761459
37.90336143,8.08613387,4.23362293
37.93807980,8.28361648,4.25536559
34.09462152,3.04894685,3.28557915
34.29356299,3.04857272,3.30691527
34.69159499,3.04788753,3.35134647
32.51178448,3.05263785,3.13839162
30.06839132,3.05382223,3.05056469
30.26932147,3.05376701,3.04603422
29.46627251,3.05369091,3.08193119
29.26599094,3.05346132,3.09872056
31.28274256,3.05400770,3.06145964
31.07819672,3.05396673,3.05389525
30.87461301,3.05387945,3.04839964
30.67206900,3.05379912,3.04514601
31.56640330,10.87116444,4.42198689
38.29434254,10.30302683,4.45170279
36.21697385,3.05072511,3.51793701
37.12780545,3.59334039,3.66062548
37.50144425,10.87116444,4.49555776
37.65518061,10.87116444,4.51104925
31.71022590,10.87116444,4.39342379
37.18794314,3.98745335,3.72935813
37.21385026,4.15002562,3.75447275
37.27124839,4.49389991,3.79965550
38.16507000,10.25631377,4.46786559
38.27035392,10.16716826,4.44030738
36.04171315,3.04854616,3.50210382
37.33281357,4.85213066,3.84202483
38.21202165,9.83696119,4.41136457
35.47782218,3.04628171,3.44223107
35.66911881,3.04611092,3.46355241
35.08788304,3.04728025,3.39723392
37.53078310,5.98261309,3.97558693
38.17975346,9.65433619,4.39463625
38.14635017,9.46527060,4.37680662
29.06604441,3.05313920,3.11882054
29.66681403,3.05383415,3.06836674
34.49264178,3.04821726,3.32886703
32.90845853,3.05177418,3.17134501
33.10553029,3.05129236,3.18877141
33.30307785,3.05078377,3.20687767
32.71059762,3.05222135,3.15453343
37.79979289,7.49849243,4.16593411
37.64863660,7.62359045,4.19293319
37.83411524,7.69284434,4.18885990
31.89411177,10.87116444,4.36075400
30.47043537,3.05375258,3.04427640
37.43064282,5.41358262,3.90731058
37.46402239,5.60368179,3.92968876
37.86867361,7.88897313,4.21144073
31.48830871,3.05396348,3.07086115
34.89018349,3.04759252,3.37422417
31.69500858,3.05382914,3.08194285
37.69807717,6.92529683,4.09512383
37.97280990,8.48116289,4.27668321
33.50001969,3.05028288,3.22554131
33.69834672,3.04979949,3.24494910
29.86754079,3.05386861,3.05790903
32.10844368,3.05335123,3.10830238
32.31153233,3.05301868,3.12297206
38.11205794,9.27111745,4.35798127
28.86651701,3.05272641,3.14233527
31.90228982,3.05362364,3.09452358
37.31132257,10.87116444,4.47327869
37.07923831,10.87116444,4.44318527
36.51089101,3.05366534,3.53898091
37.14453444,3.70513886,3.68106434
37.36474072,5.03624136,3.86344523
38.04237660,8.87625834,4.31819201
37.05031292,3.05528474,3.56424551
37.05027120,3.05495137,3.56425593
37.05014799,3.05491309,3.56270419
37.05024141,3.05471324,3.56426342
37.05011894,3.05467487,3.56271144
37.04999645,3.05464867,3.56115921
37.04975534,3.05458512,3.55810382
37.04978518,3.05482325,3.55809659
37.04984368,3.05483867,3.55883788
37.05042404,3.05531404,3.56565384
37.05038233,3.05498066,3.56566421
37.04989248,3.05462127,3.55984169
37.04992232,3.05485940,3.55983449
37.05002629,3.05488681,3.56115209
37.05035253,3.05474254,3.56567163
37.05046872,3.05500343,3.56675899
37.05043892,3.05476531,3.56676632
37.05052919,3.05501938,3.56752536
37.04971122,3.05457349,3.55754470
37.04967725,3.05456454,3.55711416
37.04970741,3.05480275,3.55711100
37.04965090,3.05455759,3.55678026
37.04968161,3.05479594,3.55678398
37.04963015,3.05455212,3.55651728
37.05063513,3.05504730,3.56886793
37.05062371,3.05481402,3.56910810
37.05060367,3.05480873,3.56885405
37.05060873,3.05504034,3.56853334
37.05057819,3.05480202,3.56853124
37.05054440,3.05479311,3.56810302
37.05057441,3.05503130,3.56809849
37.05049936,3.05478124,3.56753227
37.04974112,3.05481163,3.55753824
37.05018974,3.05524647,3.56269396
37.05024818,3.05571321,3.56267964
37.05037134,3.05575147,3.56423104
37.04981384,3.05460054,3.55884515
37.05012652,3.05568692,3.56112788
37.05006805,3.05522019,3.56114205
37.04996409,3.05519278,3.55982442
37.04988545,3.05517205,3.55882777
37.04978313,3.05514507,3.55753097
37.04982700,3.05515663,3.55808693
37.05061667,3.05536482,3.56809513
37.05057104,3.05535279,3.56751687
37.05051045,3.05533682,3.56674888
37.04994396,3.05563878,3.55881395
37.05062983,3.05581963,3.56750744
37.05056894,3.05580357,3.56673568
37.05048246,3.05578077,3.56563944
37.04988564,3.05562340,3.55807476
37.05002257,3.05565951,3.55981031
37.05020837,3.05634034,3.56110797
37.05065099,3.05645707,3.56671899
37.05045314,3.05640490,3.56421093
37.05056430,3.05643421,3.56562006
37.05033000,3.05636663,3.56265959
37.05002596,3.05629223,3.55879555
37.05010446,3.05631294,3.55979072
37.05021917,3.05722774,3.55976391
37.05032298,3.05725514,3.56108022
37.05067900,3.05734905,3.56559431
37.05044457,3.05728143,3.56263158
37.05056772,3.05731970,3.56418333
37.05060502,3.05856215,3.56259284
37.05083557,3.05772821,3.56701434
37.05099150,3.05835334,3.56801460
37.05088437,3.05748383,3.56806346
37.05076332,3.05676542,3.56767685
37.05068654,3.05577881,3.56831946
37.05065609,3.05537459,3.56859583
37.05098169,3.05887665,3.56700999
37.05113146,3.05955548,3.56783975
37.05086492,3.05862307,3.56590192
37.05106796,3.06003364,3.56620552
37.05129551,3.06102254,3.56753727
37.05125071,3.06155736,3.56605309
37.05088261,3.05940190,3.56483014
37.05149078,3.06277802,3.56716100
37.05106173,3.06091353,3.56464997
37.05133764,3.06303903,3.56471168
37.05157261,3.06559218,3.56351719
37.05174315,3.06513487,3.56652605
37.05083311,3.05983455,3.56345580
37.05065591,3.05499760,3.56922354
37.05065528,3.05508077,3.56907625
37.05068322,3.05521600,3.56921667
37.04963113,3.05468344,3.55631029
37.04961249,3.05454747,3.55629351
37.05077810,3.05591618,3.56929077
37.05076011,3.05593805,3.56901816
37.05082150,3.05633622,3.56915775
37.05072677,3.05557842,3.56918212
37.04979736,3.05579451,3.55663025
37.04986907,3.05617163,3.55693938
37.05083575,3.05680379,3.56856290
37.05097777,3.05767636,3.56896690
37.05117097,3.06328113,3.56211600
37.05100315,3.06145815,3.56296809
37.05072157,3.05992472,3.56184030
37.05067843,3.05532894,3.56896502
37.05071107,3.05568731,3.56879408
37.05075917,3.05613549,3.56867575
37.05073800,3.05628142,3.56815416
37.05090183,3.05691809,3.56923871
37.05050942,3.05868478,3.56113273
37.05084064,3.06138028,3.56096433
37.05053996,3.05956503,3.56005883
37.05065024,3.06107361,3.55897801
37.05037978,3.05821690,3.56021493
37.05032450,3.05843285,3.55912767
37.05113040,3.05883347,3.56903416
37.05074383,3.05827919,3.56488833
37.05094409,3.06298094,3.55963875
37.05130131,3.06017194,3.56903760
37.05151065,3.06182641,3.56901636
37.05072645,3.05867950,3.56399009
37.05130335,3.06526385,3.56052870
37.05211237,3.06849903,3.56573513
37.05212580,3.06669467,3.56894010
37.05174317,3.06806350,3.56161036
37.05178115,3.06394776,3.56901577
37.05258139,3.07014106,3.56914835
37.05261814,3.07209390,3.56635106
37.05309449,3.07408009,3.56928425
37.04971006,3.05503968,3.55674914
37.04976791,3.05531900,3.55704016
37.04968948,3.05506890,3.55643029
37.04974667,3.05541468,3.55660142
37.04980731,3.05570140,3.55691665
37.04985046,3.05576670,3.55737340
37.05014167,3.05740336,3.55845295
37.05040902,3.05953852,3.55838419
38.39291883,10.86116169,4.50201464
38.39405391,10.86761488,4.50225145
38.39467943,10.87116444,4.50246843
37.04965581,3.05487084,3.55632023
37.04966730,3.05483681,3.55652800
37.04995906,3.05680779,3.55705452
37.05006413,3.05741343,3.55741864
37.05022052,3.05837770,3.55785532
37.04997255,3.05650615,3.55773665
37.05228156,3.07149375,3.56292942
37.05298890,3.07594777,3.56475106
37.05374000,3.07911822,3.56931291
37.05366088,3.08096674,3.56515452
37.05457562,3.08602392,3.56869617
38.39114538,10.85105429,4.50196593
37.05584636,3.09483452,3.57060268
37.05719829,3.10438193,3.57232987
37.05858205,3.11406433,3.57424201
38.38924676,10.84036262,4.50023174
31.14345277,10.88027802,4.60794828
31.15035626,10.88884712,4.61047664
31.14961836,10.88928388,4.59976650
31.67261791,11.44367482,4.72317736
31.63434602,11.47418492,4.68668908
31.54884189,11.36200121,4.68267147
45.17727901,29.13425951,7.92134499
45.13771137,29.07838755,7.86674704
45.18180299,29.04286279,7.84742271
44.49252575,28.31847682,7.19692956
44.52223421,28.29377673,7.19466825
44.57749507,28.37043266,7.24906397
42.90410317,26.17129733,6.29075735
42.95335669,26.13098235,6.30336618
43.04579866,26.25686634,6.33359968
36.17865336,17.09814867,5.13347750
36.10021105,17.16048748,5.10483425
35.94665872,16.95786051,5.08779997
32.67792641,12.45529631,4.83426722
32.80470842,12.35702021,4.86712305
32.96873875,12.57575661,4.87627603
43.95547300,27.50617841,6.74971597
44.00983756,27.46209819,6.75117762
44.07936411,27.56197363,6.79594488
41.46587365,24.12667414,5.93812247
41.55117404,24.05856104,5.95636472
41.66564688,24.21184986,5.97970436
38.90524522,20.50672213,5.49796130
39.04715264,20.39535580,5.52190064
39.18144226,20.57909488,5.54198791
36.29115604,17.00980336,5.16217663
36.44323615,17.21232817,5.17908820
37.81860932,19.27231866,5.33303334
37.74473874,19.33153931,5.30679748
37.59896678,19.13892602,5.28716687
35.01103922,15.72299281,4.98988841
35.09220632,15.65878923,5.01963778
35.24933541,15.86701759,5.03530368
43.63176442,26.92266498,6.54679882
43.71939198,26.85295603,6.55043851
43.79711274,26.96746206,6.58754812
40.69471372,23.23586011,5.78033504
40.75669189,23.18557053,5.80052133
40.87755359,23.34596086,5.82311585
41.63638343,24.47908750,5.96786057
41.69516946,24.43128287,5.98570438
41.80837258,24.58186696,6.00992690
33.49871732,13.54417107,4.88523452
33.62194853,13.44828457,4.91718314
33.78170313,13.66202147,4.92826287
34.85292690,15.51426040,4.97432158
34.93450366,15.44977900,5.00423812
43.22656827,26.50283328,6.39745331
43.17981314,26.54114781,6.38680750
43.08929001,26.41972044,6.35358978
36.70795427,17.96249441,5.17508733
36.65586598,18.00490268,5.14640771
36.50484996,17.80610061,5.12838321
44.22697091,27.88368090,6.93890591
44.19302291,27.91183956,6.93781397
44.12735526,27.82262847,6.88832015
31.28947171,11.07293877,4.60569720
31.29336542,11.06903822,4.63383330
31.33959485,11.12898160,4.63701121
45.21712297,29.36098826,8.10434299
45.21080835,29.35267958,8.09567814
45.21537268,29.34798682,8.09866020
31.52514668,11.38242702,4.61635496
31.52973009,11.37784420,4.64682033
31.61520722,11.49008031,4.65087921
31.25284390,11.02483923,4.60411492
31.25625923,11.02137123,4.63053434
45.15706966,29.28195273,8.02218953
45.15628906,29.28376029,8.01684851
45.13035095,29.24969067,7.98151518
45.19058666,29.32881023,8.06379992
45.19133984,29.32705477,8.06899724
45.20244028,29.34166603,8.08420339
38.36481099,20.35605931,5.32834777
38.36218905,20.36087584,5.30436263
38.22080809,20.17522601,5.28267297
41.78186073,24.85217805,5.94111989
41.78419681,24.84734428,5.96025478
41.89629631,24.99456472,5.98653403
45.22111541,29.36890995,8.10575165
45.21637118,29.36267835,8.09922507
45.21006744,29.35439835,8.09055668
45.20169684,29.34340351,8.07905334
45.20702768,29.33692545,8.08719054
45.17584494,29.30944694,8.04359151
45.17661070,29.30766811,8.04885149
44.50816749,28.43248850,7.23338927
44.50929736,28.42991282,7.24166184
44.56518609,28.50342816,7.29887239
44.27299029,28.12361464,7.01368281
44.27425970,28.12074677,7.02317826
44.33485450,28.20045383,7.07616504
43.93950676,27.68041532,6.76851821
43.93803027,27.68370773,6.75723554
43.86450612,27.58715055,6.70873824
43.46809285,27.06042869,6.49926563
43.46634117,27.06426687,6.48562044
43.38082894,26.95197204,6.44506943
42.11561007,25.29047287,6.02213754
42.11793674,25.28569611,6.04055803
42.22714025,25.42917266,6.06837498
31.61063130,11.49468549,4.62041834
31.71806729,11.62518618,4.65583555
31.45297761,11.28765457,4.61300518
31.45752769,11.28312584,4.64334876
31.39523929,11.20157728,4.64017708
31.39079307,11.20599385,4.61017927
31.33535831,11.13319697,4.60770806
31.27103540,11.00905541,4.66286126
31.22639628,10.98343951,4.62703047
31.22356024,10.98638402,4.60286462
31.20048188,10.95607761,4.60188855
31.18260443,10.93260101,4.60113810
31.18427308,10.93077506,4.61976134
31.20270790,10.95369754,4.62338609
31.16999117,10.91311383,4.61633448
31.15896668,10.89949897,4.61323527
31.16876158,10.91442264,4.60056043
31.15804088,10.90034427,4.60011510
45.09595153,29.20450731,7.93494818
45.09676265,29.20263028,7.94052036
45.13114739,29.24784983,7.98695894
45.05461038,29.15020631,7.87951352
45.05543598,29.14828975,7.88523875
45.01099759,29.09292183,7.82176778
45.01184119,29.09096025,7.82766378
44.96618469,29.03406136,7.76332824
44.96704988,29.03204971,7.76940986
44.92020915,28.97367415,7.70441650
44.92109867,28.97160846,7.71069716
44.87305778,28.91174290,7.64518714
44.87397366,28.90962008,7.65167918
44.82469872,28.84822578,7.58577132
44.82564248,28.84604336,7.59248635
44.77510424,28.78308642,7.52630532
44.77607710,28.78084231,7.53325448
44.72425767,28.71630296,7.46693692
44.72526063,28.71399534,7.47413096
44.67214528,28.64785740,7.40781339
44.67317914,28.64548468,7.41526267
44.61875644,28.57773581,7.34907995
44.61982182,28.57529662,7.35679438
44.56408869,28.50593502,7.29088337
44.45105691,28.35748043,7.17678632
44.45221988,28.35483463,7.18535109
44.39284300,28.28102389,7.12126247
44.39404003,28.27830633,7.13012809
44.33362201,28.20324532,7.06698968
44.21041521,28.04143237,6.96099770
44.21172292,28.03848550,6.97082528
44.14562444,27.95634095,6.90886016
44.14697188,27.95331218,6.91903283
44.07862518,27.86834992,6.85742985
44.08001395,27.86523615,6.86796053
44.00942008,27.77746292,6.80684346
44.01085188,27.77426111,6.81774456
43.78891757,27.48788325,6.66146966
43.79048700,27.48440491,6.67353960
43.86602863,27.58376568,6.72041145
43.71125186,27.38588909,6.61547229
43.71286841,27.38231741,6.62794186
43.63158246,27.28126454,6.57081924
43.63324559,27.27760091,6.58368736
43.54994569,27.17405731,6.52753849
43.55165409,27.17030443,6.54079985
43.29351386,26.83731046,6.40589093
43.29534526,26.83331632,6.42026210
43.38262154,26.94805338,6.45908536
43.20459905,26.72054882,6.36811107
43.20646829,26.71648339,6.38282158
43.11426271,26.60192106,6.33172130
43.11617098,26.59778672,6.34675745
43.02257426,26.48151822,6.29665453
43.02452632,26.47731518,6.31200772
42.92952378,26.35932676,6.26283029
42.93152473,26.35505556,6.27850038
42.83500283,26.23520288,6.23017414
42.83705222,26.23086583,6.24617084
42.73879008,26.10885596,6.19852081
42.74088815,26.10445127,6.21485803
42.64064496,25.97997019,6.16770829
42.64279228,25.97549484,6.18440063
42.54031236,25.84821069,6.13758279
42.54250826,25.84366304,6.15464073
42.43759381,25.71331698,6.10801763
42.43983499,25.70869896,6.12544278
42.33231946,25.57506618,6.07890059
42.33459909,25.57038423,6.09668274
42.22483177,25.43390824,6.05025809
42.00523426,25.14552191,5.99459777
42.00756965,25.14071610,6.01328710
41.89395842,24.99938933,5.96760876
41.66878912,24.70368806,5.91506001
41.67111882,24.69885366,5.93438610
41.55469409,24.55385379,5.88936483
41.55701477,24.54902397,5.90886951
41.43964132,24.40276089,5.86400268
41.44195192,24.39793881,5.88367750
41.32377188,24.25059398,5.83896361
41.32607230,24.24578148,5.85880254
41.20719543,24.09749643,5.81423512
41.20948624,24.09269462,5.83423365
41.09000873,23.94359462,5.78980643
41.09229104,23.93880419,5.80996108
40.97149115,23.78794145,5.76550465
40.97376619,23.78316307,5.78581311
40.85199853,23.63100346,5.74138645
40.85426796,23.62623706,5.76184719
40.73162897,23.47290871,5.71745721
40.73389495,23.46815394,5.73806964
40.60997477,23.31312073,5.69362741
40.61223943,23.30837713,5.71439196
40.48659496,23.15106100,5.66980464
40.48886015,23.14632765,5.69072271
40.36273098,22.98836145,5.64622019
40.36499934,22.98363670,5.66729405
40.23774140,22.82418094,5.62274347
40.24001547,22.81946304,5.64397655
40.11131429,22.65811117,5.59931316
40.11359681,22.65339825,5.62071006
39.98252272,22.48893610,5.57576098
39.98481630,22.48422630,5.59732739
39.85171304,22.31711240,5.55215725
39.85402061,22.31240356,5.57389960
39.71964097,22.14363453,5.52864253
39.72196585,22.13892425,5.55056760
39.58697252,21.96937896,5.50533665
39.58931829,21.96466484,5.52745122
39.45398648,21.79471110,5.48229525
39.45635673,21.78999063,5.50460564
39.31985174,21.61853899,5.45937360
39.32224926,21.61380985,5.48188545
39.18593348,21.44265564,5.43680009
39.18836088,21.43791549,5.45951793
39.05152323,21.26613053,5.41444869
39.05398232,21.26137780,5.43737599
38.91567149,21.08771671,5.39216097
38.91816324,21.08295067,5.41530007
38.77864521,20.90776484,5.36998265
38.78117013,20.90298529,5.39333463
38.64077822,20.72671335,5.34796780
38.64333628,20.72192046,5.37153249
38.50201619,20.54449096,5.32610678
38.50460673,20.53968534,5.34988285
38.07822032,19.98799543,5.26111885
38.08090363,19.98316763,5.28551108
38.22346068,20.17040192,5.30686390
37.93472816,19.79957938,5.23977280
37.93744276,19.79475174,5.26436064
37.79040944,19.61007816,5.21867276
37.79315629,19.60525445,5.24344944
37.64510740,19.41928396,5.19782335
37.64788783,19.41446780,5.22278123
37.49868875,19.22701971,5.17723510
37.50150440,19.22221419,5.20236595
37.35131199,19.03349150,5.15696002
37.35416437,19.02869817,5.18225526
37.20327827,18.83909489,5.13704257
37.20616809,18.83431325,5.16249373
37.05459706,18.64384338,5.11745997
37.05752396,18.63907190,5.14305927
36.90510665,18.44752548,5.09816617
36.90806981,18.44276229,5.12390692
36.75491336,18.25028173,5.07914952
36.75791175,18.24552477,5.10502628
36.60419703,18.05234921,5.06040560
36.60722946,18.04759630,5.08641418
36.45291005,17.85366638,5.04190014
36.45597534,17.84891553,5.06803758
36.30082249,17.65393222,5.02357676
36.30391997,17.64918252,5.04984126
36.14788210,17.45307794,5.00542636
36.15101187,17.44833010,5.03181711
35.99437284,17.25147555,4.98750997
35.99753594,17.24672994,5.01402662
35.84029880,17.04913150,4.96982584
35.84349596,17.04438769,4.99646836
35.68554061,16.84589011,4.95235777
35.68877248,16.84114737,4.97912639
35.53006694,16.64171134,4.93510003
35.53333417,16.63696881,4.96199517
35.37388501,16.43660585,4.91805114
35.37718823,16.43186256,4.94507332
35.21699992,16.23058151,4.90120921
35.22033966,16.22583622,4.92835909
35.05948138,16.02373143,4.88457074
35.06285874,16.01898277,4.91184921
34.90136192,15.81609914,4.86812841
34.90477932,15.81134703,4.89553702
34.74264661,15.60768908,4.85192000
34.74610743,15.60293527,4.87946146
34.58344284,15.39863988,4.83599728
34.58695079,15.39388668,4.86367563
34.42382760,15.18905016,4.82040886
34.42738642,15.18430000,4.84822958
34.26379210,14.97890589,4.80519517
34.26740540,14.97416122,4.83316499
34.10336000,14.76823559,4.79040028
34.10703075,14.76349860,4.81852670
33.94252357,14.55702655,4.77605990
33.94625317,14.55229868,4.80435033
33.78126685,14.34525747,4.76217457
33.78505500,14.34053956,4.79063544
33.61967368,14.13304059,4.74874977
33.62352019,14.12833288,4.77738535
33.45786475,13.92053674,4.73579385
33.46176983,13.91583929,4.76460569
33.29604158,13.70801289,4.72331980
33.30000584,13.70332570,4.75230661
33.13288079,13.49373338,4.71122742
33.13690522,13.48905657,4.74038543
32.96790815,13.27707788,4.69949133
32.97199449,13.27241135,4.72881489
32.80147798,13.05851326,4.68815117
32.80562835,13.05385641,4.71763359
32.63502535,12.83992239,4.67730956
32.63924047,12.83527440,4.70694410
32.46921517,12.62217769,4.66698793
32.47349442,12.61753745,4.69676810
32.30493886,12.40644906,4.65721302
32.30928054,12.40181559,4.68713255
32.14260871,12.19327724,4.64797635
32.14701002,12.18864991,4.67802871
31.98301366,11.98369761,4.63928669
31.98747016,11.97907580,4.66946443
31.83688291,11.79179914,4.63165544
31.84138852,11.78718167,4.66194857
31.71352050,11.62979966,4.62544310
31.14284043,10.88038313,4.59948677
45.18130295,29.30281659,8.05189887
45.19597109,29.32226372,8.07200702
45.16183659,29.27702637,8.02529095
45.17087417,29.26888186,8.02534806
45.19020595,29.29479232,8.05193225
45.13600036,29.24283537,7.99013962
45.06048220,29.14306779,7.88869194
45.10170828,29.19751736,7.94381863
44.83137243,28.84010918,7.59698487
44.87955004,28.90384402,7.65593279
44.78196599,28.77474478,7.53801661
44.67939980,28.63904681,7.42060725
44.73131324,28.70772977,7.47917518
44.57175379,28.49663459,7.30487097
44.51604327,28.42293652,7.24801279
44.45914730,28.34767222,7.19207006
44.21942655,28.03052899,6.97916355
44.28176047,28.11299773,7.03108693
44.01920339,27.76564032,6.82748497
44.08814305,27.85684365,6.87721537
43.87484297,27.57467086,6.73116512
43.94808685,27.67156008,6.77875942
43.79953949,27.47506724,6.68481414
43.72216071,27.37273591,6.63974184
43.56142004,27.16024415,6.55364235
43.47808826,27.05013856,6.51261366
43.30578243,26.82259172,6.43455952
42.75274312,26.09246208,6.23149702
42.45238224,25.69606664,6.14342650
42.55483401,25.83124134,6.17216204
42.13098294,25.27256039,6.05987756
42.24005371,25.41617674,6.08727090
41.79748891,24.83393912,5.98062496
40.62573775,23.29474111,5.73743056
37.22188060,18.81936896,5.19183206
35.39388296,16.41656151,4.97644154
35.23712177,16.21049747,4.95988616
31.86042693,11.77128681,4.69751818
31.73716938,11.60928362,4.69154258
31.41379251,11.18622544,4.67568607
31.47647960,11.26743605,4.67912779
31.35738109,11.11425481,4.67193795
31.30990577,11.05531220,4.66773599
31.23897377,10.97288636,4.65717892
45.01700257,29.08561557,7.83129173
44.97233990,29.02657016,7.77322891
44.92652783,28.96598443,7.71472449
44.62621436,28.56868259,7.36245726
44.34215848,28.19290591,7.08366238
44.40115306,28.27095373,7.13722956
44.15488481,27.94514128,6.92782007
43.64277663,27.26777754,6.59601196
43.39284026,26.93754187,6.47292033
43.12705088,26.58664826,6.36188773
43.21712328,26.70555146,6.39755186
43.03564970,26.46596422,6.32750377
42.94290016,26.34348807,6.29435155
42.84866902,26.21908807,6.26240292
42.65488458,25.96329007,6.20147094
42.34734513,25.55755762,6.11512917
42.02071797,25.12746883,6.03299435
41.90952686,24.98122829,6.00658743
41.57037568,24.53553423,5.92983215
41.68445184,24.68539970,5.95505825
41.45533301,24.38442155,5.90492151
41.33946930,24.23224193,5.88032014
41.22289713,24.07913624,5.85601781
41.10571559,23.92522926,5.83200533
40.98720473,23.76957339,5.80811257
40.86772262,23.61263290,5.78439697
40.74736944,23.45453450,5.76086528
40.37856021,22.96995936,5.69081378
40.50238648,23.13267291,5.71400279
40.25361761,22.80575876,5.66773603
40.12724765,22.63966215,5.64471084
39.99852315,22.47045331,5.62157303
39.86779188,22.29858784,5.59839411
39.73581103,22.12505929,5.57531490
39.60324720,21.95074402,5.55245509
39.47037949,21.77600711,5.52986895
39.33637421,21.59975765,5.50741117
39.20259599,21.42378880,5.48530746
39.06833312,21.24717260,5.46343085
38.93263255,21.06866495,5.44162198
38.79575921,20.88861835,5.41992444
38.65804484,20.70747274,5.39839015
38.51943283,20.52515857,5.37700765
38.37975082,20.34145777,5.35573918
38.23850866,20.15573242,5.33452156
38.09605523,19.96843786,5.31343243
37.95269416,19.77996958,5.29254084
37.80850417,19.59042779,5.27188165
37.66332938,19.39960429,5.25145689
37.51703741,19.20732052,5.23127488
37.36978740,19.01377850,5.21138550
36.92395555,18.42776774,5.15362736
37.07332422,18.62410291,5.17259375
36.77388085,18.23050322,5.13492427
36.62328005,18.03254585,5.11648313
36.47210591,17.83383443,5.09827279
36.32012978,17.63407031,5.08023995
36.16729857,17.43318826,5.06237971
36.01390083,17.23155883,5.04475209
35.85994065,17.02918654,5.02735568
35.70529863,16.82591476,5.01017476
35.54994362,16.62170301,4.99320382
34.92175004,15.79592560,4.92737835
35.07973290,16.00360337,4.94353337
34.76317951,15.58747271,4.91146264
34.60412967,15.37838473,4.89584157
34.44467777,15.16876047,4.88056747
34.28481464,14.95858581,4.86568425
34.12456209,14.74788880,4.85123845
33.96390883,14.53665549,4.83726631
33.80283539,14.32486376,4.82376633
33.64142480,14.11262502,4.81073878
33.47979736,13.90010059,4.79818558
33.31815432,13.68755833,4.78611298
33.15517138,13.47326401,4.77441554
32.99037517,13.25659741,4.76306316
32.82411982,13.03802467,4.75209311
32.65783855,12.81942795,4.74160762
32.49219417,12.60167842,4.73162854
32.32807644,12.38594565,4.72218297
32.16589525,12.17277081,4.71326216
32.00643570,11.96318926,4.70487310
45.20476786,29.31433860,8.07203239
45.21574890,29.32908409,8.08722082
45.18487554,29.25693803,8.02211541
45.14519727,29.23454685,7.99024526
45.11108490,29.18906330,7.94401671
45.02680318,29.07676882,7.83178876
45.07005879,29.13442774,7.88902766
44.98238559,29.01749900,7.77390761
44.89013267,28.89428434,7.65704454
44.93683534,28.95667471,7.71560751
44.84224119,28.83029005,7.59835092
44.79313030,28.76465790,7.53966330
44.74278151,28.69736771,7.48112914
44.69117962,28.62840282,7.42289484
44.58417685,28.48540882,7.30790188
44.63831263,28.55775052,7.36510419
44.52879744,28.41141153,7.25145056
44.47223962,28.33584206,7.19593505
44.41459216,28.25881134,7.14153909
44.29592809,28.10020289,7.03632824
44.35595533,28.18044252,7.08843036
44.23397978,28.01739066,6.98489507
44.16984041,27.93164598,6.93405815
44.10351973,27.84297688,6.88397246
44.03502067,27.75138745,6.83476963
43.89159282,27.55960884,6.73952221
43.96436286,27.65690788,6.78657801
43.81677395,27.45958848,6.69371212
43.73988433,27.35683830,6.64918249
43.58011060,27.14352281,6.56416176
43.66098802,27.25146386,6.60599363
43.49724151,27.03302380,6.52366744
43.44267339,26.89448385,6.49439466
43.41243244,26.92005306,6.48450599
43.32578466,26.80475153,6.44667637
43.23750531,26.68738304,6.41020166
43.14778586,26.56817217,6.37507631
42.96428880,26.32442452,6.30865656
43.05671807,26.44719518,6.34124350
42.87040639,26.19971291,6.27724426
42.77486850,26.07275114,6.24684595
42.67743737,25.94321696,6.21730099
42.57784461,25.81078559,6.18844823
42.47586322,25.67522130,6.16014469
42.37128530,25.53633381,6.13225658
42.04576601,25.10532953,6.05123458
42.15571938,25.25067992,6.07776212
41.82298697,24.81141317,5.99956750
41.93482754,24.95887742,6.02517747
41.71011586,24.66272505,5.97434329
41.59618541,24.51272888,5.94945156
41.48127571,24.36149710,5.92486825
41.36553696,24.20920612,5.90058755
41.13202062,23.90198575,5.85289434
41.01362576,23.74623097,5.82930402
40.77402748,23.43099673,5.78264368
40.52929677,23.10893479,5.73635100
40.65251952,23.27110437,5.75949525
40.28080849,22.78180375,5.69064107
40.40560656,22.94611551,5.71344138
40.15459292,22.61558938,5.66789293
39.89547869,22.27425635,5.62213671
39.76368779,22.10058517,5.59934067
39.49867639,21.75122004,5.55446441
39.63132721,21.92611804,5.57676574
39.23136069,21.39865615,5.51047248
39.36489966,21.57480144,5.53229207
39.09734458,21.22185822,5.48887986
38.96189482,21.04316589,5.46735628
38.82527398,20.86293346,5.44594494
38.68781153,20.68160259,5.42469730
38.54944893,20.49910582,5.40360151
38.12677844,19.94188091,5.34090006
38.26900448,20.12933413,5.36169619
37.83965756,19.56358774,5.29992651
37.98363662,19.75326515,5.32029942
37.69468519,19.37264067,5.27978108
37.40152316,18.98659858,5.24023697
37.54858704,19.18024442,5.25986909
37.25379732,18.79209141,5.22092426
37.10541607,18.59673176,5.20191158
36.95621668,18.40030532,5.18315780
36.80630627,18.20295046,5.16465629
36.20035175,17.40527541,5.09285708
36.35303091,17.60624644,5.11053214
35.73881698,16.79773360,5.04119602
35.89330204,17.00109587,5.05819751
35.58362103,16.59342949,5.02440271
35.42772167,16.38819333,5.00781621
34.95609836,15.76725987,4.95926453
35.11390657,15.97503856,4.97525020
34.79770673,15.55870608,4.94352304
34.63884192,15.34951770,4.92808366
34.31992026,14.92951671,4.89832271
34.47958262,15.13979294,4.91300138
34.15987582,14.71871602,4.88409652
33.99943741,14.50737648,4.87035881
33.51599592,13.87049275,4.83203980
33.67739827,14.08312732,4.84433338
33.19181251,13.44344550,4.80878586
33.35457642,13.65784273,4.82022667
33.02722958,13.22668190,4.79768387
32.69509447,12.78933715,4.77671000
32.86117895,13.00801845,4.78695835
32.52963820,12.57150843,4.76696123
32.36569894,12.35570125,4.75773969
32.04437678,11.93281087,4.74086118
31.89850600,11.74084841,4.73370295
31.77536828,11.57879423,4.72789538
31.51446937,11.23720202,4.71571623
31.58708114,11.33154727,4.71924780
31.39348875,11.08551744,4.70810822
31.45114340,11.15650816,4.71216197
31.34397041,11.02817051,4.70331986
44.95281533,28.94300954,7.71315893
44.97620562,28.92358016,7.70674183
45.02075495,28.98525666,7.76458560
42.26441828,25.39460345,6.10478610
41.24908479,24.05599458,5.87659933
40.89426069,23.58919289,5.80588489
40.19786859,22.57951467,5.68983297
40.32379675,22.74594841,5.71230886
40.02603323,22.44625539,5.64503424
38.41001103,20.31522813,5.38262162
36.04710719,17.20355730,5.07541265
35.27112439,16.18203222,4.99143476
33.83858468,14.29547627,4.85710558
32.20368453,12.14245680,4.74903738
45.20400426,29.28302533,8.04870437
45.12561217,29.17666357,7.94088023
45.15944347,29.22239218,7.98703540
45.08490168,29.12175104,7.88601951
45.04199692,29.06378571,7.82893917
44.99796035,29.00418482,7.77124343
44.85908704,28.81587708,7.59643375
44.90653742,28.88025207,7.65484442
44.76055159,28.68215851,7.47988329
44.81043168,28.74985228,7.53806426
44.70943057,28.61278004,7.42203658
44.73615349,28.59055970,7.41750577
44.78656877,28.66052748,7.47488376
44.60342325,28.46893188,7.30791491
44.63160645,28.44549532,7.30444906
44.68450103,28.51888245,7.36064791
44.65705588,28.54170495,7.36466628
44.54855782,28.39449488,7.25194233
44.43541782,28.24098726,7.14305582
44.46591735,28.21563532,7.14143469
44.37733730,28.16214724,7.09048393
44.31788620,28.08142167,7.03893376
44.25653706,27.99810638,6.98806879
44.05953549,27.73047801,6.83971888
43.91753279,27.53753021,6.74569594
43.98958060,27.63542051,6.79213669
44.02647971,27.60489772,6.79540904
43.84344930,27.43691024,6.70050433
43.76730041,27.33355804,6.65659479
43.60898617,27.11905986,6.57281415
43.68914088,27.22758617,6.61402621
43.52681587,27.00799502,6.53293869
43.35665509,26.77867066,6.45718072
43.26896880,26.66081885,6.42131979
42.99740635,26.29649109,6.32160783
42.80919088,26.04382369,6.26088471
42.61354555,25.78074889,6.20345162
42.71243202,25.91374651,6.23183512
42.51228067,25.64461269,6.17559364
42.30217873,25.36292664,6.12105891
42.40839910,25.50517087,6.14812864
42.25002819,25.17295548,6.11045284
42.19405549,25.21854628,6.09441527
42.08459851,25.07280288,6.06825193
41.86259173,24.77826260,6.01729666
41.97407899,24.92601589,6.04255136
41.75003073,24.62931772,5.99241680
41.40625720,24.17513573,5.91964451
41.52174015,24.32763636,5.94360494
41.29005393,24.02172147,5.89596932
41.35006953,23.97294663,5.91474969
41.17323451,23.86751497,5.87257014
41.05508215,23.71156606,5.84928004
41.11588129,23.66218180,5.86864078
41.23364346,23.81843328,5.89164405
40.93596003,23.55433552,5.82615448
40.81597225,23.39594678,5.80320059
40.57174624,23.07349287,5.75747058
40.44832011,22.91047048,5.73483619
39.93937369,22.23770993,5.64462681
40.06961051,22.40995075,5.66724833
40.35280067,22.45528241,5.73206638
40.26154148,22.52793550,5.71107818
40.13374911,22.35801767,5.68875830
39.80791803,22.06378435,5.62210805
39.87305598,22.01109191,5.64415335
39.67591016,21.88905010,5.59981176
39.54362970,21.71387270,5.57778772
39.41023862,21.53716400,5.55589257
39.27709866,21.36071947,5.53434820
39.14349108,21.18361549,5.51303051
39.00845524,21.00461288,5.49178356
38.87225043,20.82406838,5.47065051
38.73520312,20.64242626,5.44968275
38.45821939,20.27544357,5.40817335
38.59725252,20.45962197,5.42886788
38.52930993,20.21825690,5.43293472
38.66773811,20.40288930,5.45334635
38.17576352,19.90152612,5.36703874
38.31760702,20.08925848,5.38753967
38.03299177,19.71264550,5.34673377
37.88936928,19.52271906,5.32665425
37.96272388,19.46386523,5.35259608
37.45221463,18.94507715,5.26780392
37.30478865,18.75037882,5.24874282
37.15669572,18.55483751,5.22996551
37.00777393,18.35823607,5.21143262
36.85813222,18.16071041,5.19313910
36.40563355,17.56350650,5.13958247
36.55719692,17.76352602,5.15725057
36.25320481,17.36237076,5.12209470
35.79242883,16.75433144,5.07097644
35.48185123,16.34445108,5.03794429
35.63749045,16.54985848,5.05435832
35.32551786,16.13811694,5.02173254
35.16857236,15.93094812,5.00570816
34.69434878,15.30489101,4.95906813
34.53538646,15.09498159,4.94418559
34.37603303,14.88451499,4.92972301
34.21630961,14.67351671,4.91573162
34.29965873,14.60783248,4.94649733
34.45891280,14.81914976,4.96024489
34.05620551,14.46197225,4.90224419
33.73486932,14.03729648,4.87674673
33.89569972,14.24986088,4.88925186
33.57382729,13.82444522,4.86472151
33.41276779,13.61158096,4.85317302
33.08612281,13.18001116,4.83113593
33.25035889,13.39697547,4.84199021
32.92040588,12.96115592,4.82065254
32.75464308,12.74229183,4.81063748
32.58949563,12.52428909,4.80111510
32.42585085,12.30831596,4.79211475
32.51472121,12.23904361,4.82546467
32.26411368,12.09491350,4.78363040
32.10506189,11.88511895,4.77567006
31.95942447,11.69301974,4.76871373
31.64831163,11.28358316,4.75469269
31.73386850,11.39566500,4.75851094
31.83648790,11.53085024,4.76308141
31.57537688,11.18951181,4.75122228
44.35004394,28.05471250,7.03864035
44.40865175,28.13612670,7.08951898
44.28957140,27.97068528,6.98846187
43.80736296,27.30052309,6.66212070
43.88244737,27.40471837,6.70527684
38.38928920,20.03162949,5.41259162
32.84261361,12.67359056,4.84358836
31.82440152,11.32532251,4.79276919
31.92681752,11.46063036,4.79719165
45.20535179,29.23997149,8.01491293
45.18027628,29.20512422,7.97982886
45.14685925,29.15904515,7.93373163
45.10661643,29.10373528,7.87899695
45.06423020,29.04533100,7.82208124
44.93055128,28.86029888,7.64871245
44.82385402,28.63007606,7.46510121
44.87205807,28.69915592,7.52232619
44.83576113,28.72879642,7.53264101
44.50964634,28.17994578,7.13591044
44.56482644,28.25900343,7.18833907
44.09541851,27.70076663,6.84225223
44.14685729,27.65897458,6.84186942
43.93831410,27.35946702,6.70767012
43.73026198,27.19371454,6.62030442
43.65114648,27.08436791,6.57984192
43.56998314,26.97250877,6.54071175
43.48680536,26.85823702,6.50290472
43.40170425,26.74170120,6.46641626
43.31488943,26.62316358,6.43126738
43.13685926,26.38075648,6.36492340
43.20492115,26.32603852,6.37527824
42.85936178,26.00277785,6.27407253
42.66571463,25.73812843,6.21769706
42.76358000,25.87192844,6.24556730
42.56548238,25.60118331,6.19032497
42.35731617,25.31798540,6.13668599
42.46260355,25.46095755,6.16332053
42.14129774,25.02664743,6.08467701
42.03140110,24.87937362,6.05935112
41.92045251,24.73119434,6.03445961
41.58094830,24.27949692,5.96177100
40.99714926,23.50465062,5.84579483
40.63412862,23.02289471,5.77792547
40.60110132,22.78787170,5.77601083
40.51111773,22.85955628,5.75555579
40.38702350,22.69470810,5.73329143
40.00400011,22.18540610,5.66640369
39.96643773,21.93682203,5.66596467
40.09664257,22.11169989,5.68793721
39.47704978,21.48320398,5.57874423
39.21150777,21.12874583,5.53641613
39.34450631,21.30630926,5.55746669
39.04078782,20.68950471,5.51836407
38.94150303,20.76826511,5.49457794
38.80507428,20.58615596,5.47388511
38.35162201,19.76144873,5.41767069
38.24802171,19.84346986,5.39238616
38.10580817,19.65418015,5.37237868
37.52704776,18.88518654,5.29460424
37.67332969,19.07936016,5.31369143
37.63436313,18.80046056,5.32142591
37.77996596,18.99511691,5.34022325
37.38007222,18.69018193,5.27580042
37.23241120,18.49434995,5.25726290
37.08390481,18.29746978,5.23895364
36.78487942,17.90119357,5.20301186
36.93466503,18.09967387,5.22086875
37.04442764,18.01324641,5.24865410
36.63450821,17.70196444,5.18535772
36.48332519,17.50168591,5.16786869
36.59475036,17.41410352,5.19621431
36.33127184,17.30029149,5.15056211
35.71707298,16.48673285,5.08350122
35.87162825,16.69147004,5.09995704
35.56182059,16.28105905,5.06724569
35.67650930,16.19116656,5.09656567
35.40588028,16.07445679,5.05118499
35.05148309,15.35828870,5.03411384
34.77634484,15.24012507,4.98916753
34.14004572,14.39595583,4.93326696
33.65924128,13.75738384,4.89653207
33.81974822,13.97058705,4.90829699
33.17311686,13.11193106,4.86366051
33.33683723,13.32922511,4.87428987
33.46082780,13.23282597,4.90643535
32.35339957,12.02537373,4.81717811
32.04945075,11.62299599,4.80265281
32.19473451,11.81532674,4.80941810
32.32329471,11.71583315,4.84279077
44.88374816,28.79538101,7.59063287
44.91908428,28.76653005,7.57984787
44.16225346,27.79370604,6.89012555
44.21228884,27.75301549,6.88883856
44.27564959,27.84405753,6.93673505
43.78913923,27.14612219,6.62456095
43.86473941,27.25409679,6.66544762
39.60986169,21.66035061,5.60037106
39.74158339,21.83595124,5.62212694
39.07708838,20.94927774,5.51543877
39.17548629,20.87119193,5.53893697
37.92453489,19.18858723,5.35925845
37.19308904,18.21144196,5.26652579
36.74538927,17.61476313,5.21351926
36.89520607,17.81437620,5.23099325
36.02547815,16.89526112,5.11661412
35.98521485,16.60235561,5.12898058
36.13852109,16.80653232,5.14547900
35.83120781,16.39723045,5.11267642
34.61781579,15.02992195,4.97448597
33.98005162,14.18350143,4.92053779
33.00789723,12.89275886,4.85339545
45.21010104,29.18083413,7.96739434
45.05340636,28.95861895,7.75275701
45.09607314,29.01936237,7.81001844
45.00971411,28.89623461,7.69520182
44.77445264,28.55927776,7.40831553
44.61897913,28.33655658,7.24195515
44.67200621,28.41249996,7.29659918
44.72383892,28.48675204,7.35210290
44.33694154,27.93209355,6.98543144
44.39615591,28.01711797,7.03476487
44.34478443,27.78855579,6.93017258
43.71149784,27.03563206,6.58501943
43.46616285,26.68978590,6.47427665
43.30140654,26.24953525,6.38405866
43.38829087,26.37380369,6.41484257
43.55756087,26.61719446,6.48007468
43.38058997,26.57028667,6.43998459
43.29346107,26.44902994,6.40700440
43.02383886,26.07436503,6.31517991
43.03291496,25.86454541,6.29778774
42.93115413,25.94513454,6.28654711
42.83676137,25.81320119,6.25866349
42.74034329,25.67827600,6.23137914
42.33004600,25.10893848,6.12614806
42.43614828,25.25488142,6.15192612
42.54011353,25.39887374,6.17807349
42.54781857,25.16666932,6.16626291
42.64992546,25.31208517,6.19187314
42.11334689,24.81387036,6.07587853
42.22235114,24.96183448,6.10079621
42.22940185,24.72230095,6.09162635
42.33714577,24.87123284,6.11610013
41.89179953,24.51521067,6.02719716
41.77924747,24.36411877,6.00331457
41.32011438,23.74942041,5.91046950
41.43595929,23.90437940,5.93328868
41.44260739,23.65289339,5.92862835
41.20292863,23.59272867,5.88774577
41.08477192,23.43475950,5.86517391
40.96575343,23.27563068,5.84276698
41.09070966,23.17722799,5.86179694
41.20890591,23.33698254,5.88391481
40.72350473,22.95167110,5.79811438
40.22568470,22.28484996,5.71001736
40.22791045,22.00848062,5.70902330
40.35595048,22.18239863,5.73079791
39.70481934,21.58488004,5.62274139
39.83573729,21.76109268,5.64421795
39.57283890,21.40710088,5.60139550
39.30902343,21.05133087,5.55962947
39.44717958,20.94283275,5.58261352
39.57807577,21.12200015,5.60306454
38.76878968,20.32278825,5.47771344
38.63122963,20.13749921,5.45760077
38.49205981,19.95023028,5.43756435
38.06790510,19.38067537,5.37850910
37.34099770,18.40873585,5.28460389
36.90244934,17.49226224,5.24191329
35.36515752,15.77633732,5.06487623
35.52113260,15.98417185,5.08063046
35.21711613,15.22964089,5.06427086
35.37342011,15.43965030,5.07933827
35.20860300,15.56770831,5.04935298
34.57774473,14.72634102,4.99073222
34.73600723,14.93757151,5.00474540
34.41915982,14.51454382,4.97723608
34.74597297,14.59578049,5.02156361
34.90333772,14.80767775,5.03532325
33.94144150,13.87575410,4.93979273
34.10098862,14.08919545,4.95178648
34.11370287,13.74225286,4.97159227
34.27218309,13.95645862,4.98336990
33.13333762,12.79538485,4.88591057
32.48140366,11.92626529,4.85037296
32.64213070,12.14034242,4.85848823
45.09971751,28.92128019,7.73396601
45.14123197,28.98296407,7.79093013
44.96495666,28.83221394,7.63751945
44.45355204,28.09949817,7.08481261
44.51731584,28.04816601,7.07511211
44.57174020,28.12992433,7.12518844
43.87267786,27.07954120,6.62596103
43.54995814,26.80733154,6.50988716
43.63951727,26.73614638,6.51461808
43.47373805,26.49635455,6.44682085
43.11504544,26.20121884,6.34470854
43.21320877,26.12341691,6.35436897
42.94048144,25.73109804,6.27061191
42.64157291,25.54019758,6.20455861
42.74938880,25.45494078,6.21778215
42.00317844,24.66508506,6.05137021
41.32624340,23.49557563,5.90619581
40.84547498,23.11479724,5.82044177
40.47763331,22.62254827,5.75401245
40.48210682,22.35356516,5.75254718
39.96914501,21.65623123,5.66593157
40.09875262,21.83279918,5.68736322
39.44115018,21.22955666,5.58039841
39.70855765,21.30046813,5.62374388
38.21021323,19.57156105,5.39797746
37.48803691,18.60500021,5.30289159
37.05148590,17.69242663,5.25918765
35.52917037,15.64885470,5.09471294
34.89392052,15.14821293,5.01922389
35.06038852,15.01895519,5.04957774
34.26024942,14.30216671,4.96426171
34.43040966,14.17018055,4.99560907
33.29784549,13.01503548,4.89599444
32.17852032,11.52314848,4.83619872
45.01376787,28.79284157,7.61954148
44.92356165,28.65760116,7.50548597
44.77967485,28.44170705,7.33754322
44.82880890,28.51542159,7.39292364
44.67787202,28.28906894,7.22923596
44.72935454,28.36624413,7.28293317
44.62529738,28.21026309,7.17660702
44.40422152,27.87802840,6.97779297
44.46164527,27.96444021,7.02609261
44.21989747,27.60045684,6.83753599
44.01760666,27.29614019,6.70678087
44.08701273,27.40039705,6.74913797
43.12374953,25.99520901,6.32565939
42.84610212,25.59460121,6.24398697
42.44338405,25.01945177,6.14098363
42.00995551,24.42201995,6.04373773
42.12033833,24.57266381,6.06752868
41.55762364,23.80848526,5.95115105
41.78561318,24.11726000,5.99693975
40.97126163,23.01576257,5.83975991
40.85013536,22.85199382,5.81772198
40.72859581,22.68753651,5.79590727
39.83936339,21.47914733,5.64477109
39.31488805,20.76174054,5.56224069
38.77560993,20.02424962,5.48218100
38.91194167,20.21047314,5.50197023
38.63764515,19.83606641,5.46247484
38.49838304,19.64639705,5.44291683
38.07458980,19.07108208,5.38553084
38.21690602,19.26394922,5.40443711
37.93102796,18.87687454,5.36683331
37.49481946,18.28851620,5.31210334
37.64097961,18.48540422,5.33011624
37.34775553,18.09062650,5.29427853
37.19991109,17.89185633,5.27663850
36.75257670,17.29105558,5.22481259
36.14608606,16.47711164,5.15829487
36.29862704,16.68184065,5.17463056
35.99285057,16.27143143,5.14214216
35.83893246,16.06481075,5.12616528
34.58832969,14.38328524,5.00833151
33.79637878,13.31325771,4.94933770
33.95504870,13.52775322,4.96025425
33.47437997,12.87854748,4.92843070
32.98430610,12.21838942,4.89995773
33.14723248,12.43790733,4.90896476
32.82261099,12.00108995,4.89144078
45.05724638,28.85790160,7.67677820
44.96922038,28.72608253,7.56239907
44.87676460,28.58738473,7.44894733
44.28334313,27.69602985,6.88338134
44.15445008,27.50187979,6.79275273
43.94616207,27.18913665,6.66570629
41.89832965,24.27021143,6.02021278
41.67199805,23.96331103,5.97392033
40.60601754,22.52153482,5.77419946
38.35811462,19.45565371,5.42356313
37.78638708,18.68152208,5.34835402
36.45050132,16.88566144,5.19115448
36.60182267,17.08873382,5.20788152
35.68434809,15.85725544,5.11033972
33.63632656,13.09705705,4.93873005
33.31087125,12.65820344,4.91847718
45.23713074,27.06682409,6.75092651
45.14715412,27.18707748,6.78989168
45.09708476,27.06026581,6.74401708
45.34998847,27.17211131,6.79111506
45.21195508,27.33883527,6.84915975
46.21038016,27.82532097,7.08685482
46.08628430,27.83162853,7.09352710
46.18470823,27.72001476,7.02996196
46.10231206,27.72346776,7.03449182
46.02691783,27.70681055,7.02752523
45.93120830,27.79680906,7.07601481
40.39509057,16.19194753,5.13361430
40.31164415,16.31856625,5.16253683
40.24919376,16.21129635,5.15339993
40.32829475,16.10468771,5.12809586
40.20709487,16.11846102,5.14418015
44.85321804,24.72452581,6.17511373
44.85265885,24.85907690,6.20421303
44.74674835,24.81678546,6.20343111
44.71964007,24.72699828,6.18664040
44.94352047,24.79240374,6.18182255
44.98895047,24.71157139,6.15976492
45.33251668,26.76904636,6.65426827
45.44029760,26.63855623,6.61197835
45.46818970,26.78172859,6.65665462
45.55527398,26.70101176,6.62800155
44.72305260,24.96571417,6.23616260
44.88243607,24.97601159,6.22717260
44.81438861,25.08336344,6.25513467
39.11049625,13.66906400,4.90692890
38.96351432,13.65209014,4.92181258
39.07927661,13.58160822,4.89751735
39.00838818,13.52365315,4.89726205
39.79776593,14.68092096,4.97611301
39.89751621,14.64068692,4.95700926
39.90214199,14.72424506,4.96960961
39.81688419,14.79328555,4.99084414
38.57797879,12.10750127,4.72078626
38.47257216,12.12749576,4.73919610
38.54318525,12.04079928,4.71411250
38.44938845,12.03283388,4.72620708
39.76963140,13.90670628,4.84964427
39.73161264,13.97262600,4.86952735
39.68907167,13.91444674,4.86655840
39.73701063,13.85042400,4.84532120
39.80516362,13.95495140,4.85175139
39.78364982,14.01646260,4.86799377
40.35841743,15.14859834,4.97168973
40.27504151,15.12399352,4.98155938
40.33824421,15.08590473,4.96376700
40.39203128,15.10018826,4.95593408
45.82640427,26.25316844,6.46929031
45.74207752,26.28683794,6.48698179
45.77865747,26.20913829,6.46047007
45.70513086,26.21645423,6.46915324
41.76608329,17.83432808,5.22617861
41.75800144,17.92334165,5.24459740
41.69852306,17.86704875,5.24351898
41.65978744,17.93352542,5.26079345
39.96582635,14.25232044,4.87693876
39.88993425,14.28573091,4.89813356
39.92913054,14.21054050,4.87638110
39.97594871,14.31181076,4.88660366
39.90476319,14.35174145,4.90740729
39.96583999,14.38106141,4.90180020
45.66595612,25.72812114,6.33649790
45.64834372,25.66178916,6.32078186
45.71024623,25.69938673,6.32413242
45.72197746,25.64270801,6.30763492
45.69021359,25.60766075,6.30194629
46.65558035,27.61726200,6.94432633
46.71682658,27.57667698,6.91727112
46.72729788,27.62163407,6.94050390
46.70718186,27.66732479,6.96726401
38.17074953,11.09325116,4.60911467
38.10522842,11.08429486,4.61868942
38.14646264,11.04715807,4.60543861
45.25426317,29.16428350,7.96301060
45.24025927,29.09962150,7.90582372
45.76215337,25.51507899,6.26780940
45.77224437,25.46590356,6.25251012
45.80535005,25.50923000,6.25944818
45.82747953,25.47382783,6.24515449
45.81560060,25.44289958,6.23819974
45.80367467,25.58352720,6.28083612
45.77936206,25.62662480,6.29620611
45.74278254,25.58766194,6.29029135
45.78067593,25.54791843,6.27423327
45.73902825,25.54476570,6.27915222
38.37209226,11.04016651,4.55678703
38.36555968,11.02119886,4.55441177
38.38481335,11.02090007,4.54922681
38.39390689,11.03809315,4.55055460
38.39244334,11.05501375,4.55467055
46.66659911,27.08011907,6.68015268
46.68182780,27.09536951,6.68480309
46.65719432,27.09720177,6.68941168
46.67815782,27.11433173,6.69418561
46.44025814,26.68930075,6.54889497
46.45926389,26.67445780,6.53991240
46.45858907,26.69587639,6.54859184
46.47507579,26.68519208,6.54150797
46.47917764,26.67240367,6.53556015
46.05050065,25.79358142,6.30001531
46.03771391,25.81257133,6.30929426
46.02736982,25.79545524,6.30583220
46.01484917,25.81618451,6.31511317
46.53938793,26.86562547,6.60543661
46.52536123,26.87950991,6.61334193
46.52029985,26.86244717,6.60696899
46.53366671,26.85364231,6.60128319
46.62316485,26.85772050,6.58665880
46.61178199,26.86110796,6.59065586
46.61424656,26.85278787,6.58638695
46.62329782,26.84979868,6.58299016
46.61780854,26.84638423,6.58266418
45.22868053,29.36709620,8.11768730
45.22571809,29.35931572,8.11163927
45.23203640,29.36417856,8.11833635
45.23509368,29.35879864,8.11656355
45.22414079,29.36602654,8.11340942
46.54939987,26.73664194,6.54871109
46.54069177,26.73260307,6.54881497
46.54827621,26.72922121,6.54572799
46.54312966,26.72402207,6.54457655
46.54062711,26.74046156,6.55219810
46.54737522,26.74485361,6.55271514
45.22995926,29.37965201,8.12120946
45.22969703,29.38009669,8.11936331
45.22817166,29.37779955,8.11809582
37.34906897,13.92112599,5.10014515
37.21022018,13.86017571,5.09938647
37.32975545,13.76119528,5.08537644
37.34959149,14.04445568,5.11169364
37.23628859,14.00595826,5.11174111
37.40794809,14.15825823,5.12023704
37.28167638,14.12397008,5.12089273
46.35906912,26.86355849,6.62691951
46.35362061,26.83533850,6.61651025
46.38218512,26.84324903,6.61652320
46.35061394,26.89578958,6.64042700
46.32216390,26.85729571,6.62823227
38.36692886,15.43243273,5.20886428
38.41055752,15.30357435,5.19396133
38.50764040,15.42599197,5.20235507
38.25909179,15.32805965,5.20243807
37.65439815,14.59669952,5.15262968
37.72346125,14.51976764,5.14332568
37.81675861,14.61529001,5.14911100
37.63314892,14.44224184,5.13911939
37.79637835,14.42328113,5.13104075
36.99230549,13.95784027,5.11350692
36.92156623,13.82163955,5.10381027
37.06201128,13.82696392,5.10088780
36.81236793,13.72084912,5.09777349
36.97025470,13.68595131,5.09110599
38.18457903,15.20093306,5.19265603
38.31139204,15.20412978,5.18804369
38.05790367,15.09731200,5.18691200
38.24355324,15.05853076,5.17602980
37.16050445,13.67946124,5.08428903
37.30735154,13.61163980,5.07131589
37.38114533,13.46683696,5.05201008
37.44945046,13.64018570,5.06699395
37.67701910,14.28317455,5.12219323
37.50346780,14.30859673,5.13095835
37.45817434,14.51964891,5.15069629
37.57354660,14.14598431,5.11299144
37.11714762,13.95693674,5.11068819
37.12459512,14.11274109,5.12359689
37.87335973,14.81176478,5.16585932
37.72427785,14.74117361,5.16371442
37.91807911,14.97763231,5.17990255
37.73725848,14.92402846,5.17942955
46.41447613,26.97675952,6.66648782
46.44389004,26.99206030,6.66975398
46.40426008,27.01197043,6.68197332
46.43886551,26.95845094,6.65647460
46.18203197,27.10752145,6.74103637
46.11416446,27.12781721,6.75453699
46.14103333,27.06063938,6.72489126
46.17850770,27.17537913,6.76994256
37.77999097,13.86103604,5.07148015
37.84185501,13.98033166,5.08107598
37.65675733,13.97314371,5.09132183
37.92149467,13.83861109,5.05861538
37.47293129,14.01308832,5.10412252
37.50620230,13.83024741,5.08411827
37.74966268,14.12627072,5.10263819
37.85117345,14.24216731,5.10954436
37.90083717,14.09919415,5.09078888
37.97026726,14.34759353,5.11428346
38.59991520,15.52296246,5.20828726
38.62442871,15.65878282,5.22154904
38.44480573,15.57613838,5.22028557
38.67388459,15.40679204,5.19144478
38.75255996,15.54175724,5.20215678
38.67685657,15.98204661,5.25241248
38.65429503,15.81804969,5.23677124
38.79133931,15.87979620,5.23739749
38.82417248,15.71460868,5.21761716
38.35404826,14.77581993,5.13893496
38.24924530,14.88596080,5.15749464
38.17624269,14.74442571,5.14606190
38.07410297,14.89575135,5.16671818
37.95927822,14.51698505,5.13306092
46.35417192,26.94601893,6.66003073
46.40338764,26.94544582,6.65489487
46.38580192,26.97625007,6.66914580
46.38200633,26.91624320,6.64535784
46.30899235,27.02804611,6.69748318
46.26797234,27.05712680,6.71306002
46.25263625,27.01138587,6.69567022
46.35346252,26.99795499,6.68108563
46.36454848,27.05751748,6.70462110
46.23643810,26.88380048,6.64664881
46.29710809,26.91071064,6.65149363
46.23185849,26.94776621,6.67205079
46.27671858,26.86035683,6.63384248
46.38912455,26.88100052,6.63061949
46.30089961,26.97423502,6.67637262
38.74760515,16.15759848,5.26737253
38.85554559,16.01840920,5.24924088
38.53462688,15.90895491,5.24963483
38.48843233,15.75616922,5.23640591
38.33229041,15.68831334,5.23426853
37.21508673,13.48440714,5.06269009
38.23191144,15.50935064,5.22033630
38.06141899,15.30572230,5.20597244
38.11410852,14.57748158,5.13125952
38.07441784,14.43493355,5.11776768
37.67407009,13.81097090,5.07260891
37.62035590,13.66488821,5.05949517
37.88200826,15.12694016,5.19405151
36.80417023,13.90917028,5.11252226
38.00012542,14.69515286,5.14957925
37.29559186,14.29290501,5.13503856
37.57049419,14.74231110,5.16719670
46.41339468,26.90945034,6.63936002
46.41583073,27.05178620,6.69741099
46.40943514,27.08273065,6.71105316
46.45175462,27.03159193,6.68539999
46.45123076,27.07552643,6.70398643
46.41795703,27.15514947,6.74134691
46.45596837,27.14344315,6.73273468
46.45716009,27.17687268,6.74727411
46.47617591,27.11456874,6.71827456
46.49651892,27.15616621,6.73442842
46.28881634,26.81739146,6.61622853
46.18778097,26.85351033,6.63946681
46.18566460,26.90062624,6.65771188
46.11833435,26.87460792,6.65355433
46.23680956,26.82532141,6.62425368
46.30631906,27.07241172,6.71606729
46.32982396,27.11259219,6.73091067
46.25536294,27.11507693,6.73829679
46.30608064,27.20075064,6.77094096
46.27483926,27.24790021,6.79426586
46.25333746,27.18904425,6.77010082
46.34638364,27.24742341,6.78831787
46.20669500,27.24634284,6.79869201
46.30031312,27.15595315,6.75196819
46.02050517,26.88338454,6.66479583
45.98672488,26.83918832,6.65092437
46.04667307,26.82996431,6.64277365
46.01705704,26.95839322,6.69360958
45.94009133,26.88635997,6.67176580
46.21652477,27.05877968,6.71808897
46.18353901,27.00290012,6.69814926
46.38508824,27.11514117,6.72707865
46.15388254,26.94351637,6.67711463
36.50301823,13.59492835,5.09253469
36.57213516,13.71026111,5.10021908
36.43860125,13.71573256,5.10121085
36.65883025,13.59599191,5.09059344
39.55661631,16.91624139,5.31465653
39.63061557,16.80470449,5.29705963
39.72739245,16.91733636,5.30466507
39.41249885,16.88558211,5.31809228
39.47994386,16.75069438,5.29959668
38.06831437,13.81315870,5.04324367
37.99885299,13.68180246,5.03239912
38.17558518,13.69237359,5.01711280
38.45907606,15.12979601,5.17274536
38.21355741,14.44885894,5.11020182
37.28334762,13.27848353,5.03689977
37.55424874,13.48842369,5.04352596
38.94077358,16.18342066,5.26299377
38.97745806,15.85714934,5.22496033
39.33086210,16.62505312,5.29306216
39.35455662,16.45013090,5.27156077
39.48859370,16.56902211,5.27742711
39.18415788,16.49546451,5.28572505
37.73226282,13.51760192,5.03396540
37.67066632,13.33788241,5.01643777
37.80558669,13.70245224,5.05091961
37.03901621,13.51510658,5.07326147
38.34002181,15.88716882,5.25185005
46.41291870,26.85248943,6.61672050
46.40669888,26.81884589,6.60419762
46.37275347,26.80664688,6.60332829
46.42533114,26.88051081,6.62645311
46.33190108,26.80600796,6.60750306
46.09272597,26.93651637,6.67940271
39.86639501,17.56999602,5.37429699
39.81209864,17.73356532,5.39400068
39.68390924,17.61446261,5.38537685
39.85086688,17.87227324,5.40728925
39.67970400,17.81422146,5.40526341
36.68236401,13.76372221,5.10305578
36.58384728,13.88137461,5.11200204
39.04794559,16.34436765,5.27547321
38.99233392,16.51981824,5.29548249
38.86228787,16.34041363,5.28175992
39.11672645,16.19283311,5.25546084
39.22121199,16.32760147,5.26505451
39.03622549,16.04295399,5.24289129
39.09181213,16.89712173,5.32925207
39.27066843,16.90820028,5.32574402
39.24057486,17.08368873,5.34378517
39.32899314,16.77590778,5.30975851
39.53933784,17.45768396,5.37332634
39.69978859,17.45482017,5.36821489
39.80040455,17.36015538,5.35347995
39.15781958,16.70633746,5.30891553
36.84799876,13.54746198,5.08242328
39.60880237,17.27208307,5.35197541
39.75675426,17.20067855,5.33717049
39.39525406,17.27194937,5.35848485
39.44535062,17.06130776,5.33562816
39.65075379,17.07374796,5.32795032
38.57556206,15.28343517,5.18325700
38.01613566,14.17498079,5.09182438
38.65187840,16.32141073,5.28488328
38.79305851,16.51630085,5.29990170
38.93833332,16.70733327,5.31464374
38.28478895,14.61192482,5.12444937
38.13365788,14.29566153,5.09774840
38.40648225,14.93914956,5.15438358
38.51969329,16.09651470,5.26718536
36.93017015,14.11543890,5.12657799
38.16245933,15.70788990,5.23908491
38.00531106,15.51884588,5.22523212
37.83892103,15.32659624,5.21133450
37.67839745,15.13065619,5.19722583
37.07272217,14.30962954,5.13970322
37.51967033,14.93222016,5.18308395
37.37198506,14.72621969,5.16849494
37.22802224,14.51324855,5.15359156
46.43825254,26.92811539,6.64417972
46.45729369,26.79837721,6.58972041
46.45152697,26.81772473,6.59821581
46.43448768,26.80769529,6.59641411
46.46027759,26.83691760,6.60477578
46.43453368,26.83163534,6.60590705
46.45260984,26.87868870,6.62254399
46.47328436,26.86209502,6.61326875
46.47671619,26.89307011,6.62543591
46.44271984,26.85698160,6.61501389
46.41851410,26.79492260,6.59338722
46.43831492,26.78474991,6.58683855
46.39971926,26.79161679,6.59438160
46.41714275,26.76969964,6.58368271
46.46392521,26.91554363,6.63615339
46.46732746,26.94014274,6.64582690
46.49373251,26.91927733,6.63408298
46.44489531,26.89983577,6.63198644
46.32813954,26.72956909,6.57896145
46.33540418,26.76781029,6.59258483
46.30398923,26.77291067,6.59785029
46.35520367,26.77988556,6.59499302
46.48036393,27.05435955,6.69205599
46.48778545,27.03264904,6.68207802
46.51513175,27.04979232,6.68639478
46.43201305,27.11449846,6.72248081
46.19139350,26.80946363,6.62251912
46.21513060,26.77540998,6.60759739
46.15345640,26.82016478,6.62996411
46.16162566,26.76575387,6.60904172
45.92535716,26.70954271,6.60910759
45.97858672,26.72190656,6.60919076
45.94073875,26.75410129,6.62363729
46.04268601,26.75629220,6.61614352
45.98792401,26.78494062,6.63101386
46.06313625,26.90664445,6.67028221
46.13517814,27.25090795,6.80561788
46.23843114,27.31116541,6.82543666
46.35815940,27.16957859,6.75293651
46.10523442,26.99547795,6.70149584
38.96472055,15.06815592,5.12649881
38.82652637,15.13867687,5.14811890
38.81147371,14.98371833,5.12933463
38.75426766,15.27198628,5.17032119
38.67128705,15.13072691,5.15917669
38.02977413,13.97906507,5.06735868
39.77748419,16.75750970,5.28062622
39.92704994,16.88686374,5.28582513
39.21604254,16.06070267,5.23370610
38.94735145,15.54114609,5.18918252
39.01657137,15.67310670,5.20035811
38.85311613,15.39508972,5.17815980
39.06533236,15.35738188,5.15597309
39.52624359,16.39802338,5.25335385
38.60301487,14.96715070,5.14428375
38.20772810,13.87506572,5.03860185
46.47177788,26.97000398,6.65763404
46.26134848,26.77741209,6.60385915
46.38345418,26.76803373,6.58719795
46.10427443,26.79489264,6.62492062
46.06216620,26.87363980,6.65783845
46.04628966,27.15040019,6.76845858
46.03703882,27.06818873,6.73546310
37.91869539,13.52518391,5.01915527
37.84285931,13.36315331,5.00468136
37.48679807,13.27620112,5.02308284
38.47145418,14.63730925,5.11367081
38.53817254,14.80117192,5.12879765
36.87166535,14.30297402,5.14007775
36.72342595,14.09838459,5.12636478
39.82988679,17.06284705,5.31603894
39.90999947,17.22727940,5.33136525
40.51635172,18.78284150,5.48589978
40.36088755,18.70961902,5.48202564
40.44845737,18.56109386,5.46313464
40.56492867,18.95430178,5.50354986
40.38360114,18.90379891,5.50184285
38.30998209,14.28981198,5.08326023
38.21290071,14.09428432,5.06669301
40.10920172,17.94957428,5.40686555
39.97561382,17.99813902,5.41691638
39.97953414,17.79716252,5.39501473
40.26701230,17.98973582,5.40413549
40.15003738,18.15273974,5.42800025
37.78566852,13.22364732,4.99131684
36.70935324,13.40073508,5.07347167
36.52026608,13.43728397,5.08050563
36.34607459,13.51890435,5.08829835
39.63582167,16.50939176,5.25925241
40.29641913,18.36437686,5.44635790
40.10689086,18.37297494,5.45251163
40.24956901,18.55683969,5.46844198
40.60085546,18.49229159,5.44816893
40.64412995,18.65631906,5.46620917
36.27091230,13.70877014,5.10033812
40.17369233,17.81041658,5.38742239
40.07558262,17.61523136,5.36916797
40.36869170,18.17558602,5.42135029
40.48803833,18.35693355,5.43732394
39.95619138,18.19117929,5.43716219
38.39246084,14.46562512,5.09856644
39.39202956,16.27897509,5.24823889
39.26799211,16.19100966,5.24602375
39.81075345,18.01875521,5.42280423
39.98664191,17.41586805,5.34996270
39.15357275,15.92277838,5.22119440
39.50850982,17.63783328,5.39125854
36.90896546,13.36554476,5.06395479
39.35535699,17.46299893,5.37718545
39.20196883,17.27496726,5.36203649
39.04865331,17.08467063,5.34683474
37.64225132,15.32185550,5.21196803
37.80044554,15.52173289,5.22673887
38.89474437,16.89286800,5.33165413
37.48379150,15.12133757,5.19733612
37.32503697,14.92026087,5.18287724
38.29187938,16.09947773,5.27011252
37.09569870,13.32799016,5.05234207
38.74011235,16.70026503,5.31655360
38.59422857,16.50504340,5.30131547
38.44985808,16.30280325,5.28564385
39.19926007,15.74186850,5.19485094
38.12378929,15.90708301,5.25559610
37.96575059,15.71083577,5.24082912
37.01752881,14.50889956,5.15409441
37.17507382,14.71247757,5.16820940
46.53820466,27.02823290,6.67452497
46.55714137,27.01021879,6.66444184
46.56916153,27.03357052,6.67301659
46.52549369,27.00164283,6.66469560
46.24003408,26.73599290,6.59060157
46.49804777,27.08094110,6.70157346
46.42166584,27.21450027,6.76715373
46.42556188,27.40786146,6.85649269
46.36617253,27.39319799,6.85413995
46.41469429,27.35017967,6.82988151
46.29259906,27.36194745,6.84492017
46.35468207,27.32183315,6.82152696
45.89117391,26.23095633,6.45639427
45.87844348,26.29904837,6.47845242
45.84327971,26.19008805,6.44872710
45.63479316,26.02548022,6.42048696
45.62940322,26.09696328,6.44109487
45.55785631,26.06034775,6.43678556
45.69689738,26.00021031,6.40770937
45.71586317,26.07433113,6.42693220
46.30139521,27.29803149,6.81477767
46.10008834,26.72310638,6.59913225
46.15645616,27.31627669,6.83325219
46.11515567,27.36889681,6.85955367
46.04418654,27.31531657,6.83922430
45.93209275,26.80830259,6.64372676
45.85716244,26.82760919,6.65582557
45.87725293,26.74448644,6.62496157
46.08819837,27.20457207,6.78861434
46.33439735,27.61538270,6.96718987
46.27893382,27.66373313,6.99575796
46.28083417,27.58867080,6.95657371
46.36718484,27.68331838,7.00122978
45.57300867,26.14829077,6.46026792
45.66304716,26.15942830,6.45610647
45.60453082,26.26448470,6.49133087
46.48426475,27.00402310,6.67042311
39.41791921,16.08632050,5.22157985
37.74424759,12.95442759,4.95796706
37.83323163,13.07585733,4.96615293
37.65529251,13.12708844,4.99038639
37.72515004,12.76513771,4.93245764
37.89984007,12.87671665,4.92986406
37.21599932,12.93254154,5.00098696
37.28063154,13.09488712,5.01594167
37.14701605,13.13603514,5.02909027
37.38626780,13.13984599,5.01390521
41.06024818,19.08024105,5.49824093
41.01924668,18.96435932,5.48521297
41.12791598,18.97928965,5.48004461
40.93005565,18.85720941,5.47638840
41.10553786,18.85593264,5.46428094
37.93363276,13.21057096,4.97489164
38.58513009,14.48486095,5.08401805
38.73112145,14.81912160,5.11488406
38.93229549,15.23154818,5.15114982
40.89094634,19.04529645,5.50264208
40.69299921,19.08381336,5.51456187
40.72112141,18.87083284,5.48875574
40.99430275,19.20170763,5.51748153
37.49826464,13.06177212,4.99542402
46.28266344,26.73513534,6.58594692
46.19962009,26.73343931,6.59361866
46.50944230,27.02330926,6.67574652
46.35775676,26.75074302,6.58358913
46.49735834,26.94957415,6.64619945
46.50687687,26.97675108,6.65640663
46.41140271,27.28438119,6.79961267
45.74436315,26.15321813,6.44711178
45.75696258,26.00369070,6.40291866
45.94941725,26.64971460,6.58637624
46.03173365,26.68427879,6.59138448
45.88447813,26.67462457,6.60015376
46.16192128,26.69086200,6.58180429
38.02428617,13.36192002,4.98679665
40.11268006,17.24462537,5.31903557
38.39853104,16.49552376,5.30084392
38.24291284,16.29917473,5.28553185
37.77260478,15.70546791,5.23997105
37.61484837,15.50564492,5.22491357
40.56764506,18.18074020,5.41028741
40.45274724,18.00852856,5.39541601
39.73784973,16.35046860,5.22896604
39.57259470,16.21710624,5.22571960
41.20897471,19.84417754,5.58879926
41.30068411,19.69256016,5.56638400
41.43149130,19.85635468,5.58188042
41.07594749,19.82376273,5.58966181
41.09504708,19.67394358,5.57165417
40.84286513,19.24444475,5.52855397
41.15585637,19.22152740,5.51153556
41.02706430,19.41453354,5.54256562
39.63510984,16.65988413,5.27869830
39.81277188,16.55537872,5.25045361
40.92877563,19.79232106,5.58847784
41.22427441,19.53044943,5.54883153
38.01159707,13.03591373,4.94115286
38.12329528,13.18305308,4.95041770
40.82880580,18.70178495,5.46203932
36.18102199,13.35700907,5.07806967
36.37729492,13.30191902,5.07233523
36.17606087,13.55233200,5.09043823
36.08605448,13.70985385,5.09833436
41.21837136,19.37653472,5.52878773
40.80440961,19.43770445,5.55149421
38.10784938,13.52486282,5.00091261
36.56056495,13.22997256,5.06274256
40.69046734,18.35078096,5.42452115
40.66390476,19.27439532,5.53624110
40.07296885,18.56488540,5.47207216
40.21362013,18.73636478,5.48726566
40.36048858,17.83139856,5.37854692
36.39422467,13.89161219,5.11206921
40.51620058,19.10847138,5.52102720
38.66727503,14.64994946,5.09831856
40.74895784,18.52966461,5.44437906
40.00703506,17.07180845,5.30421854
39.92348420,18.38543002,5.45640438
40.26897969,17.64543848,5.36058980
40.17791884,17.45321970,5.34187172
38.50010364,14.30802313,5.06847729
36.77526416,13.21155028,5.05435239
39.77327714,18.20208024,5.44057588
36.96650651,13.17633937,5.04290077
39.32557898,15.91253940,5.20653719
39.62280963,18.01800721,5.42487222
38.08667136,16.10197376,5.27028225
37.92988545,15.90424505,5.25510256
37.45673955,15.30517493,5.20998723
37.29835269,15.10413996,5.19522585
37.13972026,14.90213683,5.18063263
36.98091458,14.69890712,5.16622682
39.47215762,17.83162176,5.40913736
36.53007653,14.08271780,5.12453192
39.32054119,17.64634745,5.39366032
39.16806978,17.45826886,5.37809640
39.01500281,17.26792885,5.36251006
38.86186645,17.07619414,5.34697314
38.70809221,16.88366785,5.33153058
36.67328422,14.28768921,5.13808090
38.55360110,16.69030500,5.31617124
38.42064315,14.13169762,5.05248206
38.38313588,13.94855284,5.03128405
36.82186749,14.49492866,5.15206135
46.50104142,26.87448457,6.61465979
46.50930527,26.89621248,6.62253247
46.50121680,26.85368967,6.60608293
46.47487939,26.81559846,6.59422087
46.44313274,26.76344976,6.57776065
46.36197362,26.72397043,6.57292605
46.35487568,26.70053309,6.56492402
46.38624842,26.70456346,6.56250163
46.32241037,26.66822516,6.55677110
46.28992396,26.66318622,6.55866819
46.31732812,26.63386737,6.54470893
46.33163232,26.69382785,6.56519296
46.30316936,26.69771133,6.56988685
46.25234260,26.65551428,6.56000439
46.26419248,26.69643608,6.57361963
46.22029775,26.69291849,6.57684223
46.54678175,27.22817562,6.76174568
46.51738361,27.25228775,6.77553782
46.49196455,27.20976209,6.75865804
46.51681887,27.29550515,6.79550539
46.47041259,27.26126620,6.78391285
45.78289973,25.95747963,6.38727713
45.81740787,25.98852958,6.39253379
45.78295793,25.90332509,6.37208519
45.82971676,25.93875765,6.37709177
45.80357242,26.15734675,6.44280510
45.85403183,26.12995227,6.42982707
45.79749928,26.10440641,6.42787954
45.80289864,26.04282763,6.40954656
45.86313797,26.01559773,6.39551025
46.40364137,27.47106931,6.88908811
46.47822588,27.44647568,6.87105829
46.30579461,27.44646705,6.88416529
45.45374503,26.00902541,6.43085154
45.56111339,25.97368536,6.41261701
45.73034557,25.94928771,6.39023834
46.06417788,27.43652697,6.89328139
46.13810628,27.53025514,6.93472856
46.00829871,27.57209501,6.95998858
46.19574549,27.40766753,6.87284052
45.94954477,27.02198747,6.72275793
45.93030418,27.08940577,6.75041228
45.85080088,27.02183109,6.72814364
45.67777507,26.44361228,6.53993686
45.75629097,26.48729042,6.54792479
45.67429295,26.55327994,6.57462268
45.67672423,26.35276608,6.51219182
45.76882323,26.38485698,6.51473184
45.84244697,26.91673975,6.68912578
45.91860191,26.96324296,6.70204511
45.98423714,27.13966653,6.76772195
45.89883004,27.17790242,6.78764065
45.99586632,27.21082326,6.79662588
46.24388416,27.51766748,6.92297834
45.50195882,26.19716730,6.47926426
45.44896209,26.28480958,6.50728624
45.38769617,26.18234646,6.48217765
45.48114886,26.11163300,6.45684460
41.31202400,19.11192590,5.48526755
41.18753735,19.06437807,5.48777545
41.28142832,18.92933065,5.46078038
41.33689176,19.27506006,5.50706564
37.47663448,12.90121514,4.97618281
37.37035564,12.98782765,4.99630426
37.35857828,12.78986720,4.97167369
37.60739476,12.92779748,4.96775469
38.99964761,14.90338318,5.10034164
39.10950292,14.99614649,5.10194538
39.25865571,15.00475218,5.08696981
39.12363186,15.15565207,5.12290958
42.02095264,20.50882272,5.64126014
42.02759260,20.69073893,5.66752233
41.81912194,20.59445468,5.66374627
42.14953345,20.43194705,5.62024080
42.19843584,20.57720098,5.63936195
38.59944294,13.71457741,4.97405657
38.52427938,13.85255065,5.00267621
38.38038649,13.74015050,5.00243957
38.55242226,13.99818186,5.02035148
39.32854752,15.13780216,5.09854163
39.23999200,15.26036100,5.12566184
39.26878896,15.40184831,5.14259449
38.85850212,14.66940995,5.08217985
38.88773161,14.81813626,5.09985527
41.68657645,20.06670125,5.59732332
41.50425224,20.07851745,5.60797951
41.62945764,19.92544163,5.58064649
41.36207851,20.17204856,5.62434396
41.29638701,20.01403277,5.60691324
35.60166642,13.08425289,5.05909098
35.67359109,13.24472665,5.06820682
35.46432258,13.21669549,5.06252375
35.74915242,13.02444081,5.05704395
39.51835975,15.89174113,5.18616265
40.07742843,16.77663908,5.25680932
40.14343287,16.63242881,5.22893544
40.25435719,16.76918510,5.23753631
39.96203169,16.68739536,5.25514768
39.13344293,15.54483141,5.17472271
40.12293844,16.92823255,5.27418513
39.04823266,14.71008040,5.06763011
46.20564100,27.60822944,6.97057782
46.52428420,26.91294584,6.62747210
46.46479409,26.77296000,6.57848585
46.52707280,26.95702374,6.64561863
46.48466763,26.83757039,6.60177929
46.53637070,26.97806672,6.65333939
46.40597724,26.74689248,6.57624029
45.86642522,26.59529611,6.57464694
45.95481250,26.56239212,6.55619637
45.77445852,26.57831492,6.57598132
45.82263490,26.52238892,6.55407023
46.53821625,27.08069739,6.69714984
46.02324455,26.61006664,6.56630189
45.89334006,26.50665842,6.54306371
45.83509968,26.44833530,6.52917906
46.52034738,27.11433885,6.71371505
46.09337191,26.65026575,6.57384981
46.46632787,27.31886412,6.81085791
45.85769839,26.07224900,6.41252858
35.99174914,13.30473731,5.07472988
36.11016724,13.18361491,5.06667249
46.34125470,27.53854586,6.92729270
46.47474075,27.38170518,6.83986564
41.37308941,19.56512714,5.54554630
40.16651811,17.07795468,5.29142154
40.26469737,17.15804687,5.29375360
45.80835028,26.67335357,6.60527033
40.65081591,18.01830882,5.38195396
45.65019777,25.94090599,6.39559789
40.92258494,18.54456016,5.43423248
41.02623166,18.70505002,5.44891278
40.36804202,17.48885434,5.33145852
40.46162524,17.66506391,5.34818059
40.55491062,17.84076815,5.36497825
39.73528101,18.38545005,5.45703704
39.58529360,18.20125584,5.44088058
36.79585540,14.67896773,5.16239027
36.63689584,14.47433723,5.14819006
37.11304392,15.08607969,5.19158020
37.27130661,15.28804471,5.20647851
37.58699982,15.68945559,5.23674565
37.74413797,15.88920564,5.25206895
38.21241395,16.48271380,5.29840432
38.36726241,16.67898776,5.31400359
38.24566994,13.34464916,4.96035232
38.06875907,12.88479886,4.91168349
38.68841802,14.31670495,5.05063678
38.80852313,14.48470315,5.06149725
37.02746557,12.98950456,5.01973579
36.84441595,13.02787517,5.03340790
41.50021463,20.28614390,5.63467937
41.68162020,20.24351421,5.62219522
41.82194059,20.12199089,5.59681597
41.86522875,20.28018565,5.61730501
42.30174690,21.10208240,5.71295405
42.14198056,21.06191954,5.71481474
42.23802336,20.93512835,5.69165740
41.99194489,21.10482367,5.72558492
42.04382491,20.90516016,5.69705506
41.77851356,20.39999825,5.63906212
41.63957793,20.44544762,5.65058941
41.89982314,20.42539006,5.63633036
35.86274499,13.24099975,5.07027704
35.98165100,13.12805678,5.06358418
35.84103132,13.11697000,5.06289370
36.25850400,13.15057713,5.06259942
41.89549913,20.79009430,5.68708378
41.73137200,20.80248332,5.69317876
41.85544835,20.95815370,5.71002106
41.35944572,19.43211855,5.52786025
41.07504618,19.97270335,5.60654028
36.40675330,13.13370233,5.05841250
36.01334150,13.50774298,5.08657388
41.60841221,20.63733779,5.67535688
41.46097575,20.47686472,5.65875814
41.79538769,19.96458665,5.57514241
40.91973381,19.59593255,5.56688719
41.32275170,20.31712736,5.64222451
41.19632096,20.16110052,5.62611955
40.84434487,18.30074856,5.40595349
40.75473023,18.17504829,5.39549942
35.80298634,13.43206408,5.07959136
35.84575069,13.70045759,5.09274415
41.47934142,19.66171072,5.55254419
41.61633620,19.75376266,5.55667619
40.29845029,17.30866344,5.31215819
40.75886288,19.63206384,5.57301708
39.32844268,15.56846872,5.15984432
39.41337956,15.73743147,5.17495334
36.65777159,13.05048554,5.04348517
36.49470460,13.04724985,5.04868308
36.20466644,13.88855206,5.10953079
40.83833238,18.41968259,5.42321966
38.60358206,14.16000473,5.03766817
38.30029839,13.54480805,4.98329833
39.28438986,17.82964359,5.40887733
39.43510113,18.01504507,5.42475514
39.13315925,17.64155165,5.39294274
40.61903459,19.45924383,5.55614135
40.47344174,19.29132328,5.54004613
38.98103832,17.45124594,5.37699145
38.82819975,17.25952191,5.36110106
38.67517024,17.06705481,5.34532352
38.52153867,16.87373303,5.32963955
40.32746973,19.10965437,5.52285286
40.03244138,18.74843410,5.48953246
40.18049816,18.92602855,5.50577620
39.77240288,16.14348389,5.19627795
39.92228184,16.39684234,5.21743663
38.05692659,16.28560001,5.28288477
37.90077758,16.08792396,5.26745474
39.88423495,18.56871813,5.47332860
37.42933673,15.48904200,5.22153694
36.33727036,14.07272735,5.12140543
36.48783727,14.27103544,5.13454643
36.95456678,14.88289651,5.17686332
46.48158096,26.79205221,6.58373536
46.43451720,26.74111211,6.57014555
46.38397193,26.73531510,6.57456421
39.63742394,16.03265526,5.19417764
46.54731483,26.88037344,6.61044500
46.56034211,26.86379231,6.60130566
46.55788300,26.89616099,6.61552726
46.54414309,26.90813871,6.62266680
46.53480096,26.89588567,6.61884512
46.54375827,26.92308319,6.62904282
46.59263316,27.03361303,6.66996544
46.58322346,27.01557256,6.66333823
46.60806325,27.02218710,6.66277966
46.52209119,26.93404423,6.63660811
46.55072347,26.99162445,6.65728153
46.55842296,26.97762348,6.65026170
46.57781764,26.99103842,6.65340453
46.54741485,26.94218722,6.63664223
46.49551242,26.77045554,6.57280881
46.35015035,26.67449224,6.55572802
46.34420161,26.65021353,6.54740123
45.94264168,26.26958997,6.46314752
45.99940598,26.29882285,6.46650228
45.94428534,26.34685691,6.48709098
45.94843262,26.20524673,6.44282308
45.99535507,26.23947016,6.44840895
45.90257706,26.16531633,6.43546215
45.97489636,26.49047046,6.53046171
46.42739380,27.53860295,6.92123307
45.72312256,26.63769071,6.59894192
45.71310299,25.88563938,6.37431174
45.57332349,25.88548952,6.38757886
45.91687115,26.42937528,6.51590975
45.75349543,26.83483739,6.66439422
45.74374336,26.95556453,6.70819873
45.36702222,25.75166039,6.37021263
45.32481959,25.83429272,6.39448326
45.26086713,25.75927137,6.38011935
45.36859976,25.91404614,6.41189558
45.19540608,25.90187993,6.41954829
45.32452722,26.01632803,6.44146738
45.41997956,25.83000769,6.38608995
45.48368155,25.90630028,6.40095722
45.64633970,26.87703899,6.68385103
45.63114708,26.99969690,6.72796300
45.51487191,26.91121868,6.69904970
45.94694209,27.47263514,6.91427565
45.99303465,27.40098661,6.87987998
45.86910115,27.46758284,6.91372236
45.90897864,27.38722165,6.87652806
46.30578045,27.76918646,7.05158422
46.40272648,27.84378063,7.08905325
46.29955444,27.89927329,7.12623708
46.41009983,27.75431388,7.03763522
45.86076269,26.37020354,6.50221255
45.59328706,26.39954355,6.53216307
45.50581732,26.36618211,6.52752970
45.29277665,26.30403911,6.51964652
45.39424787,26.08515485,6.45544475
45.82108716,27.23300702,6.81310449
45.79105843,27.32439703,6.85206084
45.70166619,27.21873283,6.81005834
45.91334115,27.27750826,6.82861726
46.11071807,27.64005334,6.99079824
45.73921756,27.08667705,6.75746039
45.59931309,26.48858817,6.55889132
45.81531278,26.31879796,6.49032485
46.48353380,27.50974232,6.90224362
46.54181073,27.41371427,6.84962873
46.52111407,27.35035689,6.82089625
41.21750993,18.23465893,5.35991478
41.21247302,18.36427973,5.38079961
41.10153323,18.25886748,5.37580301
41.36416254,18.25603127,5.34742045
36.34294881,12.96114044,5.04547973
41.50632104,19.50436275,5.52799100
36.13412927,12.99481118,5.05265514
35.92904338,12.94896653,5.05177251
40.41393174,17.17240946,5.28118198
40.95930551,18.18334112,5.37837031
37.76127442,12.56564265,4.89829070
37.63634829,12.61373917,4.91961108
37.64095084,12.45559241,4.89522980
37.89307961,12.66597390,4.89844881
39.05880745,14.26584863,5.00146955
38.97930349,14.39171747,5.02916963
38.87499666,14.29711057,5.02731490
39.00154396,14.53068787,5.04686579
38.41571203,13.25131337,4.92669626
38.44044717,13.40124715,4.94625873
38.56857529,13.26862166,4.91111999
41.84583053,19.53271268,5.50288131
41.75732840,19.67677381,5.53398664
41.65234498,19.59127643,5.52960733
41.77212315,19.80913177,5.55325388
43.11216614,22.50300659,5.88552919
43.25408347,22.40917112,5.86179051
43.27365547,22.55691127,5.88530822
43.09405116,22.32233128,5.85764187
37.53539908,12.73949822,4.94838810
42.67769514,21.92491029,5.81677460
42.75290619,22.04043107,5.83079607
42.60709143,22.08510565,5.84184831
42.88727288,22.08904178,5.83198982
42.74314118,22.19392307,5.85350627
39.44968230,15.41628734,5.12562622
39.39674967,15.27244833,5.11056294
39.57619127,15.28087358,5.09152104
39.51704275,15.13785092,5.07713889
38.04437807,12.72598640,4.88986950
38.20407456,12.78681066,4.88021425
38.02918931,12.52801120,4.86033807
38.18860549,12.61129828,4.85415298
42.89876668,22.26653630,5.85864437
42.93398297,22.44773350,5.88436429
42.71773411,22.40161490,5.88303616
37.21210105,12.74532745,4.97798770
37.07379260,12.79656575,4.99453560
37.11930719,12.60569573,4.96750946
39.70928721,15.85309390,5.16087835
39.60609569,15.72908255,5.15399497
39.75954450,15.70740372,5.13383368
42.77420675,21.77464629,5.78900699
42.59284393,21.78249011,5.79933723
42.85067872,21.92393746,5.80808786
41.50560477,19.33642546,5.50299491
41.49567370,19.15536215,5.47617286
41.65767889,19.23868235,5.47396301
41.42888504,19.02078991,5.46152248
41.56913895,19.00449683,5.44538965
36.53227642,12.87314840,5.03138593
35.79109587,12.85748605,5.04648895
35.91085015,12.73462810,5.03646776
35.62393180,12.89895094,5.04917131
35.73901416,12.67549145,5.03444738
41.12879088,18.53664444,5.41553234
42.19513821,20.76566691,5.66874045
42.36895325,21.27613655,5.73520304
42.27962906,21.44031659,5.76220221
42.15488678,21.25514026,5.74091113
42.50219667,21.12294196,5.70340440
42.55212657,21.30823650,5.72939285
41.00111962,18.37247928,5.40272727
38.31756810,13.14314753,4.92194433
39.82015952,15.96916088,5.16577778
38.69383308,14.03956123,5.01058215
40.55620582,17.49442227,5.31479524
40.33162685,16.98700885,5.26199828
35.46214224,13.04043987,5.05473868
39.20062546,14.84910238,5.07079724
46.49552830,26.82241398,6.59405737
46.55226974,26.96162303,6.64424783
46.41124153,26.72194014,6.56586797
46.49705106,26.80554448,6.58693301
46.52112229,26.84658607,6.60024183
46.48184611,26.75317194,6.56794134
46.46041659,26.74868769,6.56941602
45.91201523,26.04139028,6.39772312
45.87104179,25.96693770,6.38062300
46.09160851,26.58698958,6.55201334
46.55451677,27.05436940,6.68385840
46.53900607,27.18501750,6.74304271
46.54574375,27.14499658,6.72452547
46.56095667,27.10809442,6.70658859
45.91550206,26.10193550,6.41522077
46.15004124,26.62435106,6.55934722
46.20566944,26.64452560,6.56093039
45.51227908,25.82081837,6.37580187
45.80047436,27.16689262,6.78692430
45.84340096,27.11129752,6.76325139
45.72903095,26.72237790,6.62688466
45.80356066,26.76104620,6.63569719
45.64571564,26.65899881,6.61033660
46.03133372,26.54178468,6.54231419
45.31937659,26.10989164,6.46636604
45.32104828,25.67859676,6.35548220
45.22937447,25.64983164,6.35541512
45.13376335,25.73098900,6.38128072
40.67744966,17.65477064,5.32667313
40.47694480,17.33456852,5.29894105
36.90014206,12.83915621,5.01036303
45.64700489,25.85481123,6.37238305
41.94419797,20.00343266,5.56932369
39.99143081,18.93199380,5.50575338
40.13884198,19.10978516,5.52253971
41.55010749,20.82365202,5.69812525
40.75669605,17.84847022,5.34781434
41.27956435,20.49427390,5.66256060
38.33517504,16.86242961,5.32602436
38.18112523,16.66623336,5.31013645
39.84369338,18.75196412,5.48903087
37.87102379,16.27159818,5.27864782
37.71502976,16.07293699,5.26302023
39.54718224,18.38454537,5.45570436
39.39752720,18.19848496,5.43918293
36.92790986,15.06690640,5.18641637
36.76952913,14.86302505,5.17162530
36.15060768,14.07441150,5.11727749
36.00567098,13.90150834,5.10572122
38.48859413,17.05713241,5.34196463
38.64149961,17.25043172,5.35797019
38.94605115,17.63452854,5.39031829
39.09695940,17.82477003,5.40660423
40.86583113,19.99319312,5.61006182
40.99943593,20.17000509,5.62837608
40.28446294,19.29250901,5.54005149
40.42856111,19.47404463,5.55775802
42.53743537,21.64921557,5.78216728
42.69554367,21.63702850,5.77206916
42.41342909,21.56929885,5.77561599
42.60187700,21.49351556,5.75528539
46.40568528,27.60537855,6.95731162
42.38325651,21.76450513,5.80334850
42.49544962,21.94149806,5.82473815
35.46135736,12.88605206,5.04715932
35.37482051,12.78494170,5.04097243
35.54488260,12.72766093,5.03881929
42.44025701,21.42049988,5.75298640
38.77390066,14.16171556,5.01917670
38.72284362,13.87007935,4.98255051
38.21043174,12.98500613,4.91040929
42.40406878,20.96224074,5.68492157
42.34975526,20.81025247,5.66477438
42.22274516,21.62499531,5.78807614
40.85300502,18.01646541,5.36357822
35.28997937,12.97893388,5.04841714
41.68021668,20.98615301,5.71602107
42.03740459,20.32751547,5.61256661
42.09252689,21.46903739,5.77018284
41.95206422,21.29736612,5.75066159
38.49800590,13.56721637,4.96414465
41.97824395,20.15896479,5.59094521
39.52252291,15.57692639,5.14097394
39.94990455,16.22359241,5.18911216
39.92399571,16.06695556,5.16874225
40.57308711,19.64377052,5.57462071
41.41431300,20.66766979,5.68121417
41.81513763,21.14367167,5.73349807
37.55853471,15.87326042,5.24744893
37.40149331,15.67292161,5.23197689
38.02641173,16.46920757,5.29434176
41.13992569,20.33289784,5.64545869
35.60304269,13.44825362,5.07564331
35.45459097,13.39832831,5.06918468
41.24797074,18.70106847,5.42933681
40.03119700,16.51127751,5.22285664
36.61090676,14.65844206,5.15710684
36.45205823,14.45297783,5.14288252
36.29748723,14.25590669,5.12948856
36.72603207,12.87417280,5.02319707
40.11111400,16.33128124,5.18734939
39.24732015,18.01291593,5.42289912
40.71825192,19.81951901,5.59231973
38.79418121,17.44288989,5.37408869
39.69590639,18.56875628,5.47229267
37.24391765,15.47197086,5.21663483
37.08601679,15.27004026,5.20143902
46.37355213,26.68080407,6.55511444
46.55912509,27.27084566,6.78014127
45.91877728,25.98724464,6.38106698
46.28040109,26.63246591,6.54856753
46.29220781,26.60404104,6.53688541
46.49406774,26.73905897,6.56019434
46.49808448,26.75186998,6.56477803
46.50765937,26.74092697,6.55862398
46.51432996,26.78196449,6.57449097
46.51547789,26.76842551,6.56866831
46.52888069,26.77478022,6.56898339
46.49988834,26.78949327,6.57992149
46.50705887,26.83491735,6.59751163
46.51433913,26.81688682,6.58895983
46.44507430,26.65928157,6.53624647
46.43923538,26.67387495,6.54297552
46.42490635,26.66387735,6.54129603
46.42488723,26.67981014,6.54752756
46.51424721,26.79832199,6.58127524
46.59767023,27.00524969,6.65680558
46.60526530,26.99072091,6.64929094
46.61696518,27.00540156,6.65401491
46.47714109,26.73527081,6.56143661
46.56992175,26.94658370,6.63531950
46.40249629,26.67549882,6.54913326
46.37519719,26.65472666,6.54501066
46.59093123,27.05434895,6.67931959
46.61175390,27.04244594,6.67122839
46.32636429,26.60004526,6.53113406
46.35951202,26.58901553,6.52247173
46.35651731,26.62416838,6.53605326
46.53791226,26.84112521,6.59534652
46.52585156,26.83066035,6.59288441
46.24902588,26.60853609,6.54349505
46.54884673,26.85166891,6.59804094
45.96422322,25.98486133,6.37479635
45.95774035,26.01730021,6.38528602
45.99700544,25.99899104,6.37473632
45.91686825,25.94139109,6.36788732
46.63091030,27.42109740,6.84528511
46.66546019,27.40468366,6.83387739
46.66510543,27.44756813,6.85528822
46.59513305,27.41022096,6.84320482
46.62212120,27.38560147,6.82867725
46.57956378,27.16648441,6.73049109
46.58178543,27.20328560,6.74688801
46.59824998,27.51516090,6.89555351
46.54169170,27.53090290,6.90834921
46.54171728,27.48052630,6.88274517
46.49722174,27.58273749,6.93876820
45.61178168,25.73409423,6.34353996
45.65241884,25.78544979,6.35316578
45.70695081,25.75996782,6.34075753
45.70540755,25.82207530,6.35771291
45.64711861,26.76481163,6.64534116
45.56637144,26.80708680,6.66254314
46.57688996,27.37070412,6.82563791
45.58852187,25.80483752,6.36454939
46.47235783,27.68210527,6.99370020
46.50235076,27.79350485,7.05401874
45.49538553,26.48217235,6.56239139
45.56787102,26.58277069,6.58982327
46.48112571,27.88776534,7.11058112
46.57277877,27.88004839,7.10017769
46.41469712,27.94016079,7.14568833
45.38896373,26.40475943,6.54425295
46.18549864,27.91585758,7.13947331
44.96292528,25.45871241,6.32797703
44.93040551,25.31957553,6.29899446
45.08963333,25.34445429,6.29353597
44.83952847,25.40761299,6.32299982
45.92261893,27.67739500,7.01392835
45.83795953,27.57206687,6.96287416
45.38636800,26.87281891,6.68739620
40.24960336,16.01694622,5.12391438
40.12250523,16.19214303,5.16505850
40.08587443,16.06723546,5.15040774
45.80809354,27.74420240,7.04793628
43.88918778,23.44950229,5.99959756
43.92293747,23.55947348,6.01723661
43.75596924,23.52002823,6.02018319
44.02114229,23.44858438,5.98931078
43.80462382,23.29423804,5.97749616
43.80841865,23.38837583,5.99410039
43.66395501,23.35439313,5.99673506
43.88551101,23.20386480,5.95465293
43.93725847,23.33158909,5.97420900
42.97257039,21.48614617,5.72536645
43.02223510,21.59435870,5.73978509
42.87887167,21.62471800,5.75723497
43.15722633,21.64325295,5.73577796
42.97526707,21.75809344,5.77213524
45.05938627,26.03047525,6.45639108
45.04778658,25.93283854,6.43328049
44.94741006,26.11123730,6.47754272
44.89910964,25.97691682,6.44667181
38.13625345,12.23969685,4.80054057
38.03350655,12.23327872,4.81232675
38.09046027,12.10444536,4.78430556
38.25030496,12.33148128,4.80129746
38.08835729,12.35788149,4.82566692
42.45552770,20.71429648,5.64028399
42.50071061,20.82976068,5.65554980
42.58872081,20.70022136,5.62539798
42.35851458,20.53224732,5.61870811
42.29567527,20.42645135,5.60687619
42.45103457,20.42411416,5.59166468
42.34542021,20.65930267,5.64076192
38.87885180,13.77377368,4.94993946
38.92668178,13.88201270,4.96033904
39.01811948,13.77065079,4.93301607
36.63562902,12.73978523,5.01365899
36.49950405,12.65975375,5.01185874
36.64650725,12.56894271,4.99491851
44.81429515,25.53560014,6.35134925
44.66613008,25.57555179,6.36291467
44.67274004,25.41465279,6.33018793
44.97512181,25.64764976,6.36987711
44.74642846,25.70791271,6.38935720
41.69171236,19.40664284,5.49741006
40.53105874,17.04946963,5.25002154
40.50796565,16.92233793,5.23299978
40.64772491,16.94286486,5.22038769
43.04191197,22.14806589,5.83246875
43.03590032,21.96235495,5.80203401
40.65344637,17.34562105,5.28221330
40.70865554,17.47664912,5.29641770
40.83622450,17.52618472,5.29026277
43.34421518,22.20344415,5.81879657
43.25174194,22.28883026,5.84139899
43.20004805,22.17994867,5.82661800
42.09054368,20.02831553,5.56026117
45.78139796,27.44744118,6.90580451
43.94130308,23.89288137,6.07542558
43.94876010,24.06427203,6.10459293
43.73608064,24.00681020,6.10066504
44.07952597,23.81491967,6.05351811
44.13755377,23.96823527,6.07813424
41.13553704,18.14335727,5.35429800
37.27390253,12.60342413,4.95416507
37.41247778,12.62903212,4.94483068
37.51875918,12.54310934,4.92177859
40.22162039,16.46460306,5.19509010
40.31364619,16.58591596,5.20319053
40.40159713,16.68392256,5.20826519
43.15777575,22.05926940,5.80914057
43.21687846,21.93986866,5.78316296
43.31025125,22.05850632,5.79588527
42.68198668,21.18380111,5.69920109
42.73919909,21.33911466,5.72050323
42.65012835,21.06072603,5.68120596
42.78331314,21.07320902,5.67107662
35.09567167,12.79895508,5.03645755
35.10075637,12.97179582,5.04284348
34.92921315,12.94214779,5.03585826
35.09539236,12.59842706,5.02808398
35.25857290,12.68156318,5.03438009
43.31413902,22.68388601,5.90393296
43.44225029,22.59390421,5.87988609
43.41950950,22.46019155,5.85809825
44.67218794,25.19079357,6.28492139
44.54528974,25.31467657,6.31297602
44.47502160,25.20046872,6.29233034
44.47337455,25.43770944,6.33705460
44.42749898,25.32566369,6.31615877
39.35942698,14.89506981,5.05940218
39.43628320,15.00419368,5.06666742
39.38041621,14.76841986,5.03819815
39.52311665,14.86055497,5.03525004
44.21510355,24.40661688,6.15427226
44.11775128,24.28133374,6.13586202
44.32522989,24.26947689,6.12287344
44.25041650,24.54551704,6.17797189
44.04976292,24.50428095,6.17608350
38.84718797,14.01563925,4.98942284
39.04896332,13.99342616,4.96239973
39.26242195,14.67392588,5.03792373
39.18876210,14.54074964,5.02681160
39.33370966,14.54821095,5.01097578
35.22962361,12.84281061,5.04133063
41.92466142,19.85619225,5.54761799
38.78395868,13.68891802,4.94856383
36.07294140,12.79009913,5.03775026
45.02612060,25.83059761,6.40990350
40.90241684,17.69096937,5.30869991
42.98115531,22.59586124,5.90466872
37.88083130,12.50503242,4.87471787
37.37553286,12.46957705,4.92589543
46.57538548,27.07971336,6.69241484
46.56467041,26.92876013,6.62842747
46.56076104,26.91228550,6.62196417
46.57490380,26.96581896,6.64289192
46.45818216,26.72843082,6.56166006
46.44010450,26.71228751,6.55798973
45.88068786,25.91716846,6.36520732
45.84681422,25.88873463,6.36101718
45.95802773,26.06049412,6.39814285
45.96667540,26.09926835,6.40877729
45.95598918,25.95520533,6.36702444
45.99417611,26.41908614,6.50534003
46.59220700,27.24242001,6.76373571
46.56651602,27.31949347,6.80218068
45.76263759,25.84357521,6.35764968
46.19782412,26.59174096,6.54307187
45.81880916,25.84889144,6.35297669
46.58519115,27.13326434,6.71498119
46.14827826,26.56498143,6.53886140
45.46326310,25.74804620,6.36112152
45.41853234,25.65635553,6.34158840
45.95738309,26.14509757,6.42362427
36.22227301,12.83359170,5.03779930
45.20204564,26.09100989,6.46682290
45.27516946,26.18453386,6.48820632
45.54493341,25.74450624,6.35272097
45.27029610,26.64517022,6.61681495
45.62256830,27.11751314,6.77182174
45.12917669,25.61191630,6.35320745
45.09793683,25.49851902,6.32864966
45.21189838,25.53505799,6.32894062
42.14477128,20.17201916,5.57877319
41.04168492,18.01827004,5.34471545
38.62097999,13.42349580,4.92823750
42.57107943,20.96064320,5.67128261
42.56245985,22.26535706,5.86681429
38.17841817,12.46983458,4.83262837
45.32933303,25.57614729,6.32931287
45.66136846,27.55279681,6.95329130
45.62167487,27.37614796,6.87516807
41.31937003,18.50912689,5.39244454
42.30324090,21.96570625,5.83042751
42.02884219,21.65562332,5.79347081
39.89288380,15.78506882,5.13019454
39.99149053,15.93150054,5.14082160
40.80813789,20.18304554,5.62872997
41.22254090,20.67940769,5.68229518
38.30222537,17.04583556,5.33690195
38.14902491,16.84972237,5.32072605
39.35929886,18.38191614,5.45245594
36.74290425,15.04709600,5.17977019
36.58461465,14.84255793,5.16492939
38.75913255,17.62620940,5.38594214
38.90981629,17.81773964,5.40248446
39.65533714,18.75200507,5.48637885
39.80264061,18.93523622,5.50357971
46.09828717,26.52536590,6.53032779
44.50372842,24.66329004,6.18824592
44.45454244,24.76601854,6.21067181
44.33404999,24.70843775,6.20465042
44.38765949,24.89686424,6.23766341
44.08202300,24.13293375,6.11110047
43.97828399,24.20308279,6.12714584
44.22309385,24.12921109,6.10276649
42.82163845,22.59344654,5.90768775
43.13576071,22.68702488,5.91311580
42.93941603,22.75121098,5.92777823
41.49229285,21.01128709,5.71915927
41.62394056,21.17927306,5.73816323
43.41142394,23.07449234,5.96261925
43.42044729,22.92373434,5.93761524
43.55987654,23.00167763,5.94252106
43.32556416,23.21732095,5.98772891
43.22965128,23.03917200,5.96340929
43.96688247,23.71446858,6.04242637
43.81786330,23.65423855,6.04009129
43.65821058,23.68173816,6.05091058
43.46495860,22.74681540,5.90488027
42.06267926,19.88852640,5.53993968
41.89973743,19.69747468,5.52437927
43.56421904,23.52971953,6.02950100
38.39554855,12.99683412,4.89010004
38.51450072,13.09835118,4.89157392
38.34413106,12.67302472,4.84506249
43.27301996,22.82793335,5.92937660
43.07278331,22.88830893,5.94486683
43.44446230,23.36992441,6.00793614
43.73802490,23.19695532,5.96477367
43.54750390,23.18233082,5.97384415
39.63371734,15.43186771,5.10730356
36.95006523,12.64989771,4.98545981
42.21695586,20.30428413,5.59388544
42.80025875,21.48822370,5.74055266
35.43140692,12.59539308,5.03082429
40.43415421,16.81528518,5.22478860
41.67160913,19.09546209,5.44955828
39.15249550,14.38042888,5.00738703
43.59070476,22.85071356,5.91390647
41.44033938,18.76955278,5.42112162
41.48594413,18.90319523,5.43765830
39.70349739,15.57885286,5.12113166
36.35751522,12.75582922,5.02678842
41.76066105,21.33181480,5.75568297
41.35906284,20.85060558,5.70117951
40.95637630,17.87147502,5.33095354
41.08628524,20.51779503,5.66463934
38.95836527,14.14267828,4.99509657
40.38244891,19.65672869,5.57423165
40.52503041,19.82791424,5.59175052
40.83199805,17.35440176,5.26388886
40.66753386,20.01107695,5.61064907
40.23944197,19.47531811,5.55605642
42.16537577,21.81129841,5.81194216
39.94960628,19.11551874,5.52081668
36.11434250,14.26334109,5.12402428
36.26913583,14.44147708,5.13666259
35.95869650,14.10294606,5.11224958
35.79434090,13.95647635,5.10077569
40.09552627,19.29343512,5.53813179
42.42803465,22.11956951,5.84909524
37.52943825,16.05705071,5.25700329
37.68528099,16.25665488,5.27280805
37.37304317,15.85678719,5.24128327
37.21609406,15.65590119,5.22567438
37.99511560,16.65278647,5.30465313
35.28957214,13.17901741,5.05605116
35.27530681,13.36455670,5.06150637
37.84050916,16.45524489,5.28868915
36.90091358,15.25092719,5.19487158
36.42610422,14.63714122,5.15038412
41.89560620,21.49030179,5.77406545
39.05988647,18.00796066,5.41909933
38.60744230,17.43383171,5.36949529
38.45493500,17.24051393,5.35315390
40.94757864,20.35367202,5.64690472
39.50771940,18.56777817,5.46936190
39.20973158,18.19619810,5.43576566
37.05865553,15.45401477,5.21019322
35.61028259,13.84441863,5.08958112
46.41750246,26.69656234,6.55514179
46.51223714,26.75476440,6.56356013
40.58718353,17.19664352,5.26650182
38.69369075,13.56311712,4.94051152
46.04509903,26.47554978,6.51887871
38.36800020,12.84093471,4.86893556
37.77917753,12.39814461,4.87010122
41.45529333,18.61466034,5.39490786
46.51882968,26.74269398,6.55734922
46.52511684,26.74909789,6.55888004
46.51895938,26.73011374,6.55204459
46.53014438,26.73861383,6.55349768
46.56505648,26.84782557,6.59366676
46.56906478,26.83517558,6.58750748
46.58047772,26.84419859,6.58931003
46.55454168,26.83766637,6.59113356
46.54520835,26.80287204,6.57794682
46.54098491,26.81308689,6.58301951
46.52999457,26.80656835,6.58213289
46.54372638,26.82561681,6.58784477
46.53090105,26.81891044,6.58716100
46.52818060,26.76035385,6.56305012
46.57468882,26.90396648,6.61622364
46.57876009,26.89212670,6.61043066
46.59436910,26.90297771,6.61251180
46.63946979,27.03441353,6.66353538
46.65085733,27.02531446,6.65759351
46.65455063,27.04158151,6.66439792
46.62521601,27.03367068,6.66537230
46.63173519,27.01945296,6.65800457
46.58566507,26.93206084,6.62663282
46.49201344,26.72384805,6.55431093
46.39215050,26.62969719,6.53306271
46.38376327,26.60538535,6.52505156
46.40901879,26.61148029,6.52343435
46.30476652,26.57830904,6.52598805
45.92379965,25.89905950,6.35463802
45.95487437,25.91919885,6.35644974
45.98728058,25.93267635,6.35595137
45.99715733,26.03716541,6.38631850
46.23729809,26.56326653,6.52874523
46.61111388,27.29054425,6.78422521
46.61257144,27.34146101,6.80824734
45.75530795,25.78708046,6.34293529
45.99696347,25.96370549,6.36399780
45.57806777,25.68548393,6.33410544
45.51361006,25.67122514,6.33663312
45.57919792,25.62044058,6.31711198
46.05668202,26.31311951,6.46496398
46.02308502,26.35975038,6.48339044
39.19799372,13.55846388,4.87948961
40.48846241,16.28332237,5.13674054
40.53159689,16.15345205,5.11181815
39.72028023,14.76328471,4.99780834
39.66689802,14.68408656,4.99224585
39.70711177,14.87292309,5.01568623
39.62797517,14.77850557,5.01085316
46.55920336,27.71826756,7.00737423
46.62313699,27.78395936,7.03991434
44.36546215,23.80464941,6.02846183
44.29072494,23.89904811,6.05367867
44.21895490,23.81341400,6.04288017
44.32312310,24.00690297,6.07216714
45.37034069,27.00010670,6.73020797
46.50523430,28.09698316,7.23998987
46.59214974,28.17902865,7.29042693
46.45602568,28.21971889,7.32366476
46.69353181,28.27038895,7.34884548
46.54649568,28.30986356,7.38341942
45.16919200,26.23902166,6.50594078
45.20648998,26.48813290,6.57219669
42.22377380,19.70933728,5.49345841
42.17542365,19.81323868,5.51603842
42.06999817,19.73660852,5.51402089
42.20335828,19.91621709,5.53050306
41.86011449,18.96408184,5.40809594
41.79626670,19.05325132,5.42959509
41.72436680,18.97667531,5.42473969
41.79784678,19.15777385,5.44655806
46.23191595,27.99092171,7.18301126
46.33393366,28.01200973,7.19298272
46.37740951,28.11781407,7.25848640
46.24188027,28.10040971,7.25054134
46.43376290,28.02806353,7.19909899
43.83803064,23.08536512,5.93660300
43.80287461,22.98360514,5.92071407
43.92630917,22.97598082,5.90802593
43.71078906,22.92725804,5.91815560
43.86639674,22.86905343,5.89341282
39.30639601,14.30694634,4.97848861
39.22589948,14.23323474,4.97703309
39.37216543,14.20481208,4.95566895
39.33697870,14.41453898,4.99080848
44.58961902,24.81205837,6.21279322
44.76940112,24.63588493,6.16339838
44.42128190,24.55088325,6.17107982
44.49934698,24.43988834,6.14432785
44.57544157,24.52936646,6.15677983
44.50288630,24.32006489,6.12005637
44.64130447,24.39890850,6.12470611
44.46564476,24.21003305,6.10093852
44.39181430,24.12440983,6.08982628
44.54557516,24.11170991,6.07405280
45.22120161,26.91520279,6.70000404
45.50502933,27.06760554,6.75433384
41.06974125,17.75481860,5.30033461
41.13350293,17.88470933,5.31379018
41.05042027,17.63329478,5.28331155
41.16860433,17.65593500,5.27366391
40.00944848,15.67039213,5.09953913
40.04948641,15.54499991,5.07613632
40.14821551,15.64944371,5.08034292
39.88584554,15.59106842,5.10197139
37.93270925,12.33981569,4.84206021
38.33973147,12.49651767,4.81711319
45.36293464,26.53005168,6.58138566
44.88026036,25.80889533,6.40909223
36.20376261,12.66629375,5.02379644
36.77883744,12.69739327,5.00158588
36.80901050,12.50527814,4.97778665
41.79020293,19.27697360,5.46684390
44.88111539,26.54074546,6.58317195
44.95923197,26.45879015,6.56355936
45.01585254,26.54700484,6.58778202
45.01746078,26.33525152,6.53234247
45.07047448,26.44185528,6.56011906
44.08199572,23.57387149,6.00806991
44.80053396,25.30768878,6.30350855
44.86479769,25.20285933,6.27757716
41.57400307,18.80303575,5.41255803
35.75539908,12.47477307,5.01940597
35.60959681,12.52610735,5.02541801
35.67262699,12.30283138,5.00774709
35.88653344,12.54052203,5.02178717
46.08188820,28.03211070,7.20980012
43.69494169,23.06236899,5.94383576
44.24815121,25.01030112,6.26019255
44.19998320,24.87026591,6.23624772
44.09022826,25.03300607,6.26347209
38.79272444,13.43202490,4.90909603
39.71368377,15.14845140,5.05589774
37.80091413,12.24236748,4.84275966
37.65821860,12.28063533,4.86616141
37.71426901,12.08518096,4.82845567
35.19795172,12.31806985,5.01447792
35.27972068,12.46839463,5.02320680
35.13072137,12.42956215,5.02036849
45.69730885,27.67808887,7.01327243
34.91201433,12.58211887,5.02362958
35.02169304,12.46292665,5.02079828
38.54227224,12.89926629,4.85715139
44.53155187,25.01950584,6.25633066
42.50177833,20.57458649,5.61235343
36.99122371,12.45237942,4.95808986
40.06911488,15.78852341,5.11036371
44.36438141,24.41984779,6.14921425
44.35821058,25.09013168,6.27352882
34.93297502,12.75912906,5.03044536
43.38197844,22.32414714,5.83705771
46.47625969,26.71852475,6.55480777
46.58044705,26.91645307,6.62069624
46.56764950,26.87968542,6.60691382
46.53355923,26.79051015,6.57478510
46.60884274,27.07810726,6.68749292
46.59680276,26.97209302,6.64238676
46.46201553,26.71121995,6.55418623
46.61388683,27.18136531,6.73339498
45.89478734,25.87312500,6.35080993
45.87007788,25.84342424,6.34536911
46.59747496,27.10376008,6.70037700
46.40755772,26.64965987,6.53842852
45.99956799,26.07658282,6.39799977
46.00248514,26.12077007,6.41111894
46.06280977,26.41629386,6.49762620
46.19622229,26.54102151,6.52554637
46.27545346,26.57335101,6.52785279
46.62245183,27.21563095,6.74814548
46.00658531,26.17822184,6.42826051
46.15377508,26.50758701,6.51861995
45.84893777,25.80733809,6.33773192
45.80288394,25.80460129,6.34244665
46.10806576,26.46597261,6.50937857
45.20810866,25.41016081,6.29937771
46.04291681,26.26419556,6.45095735
46.58505644,27.57229203,6.92628987
46.56714537,27.64399770,6.96594135
44.93818062,25.08463944,6.24663752
40.98482063,17.53503462,5.27515486
40.93448145,17.42518836,5.26350520
40.76602645,17.20622428,5.24810395
40.53486175,16.68899075,5.19384283
42.24473657,20.03982592,5.54712601
39.74909564,15.30313861,5.07482665
42.65768797,20.82688621,5.64050603
41.28904509,18.13467496,5.33630891
41.20878377,18.01581055,5.32624856
36.04640304,12.59552492,5.02231070
46.52706474,27.97574628,7.16161267
45.53573683,27.21539891,6.80978940
36.34013364,12.55968092,5.00888071
45.05070573,26.17304961,6.49145966
43.46353455,23.70503459,6.05810029
43.12589742,23.23841102,5.99365469
39.13893080,14.12316910,4.97099133
41.96863097,21.84113741,5.81470842
41.83455702,21.68278011,5.79554498
37.65478162,16.44033858,5.28140718
37.49970778,16.24082050,5.26536293
40.47791659,20.01198556,5.60761768
39.02228995,18.19115771,5.43041639
38.87274777,18.00092153,5.41345327
36.24314853,14.62540098,5.14271226
36.08868051,14.44925530,5.12974831
36.55803422,15.02667897,5.17167996
36.71595086,15.23116962,5.18683354
38.11608285,17.03316998,5.33013863
43.78100039,23.80052835,6.06629194
43.82099425,24.19444732,6.12902530
41.16784547,20.86470861,5.70051816
38.57235226,17.61717160,5.37985262
39.31975404,18.56525735,5.46454562
39.46714076,18.75096772,5.48185164
42.09616471,21.99662645,5.83371273
43.65425420,22.71434852,5.88400482
43.00712834,23.08495032,5.97308738
42.87082532,22.93295485,5.95298921
42.49724059,22.45737920,5.89147782
42.36388533,22.30315904,5.87195157
45.02473849,25.19696953,6.26494741
45.19639143,26.76914640,6.65386652
45.96047125,27.93123640,7.15040786
45.87403915,28.06106599,7.22465235
45.81503404,27.90481681,7.13365278
45.15342465,26.35982380,6.53793100
42.72716288,20.95549335,5.65603314
40.15633220,15.91066431,5.11865838
43.92177630,24.34305751,6.15148471
41.64097593,18.88549720,5.41878408
36.64842871,12.35030913,4.97018816
34.76177444,12.90959910,5.02807363
42.38299276,20.29534682,5.57650533
42.91302762,21.34979490,5.70703209
42.86458812,21.19930736,5.68529166
44.12593291,24.70194515,6.20826317
44.64944896,24.64313789,6.17453298
43.13031515,21.48615904,5.71024005
38.49228859,12.72417683,4.83528433
45.43239901,25.55867813,6.31566455
45.50412337,25.58714785,6.31600816
38.86696147,13.55255967,4.91837188
39.80779269,15.44348149,5.08895527
38.73942533,13.29540847,4.89481824
40.71996235,17.06872494,5.23181746
41.60060923,18.68087848,5.38997621
40.39457739,16.43751854,5.17119002
38.68957662,13.14449218,4.87776979
42.00261731,19.43403414,5.47060819
41.88039021,19.36163931,5.47141016
39.53283823,14.71619348,5.01266273
39.42268630,14.62711850,5.01227491
45.30861023,25.45754582,6.30203770
45.40430596,25.48290334,6.29943049
39.61279960,15.00400629,5.04613566
41.57094756,21.36300484,5.75763421
41.70208958,21.51804639,5.77593805
42.62332821,22.60939311,5.91090855
41.38261619,18.38341387,5.36575361
40.59515466,16.81721095,5.20683229
42.74430035,22.76775602,5.93136804
41.43229381,21.19391724,5.73797638
44.14820433,23.69808876,6.02640316
43.58892962,23.85452432,6.07919596
40.89353368,20.53715489,5.66397034
41.02983398,20.70227406,5.68225222
42.23266651,22.15194730,5.85299606
40.75596843,20.36633218,5.64534630
40.61713022,20.19319386,5.62671896
40.47089133,16.56033759,5.18130536
38.72287698,17.80945225,5.39660076
38.42085860,17.42390709,5.36319221
37.19284914,12.39943469,4.93375582
43.24437622,23.39542091,6.01499209
43.36144903,23.55174743,6.03654504
38.26859038,17.22922018,5.34661355
37.96301728,16.83632733,5.31378341
41.48774860,18.46592804,5.36755693
36.48610705,12.46034087,4.99189051
35.61957675,13.62551632,5.08284205
41.30815212,21.03452633,5.71978009
43.58123123,22.62666001,5.87436526
39.61422542,18.93525979,5.49932183
39.17143593,18.37946161,5.44746038
35.11175080,13.14777280,5.04874166
34.92815172,13.12202591,5.04030105
36.87359155,15.43495364,5.20223373
37.03086566,15.63798470,5.21783463
43.60480632,22.49691394,5.84848138
40.19314003,19.65814935,5.57085643
40.33472170,19.83932762,5.58944988
39.90609938,19.29890879,5.53471793
40.05030045,19.47693502,5.55252725
35.93359746,14.30540870,5.11804603
35.76561267,14.16966707,5.10606222
39.76067790,19.11848026,5.51698628
35.58688425,14.06144677,5.09419200
37.34397188,16.04063092,5.24942133
37.18767344,15.83980918,5.23357342
37.80922307,16.63885577,5.29754720
36.39985839,14.82130729,5.15680812
35.10224694,13.33237203,5.05316307
35.43274426,13.58519727,5.07439555
46.59380556,26.95089086,6.63355798
38.65427464,13.00632219,4.86055547
35.26262326,13.54411368,5.06570530
35.41917005,13.76660425,5.07861963
46.50534863,26.72798609,6.55366381
46.54774864,26.75278641,6.55605670
46.54073187,26.75830095,6.55982029
46.53663838,26.74919541,6.55673397
46.54176499,26.76831425,6.56388244
46.51459585,26.71898156,6.54820190
46.50453691,26.71459689,6.54826824
46.51784682,26.70698854,6.54253378
46.55151043,26.79339291,6.57276107
46.55939143,26.80162089,6.57481432
46.63334630,27.00376739,6.65070580
46.64791623,27.00923429,6.65078033
46.54048263,26.77917243,6.56875124
46.57822479,26.86685879,6.59957254
46.55539415,26.81314586,6.58050902
46.59959220,26.91987057,6.61903438
46.62566189,26.99111336,6.64628001
46.47793577,26.70085851,6.54736123
46.63503116,27.04990025,6.67120081
46.61724711,27.05991543,6.67824115
46.63941089,27.07524575,6.68200378
46.64138745,27.16258905,6.72151052
46.63647992,27.14056483,6.71206787
46.66004824,27.14452693,6.71076355
46.61887692,27.12453054,6.70702016
46.65097677,27.12107008,6.70122238
46.01333962,25.93922238,6.35405448
46.01433016,25.91712756,6.34704478
46.03864772,25.92741383,6.34625771
46.61170285,27.15111835,6.71990905
46.30209845,26.55032588,6.51619009
46.33307411,26.56640612,6.51784361
46.35995450,26.56619886,6.51385170
46.03634717,26.01563521,6.37431311
45.91533389,25.83339100,6.33654430
46.23753947,26.51920670,6.51323032
46.64886799,27.32443536,6.79646818
46.66414210,27.29242100,6.77953030
46.69796987,27.33619016,6.79687373
45.75706999,25.73102547,6.32745045
45.79996773,25.75625477,6.32938592
45.83438796,25.77381130,6.33009085
38.30044542,11.32148335,4.62602253
38.34482907,11.33880108,4.62103494
38.30540861,11.37663661,4.63485935
38.34495218,11.29566033,4.61311237
46.49162979,26.70919321,6.54837626
46.65849567,27.36166541,6.81347600
46.08413640,26.36440487,6.47848714
46.08200708,26.27821741,6.45096014
45.80561627,25.70414595,6.31424953
46.77551680,27.59510088,6.92169886
46.65451670,27.55115284,6.90933171
46.04856061,26.13973985,6.41129785
38.23900443,11.38949275,4.64802947
38.19641998,11.39804430,4.65603838
38.18121814,11.33393247,4.64782629
38.27726570,11.42671484,4.64820103
38.21680661,11.45434311,4.66222202
38.22342691,11.74103085,4.70815898
38.12684789,11.77414902,4.72626176
38.16563161,11.65093979,4.70132744
38.23699632,11.83486880,4.72173083
44.96671841,24.87964779,6.19895998
45.03793933,24.79470726,6.17347882
45.07378585,24.88632744,6.19055421
45.10117343,24.96849716,6.20651663
45.00426507,24.98059091,6.21807046
45.17807950,25.01329165,6.20938690
45.06521589,25.06148989,6.23089218
44.86397548,24.58013403,6.14296450
43.00064360,21.13762780,5.66091884
42.93643954,21.06209373,5.65400104
43.08154359,21.04294730,5.63565309
43.01762672,21.23967547,5.67738931
44.63979346,24.28879313,6.10198354
44.75848387,24.30537716,6.09432034
43.68190131,22.17311336,5.78063812
43.70847517,22.26815324,5.79574145
43.60313846,22.23344045,5.79984678
43.68277061,22.08953183,5.76485105
43.75132138,22.12004317,5.76327604
40.95296158,16.93341525,5.18385031
40.86266969,17.02071012,5.20805908
40.80137921,16.93798279,5.20210078
40.85465785,17.10629390,5.22240428
46.63939874,27.95803831,7.14348381
41.49865152,18.21690295,5.32634126
41.42879160,18.13075450,5.32026343
41.57221389,18.12090309,5.30262383
41.51996618,18.32765696,5.34179164
41.70343905,18.59663213,5.36512020
41.60398815,18.54412096,5.36748639
41.74160291,18.49156681,5.34380457
41.75646599,18.67471702,5.37202036
42.10096567,19.36808230,5.44914916
42.12737924,19.47506550,5.46424151
42.21732405,19.37151313,5.43715703
43.74961837,22.79683357,5.89071283
43.79733451,22.67995215,5.86432800
43.88304963,22.74292707,5.86788020
43.73097110,22.59084362,5.85399603
43.84754236,22.59920950,5.84412734
39.54674330,14.27001836,4.94456865
39.50030898,14.37030256,4.96512698
39.42728141,14.29240433,4.96216616
39.46175215,14.49199233,4.98768947
41.70206363,18.77618149,5.39446533
41.78581374,18.86904689,5.40055232
41.85310627,18.75466223,5.37448783
40.45562355,16.08068609,5.10966492
41.93088535,19.21720788,5.44223203
46.67173172,27.87527609,7.09027213
39.84737963,15.21563601,5.05039342
39.88582919,15.10257915,5.02908006
39.98496601,15.21110796,5.03370211
43.06360752,21.35908679,5.69410594
43.20237065,21.34636687,5.67776512
39.17415442,13.77760939,4.91558838
39.24572678,13.66159352,4.88935980
39.06819622,13.86403634,4.94097332
44.47004957,24.01654516,6.06154586
43.48556945,22.22853913,5.81037668
44.03876359,23.20823775,5.94187622
44.23108628,23.58109066,5.99651133
46.48233559,28.47596743,7.50684341
46.40890517,28.34626940,7.41287771
46.28444898,28.25634636,7.35204723
40.93469593,17.19182962,5.22675208
38.23231429,12.16836360,4.77692263
37.91974710,12.12456120,4.80901728
41.05319218,17.40995390,5.24773130
39.23466951,13.99859303,4.94130811
46.13384827,28.19295060,7.31043171
42.01811629,19.30955680,5.44824472
45.64202984,27.84216763,7.09487996
39.19120170,13.89245964,4.93068164
38.89504405,13.32180455,4.88029487
36.83721097,12.30319125,4.95123169
36.18002444,12.47021285,5.00670679
44.96564486,27.18465627,6.77947539
42.75120390,20.68583412,5.60657904
42.82599598,20.83069899,5.62435176
36.70840013,12.19358231,4.94734973
36.57809967,12.17221219,4.95402808
36.63714045,12.01394849,4.93056833
36.46109529,12.26238283,4.97178279
36.43530052,12.04106886,4.94829592
44.89269095,26.24279131,6.50889498
44.82096623,26.13606657,6.48318817
44.69179514,26.27436139,6.51244669
35.05197607,12.29559289,5.01288120
34.89140095,12.40448694,5.01613993
43.36130397,21.91543741,5.76514632
43.15476912,21.80901214,5.76556310
34.75793133,12.72699263,5.02349349
34.74200835,12.53979583,5.01749339
34.55848564,12.50614745,5.01033610
34.71654544,12.32398581,5.00943326
44.43126200,23.90634379,6.04282251
45.54067373,27.68792775,7.01373559
37.35916074,12.27085916,4.89873081
37.50728880,12.36411567,4.89642322
37.52826556,12.17232866,4.86475318
38.48131550,12.58061204,4.81342222
45.08310471,26.67719712,6.62512902
45.06091695,26.84253226,6.67340408
44.93362870,26.78779925,6.65281445
44.73071753,25.88993901,6.42809180
44.58154476,25.82555866,6.41350989
37.20749541,12.16983394,4.89999166
45.42579912,27.84947302,7.08790792
45.32623753,27.68675560,7.00268551
35.33378874,12.25926951,5.01015096
39.11591443,13.50486558,4.88145896
34.58124161,12.69432365,5.01552593
39.30687541,14.10523924,4.94860391
44.58410416,24.21447419,6.09165314
42.02472358,19.57982392,5.49256386
44.53437216,23.94430024,6.04082337
45.47319358,27.52660196,6.93719462
37.37586753,12.04654996,4.86328654
46.54720978,26.78549010,6.57018540
46.60540473,26.93462565,6.62454352
46.61189103,26.94582270,6.62840151
46.57442153,26.85532403,6.59524819
46.61775440,26.97560448,6.64064482
46.61280859,26.95943077,6.63426599
46.56050833,26.82528653,6.58478841
46.59258602,26.88896515,6.60668117
46.58495307,26.87927172,6.60378728
46.02937498,25.98163977,6.36476954
46.43154991,26.64604271,6.53324848
46.41896969,26.62946723,6.52881277
46.40329207,26.59005495,6.51607483
46.37469521,26.57294697,6.51413289
45.99124942,25.89971125,6.34530074
46.62880944,27.09996111,6.69464947
46.60479975,27.45614812,6.86508980
46.66042643,27.49671718,6.88064896
46.20320100,26.49192530,6.50779451
45.89513225,25.80178889,6.33012637
45.96088950,25.88326200,6.34486128
46.03874747,26.09403675,6.39834482
46.03412632,26.05422293,6.38662037
46.33025357,26.53171615,6.50547298
46.63800891,27.25384931,6.76418523
45.87409763,25.76745084,6.32310025
46.16839825,26.45155248,6.49800651
46.12223253,26.41313796,6.49030694
38.36406989,12.21564969,4.76810550
45.30639334,25.34981534,6.27618346
42.30852807,20.16935611,5.56258601
42.46416135,20.16650411,5.54617295
40.69986362,16.69279418,5.17549264
46.63336569,27.69155500,6.98675526
39.58635899,14.57555189,4.98551869
40.21632362,15.78406465,5.09266772
41.29360460,17.89648084,5.29788794
41.35925949,18.01746967,5.30986775
38.21083326,12.04679197,4.75977393
38.27413865,11.94902403,4.73562843
38.34192278,12.07217004,4.74718463
40.63344195,16.55124539,5.16119157
40.56118155,16.41239039,5.14811802
36.32077467,12.36137793,4.98992853
42.41978448,22.64617815,5.91354127
42.91602791,23.26681529,5.99670110
40.42709339,20.19556585,5.62206352
43.26655863,23.73184039,6.06180693
41.64086514,21.70395577,5.79452932
43.50237981,24.04525258,6.10743532
42.67572951,22.95471535,5.95447640
37.00249011,15.82192487,5.22430470
36.84584877,15.61896850,5.20845790
35.39811262,13.96636742,5.08174204
43.39228553,23.88889904,6.08453501
43.61163673,24.20404787,6.13112016
45.69301351,28.03384387,7.20224557
45.94113432,28.23535834,7.33438904
45.74739914,28.19842095,7.30291799
39.27916366,18.74853066,5.47539961
40.97527743,20.88679307,5.69844470
40.83761704,20.72044129,5.67954191
36.37333452,15.00547134,5.16216225
36.53113656,15.21079583,5.17734035
38.23451298,17.41260834,5.35511768
38.38575205,17.60723199,5.37199225
43.82998305,24.52190915,6.18006019
43.72000437,24.36287787,6.15529740
39.57212747,19.11846633,5.51106477
39.71702499,19.30159964,5.52917888
39.86078066,19.48213995,5.54737648
41.23958550,21.21683061,5.73641105
37.02273528,12.22513941,4.92561085
42.16721844,19.60011647,5.48101726
43.98026630,23.08996838,5.92467899
43.45812153,22.11302010,5.79184105
36.01586674,12.39839453,5.00603223
35.85651669,12.33984001,5.00593944
44.10856019,23.33209027,5.95927172
38.64152084,12.75166600,4.82157115
42.34501680,19.92655541,5.51756413
42.30732181,19.80445638,5.50075824
41.22468078,17.77540722,5.28633385
43.27998581,21.72513049,5.73854156
43.28101325,21.83513799,5.75837029
45.14467688,25.12536509,6.23832785
45.14475557,25.22609838,6.26160338
42.39807707,20.04463548,5.53216967
45.21620343,25.28982753,6.27016757
34.51177709,12.32141438,5.00381232
34.39904670,12.66662018,5.00640325
44.74108135,24.51392087,6.14004090
38.49235921,12.46257763,4.79274123
38.43496315,12.34379454,4.78033027
38.00122859,11.98572184,4.77633885
38.13110554,11.93055658,4.75098578
43.45798548,21.98774369,5.76885240
40.99034172,17.30927518,5.23894568
38.86835318,13.17262368,4.86071843
44.17375220,23.45839801,5.97777631
38.79223407,13.02575033,4.84702285
44.18760777,25.16516760,6.28668451
44.31670995,25.25610623,6.30345453
42.66299765,20.56478758,5.59450004
42.60587005,20.43502126,5.57783642
42.87391757,20.96174385,5.64257647
44.29979187,23.69905007,6.01347718
44.54426031,25.54400183,6.35740087
39.97019410,15.43697796,5.06916847
44.01380984,24.87225348,6.23648710
41.92735789,19.07232257,5.41866334
40.74395703,16.82742292,5.19139863
38.72964102,12.87675161,4.83094576
42.04249145,22.18307972,5.85404576
42.16725632,22.33340784,5.87315948
40.32074585,15.89392353,5.09709832
42.54718386,22.80398325,5.93430307
41.90324853,22.02556608,5.83408615
41.77347413,21.86510126,5.81424533
39.77955996,15.00006303,5.02617801
42.29567994,22.49186299,5.89349880
44.55287581,25.67627858,6.38335225
34.58224067,12.87888214,5.01886687
43.24360721,21.53661715,5.70799890
43.30982263,21.61107015,5.71481352
43.15812718,23.57794365,6.04000992
45.41120747,27.35492705,6.86300286
40.38912185,15.99899469,5.10503373
39.42598414,18.93416762,5.49314085
43.92889355,24.69664806,6.20785055
40.28719817,20.02206516,5.60342938
43.04301825,23.42354762,6.01841484
42.80486380,23.11642683,5.97626810
40.14546542,19.84097520,5.58438591
35.47395672,12.38628385,5.01724735
41.37743949,21.37924020,5.75564462
41.50906660,21.54622333,5.77542612
40.70169325,20.54929183,5.66049351
40.56478357,20.37536368,5.64141337
38.68582502,17.99266304,5.40598467
38.83515119,18.18410606,5.42317141
38.53609743,17.80042993,5.38893888
38.08248168,17.21659257,5.33833490
37.93009845,17.01982035,5.32169431
38.98394813,18.37432979,5.44048986
36.68868117,15.41524212,5.19278655
34.74621344,13.09344470,5.03076643
40.00380205,19.66033969,5.56566743
35.91825088,14.48279238,5.12242458
36.06711895,14.63585762,5.13461383
35.75615115,14.36455116,5.11053028
35.57509856,14.27344254,5.09794626
37.31427462,16.22444609,5.25633145
37.46923779,16.42454871,5.27250055
37.15864334,16.02368751,5.24027225
37.77714550,16.82242057,5.30518849
37.62352153,16.62397889,5.28878980
34.91843156,13.30469578,5.04339977
36.21791344,14.81012627,5.14777775
46.03137603,25.95360466,6.35570220
45.93772136,25.86000396,6.34124124
46.27089307,26.53736213,6.51555688
46.65475629,27.19230229,6.73354697
45.50561369,25.49102902,6.29156299
44.67387212,26.07583093,6.46761026
45.39147570,25.39152528,6.27819055
38.94693772,13.43009674,4.89048952
39.90438970,15.31900449,5.05918854
46.61797661,28.05816858,7.20867143
46.55594305,26.73021918,6.54443706
46.57214831,26.78841611,6.56655359
46.56313167,26.79372249,6.57068907
46.55887110,26.78631105,6.56831700
46.56753472,26.80787675,6.57597643
46.57328140,26.79914153,6.57102809
46.57989687,26.80918363,6.57409714
46.61118664,26.89973827,6.60806405
46.61232729,26.91020057,6.61250930
46.62444458,26.90193034,6.60651004
46.55281241,26.77678250,6.56539387
46.55337397,26.76789452,6.56143744
46.49385710,26.69731484,6.54308511
46.48933269,26.68828064,6.54020001
46.50611444,26.68709258,6.53650240
46.49458247,26.66981234,6.53157166
46.48659676,26.67932396,6.53702930
46.47423036,26.66313396,6.53268921
46.46449140,26.65340015,6.53051814
46.48118127,26.65205161,6.52684063
46.46450420,26.63986526,6.52504103
46.47632285,26.64174156,6.52354992
46.45865214,26.62951226,6.52194230
46.47208207,26.63059008,6.51980936
46.61870560,26.92250230,6.61683056
46.60514879,26.89085241,6.60523571
46.62778599,26.94913795,6.62713207
46.70077466,27.10881423,6.68802706
38.41038120,11.04554848,4.54764339
46.41976613,26.58298579,6.51049537
46.42578379,26.57026094,6.50437746
46.43528196,26.58292225,6.50762861
46.41092016,26.57469389,6.50881017
47.75166281,29.19731953,8.11574364
47.73377494,29.20788330,8.12705447
47.73991856,29.18806408,8.10653258
47.75755492,29.21533200,8.13416011
46.44148570,26.62925241,6.52493354
46.43191904,26.61291575,6.52013484
46.42369652,26.59629396,6.51502639
46.37681737,26.55494233,6.50696533
46.39411307,26.56913528,6.50953619
46.56252059,26.77083155,6.56085545
38.39460535,11.07789927,4.55906204
38.39937066,11.09959643,4.56248543
38.37534731,11.09451895,4.56741065
38.41891529,11.11047284,4.55974934
38.39129252,11.12361107,4.56956195
46.01331149,25.87839187,6.33511696
46.02310815,25.89451514,6.33851003
46.02046391,25.85741992,6.32723348
46.03615794,25.87342789,6.32945552
46.69550807,27.16641698,6.71598022
46.68528681,27.14815707,6.70889530
46.71019069,27.15290798,6.70737359
46.67137903,27.16699735,6.71963945
47.69617611,29.14551855,8.06424707
47.67079784,29.13898852,8.05835474
47.69380746,29.11908704,8.03746705
47.70700880,29.16955940,8.08845516
47.67245122,29.17401364,8.09390491
46.38303242,26.58551901,6.51760094
46.70264296,27.20866192,6.73496788
46.69507151,27.22835776,6.74534634
46.68110587,27.20781529,6.73744664
46.72010153,27.19734863,6.72706135
46.72552140,27.22042459,6.73736372
45.99311350,25.86833956,6.33535956
46.06174534,26.03938343,6.37798687
46.06880397,26.06962589,6.38649823
46.07499699,26.01765307,6.36897500
46.09638636,26.04542482,6.37441604
38.34334204,11.14655051,4.58521876
38.32756107,11.17528596,4.59409293
38.30998095,11.13747565,4.59057031
38.37023855,11.14533718,4.57897242
38.36472057,11.17225630,4.58556010
46.39820814,26.54355647,6.49895226
47.64309620,29.15821672,8.07861597
47.63701404,29.18817975,8.10919800
47.60579482,29.17285415,8.09441499
46.76030696,27.37023692,6.80638609
46.78093319,27.35216307,6.79460481
46.79345020,27.38495922,6.80958976
46.73173859,27.36746672,6.80842168
46.74555400,27.34411852,6.79516674
46.27275740,26.49992284,6.50199786
46.30140774,26.51692368,6.50420152
46.24548609,26.47796791,6.49780823
46.28283146,26.46351015,6.48763141
45.95398592,25.82649885,6.32882491
46.10511814,26.17123073,6.41373292
46.08023480,26.19620855,6.42504110
46.07510265,26.16504514,6.41582204
46.13760669,26.17503846,6.41024524
46.12212433,26.21099158,6.42423772
46.09099990,26.13930329,6.40547187
46.05054636,26.17883898,6.42327478
47.59220140,29.13527802,8.05683097
47.62462617,29.14284216,8.06355569
47.60444805,29.09343947,8.01446998
47.63111973,29.11537920,8.03567149
46.04244773,26.21611467,6.43590531
46.66240050,27.22592852,6.74830362
38.29933256,11.26888963,4.61685470
38.24942603,11.23431583,4.61974305
38.30329971,11.21320410,4.60601199
47.43227389,28.96873754,7.89810137
47.48443563,28.97544407,7.90252501
47.47626858,29.03515619,7.96099769
47.51446954,28.95088093,7.87758985
47.53351568,28.99298186,7.91765816
46.70333741,27.38377794,6.81967193
45.76469389,25.67667196,6.31175883
46.71588924,27.47605389,6.86484988
38.28529434,11.46808643,4.65395133
38.32371909,11.49561436,4.65247398
38.27062990,11.51857623,4.66474992
38.25601606,11.34471176,4.63768954
46.08152742,26.23958189,6.43867887
45.64333333,25.58620394,6.30152770
45.59228946,25.53484974,6.29372990
38.51511524,11.67703264,4.65204374
38.44625815,11.70902235,4.66993783
38.43057253,11.65077458,4.66209238
38.41137565,11.76694673,4.68573070
38.37239312,11.69912003,4.67990529
45.45539374,25.34876318,6.26133366
45.46886393,25.41447779,6.27617271
45.48956089,25.29765749,6.24513104
45.52090949,25.34907554,6.25446034
38.26565373,11.59681411,4.67853260
38.34553715,11.55049825,4.65842700
38.28121822,11.68001967,4.69010900
39.84742734,14.57685019,4.95362839
39.98246666,14.65742742,4.94762377
39.26461376,13.39782570,4.84512242
39.33794721,13.39818176,4.83419488
39.28302787,13.47246173,4.85470734
39.30740862,13.31897885,4.82535483
46.97398911,28.35057775,7.39072448
46.90486011,28.33060978,7.38027478
46.98463805,28.25951990,7.32253865
46.93427173,28.40114262,7.43173292
40.69269618,16.16146265,5.09297817
40.64174189,16.11287351,5.09190162
40.73522901,16.08962889,5.07519317
40.61202341,16.20629917,5.11030245
38.64237251,12.04543139,4.69930851
38.56411898,12.18023779,4.73562063
44.52414318,23.41009604,5.93216024
44.43522543,23.38489026,5.93706190
44.48202893,23.32633711,5.91969155
44.36533257,23.39972939,5.94743406
44.38523643,23.30920314,5.92714424
40.84188836,16.52524460,5.13217787
40.82858244,16.44354116,5.12067199
40.91101074,16.44324191,5.10924350
40.77385929,16.38729375,5.11867943
40.87523253,16.37242182,5.10241537
45.27507438,25.00636988,6.19807364
45.23178985,25.07982413,6.21952971
45.24847718,25.17026536,6.23903377
41.12314208,17.03195989,5.17897509
41.05403520,17.11624992,5.20105871
40.98034307,17.04985455,5.19911644
41.07353280,17.20596768,5.21308496
41.32088161,17.50235668,5.23159607
41.34380184,17.42676010,5.21628236
41.39429149,17.48689276,5.21983866
41.25654236,17.56688341,5.24955702
41.25085478,17.46260921,5.23348683
39.29303411,13.81969788,4.90758569
39.29541842,13.73414978,4.89425720
39.39345728,13.75291168,4.88448799
39.36630133,13.66161421,4.87365264
43.80699119,22.39440867,5.80944893
43.80525834,22.31795350,5.79513288
43.88712202,22.35622038,5.79366045
43.70831727,22.38284198,5.81725863
45.41028827,25.29430455,6.25264850
38.00159407,11.83393890,4.75189187
42.12195032,19.17690611,5.41489541
42.14062980,19.26800086,5.42811852
42.05069861,19.21991831,5.42983142
42.21483129,19.17559432,5.40418836
41.11951928,17.29850260,5.22249516
41.17753231,17.38846791,5.23013944
41.13213863,17.52468679,5.25697269
44.59396900,24.00599761,6.04773905
44.67221439,24.06718445,6.05274776
46.98792929,28.74070046,7.70750291
46.96797835,28.84442482,7.80013180
46.86719954,28.76023781,7.72879475
47.06313815,28.67252959,7.64506989
47.08186315,28.78401136,7.74173657
44.65465794,24.14597078,6.07088124
44.76616657,24.12235841,6.05485899
42.94617976,20.87734702,5.62022006
42.96322751,20.78602481,5.60219066
43.06006086,20.84919070,5.60308272
44.88676394,24.44383614,6.11135208
44.77636402,24.39938174,6.11253335
44.84514465,24.35347470,6.09605716
42.04331872,19.13327751,5.41621385
40.28609477,15.67361859,5.06781692
40.25233530,15.58054521,5.05771219
40.34968238,15.58111182,5.04573252
40.17977668,15.51045091,5.05574897
40.30196431,15.47930532,5.03592672
41.62911218,18.42012403,5.34467875
39.45430054,14.09436789,4.92935505
39.50189663,14.19309293,4.93843775
43.40398087,21.78643001,5.73730857
46.82579271,28.52160139,7.53173423
46.95011190,28.50995079,7.51615946
46.84607786,28.62354707,7.61361234
46.84211236,28.41540325,7.44802891
42.73916103,20.44653084,5.56595081
42.79610304,20.54293187,5.57685408
42.86269730,20.61042432,5.58170353
37.86325807,11.93507899,4.78566850
43.55863718,22.34369505,5.82458507
43.58263768,22.14540996,5.78554416
39.30411208,13.90710073,4.91940976
42.29082909,19.60514703,5.46870163
44.37376997,23.58389476,5.98347330
43.48625120,21.87590182,5.74540458
43.57621574,21.93513818,5.74711124
38.47816981,12.22967802,4.75576096
46.63453536,28.40501279,7.44968542
46.61456376,28.51813639,7.53651664
38.60614794,12.62577178,4.80541282
38.72369597,12.64651899,4.79396380
40.04440941,15.32089653,5.04318199
39.00946578,13.33877709,4.86908875
44.26445804,23.34240777,5.94623642
44.94940869,24.63263038,6.14623799
42.54958646,20.28477167,5.55766277
42.53359628,20.03713791,5.51660123
38.92785222,13.02912063,4.83076515
44.43774322,25.93663904,6.43250442
44.58207216,25.95563772,6.44020445
44.48691072,26.07242389,6.46168146
44.40367948,25.78583135,6.40212251
34.78460613,12.14788181,5.00337290
34.89396722,12.22240069,5.00800069
34.77634574,11.99615615,4.99612928
34.87743154,12.07268451,5.00045954
44.30679867,25.41689185,6.33204957
36.15415700,12.27319878,4.98883111
39.61010063,14.42970207,4.96092797
44.34365711,25.61145114,6.36796619
46.72617297,28.13132462,7.25037075
45.04533264,26.96227349,6.71003995
44.88212455,26.94063766,6.69576088
44.95463432,27.05436942,6.73535202
44.70725326,24.21528164,6.08029378
44.38682290,26.18004194,6.47961542
44.36932433,26.31173600,6.50631213
44.23433121,26.24309565,6.48366601
44.51737908,26.21276071,6.49250422
35.58378853,12.00684398,4.98603644
35.66413947,12.11173806,4.99238630
35.50852212,12.16099772,5.00040467
35.81917294,12.12115638,4.98801904
34.17642310,12.33276177,4.99086051
34.24580411,12.16252333,4.99073777
34.33240743,12.32371402,4.99747315
34.05176207,12.26348705,4.98395635
36.97952145,12.04868365,4.90558462
37.09189341,12.06717890,4.89714219
36.90304272,11.95073023,4.89944797
37.04244954,11.90029357,4.87850469
34.63372153,12.12601891,5.00023568
44.63040031,23.92266921,6.02689295
43.98920495,25.23060278,6.29346285
40.67441103,16.43632901,5.13858918
40.74695552,16.48934955,5.13821306
39.84911551,14.88892373,5.00140572
36.83730496,12.10033765,4.92531345
44.82124721,26.42024130,6.55088904
35.18553142,12.13257871,5.00326595
45.32229934,25.24237648,6.24893370
38.70258286,12.54485047,4.77956550
38.59529554,12.50705541,4.78715018
39.59279368,14.09424849,4.91160642
39.69026434,14.49918270,4.96167575
45.02001023,27.33258689,6.83584798
35.35701120,12.08956863,4.99809976
46.80856030,28.21390083,7.30199609
46.81204748,28.31007166,7.37086289
46.59476575,26.86734247,6.59678764
46.59966699,26.87964675,6.60129622
46.58716258,26.85582002,6.59314408
46.62945916,26.96337516,6.63321532
46.63814616,26.97739778,6.63802279
46.65807565,27.06092637,6.67268347
46.57260469,26.82533153,6.58257809
46.56946514,26.81675311,6.57945238
46.62214848,26.93618711,6.62233589
46.53282386,26.72648122,6.54779395
46.50524018,26.70163523,6.54273741
46.64568099,26.99262120,6.64360732
46.05772929,25.94239946,6.34772901
46.05674935,25.96506383,6.35517126
46.45077397,26.64340133,6.52894560
45.97259234,25.84979905,6.33296323
45.93778705,25.79722280,6.32254870
46.03557075,25.90782380,6.34056115
46.06116994,25.99116399,6.36276250
46.35578732,26.54462866,6.50641246
46.07766219,26.10452118,6.39628758
46.20152401,26.42279205,6.48429710
46.17210481,26.40240039,6.48100025
46.68404896,27.25896619,6.76129370
46.70447261,27.29268996,6.77499416
46.21858400,26.45111801,6.49188357
46.71634423,27.52523266,6.89021637
45.84967998,25.73215206,6.31633725
46.14053354,26.36540832,6.47243623
38.39697977,11.95978722,4.72100252
38.18716586,11.54380490,4.68110573
42.89623646,20.70108654,5.59419358
38.55745202,12.27228279,4.75244639
38.59451700,12.37991429,4.76585041
42.44351049,19.83241659,5.49103536
40.00145071,15.11075143,5.01662835
39.91095810,14.98073933,5.00784871
44.49964368,23.79740916,6.01421296
41.92763562,18.86051895,5.38369518
44.01135831,22.88129762,5.88160579
44.06152331,22.97931926,5.89550064
44.13803304,23.08738561,5.90882251
46.72312771,27.80495883,7.04437647
46.76341047,27.87999214,7.08609964
46.70428756,27.73187580,7.00366216
41.99314945,18.95400014,5.39193390
41.38755425,17.77570827,5.26799959
41.30619948,17.66595234,5.25971477
41.86394311,18.65820934,5.35742265
38.36047573,11.85466690,4.70825550
38.31007635,11.76287198,4.69986309
43.84957928,22.52279842,5.82942850
43.76312214,22.47322291,5.82876492
37.20350985,11.97597591,4.87219097
40.83462183,16.73158321,5.16588557
40.82315175,16.62649860,5.15065962
43.98529762,22.78308057,5.86534687
35.98847764,12.19990244,4.98878598
46.72321979,28.01913375,7.17645249
40.35049044,15.77174673,5.07505397
43.72973022,24.69949497,6.20537642
42.47816506,19.93726168,5.50531929
43.06780189,23.76019074,6.06232367
42.60383055,23.14105083,5.97549521
41.67113862,18.31126343,5.32232999
41.61342379,18.22769133,5.31527120
43.90569318,25.03975408,6.26104527
44.14514455,25.33917723,6.31548570
43.29932676,24.07019596,6.10790821
37.43801893,16.60822669,5.27836883
37.28384969,16.40821209,5.26197620
38.79678270,18.36725751,5.43155809
38.64824170,18.17586788,5.41403639
36.04034612,14.80805873,5.13781364
35.89789211,14.65128343,5.12544928
35.38124580,14.16974898,5.08391838
43.51744576,24.38349011,6.15540838
39.13186330,18.56263387,5.45790146
39.23796470,18.93178127,5.48495309
38.19941345,17.59592179,5.36229881
38.34952382,17.79047057,5.37943936
39.52834657,19.30153867,5.52148155
39.67164493,19.48458182,5.54002363
41.97280195,22.36802253,5.87229146
38.87199136,12.91672185,4.81964175
38.85412066,12.80931425,4.80417819
40.64609781,20.73205548,5.67410109
40.78277942,20.90384870,5.69367286
42.84133195,23.45195020,6.01855370
42.71771778,23.29813444,5.99694386
42.35061055,22.83267931,5.93349493
42.22277039,22.67995321,5.91301763
40.45247393,15.91051152,5.08399729
40.42113731,15.83455424,5.07612225
45.77825792,28.35277299,7.40356201
45.62555337,28.33620685,7.38215412
45.90590286,28.43383244,7.46588506
45.68971852,28.52800378,7.51732286
43.14561117,21.24659974,5.66561014
43.11181278,21.14762040,5.65129811
40.88095644,16.83481786,5.17671348
43.00712313,20.95668675,5.62799886
41.23361575,17.28257078,5.20630542
38.77737865,12.74088302,4.80277794
43.38785383,21.67878797,5.71921862
38.01462707,11.66627472,4.72356244
41.49467299,18.02462354,5.29586485
36.29232519,12.15458868,4.96967760
39.39288881,13.97614794,4.91901314
39.00123663,13.24045493,4.85494349
43.35285851,21.51090688,5.69207622
40.67723325,16.34612330,5.12418286
44.30880697,23.47365348,5.96786323
44.56237157,23.86742797,6.02232365
42.25139150,19.49687801,5.45462619
39.02977641,13.11558008,4.83151865
40.10780541,15.42107696,5.05077616
34.44114968,12.15923211,4.99697782
34.37824992,12.48926158,5.00260323
34.20439032,12.47321973,4.99399676
42.43089759,19.71778761,5.47272685
43.58423877,22.03497370,5.76486542
44.19042783,23.21762631,5.92904465
39.73293398,14.58435442,4.96937263
45.57297282,28.17250887,7.27639400
42.70631760,20.32361905,5.54793523
42.67788400,20.21149840,5.53139040
41.43406222,17.91267588,5.28471622
44.89176249,26.66641208,6.61711290
43.40889091,24.22583501,6.13128537
46.09741863,28.35351178,7.41726841
45.50648960,28.00977618,7.17826586
41.44649033,21.72975319,5.79164932
41.57959420,21.88220216,5.81078164
41.71007732,22.04835796,5.83141973
41.31532269,21.56377606,5.77153038
45.27471170,27.50397570,6.91894255
43.62575827,24.54190998,6.18018982
43.82141238,24.87088388,6.23305953
42.09880539,22.52201877,5.89234153
42.47790483,22.98909094,5.95463336
43.18910395,23.91571877,6.08511031
39.81421568,19.66527094,5.55867978
39.95610238,19.84365140,5.57743193
40.09751608,20.02391461,5.59657571
39.38377737,19.11731662,5.50312496
39.09130537,18.74574254,5.46701421
40.23625908,20.20449280,5.61590734
40.37436669,20.37883798,5.63499909
40.51044726,20.55753455,5.65459836
42.95556048,23.60626133,6.04031580
37.55028321,11.99576610,4.83462061
41.18334055,21.40101816,5.75194110
34.22002056,12.64122320,4.99635106
41.04719234,21.23397898,5.73206301
41.11330080,21.04996390,5.71728634
40.91839128,21.07096943,5.71305337
38.49908214,17.98365015,5.39666907
34.57252505,13.06276373,5.02061257
38.04841948,17.40000977,5.34524435
37.89654642,17.20328316,5.32831324
37.74427118,17.00593232,5.31153707
35.21287440,13.91300166,5.06961302
35.23771568,13.72854672,5.06827259
35.07875297,13.51700883,5.05572263
34.89502437,13.48936444,5.04460080
38.94437052,18.55741072,5.44921711
36.66099804,15.59929451,5.19760444
36.81753062,15.80294529,5.21350569
36.50393154,15.39490337,5.18189823
36.34650422,15.18962330,5.16643638
35.77422555,14.52154083,5.11505123
35.58726062,14.49593645,5.10236163
37.12899565,16.20752855,5.24571370
36.97351598,16.00582688,5.22955891
37.59148283,16.80756677,5.29489187
36.18882142,14.98342217,5.15127006
39.61889733,14.32328563,4.94375161
46.55021200,26.76084234,6.55902892
46.52639363,26.71641449,6.54480422
46.58233515,26.83108082,6.58323005
45.92297766,25.76092436,6.31402062
46.71274183,27.42850478,6.84102431
46.72348494,27.94025637,7.12635775
42.59435088,20.13649704,5.52730487
42.86160189,20.42479314,5.54885208
39.08522046,13.41258820,4.87110213
35.00843993,12.09234472,5.00169449
34.73475248,13.27649312,5.03251026
37.67902433,11.84574888,4.79482690
46.55434127,26.74213245,6.55004543
46.55545103,26.74796616,6.55235067
46.55892147,26.73692086,6.54672125
46.56172846,26.74306771,6.54880496
46.53882018,26.70359245,6.53664428
46.53502859,26.71060643,6.54051390
46.52963238,26.70554393,6.53949409
46.53799041,26.71714495,6.54270161
46.55762741,26.75510153,6.55500111
46.56051452,26.76268989,6.55770713
46.56438057,26.74945561,6.55103722
46.60437944,26.86371917,6.59332800
46.60213243,26.85594203,6.59031447
46.61885971,26.86553541,6.59118214
46.60920163,26.87014240,6.59524413
46.59064949,26.82278226,6.57789374
46.59498143,26.83045650,6.58040846
46.60028941,26.82351656,6.57617689
46.52553844,26.69883982,6.53749123
46.51740197,26.69470371,6.53742333
46.52864720,26.68886463,6.53252718
46.59054761,26.83789446,6.58460703
46.59474919,26.84586716,6.58730134
46.60065923,26.83759042,6.58240730
46.58080616,26.81976208,6.57855367
46.65499031,26.94613561,6.62060560
46.64975026,26.95448719,6.62548153
46.64270252,26.94645468,6.62317305
46.64448375,26.96373225,6.63069836
46.63857460,26.95536373,6.62798093
46.65338295,26.97078473,6.63227568
46.65215737,26.98102674,6.63717602
46.65754150,26.96105729,6.62699657
46.66687795,26.96718296,6.62795955
46.69410070,27.01366835,6.64429424
46.68725693,27.02088045,6.64907099
46.68191784,27.01264734,6.64623299
46.68596604,27.03247186,6.65476743
46.67765732,27.02221511,6.65151299
46.45303108,26.58372780,6.50447775
46.46385276,26.59073252,6.50510543
46.45619480,26.59752569,6.50945617
46.47458521,26.59071575,6.50277004
46.46796690,26.60277583,6.50920627
47.83427725,29.25097479,8.16932494
47.82890948,29.26433251,8.18338992
47.81881998,29.25687575,8.17583292
47.83197814,29.27548887,8.19496902
47.81883341,29.27443338,8.19412243
46.62460536,26.91186601,6.61096579
46.55289783,26.72237605,6.54167142
38.40977889,11.01379588,4.54049208
38.41872140,11.00677530,4.53608195
38.42130729,11.01927017,4.53828790
38.40531671,11.00304651,4.53930338
46.49635978,26.67998624,6.53544314
47.78812570,29.24963220,8.16895539
47.77989924,29.26996515,8.19019700
47.76680149,29.25389783,8.17380311
47.80726100,29.24469570,8.16341371
47.80105980,29.26715752,8.18689082
46.66625748,27.01460539,6.65005085
38.40605480,11.02658570,4.54455196
46.44213746,26.59763029,6.51221356
46.45262503,26.61250844,6.51621628
46.39558210,26.52223789,6.49115354
46.38445592,26.50784544,6.48763072
46.40437501,26.50576748,6.48301379
46.37867998,26.53096602,6.49752265
38.36832212,11.00419158,4.55000321
46.08933278,25.92024829,6.33441281
46.07870978,25.93488074,6.34142022
46.06686471,25.92311981,6.33981407
46.08039496,25.95190640,6.34669884
46.68570973,27.08054743,6.67727509
46.70306443,27.08914817,6.67835351
46.67501773,27.13114883,6.70246379
46.69988511,27.13007315,6.69818576
46.04789641,25.89080513,6.33286803
46.05651105,25.90813399,6.33687272
38.36981859,11.06688608,4.56301346
47.69926394,29.09158669,8.00942321
47.66716729,29.10765079,8.02676012
47.71149795,29.12712006,8.04505043
46.08267766,25.97341778,6.35333572
38.41745377,11.08674028,4.55492160
38.35308835,11.11748842,4.57731939
38.34142040,11.07943057,4.57237915
47.64788821,29.13245413,8.05240235
47.72148622,29.14438606,8.06232908
47.73871481,29.16552581,8.08343483
45.98718303,25.82145490,6.32183388
46.69121228,27.18812725,6.72682346
38.39372824,11.19596307,4.58375852
38.39932530,11.16130819,4.57541653
46.71638533,27.17530025,6.71707691
47.56479215,29.06646075,7.98886000
47.62123415,29.05373768,7.97427318
38.33162780,11.12648545,4.58386381
38.29240689,11.11478576,4.58991700
38.31652340,11.10482179,4.58293658
46.10564473,26.07985094,6.38410027
46.25853404,26.44062675,6.48295673
46.23623228,26.41649111,6.47759569
46.27374060,26.40690725,6.46879133
46.21222570,26.39253990,6.47257458
46.25410783,26.37963368,6.46213848
46.75122055,27.40149690,6.82321663
45.82896457,25.54386800,6.26550775
45.85667856,25.57762377,6.27066084
46.12012339,26.26059528,6.44062055
46.15930451,26.28172829,6.44236295
46.11416931,26.31339303,6.45851041
38.35441033,11.20768114,4.59466727
38.39049532,11.23511507,4.59225235
46.76678346,27.45061716,6.84647792
38.24674489,11.29310246,4.63039696
38.34729248,11.25090192,4.60432962
38.39064512,11.27623057,4.60022921
46.07158972,25.88942511,6.32775474
38.29023100,11.16753990,4.60017350
38.19378827,11.25552816,4.63281229
45.65842600,25.53479081,6.28641781
45.65542486,25.48300575,6.27323596
45.71328924,25.50786934,6.27257885
46.71606182,27.26892982,6.76206052
38.41668375,11.58470674,4.65257993
38.41362697,11.53067214,4.64333753
38.47284683,11.53997566,4.63406297
38.38050452,11.49250997,4.64231448
38.44719196,11.48772401,4.62913887
46.90815752,27.87126931,7.06874077
46.87950941,27.82336962,7.04218698
46.94959589,27.83025259,7.03977665
46.84648831,27.88189214,7.08054492
46.75509135,27.69818697,6.98035593
45.53935866,25.41207731,6.26822636
38.14538668,11.40653144,4.66495513
38.10332204,11.35196374,4.66229059
38.13439385,11.47383886,4.67728003
38.04148611,11.41404635,4.68064100
38.34991670,11.62958733,4.67138718
47.25661970,28.73267675,7.68753879
47.28518059,28.79088962,7.73831645
47.19866449,28.79207330,7.74359558
47.33312849,28.84222142,7.78299330
47.24661968,28.88000811,7.82192031
42.74436146,19.88815379,5.46499210
42.81520706,19.90405698,5.45727578
42.74890875,19.95728588,5.47742692
42.73752681,19.81675563,5.45220784
42.81818573,19.83440198,5.44239044
41.47042808,17.46812233,5.20603828
41.42854011,17.41018401,5.20192056
41.52254189,17.40534881,5.18611417
47.05046308,28.44587957,7.45923176
46.99292829,28.41109749,7.43573305
47.05319538,28.35066808,7.38543338
47.05453690,28.52399256,7.52147186
44.87515656,24.27849325,6.07690558
44.81976314,24.20843752,6.06763113
44.92702222,24.20135604,6.05451686
44.92513050,24.34472904,6.08599821
44.97344423,24.39412062,6.09164864
45.01120822,24.33197016,6.07370002
46.81669577,27.96547501,7.13512403
44.98259363,24.53440910,6.12144358
44.98837191,24.44804985,6.10189667
45.05562665,24.40225140,6.08425619
45.05010125,24.47644674,6.10151008
43.76337488,21.96602208,5.73212775
43.69645772,22.01914320,5.75008531
43.66906949,21.95813037,5.74151340
43.78012094,22.18302254,5.77214383
43.78828509,22.04563080,5.74471723
43.83875164,22.11325875,5.75190688
40.94806690,16.51403728,5.11592561
40.90307797,16.58001758,5.13316667
40.91960409,16.65450160,5.14317924
47.32394317,28.90551741,7.84241465
47.38130485,28.88406367,7.81975174
47.37158559,28.94475758,7.87757073
40.62432210,15.85114191,5.05149319
40.54981879,15.90796311,5.07130984
40.51658748,15.83948880,5.06478706
40.51082887,15.98343594,5.08812040
43.65791824,21.89474329,5.73070662
43.73600856,21.89911120,5.72234302
39.70820010,14.35234094,4.93680851
39.70276372,14.28450851,4.92684330
39.78782922,14.28638982,4.91497195
39.65269665,14.23913382,4.92641043
39.75154055,14.22051533,4.90945922
45.35966295,25.15449972,6.22422798
45.40900086,25.20945432,6.23224620
45.32470179,25.07514793,6.20904703
45.40592819,25.09203296,6.20425746
41.11116297,16.80636359,5.14247717
41.05468097,16.88088192,5.16286393
40.99953654,16.82443533,5.16066921
41.07103858,16.95605806,5.17312549
46.83726760,28.13636412,7.24621657
46.90274979,28.18587963,7.27581786
38.93099164,12.76496263,4.78595155
38.94797865,12.83611303,4.79590641
39.01009753,12.76441511,4.77381627
46.82347649,28.06103987,7.19655616
38.66132779,12.28312366,4.73976534
38.63160267,12.21299595,4.73163926
38.71565850,12.20136739,4.71643362
38.66659501,12.13189633,4.71146823
44.56991946,23.70891237,5.98896676
44.55074386,23.63451456,5.97567693
44.63600988,23.64049425,5.96742655
44.49243406,23.57461075,5.96957435
44.60277236,23.55775951,5.95385625
41.77277082,18.29780242,5.30824546
41.75017352,18.38028879,5.32460358
41.85614224,18.23774234,5.28705903
41.85773695,18.34263554,5.30520863
40.57869160,16.05175011,5.09031330
40.68649270,16.02848105,5.07208199
40.63326268,15.95135311,5.06692933
40.75814927,16.30533774,5.10752322
40.84181422,16.30173762,5.09531039
40.70301969,16.24275086,5.10465426
40.80338719,16.23314792,5.08934274
42.81181694,20.28222794,5.52898968
42.83082113,20.20472816,5.51266791
42.89501429,20.23778784,5.51054745
42.75771830,20.23999791,5.52761844
42.16533123,19.00243724,5.38032025
42.11320497,18.93566585,5.37513583
42.22677617,18.92503523,5.35859215
42.16389601,19.09072490,5.39562049
42.06946154,19.03572918,5.39707593
43.19766994,21.06746594,5.62759684
43.18228623,20.99184390,5.61543951
43.27033269,20.99232601,5.60493525
43.12482095,20.93497194,5.61149160
43.23116394,20.92056562,5.59621769
41.66778029,18.07692487,5.28411649
41.70968881,18.00583651,5.26656823
41.75542777,18.07935236,5.27313566
41.61013613,18.01905048,5.28152185
42.57213933,19.62734059,5.43990020
42.52405897,19.68355331,5.45612624
42.49230563,19.62479874,5.44953918
42.53228579,19.75499741,5.46775980
46.88139852,28.25652615,7.32753464
44.66529207,23.84483524,6.00707635
44.72930745,23.88880145,6.00937275
44.61347272,23.78483937,6.00007774
44.70905655,23.77071599,5.98655253
44.00089080,22.61977860,5.83225085
43.98881230,22.69327026,5.84771717
43.91209604,22.64684040,5.84668365
44.07493949,22.55462579,5.81101305
44.07603256,22.65125174,5.83012581
43.93322962,22.47911695,5.81233944
43.94859927,22.55614035,5.82553597
43.97440193,22.40136143,5.79252348
44.02236013,22.47360332,5.80115088
43.81475915,22.24502690,5.78022005
43.89009572,22.27359063,5.77728394
43.88694177,22.18623196,5.76044200
45.14066420,24.80026240,6.16454830
45.18229316,24.89722675,6.18236943
45.25013511,24.94410868,6.18618794
43.44187032,21.48479027,5.67758117
43.45787180,21.58200278,5.69397263
43.49992089,21.41714016,5.65767143
43.52610476,21.49926229,5.67034726
41.95531054,18.67886350,5.35034849
41.93228957,18.60109591,5.33998233
42.02871952,18.60949890,5.32920038
43.60420833,21.84995231,5.72817618
40.07723585,15.04414241,4.99690049
40.10289755,14.94928987,4.97823411
40.19350858,14.99114611,4.97165921
39.97488782,15.04255396,5.00949945
39.11417751,13.19610430,4.83324489
39.13530575,13.11894888,4.81742965
39.20810806,13.15428147,4.81247962
39.12609541,13.04681129,4.80638238
39.20200719,13.08010018,4.80028979
39.72306612,14.42536509,4.94624377
39.79870359,14.48113596,4.94502415
39.81206185,14.37034578,4.92528144
39.90991584,14.81000600,4.98195077
40.00479496,14.75775686,4.96094918
41.82498426,18.57914476,5.34879151
44.43482453,23.47759100,5.95590125
41.82241996,18.42359673,5.32331949
41.86591280,18.48856266,5.32900205
41.91175166,18.41199773,5.31014800
44.09146044,22.79634488,5.85690399
44.06029556,22.72574590,5.84646798
44.15590384,22.70801252,5.83210163
43.86909721,22.43781345,5.81124317
39.39966717,13.85419501,4.89951251
42.39776373,19.61429517,5.45860212
42.37512904,19.50180187,5.44177430
42.48445114,19.52793497,5.43325105
39.97010746,14.87672167,4.98462329
40.01242106,14.96577349,4.99304724
38.33813261,11.43977432,4.64031010
39.10592907,13.29770617,4.85060104
39.22624075,13.24624803,4.82547936
40.74587782,16.57859452,5.15233904
39.19886941,13.35250617,4.84695019
39.19098359,13.44973259,4.86347313
45.04591009,24.62270057,6.13445881
40.40429399,15.67181686,5.05292639
38.70347331,12.44285169,4.76188348
38.78986557,12.47747796,4.75556666
40.60827117,16.29683992,5.12479478
40.77207956,16.16117375,5.08180534
40.09719340,15.14715552,5.01038593
39.04467119,12.99939625,4.81018496
43.27254755,21.43406310,5.68642025
43.39131940,21.41709333,5.67060842
42.33012509,19.69019218,5.47892300
42.97144913,20.59864064,5.56768764
38.88420182,12.71551917,4.78402555
41.73102722,18.23015109,5.30199316
43.22729492,21.15489211,5.64033832
40.10665535,15.23731384,5.02307639
42.57496518,19.84438564,5.47853537
38.45375382,11.89272033,4.70133737
38.51066866,11.95373768,4.70353777
44.45084661,23.68720325,5.99666256
46.72002746,28.70406931,7.68456123
46.95778938,28.64880912,7.62997259
43.49661607,21.69457569,5.71073807
44.18023286,22.96763117,5.88102781
45.50580186,28.44704144,7.44467384
45.52276583,28.55437233,7.52029247
45.40001709,28.53910220,7.49612870
41.99907297,18.76559862,5.35979843
41.15377054,17.12055651,5.18967363
46.92944800,28.09590900,7.21186367
46.67504682,28.58866689,7.59073698
46.76082816,28.58179753,7.58260605
46.72838804,28.48263418,7.50523076
41.43850488,17.64689003,5.24093900
45.15525566,27.75921003,7.02404742
45.06655983,27.86907501,7.06816741
45.00904443,27.74783430,7.00550780
45.23267646,27.86242085,7.08031125
44.00644629,25.73322371,6.37638544
44.12321593,25.68241627,6.37339974
44.06597613,25.83713976,6.39749183
43.95194963,25.62998426,6.35632878
44.71758812,26.61180791,6.59537393
33.67815164,12.19278522,4.96216946
33.76525647,12.07144022,4.96748591
33.87067505,12.18550002,4.97381199
33.90485628,11.95833677,4.97346234
36.12828415,12.07270689,4.96980875
42.79962450,20.36249115,5.54466785
47.02971489,28.58655160,7.57426105
43.84292157,25.34760633,6.30624634
43.79433670,25.20149023,6.28190978
43.68843309,25.36534138,6.30088713
44.74305910,26.81149731,6.65034808
36.21541416,11.76469809,4.93111405
36.36460394,11.83778565,4.92939449
36.25712409,11.95617293,4.95002276
36.51117675,11.87761738,4.92344001
34.56987947,11.80601795,4.98581871
34.65323754,11.94085161,4.99263421
34.51389758,11.98858120,4.99281541
37.03193908,11.69269978,4.84981089
37.18807489,11.79333862,4.84687988
37.31501566,11.87901176,4.84495446
46.74169038,28.37400762,7.42195424
44.71717279,23.97541176,6.02895974
40.05270149,14.89858505,4.97706811
44.13642355,25.51861880,6.34572076
43.97098062,25.43446405,6.32552759
34.07559149,12.06626040,4.98228382
34.03836195,12.44093618,4.98458483
33.87739089,12.39164895,4.97460503
44.24608824,25.92050996,6.42179816
44.32375621,26.07430716,6.45510846
44.23508917,25.76479493,6.39263290
47.75601230,29.18125740,8.09909345
47.72086668,29.18951132,8.10850986
46.61357297,26.88084077,6.59916539
46.61890140,26.89138409,6.60284873
46.66091285,26.98690481,6.63827169
46.67889052,27.06679111,6.67201084
46.66817859,27.03087844,6.65721683
46.67563414,27.04814838,6.66390806
46.63684166,26.93744829,6.62019754
46.63363870,26.92743138,6.61625833
46.48715257,26.66127049,6.52948198
46.35809329,26.51246774,6.49397651
46.41329886,26.55882782,6.50218323
38.34808952,11.05047405,4.56492310
38.32302992,11.05323666,4.57136652
45.81374080,25.65642039,6.29986871
45.85042040,25.68171094,6.30186349
45.88083043,25.70033813,6.30271134
46.17046093,26.32529267,6.45537077
46.73589029,27.28423277,6.76688683
47.57474357,29.16552371,8.08780406
47.53965928,29.14917868,8.07228248
47.64534934,29.08269519,8.00237040
47.53665985,29.03520766,7.95892262
47.58329384,29.02106681,7.94330103
47.56501029,29.10777701,8.03002767
47.51616310,29.09250438,8.01630150
46.33000833,26.50050383,6.49401723
45.97312224,25.79739708,6.31681636
46.10775491,26.01652848,6.36295963
46.09250260,25.99506533,6.35865240
46.12656687,26.14418061,6.40179647
38.25279119,11.17965828,4.60949282
45.96142085,25.76873702,6.31000880
45.89677836,25.72979906,6.30888985
38.38757819,11.31962807,4.60916651
46.30681775,26.48393359,6.49147822
46.16056165,26.23910785,6.42802245
46.77768899,27.65060900,6.95183318
46.77089023,27.54638246,6.89605429
46.76764643,27.49939666,6.87165659
42.05362350,18.85509143,5.36849909
46.73587561,27.31262105,6.78080834
47.38247541,29.01195831,7.94178013
47.47110028,28.92529147,7.85486178
38.38183797,11.37581210,4.62082066
42.71034935,20.10910170,5.50976235
43.33710155,21.32136222,5.65886824
46.18810897,26.36441883,6.46619239
45.59971634,25.44171665,6.26906174
46.80848770,27.81681506,7.04440454
38.41215102,11.43866832,4.62668715
38.19852737,11.19332767,4.62148870
47.12293302,28.57768598,7.56160492
47.18734704,28.67956416,7.64460340
40.46524335,15.75728388,5.05848471
45.63063452,28.67381930,7.61827468
45.56314536,28.62475086,7.57504276
45.62765889,28.79890160,7.71429447
45.52031870,28.73022323,7.64904614
45.88416101,28.61079084,7.59241540
45.74520248,28.70381180,7.65191574
41.91864460,18.53762140,5.33088785
39.53153455,13.99312713,4.90388539
39.50122236,13.89226788,4.89198881
38.08233559,11.54657179,4.69588686
45.29605997,28.02199225,7.16857628
38.98342993,12.92207762,4.80565419
42.90815696,20.51968453,5.56061934
41.18801493,17.20456818,5.19917525
39.33165858,13.55903701,4.86193654
42.66097799,20.01692388,5.49908392
41.51669511,22.06896747,5.82615977
42.27966759,23.01866530,5.95145079
41.12130477,21.58483929,5.76558159
40.98978217,21.41881301,5.74550720
41.25285292,21.74822475,5.78568831
40.31984466,20.56183105,5.64624390
42.86776159,23.78934458,6.05987362
39.90775014,20.02692903,5.58769783
43.20539024,24.25163294,6.12871182
36.78862608,15.98687608,5.21730548
36.63275128,15.78330126,5.20121804
45.50151345,25.21898436,6.22430306
35.86839780,14.81883312,5.12701882
35.72687420,14.66406903,5.11458969
43.42168868,24.56336323,6.17713993
38.46153371,18.16685375,5.40297639
38.60986964,18.35902812,5.42065463
38.72337747,12.34901071,4.74237277
39.48291737,19.48447258,5.53042433
38.01334564,17.58334363,5.35076693
38.16323359,17.77914469,5.36805607
38.83447097,12.64479802,4.77873054
41.28786738,17.36188214,5.21259639
41.84595418,22.21060251,5.85211125
41.77763697,22.39455273,5.86799654
41.90791202,22.55330759,5.88892348
44.12853862,22.88395737,5.87008934
44.76792137,24.03949270,6.03712994
44.25157443,23.03039425,5.88575646
41.36313371,17.56751531,5.23712982
45.08552532,27.48391379,6.89898806
45.09566952,24.71059327,6.14895813
43.05296659,20.75935670,5.58758627
44.61449385,26.47075318,6.55540852
43.00770183,20.69341249,5.58073447
45.46091412,28.30571843,7.34870708
45.45265762,28.63756120,7.57219246
43.54007989,21.78116844,5.72221756
41.55303953,17.92982824,5.27366724
40.94831257,16.74119630,5.15361066
41.69186864,18.15061919,5.29347587
35.97539745,11.99508638,4.96948911
35.70602748,11.95573476,4.97731627
44.31062561,23.23026415,5.91926133
44.27617502,23.12474064,5.90189163
40.21881152,15.41455389,5.03640717
43.26581833,21.24429517,5.65250858
40.18245173,15.31540220,5.02565272
42.32901751,19.40674656,5.43066814
42.26114679,19.26473169,5.41408546
34.37950191,12.02962166,4.99137200
34.24679062,11.96049546,4.98579780
42.31427710,19.32569568,5.41838134
43.62690081,24.87467649,6.22757837
43.71359344,25.03719181,6.25429605
36.77293677,11.92820716,4.90834860
43.52682366,24.72064140,6.20233222
42.40244039,23.17394568,5.97282760
42.51893126,23.32576322,5.99388444
46.26566567,28.46974913,7.50273604
46.05609764,28.54309153,7.55148065
45.39915712,28.15945375,7.25479156
42.15336660,22.86460343,5.93034945
42.63947327,23.48206106,6.01590330
35.09570025,11.93126577,4.99121632
44.49738083,26.37394044,6.52706903
42.98586756,23.94400117,6.08267113
43.09595400,24.09756888,6.10545096
43.31407792,24.40671161,6.15256619
40.85435257,21.25422339,5.72561370
40.72464598,21.08686695,5.70601882
40.59082113,20.91486601,5.68611406
37.40603543,16.79184397,5.28291335
37.55867072,16.99109431,5.29965759
37.25268865,16.59191910,5.26631074
37.09863329,16.39131147,5.24984828
37.47036123,11.86217416,4.82359822
41.65042356,22.23287352,5.84718539
41.38450276,21.91365389,5.80623951
34.04294961,12.61145564,4.98524961
35.19244601,14.10753365,5.07013500
35.37374239,14.37939628,5.08563901
37.86323654,11.75124024,4.75634416
42.02653313,22.70600561,5.90903572
34.39936435,12.84905898,5.00843798
34.21606454,12.81926001,4.99682060
39.62505432,19.66748212,5.54938935
39.33990570,19.30033153,5.51165700
39.19566900,19.11494647,5.49307762
39.05010782,18.92882422,5.47471347
38.90385877,18.74043075,5.45650632
40.45506032,20.73979122,5.66613911
40.04636209,20.20659455,5.60711238
40.18343915,20.38679965,5.62675061
39.76654654,19.84831597,5.56848275
35.45364783,11.96901640,4.98675100
38.31256872,17.97366573,5.38544960
37.86251773,17.38672819,5.33359198
37.71078693,17.18940662,5.31654809
35.05392039,13.70146994,5.05692835
34.71144737,13.46118637,5.03230229
38.75722150,18.55031604,5.43849000
36.47632183,15.57898314,5.18530018
36.31937643,15.37375873,5.16959459
36.16207018,15.16760295,5.15415746
36.94393421,16.18968267,5.23351916
36.01149021,14.98110765,5.13994292
46.00277175,25.84085301,6.32515930
46.11486846,26.11146767,6.39292915
46.71773810,27.24636229,6.75094403
45.69648097,25.56162919,6.28901969
46.78375526,27.74544335,7.00475955
42.77076055,20.16673758,5.51303614
42.59839393,19.93792828,5.49229364
39.94989322,14.57403911,4.93856632
45.24430386,24.79890930,6.15315606
45.13410033,27.63269348,6.96513373
46.63314528,26.91744918,6.61182638
38.47256930,11.82255626,4.68604647
35.84337184,11.90186598,4.96648331
38.80369045,12.56232570,4.76865140
41.51802424,17.82666842,5.26088810
41.51357033,17.72508202,5.24449490
46.59709917,26.81749916,6.57416484
46.60021581,26.80961178,6.56988983
46.60496780,26.81721645,6.57226267
46.63066289,26.85171383,6.58210930
46.64275164,26.89445614,6.59925265
46.63568096,26.90040784,6.60353706
46.63119406,26.89242168,6.60082140
46.63421622,26.90830063,6.60745565
38.39405013,10.93553028,4.52649132
38.39989157,10.94207165,4.52619242
38.38921220,10.94486200,4.53035769
38.39784134,10.92702026,4.52305243
38.40437555,10.93474074,4.52278174
46.66595713,26.92978952,6.61059262
46.65575539,26.93201178,6.61390399
46.65609633,26.92368440,6.60992275
46.64973773,26.93816136,6.61799643
46.64624214,26.92962190,6.61476925
46.56600611,26.77954676,6.56394389
46.57057567,26.76483903,6.55648328
46.66750422,26.94670119,6.61822841
46.66005164,26.95331731,6.62289741
46.64533396,26.90488650,6.60352532
46.64203372,26.91333797,6.60814405
46.64412906,26.92094481,6.61120398
46.62131876,26.87289890,6.59400170
46.58304881,26.79313568,6.56632440
38.38207329,10.93618908,4.53050332
38.38771978,10.93612318,4.52869912
38.37320124,10.92974683,4.53170492
38.38567442,10.92718733,4.52715915
46.67528614,26.97403398,6.62944681
46.67115729,26.98188899,6.63397336
46.66333471,26.97664906,6.63306355
46.67314937,26.99084995,6.63775601
46.58988041,26.81433600,6.57429098
47.84323194,29.23149120,8.14871079
47.83554346,29.23847912,8.15623923
47.83222772,29.22738990,8.14474861
47.82379848,29.24105555,8.15923208
38.39761277,10.97241247,4.53437944
38.39334435,10.96006150,4.53273782
38.40608055,10.96376455,4.52957913
38.38329336,10.96948730,4.53800985
47.85208294,29.27209216,8.19099743
47.85965959,29.27771195,8.19671833
47.85225292,29.28204729,8.20141970
47.86834674,29.27752798,8.19632379
47.86226888,29.28850223,8.20797979
46.49450259,26.65082987,6.52366606
46.49866676,26.65921012,6.52631576
46.50802267,26.65071282,6.52071436
46.51956312,26.68519979,6.53292432
46.47997973,26.62184964,6.51460170
46.48210082,26.60969283,6.50906509
46.49192038,26.61977159,6.51114487
46.46921899,26.61822059,6.51531004
46.48954878,26.64120596,6.52067025
46.48452816,26.63103967,6.51747561
46.66155808,26.99901062,6.64371029
47.81888171,29.20405456,8.12081895
47.81161663,29.21738959,8.13491141
47.80137353,29.20908393,8.12656948
47.81626292,29.22918048,8.14705392
47.79694148,29.22856198,8.14689868
38.37882627,10.95527039,4.53602166
38.37014713,10.96382347,4.54051618
38.38974365,10.98267115,4.53917092
47.78547217,29.18501056,8.10209751
47.77416797,29.17650448,8.09366022
47.79135833,29.17183470,8.08828037
47.79141552,29.19655993,8.11387103
47.77072291,29.19502377,8.11286946
38.39855610,11.01287215,4.54356910
46.67633248,27.00191665,6.64229192
47.84204720,29.27990810,8.19938655
47.84173924,29.26485051,8.18365092
47.76210158,29.16648981,8.08371704
46.68999947,27.05812392,6.66604181
46.11992953,25.96280828,6.34245450
46.11978258,25.94721887,6.33708438
46.13785564,25.95526270,6.33573748
46.10238442,25.95796818,6.34445191
46.43128738,26.55409835,6.49687782
46.05684458,25.81022867,6.30423536
46.05023108,25.82670630,6.31131838
46.06512809,25.79976368,6.29856635
46.07051662,25.80846564,6.30026255
47.78052864,29.21478034,8.13302693
47.76869171,29.22510730,8.14399135
47.75794971,29.23675900,8.15626702
47.73042301,29.12157674,8.03876076
46.34835325,26.45932596,6.47565167
46.33196005,26.47498676,6.48428513
46.32179822,26.44799566,6.47599276
46.36981186,26.46418925,6.47355379
46.35279619,26.48366892,6.48403587
47.76003255,29.27464985,8.19539709
47.73565929,29.26174346,8.18249253
46.10790045,25.97705628,6.34976094
46.74606811,27.23891964,6.74330492
46.75827877,27.27356904,6.75853115
46.76913456,27.25207459,6.74623913
46.78573212,27.27443702,6.75477207
46.74054249,27.26065659,6.75472612
47.66232255,29.05406660,7.97306665
47.65170356,29.03513377,7.95458036
47.67858185,29.03070611,7.94902343
46.12749488,26.03444325,6.36528075
46.12930927,26.06014489,6.37356137
46.13337121,26.01268371,6.35675403
46.15074924,26.02473998,6.35731207
46.51744416,26.67676218,6.52977104
46.50685953,26.67385280,6.53078180
38.34958918,11.00945130,4.55600196
38.34983109,11.02875188,4.55999669
47.77666780,29.23477253,8.15380685
47.78035032,29.15889158,8.07528749
47.76125910,29.15028991,8.06708771
47.73954995,29.23047886,8.15018060
47.71319352,29.23045816,8.15071495
47.71535429,29.20704621,8.12662687
47.69397254,29.20244935,8.12241271
46.13919190,26.08789120,6.38107865
47.61123458,28.95780586,7.88004781
47.60092946,28.92335527,7.84704206
47.63481009,28.92968419,7.85137697
47.58079621,28.98235492,7.90539319
47.56203676,28.94580713,7.87064307
47.65347243,29.21234829,8.13344769
47.63587342,29.24877078,8.17104954
47.60637437,29.22026976,8.14257559
47.67514354,29.24044781,8.16174115
38.42140772,11.18467807,4.57492975
45.85664253,25.64100322,6.28920327
45.86564796,25.60982756,6.27862006
45.89184754,25.62391323,6.27824602
45.89066381,25.59137447,6.26860063
45.93472773,25.72093326,6.30003683
38.30263189,11.06838119,4.57889351
38.28047438,11.09098079,4.58789360
38.24529835,11.08349234,4.59356716
38.25992219,11.05005645,4.58443605
45.91431365,25.69494368,6.29569600
46.37598455,26.48707932,6.48119442
38.46589825,11.33641710,4.59564596
38.49248422,11.36303321,4.59495664
38.45171990,11.38255219,4.60798411
38.48490291,11.30306424,4.58424507
38.50667910,11.33422888,4.58548636
46.80930532,27.47853911,6.85608665
46.81293099,27.44311987,6.83710278
46.84426751,27.46135548,6.84258479
46.21391453,26.33304103,6.45194995
47.55732215,29.20212122,8.12528447
38.43057116,11.25647578,4.58752046
38.43599780,11.29931362,4.59491946
45.83044984,25.61481781,6.28570196
46.84144201,27.66310260,6.95273690
46.89410901,27.67759506,6.95548248
46.84643930,27.71080583,6.97927285
46.83267287,27.61377003,6.92620257
46.89044952,27.62795992,6.92777458
38.55126645,11.40645863,4.58986414
38.52509785,11.43541427,4.60233625
38.50509962,11.39889079,4.59942116
38.52515699,11.48724035,4.61294020
38.47841365,11.43771754,4.61316003
46.85456069,27.76542505,7.01009792
46.90373081,27.72542621,6.98202747
47.46581782,29.14058125,8.06578487
47.52347116,29.05733101,7.98119695
38.26258314,11.12592494,4.59794802
45.65545041,25.38351624,6.24713247
45.66316204,25.43110387,6.25866369
45.66359530,25.33711630,6.23367309
45.70144243,25.35023354,6.23153159
47.41886772,28.91946968,7.85153818
47.44053515,28.87480334,7.80839039
46.80104484,27.69382813,6.97383732
45.60221010,25.34866887,6.24490505
46.29417755,26.42803269,6.47318211
46.90414852,28.01594345,7.16071620
46.95673032,28.03902245,7.17163873
47.00980957,28.05308290,7.17657711
38.10755015,11.29717429,4.65294475
38.13977471,11.26410951,4.64276946
38.04401739,11.30616795,4.66347365
38.06840026,11.23149939,4.64822606
42.00240991,18.32342822,5.28028134
42.01007243,18.26841962,5.26798311
42.05213924,18.29431128,5.26516893
41.93881681,18.29535235,5.28531238
41.21275675,16.88984417,5.14166436
41.21060519,16.82573479,5.13015107
41.28640628,16.86361567,5.12359548
41.13842779,16.88449033,5.15205894
43.41368223,21.18464922,5.62337220
43.41156043,21.10489073,5.60758433
43.49240283,21.14157212,5.60209254
43.35206948,21.23227045,5.64048394
43.33027813,21.16458959,5.63029676
39.50562411,13.78368437,4.87365342
39.57691290,13.77839685,4.86155623
39.57791482,13.83344081,4.87093574
39.63449437,13.78415056,4.85259384
41.82752866,17.87283433,5.22228997
41.82609959,17.82136156,5.21177148
44.74767472,23.82267195,5.99313625
44.80217216,23.76130351,5.97256865
39.40379023,13.39880745,4.82343624
39.39206404,13.33758657,4.81434943
39.46731708,13.35039096,4.80240237
41.05169284,16.73696911,5.13911953
41.09078940,16.67137742,5.12171475
41.14784965,16.71349325,5.11995819
41.07996947,16.61013154,5.11236098
41.16104314,16.63095014,5.10175006
40.12500388,14.87446989,4.96246399
40.15409117,14.80084172,4.94473776
40.20724289,14.85432948,4.94497729
40.06648499,14.82421752,4.96291124
41.60732755,17.75957190,5.23772371
41.58626470,17.69343923,5.22905746
41.64244384,17.69568560,5.22080545
41.54493096,17.64562225,5.22658568
41.62279018,17.64155063,5.21390075
40.10913776,14.74067376,4.94172092
39.41902420,13.51179380,4.84090515
39.43825312,13.58427767,4.85034135
39.50117734,13.51066169,4.82647884
38.59064028,11.90825518,4.68229499
38.61667130,11.84579558,4.66562551
38.67742793,11.89987729,4.66466325
38.53464050,11.87008536,4.68463886
42.07063252,18.48572822,5.30020487
42.00188512,18.54358888,5.32116335
41.97767836,18.46778366,5.31100473
45.32245707,24.93287401,6.17569965
45.35909109,24.98987191,6.18506700
45.40966732,25.03218084,6.18933666
42.97003709,20.42860448,5.53660642
42.95773223,20.34526357,5.52248930
43.04468792,20.35518224,5.51161405
42.87975682,20.32192125,5.52812948
42.96354792,20.26831055,5.50676623
44.44344100,23.18208045,5.89420364
44.51306948,23.20502961,5.88967015
44.45870343,23.25303970,5.90720895
44.43552762,23.10162806,5.87809139
44.50429562,23.14241713,5.87703525
41.85380100,18.07982964,5.25845375
41.87314863,18.15253804,5.26900868
41.79365237,18.15493254,5.28112697
41.93380071,18.17554313,5.26330063
42.84080636,20.14135743,5.49962593
42.91357321,20.15341486,5.49160389
42.66694520,19.80609001,5.46025530
42.66765539,19.87144692,5.47218792
44.31776924,23.05486712,5.88319640
44.32193690,23.00058486,5.87157589
44.39318556,23.02745082,5.86797568
44.27960985,22.94839988,5.86601232
44.37518740,22.94000142,5.85161078
44.79400676,23.91837192,6.00831030
44.82227808,23.97887012,6.01809725
44.87931738,23.90613682,5.99464466
42.46039076,19.45051168,5.42238392
42.41176416,19.41154542,5.42160681
42.49500536,19.37069429,5.40274484
38.85599551,12.42912582,4.73623011
38.87342198,12.49419885,4.74563827
38.93594729,12.41744958,4.71966819
41.25223941,16.93306463,5.14311774
41.21458406,16.98957000,5.15925017
41.16846008,16.94522249,5.15824320
41.22755861,17.05199998,5.16826563
38.49806239,11.75072331,4.66882815
38.55623523,11.79977106,4.66783305
47.22774433,29.07255661,8.00596896
47.28488008,29.12709833,8.05775394
47.23100061,29.16796406,8.09951941
47.34570640,29.13728543,8.06607773
47.29698782,29.19003698,8.11987231
38.79441086,12.39523895,4.73988349
38.80317090,12.32575470,4.72541410
38.87938841,12.35071453,4.71685035
38.76085120,12.26842722,4.72160327
38.85558610,12.26095414,4.70324462
42.40844972,19.32992459,5.40737658
42.36339183,19.25885421,5.40049215
42.45545780,19.25520066,5.38662180
47.13426939,28.88560308,7.83177075
43.58206079,21.63021468,5.68881831
43.60764373,21.70920543,5.70098986
43.57997359,21.55351937,5.67407889
43.67062228,21.58343527,5.66731999
39.59659508,14.19103946,4.92626026
39.69928023,14.14586019,4.90487661
41.45668926,17.53916058,5.22040585
41.55390523,17.49898336,5.19855344
43.97153683,22.31168682,5.77495458
42.80676318,20.09407838,5.49528171
39.04181805,12.83688536,4.78202711
44.85212422,24.05156032,6.03041235
43.14234332,20.76817945,5.57855753
43.06957496,20.61580037,5.55904138
41.33682349,17.27073201,5.19067781
44.19564886,22.79743732,5.84540213
47.12321939,28.48584622,7.48640891
47.12702551,28.40754312,7.42412658
43.31230126,21.07444581,5.61532727
38.89764863,12.56667178,4.75525346
41.25510574,17.12706590,5.17734458
42.62839381,19.75601581,5.45612054
38.61259058,11.97012034,4.69018182
47.14209546,29.06248155,7.99861581
47.07383113,28.99876325,7.93954961
47.18305529,28.97780435,7.91631291
47.15577267,29.14510478,8.07866374
47.07635443,29.12133761,8.05701694
41.61755534,17.85328194,5.25263832
40.45413817,15.57949173,5.03123842
44.96940543,24.26681272,6.06406974
39.37061318,13.46382769,4.84033271
42.68337017,19.93589909,5.48193212
40.20549167,15.19439068,5.00357436
37.96706846,11.51460796,4.70607058
37.86382984,11.47940915,4.71402605
37.90990238,11.39689849,4.69547066
37.78126437,11.51324274,4.72982163
37.77717237,11.39505179,4.71239459
39.59919137,13.91360573,4.88122748
40.30670784,15.35797760,5.01595480
47.04327093,28.89380703,7.84259870
46.96536751,28.96698162,7.91236856
47.29316829,28.97956349,7.91394405
45.07656229,28.18737782,7.23610809
45.15064707,28.09732222,7.19488433
45.22418723,28.19262689,7.25656405
45.12691373,27.98896756,7.13464585
44.39248769,23.22723295,5.90970742
45.09345686,24.53740586,6.11034281
44.36741942,23.15963499,5.89878491
34.92380663,11.90473913,4.99115685
34.40595383,11.86987250,4.98650043
36.86027106,11.77705320,4.87979240
44.78090887,27.13799908,6.75124290
35.03458517,11.78128905,4.98214961
34.91448313,11.68803129,4.97789345
35.08477918,11.60353507,4.96852979
36.20050262,11.54921052,4.90767164
36.32485250,11.67406261,4.91293293
36.47042188,11.71268160,4.90633571
36.10036440,11.88419535,4.95143519
35.57014239,11.83173813,4.97139515
44.35226531,26.44476142,6.53415417
44.43935584,26.53005210,6.55941572
44.24559013,26.58855169,6.55819663
35.86823071,11.71918523,4.94691915
35.97183863,11.83521483,4.95337340
35.90801900,11.56339400,4.92861462
36.04491374,11.68697453,4.93335702
34.10324423,11.86475040,4.97909472
33.52028558,12.15491814,4.95152046
33.64793024,12.06811040,4.96062529
33.72481236,11.95247780,4.96478134
35.72481143,11.77169414,4.95933082
42.25009164,19.01546957,5.37177304
42.28195443,19.09614875,5.38200853
37.16738817,11.44116120,4.79730942
37.32596157,11.48297977,4.78366685
37.18468935,11.60374131,4.81911396
37.23582959,11.31740900,4.77056250
44.95445175,27.61537823,6.94244812
35.27909361,11.91593714,4.98696691
35.15411916,11.77902701,4.97967771
33.85053456,11.67303245,4.96680053
33.68279593,11.65698189,4.96025309
33.82771270,11.52486150,4.96307682
33.80412028,11.80835560,4.96719042
44.57149183,26.88956285,6.66054622
44.48023203,27.00976629,6.68665271
44.39121941,26.87366797,6.64093895
44.67031743,26.98760569,6.69625195
46.55133953,28.65720188,7.64825362
40.18524968,15.08848979,4.98922124
44.07010658,25.98874130,6.42461962
44.15309894,26.10058457,6.45056826
43.98083150,26.12786532,6.44338352
43.89782312,25.79702053,6.38048337
44.55962478,26.74826051,6.62155377
43.65066095,21.77643076,5.70882385
46.54731374,26.71622961,6.54024252
46.54316674,26.70979707,6.53836686
38.36163578,10.94958941,4.53970666
46.57365585,26.77277174,6.55932554
46.60848193,26.84503266,6.58411034
46.59046740,26.80708034,6.57093721
46.58244339,26.78619581,6.56335080
46.57767728,26.78033451,6.56180031
46.42014417,26.54113851,6.49390478
46.60536296,26.82993539,6.57795223
38.38793730,10.99957411,4.54357423
38.40147868,10.99098873,4.53761728
46.53411847,26.69688638,6.53478398
46.62700309,26.88192255,6.59691427
38.40159562,10.98127307,4.53527107
38.36896535,10.98152479,4.54482937
46.69857306,27.07072453,6.67043372
46.02905368,25.83380390,6.31802380
46.04821292,25.84993448,6.31946356
38.35137289,10.99224849,4.55188064
45.99206221,25.77378224,6.30596365
46.08011727,25.90584111,6.33148400
38.31072887,11.01163096,4.56587502
38.28435552,11.00794734,4.57114249
38.29462052,10.98357400,4.56398496
38.33354714,11.01612245,4.56136898
38.32688150,11.03275593,4.56635809
46.41305515,26.52325635,6.48820528
46.06360565,25.86964372,6.32280807
46.44472095,26.56720946,6.49945792
46.14994124,26.11906045,6.38963889
46.16479052,26.15379136,6.39878112
46.00201821,25.79669683,6.31134387
38.41303436,11.06477618,4.55123841
46.10024857,25.93723603,6.33787640
46.12160099,25.99415286,6.35281651
46.20654990,26.29410110,6.43970568
47.71611156,29.10669095,8.02412020
45.89280730,25.66332710,6.28987955
47.63048266,29.01909472,7.93950696
47.68090348,29.07401016,7.99237375
38.42250144,11.13677753,4.56451214
46.77011178,27.32288608,6.78135999
46.76232978,27.29534985,6.76872672
46.19632369,26.25860316,6.42916979
38.43395591,11.16201976,4.56699076
46.79016059,27.41843370,6.82717239
46.22408492,26.36233209,6.46054997
45.95894866,25.73943946,6.30139863
45.98688375,25.74887693,6.29903061
45.56329870,25.27959874,6.23207130
47.52447895,28.91167941,7.83950537
46.16947722,26.19556204,6.41208717
47.40746187,28.82008896,7.75901380
47.32294283,29.06774778,7.99824943
47.40997138,29.08841361,8.01567309
42.11208013,18.76288549,5.34518229
46.82761925,27.56178014,6.89836467
46.81458633,27.51840968,6.87655511
41.01197900,16.66558117,5.13258898
40.99615767,16.58254372,5.12063689
45.50649385,29.05681114,7.91210073
45.49022425,28.97208419,7.83833887
45.57282165,28.99343828,7.86688804
45.46916373,28.88662861,7.76547948
45.55908176,28.89632875,7.78463356
43.10477986,20.69201927,5.56893349
42.82976025,19.96492977,5.46715515
39.48527006,13.67169353,4.85789813
43.42330886,21.25856655,5.63663893
43.44815877,21.33697817,5.64869123
38.42465475,11.34270007,4.60593650
39.90658011,14.50169047,4.93300498
47.46897271,29.08911517,8.01444356
47.32658131,28.72929585,7.68082781
47.28885691,28.67586691,7.63578631
39.64087477,13.99013173,4.88770738
39.70362589,14.05179426,4.88833806
45.45888703,25.14031296,6.20989578
39.13919089,12.96268942,4.78927643
38.20812334,11.13805698,4.61026852
38.43177926,11.21494288,4.57871224
45.52699171,28.82237857,7.72137452
45.70853726,25.44862640,6.25727513
47.36117904,28.77609254,7.72108819
43.00600966,20.50199264,5.54575996
41.51525938,17.58144924,5.21955340
44.66863067,23.70933835,5.97820507
47.26529063,28.62116351,7.58989926
47.21791844,28.57546047,7.55407515
45.28771013,24.86960336,6.16474180
38.93359520,12.63523845,4.76221529
38.97424131,12.69842507,4.76739469
47.18433770,28.51506314,7.50620280
45.45472336,28.80994384,7.70265896
45.65389953,28.92396854,7.81840792
40.41470173,15.49787983,5.02346070
42.76902371,20.02852530,5.48803208
38.48875292,11.60450340,4.64324654
46.91298084,27.93572966,7.10849080
45.15974782,24.61795147,6.12109245
41.38425052,17.34058157,5.19609266
43.69967265,21.83450465,5.71415628
43.18188224,20.84623588,5.58833640
45.20063895,24.71670436,6.13908587
40.39659769,15.40834571,5.01116299
40.17295437,14.91789460,4.96230454
42.06518081,18.68294701,5.33729740
44.23397222,22.87866315,5.85727957
46.98502161,28.16869915,7.25770064
46.36466401,28.65510060,7.64613335
44.53508810,23.49725489,5.94904801
44.80805613,27.33091710,6.81905925
43.60498672,25.20570760,6.27328985
40.57870368,15.75456618,5.04204139
40.52365229,15.65905029,5.03422720
42.32380198,19.18005524,5.39153500
42.75376353,23.63539754,6.03768558
42.89302119,24.12617906,6.10007147
43.42557951,24.89745280,6.22164667
40.53203149,21.09725648,5.69610565
40.39934486,20.92219237,5.67589079
39.85640558,20.20988813,5.59612544
40.26444394,20.74467630,5.65564401
43.21814369,24.58714154,6.17128841
41.45502579,22.25529900,5.83965177
38.42318661,18.34999738,5.40777623
38.27507982,18.15683318,5.38996645
37.06754748,16.57502547,5.25264230
36.91365036,16.37347068,5.23614412
40.92777388,21.60308933,5.75682004
38.86267917,18.92341449,5.46230314
38.71676924,18.73330930,5.44390983
42.55226397,23.66537323,6.03217321
42.66690718,23.81906856,6.05447923
37.52527048,17.17457711,5.30303585
37.37330146,16.97539323,5.28607846
36.13503228,15.35175958,5.15591392
35.98186130,15.15536106,5.14101107
41.19084729,21.93273282,5.79797489
35.54480184,14.69491128,5.10146402
35.69691853,14.82646843,5.11467643
39.29445983,19.48321008,5.51860259
42.31892942,23.35809271,5.98840626
41.58224928,22.41703500,5.86064696
41.70955480,22.57870589,5.88191658
42.55075917,19.57030396,5.43225689
39.88818224,14.42150155,4.92229277
39.20505596,13.00480179,4.78587711
46.95215112,27.88525490,7.07338880
37.87282563,11.58966289,4.72982104
45.38404036,28.74879867,7.64637781
45.75278561,28.85168978,7.76949528
45.87648468,28.77895461,7.72194509
46.01199408,28.71964637,7.68441380
33.96456152,11.75991216,4.97233268
37.71894117,11.62643653,4.75525255
45.33528365,28.41459991,7.40510393
43.77455466,25.52547498,6.32982215
44.54218476,26.61176572,6.58568361
35.41487579,11.80656083,4.97469460
43.00233546,24.27923278,6.12327533
43.32373358,24.74271588,6.19627080
45.32468065,28.28227772,7.32064313
46.17949420,28.67610238,7.65822103
41.82968306,22.73697780,5.90277241
41.95627256,22.89201179,5.92395215
42.08079089,23.04940429,5.94552516
34.27076916,11.77006238,4.98051308
37.54897658,11.69049087,4.78696019
43.52151717,25.04713593,6.24678939
34.75477057,11.78489099,4.98510360
42.20197664,23.20378629,5.96692692
42.43801999,23.51092427,6.01016291
38.12635840,17.96231838,5.37230693
37.97723230,17.76658085,5.35479686
40.12898514,20.56901519,5.63574802
38.57034827,18.54208707,5.42574291
37.34985731,11.69993719,4.81343064
35.28641711,11.67619841,4.96819054
42.78292071,23.97317004,6.07727936
36.75912349,16.17075126,5.21979058
36.60392977,15.96725319,5.20356684
40.79618862,21.43808142,5.73660727
40.66202354,21.26930096,5.71621406
35.83701826,14.98205282,5.12740968
37.22077721,16.77555597,5.26928519
41.32222330,22.09776609,5.81895755
36.65495094,11.78914210,4.90055266
35.17836157,14.29863196,5.06993167
34.52803815,13.43245577,5.01876320
34.55122310,13.24774644,5.02044860
34.38902099,13.03345094,5.00879995
39.57739854,19.85031236,5.55712275
39.71791100,20.03128878,5.57662193
39.43631652,19.66731875,5.53776504
39.00777511,19.11180815,5.48089322
39.15173688,19.29794898,5.49964412
39.99337804,20.38916610,5.61583358
34.04174041,12.78848913,4.98461989
37.82749133,17.57007951,5.33741643
37.67681388,17.37285117,5.32016103
35.02916892,13.88594575,5.05687126
35.00432852,14.07040297,5.05554315
34.87027960,13.67384571,5.04439968
36.44816005,15.76300858,5.18748259
36.29185334,15.55785805,5.17158235
42.17053150,18.84221106,5.35141725
39.08357170,12.90640659,4.78802180
46.58610283,26.80074165,6.56905045
46.50718351,26.66275462,6.52602200
46.46873689,26.57960944,6.49942657
42.59531493,19.69066943,5.44846816
38.13719485,11.20642451,4.63372846
41.29205440,17.19763134,5.18433088
44.89360930,27.47837436,6.88148549
44.35715995,23.09340819,5.88641927
34.20565858,13.00371813,4.99574762
46.56907202,26.75640847,6.55306074
38.38935832,10.89043959,4.51645766
38.38458685,10.89154017,4.51846654
38.38438830,10.88640923,4.51718558
38.38684331,10.89597131,4.51882910
46.54750968,26.67569973,6.52200954
46.54128280,26.67588784,6.52377857
46.54399433,26.67038105,6.52053339
46.53586565,26.68087312,6.52736250
46.53569061,26.67192101,6.52341542
46.65004533,26.88539145,6.59327606
46.65611908,26.88657636,6.59227232
46.65088155,26.89084888,6.59565795
46.65314320,26.88097115,6.59033898
47.91393911,29.33502996,8.25595546
47.91724092,29.34040568,8.26157635
47.91150464,29.34048993,8.26177057
47.91791211,29.32927574,8.24977101
47.92087814,29.33457397,8.25531927
46.56999295,26.74397530,6.54728885
47.89235127,29.30453633,8.22420295
47.89852286,29.30788914,8.22759917
47.89307656,29.31316342,8.23328645
47.90144738,29.30167513,8.22094727
47.90520162,29.30703478,8.22652118
46.53653773,26.65803453,6.51693224
46.53334292,26.66468315,6.52078213
46.52717018,26.65956694,6.52006010
46.52647602,26.66965434,6.52466373
46.61799099,26.84083511,6.58008364
46.62097104,26.83468008,6.57650312
46.62474116,26.83899809,6.57760365
46.55148880,26.70878501,6.53597663
46.59070858,26.78830673,6.56242172
46.53252523,26.65166837,6.51513203
46.52515254,26.65176943,6.51710525
46.52853657,26.64513795,6.51325740
46.51763836,26.65620433,6.52087414
46.51967217,26.64668661,6.51623768
46.59619631,26.80158902,6.56717074
46.57711037,26.76000760,6.55282200
46.62916304,26.86550917,6.58890114
46.58387998,26.77373508,6.55742373
46.53871039,26.68856803,6.53007762
46.60950171,26.82307854,6.57389457
47.85875292,29.22600727,8.14242528
47.85068015,29.22631472,8.14304326
47.85470057,29.21875552,8.13495037
47.84434581,29.22149964,8.13820960
46.61161223,26.83614705,6.57937637
46.51755229,26.66636109,6.52529627
47.87607771,29.30313079,8.22306342
47.88356312,29.30593774,8.22586785
47.87655487,29.31437997,8.23487190
47.86696520,29.29964632,8.21957803
47.87592515,29.29225631,8.21163412
46.67041343,26.95691096,6.62242089
46.68040142,26.96402757,6.62360162
46.56523149,26.73097091,6.54256781
46.56156500,26.72439230,6.54050301
47.86496822,29.31005914,8.23053283
47.87593979,29.32661183,8.24772031
47.86354877,29.32443881,8.24561957
46.45991612,26.53823141,6.48406306
46.45165603,26.54161166,6.48744817
46.45109298,26.53064033,6.48298820
46.46969377,26.53911772,6.48193714
46.46179671,26.54777855,6.48764976
47.84843431,29.25133428,8.16934330
47.84451049,29.24116853,8.15880495
47.85562896,29.24200688,8.15935611
46.63783318,26.88598193,6.59641586
46.45884760,26.52139188,6.47710805
46.44847973,26.52022731,6.47923993
46.45331466,26.51177398,6.47441165
46.43912815,26.52450805,6.48321106
46.44155603,26.51297102,6.47786407
46.54406425,26.69541217,6.53182136
46.68585540,26.99282030,6.63611355
46.69131195,27.00326918,6.63993541
46.43439871,26.50368950,6.47570084
46.42924240,26.51627248,6.48203869
46.42083009,26.50518312,6.47936945
46.43981969,26.49189631,6.46941454
46.44655442,26.50196349,6.47196584
46.57351251,26.74935681,6.54886267
46.57970987,26.75350472,6.54922066
38.41007301,10.98483595,4.53348000
47.84697002,29.29200392,8.21194052
46.69442612,27.04589893,6.65949487
46.70417769,27.05667411,6.66274554
38.40345280,10.95166099,4.52741991
38.37433656,10.94163200,4.53416906
46.62426483,26.84385494,6.57997948
46.76965206,27.14018189,6.69043084
46.75556615,27.13757619,6.69202032
46.76300756,27.12624938,6.68484602
46.74335023,27.14329749,6.69716106
46.74367615,27.12661202,6.68894657
38.36160179,10.92028821,4.53297833
38.34871145,10.92272650,4.53728994
38.34933363,10.90666849,4.53343806
38.34503719,10.93523035,4.54112568
38.32870876,10.91766860,4.54170164
46.76688461,27.16473415,6.70330433
46.75356930,27.16843623,6.70760850
46.75698403,27.15314089,6.69944780
46.78120299,27.16826422,6.70219508
46.76626000,27.17811408,6.71006086
46.09552968,25.88905390,6.32241513
46.43799892,26.53848098,6.48918642
38.35694503,10.96393782,4.54422625
38.34145999,10.97272103,4.55026581
38.34244320,10.95209010,4.54554386
46.39677547,26.48803080,6.47754571
46.71999336,27.10182747,6.68136742
46.61625525,26.82838271,6.57471562
38.42653872,11.03482127,4.54039767
46.37716628,26.43141873,6.45933266
46.38399787,26.44573772,6.46351990
46.36486268,26.44403386,6.46675614
46.39392743,26.42881200,6.45451729
46.52757973,26.67873022,6.52836083
46.01016050,25.73066876,6.28812743
46.02561849,25.74250172,6.28848201
46.01048941,25.75436380,6.29592152
46.03328094,25.72760077,6.28138349
46.04304404,25.74255396,6.28408340
47.78929885,29.28604986,8.20672057
47.80578522,29.29077445,8.21136022
47.78801327,29.31014648,8.23175327
47.82836003,29.29393240,8.21427760
47.81210226,29.31545896,8.23694671
46.68288926,26.98210664,6.63166080
38.32765537,10.93814015,4.54643321
38.32194680,10.95423817,4.55133811
38.30247661,10.93172396,4.55150022
46.76734710,27.23244553,6.73679507
46.78781262,27.23459692,6.73439441
46.75495403,27.21924099,6.73230070
46.77869715,27.21750564,6.72743546
46.50237329,26.64062573,6.51766879
46.12974780,25.97410129,6.34422617
46.73559280,27.16004353,6.70665004
46.74292576,27.18327506,6.71668215
46.74195607,27.20428839,6.72705699
46.45949474,26.57072764,6.49777617
46.44760612,26.55141616,6.49240603
46.45921475,26.55976214,6.49328449
46.00473848,25.71184654,6.28307641
45.98578431,25.72368856,6.29116554
46.01335964,25.69501245,6.27517666
46.02338326,25.71156055,6.27834246
47.73832593,29.09980197,8.01626550
47.74451021,29.13814049,8.05519631
47.77173520,29.29222228,8.21340137
46.22080604,26.14519059,6.38504662
46.19779066,26.14837800,6.39089962
46.20902206,26.12707280,6.38105898
46.24215189,26.15048482,6.38215379
46.22179375,26.16775161,6.39296122
38.48160171,11.17992754,4.55806180
38.48258086,11.15759345,4.55257425
38.50180919,11.16162965,4.54761533
38.47379979,11.14158713,4.55141964
38.49549849,11.14212153,4.54481143
46.35889457,26.37543722,6.44130712
46.33576974,26.37657398,6.44674076
46.34627011,26.35668773,6.43681115
46.31105638,26.39466205,6.45819689
46.31606124,26.36183586,6.44509952
38.29603638,11.03521993,4.57388588
38.44307214,11.11824868,4.55490398
45.33604652,29.31257521,8.10707490
45.33963072,29.28188178,8.08111249
45.36315656,29.30022203,8.10171523
45.33974236,29.24652290,8.05034812
45.37345118,29.26279892,8.07081627
47.85541844,29.26071394,8.17899250
47.82485064,29.21588378,8.13296017
45.92106968,25.60118542,6.26558074
45.94128733,25.61728915,6.26638118
45.92136163,25.63466558,6.27600357
45.95191534,25.59615700,6.25696866
45.96541679,25.61726911,6.26073314
46.34769427,26.44024193,6.46857181
46.15939957,26.06773650,6.37043354
38.30047374,10.95826442,4.55747627
38.26713685,10.94960729,4.56353029
38.31706606,10.97257751,4.55639174
38.45017436,11.18506462,4.56777114
45.93896551,25.57461746,6.25295182
45.91404042,25.57546099,6.25892654
45.92439892,25.55218716,6.24905914
45.89445509,25.56057109,6.25837028
45.94755901,25.68953826,6.28800180
46.72634716,27.13879866,6.69798744
46.79260961,27.30156018,6.76734196
47.61501567,28.99249844,7.91389373
47.64838646,28.99451760,7.91439621
46.20016708,26.22482916,6.41698114
38.32881457,10.99426769,4.55800449
38.55880521,11.31171642,4.56637455
38.53856325,11.33193192,4.57673818
38.52317766,11.30622212,4.57512627
38.53475669,11.36495518,4.58503320
45.39602166,29.23128206,8.04710864
45.41733536,29.26380323,8.07940238
45.36674877,29.22049646,8.03258250
46.82632634,27.41215299,6.81915901
46.25470445,26.33989805,6.44803660
46.41611427,26.48851083,6.47365386
46.22491750,26.26708126,6.42742372
47.69597945,29.26800651,8.18965116
47.65842634,29.28211212,8.20480691
47.58915833,29.28501776,8.20906254
47.60243775,29.25876300,8.18194424
47.61945249,29.28442321,8.20787876
47.56481970,29.30837459,8.23343338
47.56423108,29.25978518,8.18378731
38.46678767,11.23611829,4.57451363
47.63756606,28.97458273,7.89523711
47.58235169,28.80066754,7.73096137
47.54689606,28.80316598,7.73570610
47.56089308,28.77210739,7.70576515
47.51920103,28.83229672,7.76461489
47.51288597,28.78448004,7.72045682
38.26544225,11.01876713,4.57735310
45.81660413,25.38175542,6.21940969
45.78140501,25.38371031,6.22720863
45.79580151,25.35015315,6.21420157
45.75102819,25.41124137,6.24053900
45.74910582,25.36018258,6.22633894
46.39272563,26.46550720,6.46948930
38.65501844,11.66251191,4.61991108
38.59900171,11.67290455,4.63465290
38.62823861,11.62215873,4.61755567
38.70628600,11.67347906,4.60952723
38.65907730,11.71462521,4.63015612
46.28853743,26.37912918,6.45643437
46.19196583,26.17250356,6.40038496
47.09241234,27.91352883,7.07639294
47.04138928,27.90391832,7.07616467
47.07202090,27.86786138,7.04951658
46.98983603,27.92291825,7.09351293
47.00820730,27.86389181,7.05448353
47.49394776,28.87348000,7.80464672
47.54030653,28.87067319,7.79967406
38.69755264,11.76183026,4.63145861
38.63613689,11.77833937,4.64835769
38.75146185,11.77192281,4.62045635
38.70101244,11.82033629,4.64326168
46.76646365,27.19880660,6.72028539
47.36792190,28.67205596,7.62788014
40.76755527,15.78961457,5.01452536
40.71205404,15.81804944,5.03103427
40.72541310,15.74650660,5.01474602
40.82377982,15.79333602,5.00239656
40.77838178,15.83917213,5.02217664
47.49516979,29.19795707,8.12264726
47.42853650,29.21137645,8.13792551
44.55649197,23.11550114,5.86189749
44.51893673,23.08000194,5.86023802
44.60908475,23.11947453,5.85220111
44.56668680,23.16191760,5.87118246
40.02480157,14.25563266,4.86408580
47.41877201,28.76434045,7.70739646
39.83983787,13.89788212,4.83194111
39.81112527,13.84691622,4.82793685
42.53390458,19.25425656,5.37289224
42.49164005,19.30351033,5.39027932
43.05995766,20.12115706,5.45685943
43.03037936,20.16594734,5.47378308
42.99480550,20.13115924,5.47310218
43.03760888,20.22409300,5.48521690
42.97223340,20.19347440,5.49034782
45.47654512,25.05836138,6.18738933
40.47683223,15.22542977,4.96302768
40.43253745,15.18298760,4.96389382
40.50592970,15.17885395,4.94653598
40.48562964,15.28574835,4.97319898
40.42235829,15.25343170,4.97936062
40.05146410,14.30699838,4.86867545
40.02216551,14.35315168,4.88507864
40.03150367,14.41346919,4.89510758
43.65069796,21.52482535,5.65806261
43.64172006,21.48055995,5.65006598
43.69736117,21.48447449,5.64106910
43.59314025,21.44674748,5.65060424
43.67116492,21.43964742,5.63582578
38.53852363,11.55672675,4.62403750
40.35268933,15.02726408,4.94968222
40.27334909,15.04794820,4.96846590
43.02383369,20.29220022,5.50209957
43.07524722,20.30101650,5.49486753
45.62459597,25.28455770,6.22527940
40.36057493,15.22000502,4.98426681
40.29867475,15.18937220,4.98905825
47.20027718,28.43865469,7.44358614
47.33900981,28.61439304,7.57960023
41.11569920,16.50835449,5.08633778
41.07529282,16.55480510,5.10291689
41.04083159,16.50896406,5.10037920
38.57879566,11.73169483,4.65050137
39.37902903,13.28053352,4.80613834
39.33691852,13.23559383,4.80546122
39.41507047,13.22798664,4.78892791
43.59736099,21.50244128,5.66144795
45.13858929,24.45904881,6.08704385
46.98347672,27.99125364,7.13803064
42.62196533,19.56864956,5.42152680
42.64807036,19.62656524,5.42878966
42.67663927,19.68375846,5.43554779
41.94280319,18.35216001,5.29515381
41.99833614,18.38583402,5.29289900
40.28684111,15.26214646,5.00310111
40.35641321,15.28383978,4.99615471
43.69521335,21.71999922,5.69191217
43.74262863,21.76673426,5.69477058
43.69038928,21.65535890,5.67935042
43.77505454,21.69646207,5.67461193
45.01467410,24.19434119,6.04211933
44.72240579,23.64290476,5.95708742
39.12857780,12.82977720,4.76601064
39.28017813,13.10363207,4.79107669
40.71592162,15.88701200,5.04298802
38.74394543,12.05364422,4.68271486
38.98893890,12.56320355,4.73902195
39.02364270,12.62421166,4.74476010
38.96028102,12.49692576,4.73110523
39.04169708,12.50093275,4.71579638
44.05134772,22.34117781,5.77017206
41.31927685,17.06212431,5.15591150
40.89057049,16.22776853,5.07462716
41.59291073,17.57933849,5.20716901
39.95777095,14.44420942,4.91477474
47.07659872,28.18458037,7.26175491
45.33997199,24.78935930,6.13913461
38.56099799,11.61726780,4.63142056
43.86774752,21.97233023,5.71927868
41.69154118,17.80048014,5.23238463
43.05228351,20.55039303,5.54889829
43.12275345,20.54842183,5.53852539
39.78315096,14.08524375,4.88079031
43.97998201,22.22464056,5.75591840
42.31729318,18.95107324,5.34970641
44.88432435,24.12810052,6.04337477
44.95397268,24.05158735,6.01755873
43.24971985,20.76258358,5.56235576
43.33008966,20.91060615,5.58017986
40.83258280,16.08051409,5.05784551
41.43949240,17.25707490,5.17219941
44.30028533,22.79247527,5.83049182
39.07150729,12.68680550,4.74833959
43.79785328,21.82704809,5.69915366
39.84565032,14.21785130,4.89369750
46.24394463,26.30854365,6.43875206
40.24363994,14.91832088,4.95013516
41.80271848,18.00451991,5.25258118
40.49104199,15.43203291,4.99979758
39.59537427,13.71473960,4.84695125
40.05193427,14.57876122,4.92248971
45.00757760,28.34683989,7.31974098
44.98904903,28.26908048,7.27102751
45.09710004,28.29000008,7.29822348
44.92293644,28.34935756,7.30814901
45.18671776,24.52825371,6.09697425
44.17506356,22.60657874,5.80866926
45.28952814,24.71810181,6.12860762
45.53228953,25.15040836,6.20321703
44.61674226,23.45432272,5.92988612
43.19775600,20.69016494,5.55566237
45.09553529,24.32630600,6.06178480
40.74107089,15.95341104,5.05063303
40.96264471,16.36676621,5.08763641
42.53971901,19.43759658,5.40880252
42.59105046,19.49705162,5.41235735
45.70307517,25.39636238,6.24389766
44.53566307,23.26884913,5.90047681
42.72121577,19.74250730,5.44011164
37.64741995,11.35628210,4.72330348
37.71503815,11.27714381,4.70272960
37.75230931,11.15411892,4.67956980
37.83532375,11.28763144,4.68867878
37.67359436,11.47560389,4.73793732
37.58790494,11.55332415,4.76082457
37.52147920,11.42076102,4.74926246
47.14576945,28.32927546,7.36261462
38.76774000,12.12846429,4.69320962
42.69766013,19.56541817,5.40775259
42.25138737,18.84919356,5.34067997
42.31890919,18.87358333,5.33394669
42.88669053,20.08585977,5.48233102
43.51320110,21.26821257,5.62571725
43.47518504,21.20860486,5.61922762
44.97517805,27.98599075,7.11597049
45.20407656,28.33829947,7.34116582
44.84386001,27.74287851,6.98572573
39.16808355,12.88554661,4.76966077
39.21669905,12.93076617,4.76941086
34.41397707,11.37495999,4.96483164
34.27096241,11.41604941,4.96681249
34.30307486,11.24458722,4.95883114
34.49006148,11.49818722,4.97078751
34.37971668,11.50735844,4.97123818
43.59685976,25.95927788,6.38129529
43.73527868,25.88537992,6.38260167
43.69793289,26.04437878,6.40441120
43.45294857,25.96092498,6.36615107
43.56994602,25.81228610,6.35701778
44.39272063,26.69212026,6.59484098
34.11903132,11.67450050,4.97434667
39.30023213,13.17342368,4.80053641
39.27217896,13.03723797,4.77976890
41.93592329,18.10401717,5.24859392
33.69790493,11.44979530,4.95764238
33.80903110,11.38644641,4.95935578
33.84655068,11.27460422,4.95709438
33.95545178,11.39112377,4.96250625
44.10431342,26.37737568,6.50104173
44.22387588,26.41890994,6.51925123
44.05739490,26.54107377,6.53044976
44.05159940,26.26091400,6.47379002
41.29959707,16.99093790,5.14589555
47.29326849,28.56069875,7.53697740
42.09065607,18.54726189,5.30871832
33.65917214,11.83900637,4.96079220
33.51985560,11.78768332,4.95328220
43.63085759,25.65023593,6.33858932
43.57845889,25.51936095,6.31580887
43.47131492,25.67184647,6.32816166
46.43718073,28.82580981,7.78839354
46.59434452,28.84413360,7.80569582
46.50502878,28.99240922,7.93624678
46.73980569,28.87880680,7.83565228
46.64077055,29.00726115,7.95187016
34.43688775,11.66145677,4.97842315
35.47111888,11.66143861,4.96018528
47.46069648,28.77958301,7.71899730
44.61971366,27.27772706,6.78310375
40.40518094,15.32607419,4.99556292
40.47346237,15.35886299,4.98952456
43.88922843,25.97721473,6.40991936
37.03516278,11.49803190,4.82148864
33.97713325,11.58128811,4.96842178
33.54305087,11.96898374,4.95440023
40.30154357,14.97180802,4.94919527
45.02790294,28.08878697,7.17586304
44.73730946,27.48357098,6.86834659
44.63198621,27.41757047,6.83274660
35.61363774,11.66070698,4.95392287
43.76037470,25.72267545,6.35916233
46.42765800,26.52869955,6.48740772
46.55546590,26.71407436,6.53736572
46.54760474,26.70268920,6.53420163
46.56725010,26.73799945,6.54525589
46.56047032,26.71786982,6.53783226
47.79992842,29.18291986,8.09947382
38.41591985,10.99413078,4.53389053
38.41058420,10.97513571,4.53093265
46.59292901,26.79479351,6.56484392
46.58137880,26.76611221,6.55456105
47.85558213,29.30243418,8.22270304
47.88638250,29.29713169,8.21653115
46.58859981,26.78083042,6.55952154
38.37396624,10.91830738,4.52872529
46.65269015,26.91370945,6.60601405
47.87318833,29.28388296,8.20288970
46.10135880,25.90469548,6.32649757
46.63690626,26.87746853,6.59268459
47.86395746,29.26830154,8.18673824
46.48008147,26.59853454,6.50482774
46.66097729,26.93829798,6.61571265
46.49701799,26.63093731,6.51474124
38.44084914,11.09433285,4.55008051
47.75378212,29.11573802,8.03192645
47.72517837,29.08444740,8.00118381
38.36096696,10.93374101,4.53628302
46.70182217,27.03452354,6.65265770
46.69729313,27.02360725,6.64836773
46.72219780,27.08740863,6.67401956
46.12148473,25.93086608,6.33097497
46.11015997,25.91905096,6.32947598
46.71308679,27.07793523,6.67119534
46.71500917,27.06596431,6.66510502
46.70936884,27.04488702,6.65609363
46.06605068,25.83537865,6.31071601
46.08569060,25.87331969,6.31923751
46.08161179,25.85765712,6.31476749
46.15264212,26.00764294,6.35090049
47.80949785,29.19264963,8.10925785
46.72175221,27.11873251,6.68914467
46.17317345,26.09324022,6.37652101
47.71265968,29.06382548,7.98082650
38.42952942,11.05334757,4.54387597
46.85382298,27.49623771,6.85994152
46.85073600,27.52915431,6.87805295
47.66418977,29.01366378,7.93266947
47.56880112,28.90172538,7.82783298
47.77946246,29.14153795,8.05742535
47.76577398,29.13160454,8.04772925
46.34273692,26.42349201,6.46316488
38.46149564,11.16178173,4.55959278
38.47070752,11.26992040,4.58073332
46.80571980,27.32866060,6.77908411
46.22714407,26.24353722,6.41879865
47.40223690,29.15560634,8.08267030
46.20977252,26.19478134,6.40487117
46.81467896,27.35785670,6.79270536
38.43375477,11.07193518,4.54696573
46.28539918,26.35421475,6.44795671
46.83151416,27.38115210,6.80223275
45.93115463,25.66374218,6.28312474
46.18241279,26.12430901,6.38548838
47.47050540,28.82651695,7.76180871
47.40413601,28.71988551,7.66813386
46.87471097,27.58196037,6.90399542
46.87015340,27.54879843,6.88633479
44.75677029,23.70188873,5.96552367
44.69538757,23.57844182,5.94648060
44.22871259,22.66079958,5.81253253
44.25304138,22.72273569,5.82232909
43.57854217,21.38785200,5.64053603
44.60196329,23.38376550,5.91640878
41.01024875,16.43772591,5.09248654
40.49418277,15.50767481,5.01279144
42.38179066,19.10585593,5.36935999
45.62128513,25.23949096,6.21383622
46.91904392,27.77522205,7.00972601
40.00868171,14.49820273,4.91554879
45.43355244,29.03963283,7.88721001
45.45384655,29.11166869,7.95184375
45.57818892,29.09163304,7.95167246
45.39741655,24.92154666,6.16385879
45.43228716,24.96931526,6.17104963
45.31319919,28.64630526,7.56113899
45.53059922,25.09834511,6.19011554
44.04822389,22.27164437,5.75567811
43.92996166,22.10875918,5.73882314
43.97079819,22.15717499,5.74298757
42.85813449,20.02541549,5.47474939
41.18920849,16.76521071,5.12247649
42.20344345,18.75433354,5.33015838
45.14304634,24.37910686,6.06760508
45.46755615,25.00264333,6.17459269
45.24527181,24.57976637,6.10128628
43.09131626,20.48756223,5.53109810
47.03453847,28.11414650,7.21594077
40.60658167,15.61200939,5.01206519
40.55354939,15.55493518,5.01111742
40.65926313,15.77918730,5.03329637
40.65937329,15.71502141,5.02152613
43.06005772,20.42612935,5.52355638
42.17207737,18.67771983,5.32050049
39.65891422,13.84892516,4.86003559
40.78126287,16.01562366,5.05497688
44.56411825,23.33154101,5.91023229
44.17292836,22.52228691,5.79086986
44.97981431,24.12913294,6.03183264
38.70370931,11.97896716,4.67544671
43.35656175,20.98983408,5.59238296
44.68405536,23.50420626,5.93144958
43.39467705,21.04087757,5.59698623
40.85936340,16.16030156,5.06773796
43.89355094,22.04463942,5.73068190
45.98459008,28.88517498,7.81729548
44.32667483,22.87208604,5.84389813
45.51394442,29.13625500,7.98188879
45.65591409,29.03948366,7.91622089
38.80704446,12.19643939,4.69944135
43.54075097,21.34008012,5.63642806
37.47109308,11.57109228,4.77851661
43.82570187,21.90137864,5.71062339
39.53043673,13.58768488,4.83537814
39.45654717,13.43640109,4.82090062
42.42795495,19.17783301,5.37595417
40.07662975,14.66651977,4.93403877
36.74260027,11.63269731,4.87181380
44.90717586,23.98247452,6.00819377
44.82169450,23.84310941,5.98829900
44.11968745,22.46842859,5.78725853
44.07804724,22.40695162,5.78023392
39.57077723,13.64063017,4.83776595
41.38642381,17.19275736,5.16907407
41.34941117,17.12618659,5.16281920
45.37083753,28.86721604,7.73659037
45.40537249,28.96145273,7.81780840
43.49836687,25.36663466,6.28882503
37.95360445,11.30706006,4.67598924
44.76557866,27.61219560,6.92173967
43.32177638,25.07171047,6.23794509
47.25920413,28.49448666,7.48447281
43.11081125,24.43276905,6.14698572
43.12103154,24.76671636,6.18731911
40.47037479,21.27929713,5.70382540
41.38642465,22.44061540,5.85047218
42.79977220,24.30813062,6.11483095
34.68680608,13.64567923,5.03062703
34.51303678,13.60960407,5.01641442
42.35097901,23.69530832,6.02352536
38.82033685,19.10628674,5.46649975
38.67562375,18.91625188,5.44777084
38.23678677,18.33992580,5.39292793
38.08894857,18.14545270,5.37502249
45.74960313,28.98735393,7.88211670
36.10761130,15.53587219,5.15645566
35.95091001,15.32891621,5.14085732
41.88202360,23.07737448,5.93627434
42.58019448,24.00298486,6.06878655
42.46557987,23.84924482,6.04597153
42.11887226,23.38820419,5.97957453
41.63340907,22.76207850,5.89300159
37.34000052,17.15888860,5.28781134
37.49137245,17.35801723,5.30497222
39.38865844,19.85008247,5.54335050
39.52854795,20.03304641,5.56304513
40.60340005,21.45226759,5.72460652
40.73443123,21.62145333,5.74526860
33.49499957,11.62090009,4.95151737
33.33466277,11.88772139,4.94120404
47.18905544,28.37545969,7.39479632
41.70100508,17.72269040,5.21599320
34.62878663,11.58561993,4.97477839
44.89324002,27.87547948,7.05197192
45.18971693,28.45751095,7.41497342
45.26714132,28.53764040,7.47874422
45.86097531,28.93032556,7.84484628
46.86212636,28.92136573,7.87236472
46.11783324,28.84915928,7.79607992
46.27212132,28.82720769,7.78504167
44.56507490,27.13778930,6.73277620
35.74734953,11.56116047,4.93759867
42.90821911,24.46063996,6.13847638
36.88034092,11.57105981,4.84923297
39.80331280,20.39265769,5.60257077
39.93890333,20.57165178,5.62254588
39.66648558,20.21394702,5.58277194
39.24787920,19.66599489,5.52383377
39.10630401,19.48079124,5.50451916
38.96383995,19.29462095,5.48542163
41.51226650,22.60140056,5.87176173
41.12850962,22.11724662,5.80812193
43.22390094,24.92051999,6.21258486
43.01545294,24.61339906,6.16261561
42.00177036,23.23376647,5.95794273
41.75864582,22.92155257,5.91471011
36.40155729,11.51176868,4.88751092
34.26772139,11.58473603,4.97372892
42.23639290,23.54259246,6.00155541
37.94045198,17.94975928,5.35728012
37.79146474,17.75332451,5.33970685
37.64185883,17.55619019,5.32227404
40.20825976,20.92740340,5.66302399
40.34022827,21.10427963,5.68341000
40.07368174,20.75123897,5.64275350
38.52997274,18.72507026,5.42926231
38.38373274,18.53302812,5.41099322
36.72893381,16.35454953,5.22088668
36.88265797,16.55717995,5.23737894
36.57452251,16.15114032,5.20455296
36.41943779,15.94697056,5.18835290
36.26379235,15.74189473,5.17230423
40.86576286,21.78727536,5.76599413
41.05909741,21.76884576,5.77732848
40.99720166,21.95303144,5.78698472
35.80220402,15.14162995,5.12646373
35.66500712,14.97979171,5.11355132
35.55053897,14.85135896,5.10301266
37.18813968,16.95911565,5.27083205
33.70252327,12.35472137,4.96282805
37.03572790,16.75865914,5.25402677
33.87754528,12.57306728,4.97388879
33.70260187,12.53233406,4.96081993
35.36094136,14.79396822,5.08595809
35.36342059,14.58503596,5.08601184
36.58977431,11.58228688,4.87973101
34.99755177,14.24932419,5.05456229
34.36785735,13.21845218,5.00714887
34.83035588,14.03538805,5.04089645
38.45014558,11.14045329,4.55793860
38.21803550,11.09775575,4.60135155
42.23936753,18.80154134,5.33341435
42.35372055,19.02483876,5.35813524
39.09662946,12.76323811,4.75882373
38.14788542,11.14369457,4.62158704
41.96010617,18.23208298,5.26976881
42.07712403,18.41176089,5.28452480
42.12228101,18.61083480,5.31575175
43.41399326,25.21710384,6.26296082
47.69360441,29.04803370,7.96573731
41.47299532,17.33570229,5.18137646
46.15219369,26.04515422,6.36408669
43.28259894,20.84280385,5.57366785
39.80720013,14.15327748,4.88882024
46.84312577,27.43569496,6.82915941
46.14108768,25.99813500,6.35011856
46.14254670,25.98373307,6.34475191
35.17061659,14.49106224,5.06917666
34.84563377,13.85833369,5.04288252
33.86652259,12.75182641,4.97121918
34.03103578,12.96645934,4.98216210
46.56540055,26.71501590,6.53525081
46.56632716,26.71948809,6.53707517
46.57030125,26.71510087,6.53395765
46.55530786,26.70228423,6.53209441
46.55858481,26.70735213,6.53355171
46.56198855,26.71189683,6.53473682
46.57739217,26.74373794,6.54534085
46.57484015,26.73871224,6.54368931
46.58159839,26.73895779,6.54198679
46.62878901,26.83478613,6.57455993
38.40384257,10.91232394,4.51701208
38.40011703,10.91620232,4.51942369
38.39749571,10.91151425,4.51912405
38.40005498,10.92071997,4.52063922
38.39360697,10.91802559,4.52219632
46.62923716,26.84648486,6.58000922
46.63537806,26.84639574,6.57837199
46.56862681,26.72470918,6.53887134
46.57186923,26.72856942,6.53978536
46.58849480,26.76332293,6.55151284
46.59167541,26.75879519,6.54853722
46.59442256,26.76375527,6.55012301
46.58455117,26.75924432,6.55064066
38.40352775,10.92367666,4.52017831
38.40508368,10.92806111,4.52078040
38.40907543,10.92415298,4.51827691
46.59594136,26.77860619,6.55668546
46.59954242,26.77425258,6.55367719
46.60193881,26.77933790,6.55542692
46.59226683,26.77406984,6.55551963
38.39577800,10.90622259,4.51833810
38.39106274,10.90920122,4.52079706
38.40119431,10.90651429,4.51641982
46.58020657,26.74785109,6.54650739
46.58584186,26.74863725,6.54535667
46.59925006,26.78966195,6.56096637
46.60195518,26.79574034,6.56310224
46.59681035,26.78357434,6.55876524
46.60436186,26.78477977,6.55734074
47.90823173,29.32394701,8.24435336
47.90407882,29.31970901,8.23996380
47.91172637,29.31815203,8.23813090
47.91035419,29.32952781,8.25021000
47.90133228,29.32913451,8.24996814
46.61031840,26.81173979,6.56844743
46.61346751,26.81746979,6.57033400
46.60886915,26.80641596,6.56633739
46.61550310,26.80696972,6.56485564
46.63706356,26.86262958,6.58568077
46.63821480,26.86921018,6.58849069
46.64383179,26.86341578,6.58431479
46.64336399,26.87417001,6.58958965
46.64525959,26.88091548,6.59231210
46.65017252,26.87500399,6.58823525
46.54681582,26.68762716,6.52764420
46.55058577,26.69171583,6.52852210
46.54339917,26.68169816,6.52584762
46.55053635,26.68151590,6.52385154
46.60508702,26.80181042,6.56513552
46.61660534,26.82203027,6.57168498
46.62315113,26.82341307,6.57063196
46.66514367,26.90526223,6.59898646
46.66101650,26.91049518,6.60255737
46.65660090,26.90513207,6.60105797
46.66244057,26.91657163,6.60510835
46.58963478,26.76837701,6.55355907
46.65263075,26.89793158,6.59858965
46.65870156,26.89274628,6.59458607
46.68039666,26.93749767,6.61079092
46.67636214,26.94324812,6.61456714
46.67142088,26.93777753,6.61311664
46.67783702,26.94958897,6.61726982
46.64529146,26.88749971,6.59541428
47.88584194,29.28911069,8.20808505
47.89376281,29.28913566,8.20789203
38.41298261,10.94954359,4.52362078
38.41727904,10.94392683,4.52058877
38.42034042,10.95091953,4.52134569
38.40865409,10.94331870,4.52351635
47.87805275,29.27681877,8.19532903
47.88192719,29.28348711,8.20225536
38.41118857,10.92996628,4.51906816
46.63052775,26.87339311,6.59222401
46.63335872,26.85779445,6.58430487
46.66573973,26.92245514,6.60713005
46.67327125,26.92396392,6.60600440
46.69241623,26.97809222,6.62761068
46.69705639,26.97186169,6.62346334
46.70041543,26.97893366,6.62611228
46.68699158,26.97243927,6.62614703
47.87604849,29.25570873,8.17311668
47.87209127,29.26278809,8.18071368
47.86643505,29.25776675,8.17559477
47.87404946,29.26970195,8.18794073
46.54034102,26.66452293,6.51885327
38.38399858,10.90348402,4.52176217
38.38367456,10.91388976,4.52450527
46.68112982,26.95573794,6.61945312
46.68916363,26.95747302,6.61837150
47.90065283,29.31351085,8.23349020
47.89521922,29.32164459,8.24218413
46.70213413,26.99989186,6.63595585
46.70304541,27.00719091,6.63928637
46.71087960,27.00118775,6.63452472
46.51377950,26.63942866,6.51450227
46.50876726,26.63091183,6.51200321
46.51911596,26.63069846,6.50928679
38.42163216,10.97304281,4.52670582
38.42122928,10.98254105,4.52927038
38.43031989,10.97483153,4.52410829
47.82908142,29.19600019,8.11207215
47.83239090,29.20411476,8.12043008
47.83898154,29.19437579,8.10998557
46.50631263,26.60694614,6.50208292
46.50185300,26.61422192,6.50642699
46.49550737,26.60811059,6.50532120
46.50432930,26.62201466,6.50921064
46.70609669,27.01607240,6.64290254
46.70980360,27.02529958,6.64655609
46.71367114,27.00916160,6.63778681
47.88552919,29.32014803,8.24078073
47.88676045,29.33468508,8.25604024
47.88621519,29.31163132,8.23180826
47.82757186,29.17624615,8.09149648
47.82139170,29.18502204,8.10090479
47.81471495,29.17866890,8.09453963
47.82219986,29.19247166,8.10863998
46.48373900,26.56533386,6.48968093
46.47885790,26.57321560,6.49435447
46.47108147,26.56580589,6.49306662
46.48146937,26.58162277,6.49732066
46.49023155,26.59919728,6.50274989
46.48604911,26.59033078,6.49994900
46.49715354,26.59050945,6.49722095
46.46939592,26.55580192,6.48922012
46.47902601,26.55679884,6.48718719
38.42825994,10.99969726,4.53125252
38.42732731,10.99067251,4.52927853
38.43706681,10.99242737,4.52634930
38.43362785,10.98340067,4.52519277
47.83792847,29.21374124,8.13030386
46.71992372,27.04237792,6.65266036
46.71479271,27.03463159,6.65000060
46.72628530,27.03524895,6.64769541
46.71975066,27.05311704,6.65793781
47.85257688,29.23347322,8.15049385
46.69744140,26.99347354,6.63391356
38.41699914,10.96576351,4.52642678
38.36445890,10.90981350,4.52964056
38.37433709,10.90593716,4.52558640
46.69393366,26.98540967,6.63081386
47.84277558,29.30496467,8.22555959
47.85107935,29.31633872,8.23732184
46.46439187,26.53039664,6.47954739
46.72707742,27.06251900,6.66095255
46.72775157,27.07428701,6.66656799
46.73802083,27.06445318,6.65948182
38.43163735,11.01079485,4.53291994
38.43622845,11.02247568,4.53432886
38.44049107,11.00225140,4.52771789
46.57247914,26.71991435,6.53559982
47.89483174,29.34867578,8.27063237
47.89869624,29.33862738,8.26001269
45.27325317,29.34814421,8.12217836
45.26315866,29.35473910,8.12440254
45.26233308,29.34215652,8.11409525
45.28240384,29.35743494,8.13239782
45.27102637,29.36155474,8.13232758
47.79988495,29.15817571,8.07382816
47.80763840,29.16925425,8.08502121
46.74253657,27.07588563,6.66416367
46.73480514,27.08403119,6.66987515
46.73532758,27.09488146,6.67506169
46.55227822,26.69673193,6.53035738
46.07882224,25.82696837,6.30470171
46.08294225,25.84019097,6.30834776
46.09241716,25.82608269,6.30075029
46.13546320,25.92646421,6.32593768
46.14246074,25.91707017,6.32054533
46.14746441,25.92849153,6.32343184
46.12792822,25.91712062,6.32447808
47.79771702,29.12404930,8.03856730
47.79176641,29.13528101,8.05046573
47.78307891,29.12703902,8.04233217
47.79453946,29.14615450,8.06159441
46.11393932,25.89294755,6.31932389
46.12020895,25.90531915,6.32218472
46.11115592,25.88182638,6.31602691
46.12438545,25.88286226,6.31281915
46.07805379,25.79902004,6.29484165
46.06805587,25.82045663,6.30508339
38.44345108,11.04363169,4.53722908
38.44724897,11.05908052,4.53980625
38.44223810,11.03193645,4.53471860
38.45457790,11.03490203,4.53130137
46.09368585,25.84888326,6.30869486
46.09745717,25.86042637,6.31186139
46.09974113,25.83786108,6.30303828
46.10674748,25.84866153,6.30506718
46.42827829,26.49399226,6.47312518
46.73819793,27.10901708,6.68140930
46.75096901,27.09900170,6.67382563
46.15689774,25.97697297,6.33890400
46.15763601,25.99111837,6.34385337
46.17099614,25.97824359,6.33565419
47.86791571,29.33949016,8.26132251
47.84590308,29.33766796,8.25967410
46.13577482,25.93825149,6.33014660
46.15174524,25.94147630,6.32711946
46.06850731,25.85053249,6.31531507
46.56214022,26.70180807,6.53003190
38.46080008,11.10428712,4.54649907
38.45984583,11.08841001,4.54297608
38.47512730,11.09138906,4.53877965
38.45264185,11.07550218,4.54210124
38.46964259,11.07666915,4.53688287
47.88730902,29.27611205,8.19430965
47.74742501,29.08033293,7.99603351
47.75844057,29.09464764,8.01014911
47.76891245,29.10349422,8.01873956
46.16733412,26.00227567,6.34554567
46.16825835,26.01567289,6.35016773
46.18204195,26.00507153,6.34278684
47.73224185,29.05018940,7.96612634
47.73795015,29.06504136,7.98091613
47.74079052,29.03530310,7.95057824
47.75007340,29.04924408,7.96422672
46.03951054,25.77601045,6.29661154
46.01733992,25.77616096,6.30161036
46.17122977,26.03259760,6.35557331
46.17718939,26.05026100,6.36053901
46.18707870,26.02040497,6.34722386
46.36989972,26.39443685,6.44631187
46.35946713,26.41070451,6.45497389
46.34298104,26.39890891,6.45379319
46.36207091,26.42716351,6.46080764
38.46579943,11.12250723,4.54931125
38.48094392,11.10702325,4.54079251
46.40373797,26.44445920,6.45856422
46.77587217,27.15433107,6.69625228
46.81976398,27.25136675,6.73697628
46.80830975,27.26606406,6.74670984
46.79731582,27.25209292,6.74155200
46.81165448,27.28368143,6.75512732
46.78595574,27.18465044,6.70953783
47.71948980,29.04054873,7.95700831
46.19654811,26.08570424,6.36891331
46.18631375,26.06981172,6.36548650
46.20925344,26.07127574,6.36055671
46.20052994,26.10484885,6.37491063
46.83464446,27.33842806,6.77948114
46.83149951,27.32009297,6.77047223
46.85239854,27.32189241,6.76760033
46.81997546,27.30457195,6.76441951
46.84430908,27.30393159,6.75965766
47.70539532,29.02561042,7.94266468
47.69219264,29.00875666,7.92643802
47.71840172,29.00498089,7.92123666
46.03138295,25.75814016,6.29244080
46.30829370,26.33876871,6.43800700
46.33344305,26.33621861,6.43173525
47.67906018,28.99067297,7.90908333
47.66535321,28.97193650,7.89122383
47.69409881,28.96886497,7.88654804
46.85548596,27.37611563,6.79577192
46.85632889,27.39509689,6.80568869
46.87767296,27.37993663,6.79392078
45.97649978,25.68268438,6.27984152
45.96200325,25.66232212,6.27639588
45.98886877,25.65983878,6.26932087
45.96562161,25.70937269,6.29069264
45.99124443,25.70010649,6.28226471
46.27078467,26.21855386,6.40100861
46.25336505,26.23570819,6.41105010
46.23702211,26.21448902,6.40665261
46.25043416,26.25642367,6.41909060
46.30700373,26.28950447,6.41970086
46.29290211,26.30682278,6.42919338
46.27585577,26.29029007,6.42647919
46.28924571,26.32748317,6.43751619
46.27195379,26.31412447,6.43586219
46.26928659,26.26774665,6.41953334
46.24544935,26.28059595,6.42862272
46.29545586,26.26719179,6.41379833
47.76624408,29.31388386,8.23592390
47.79794452,29.33714186,8.25966228
38.49534585,11.19913590,4.55854222
38.49628246,11.22067357,4.56322931
38.47052684,11.20727034,4.56726721
38.51747330,11.20398359,4.55304991
47.64929133,28.95281452,7.87323335
47.66698780,28.92849904,7.84830367
46.86220576,27.41890480,6.81741944
46.86981408,27.44309098,6.82917537
46.88408153,27.40080547,6.80403323
46.14814133,25.96813250,6.33787755
46.23654719,26.18925429,6.39766082
46.26100835,26.19526746,6.39450297
47.81554887,29.15703193,8.07198365
46.23310948,26.12970265,6.37654592
46.84409234,27.35987788,6.78912263
46.32216556,26.41840977,6.46500334
46.87947179,27.46876087,6.84154705
46.90304262,27.44781482,6.82635105
45.94972694,25.63890900,6.27150297
38.50124728,11.24848725,4.56814614
38.50964524,11.27687670,4.57221963
38.52473932,11.22874877,4.55679921
47.74591006,29.29961283,8.22143961
47.68465835,29.29862489,8.22134849
47.69534086,29.32579167,8.24917609
47.66508409,29.32210175,8.24581101
47.71330777,29.29716552,8.21940042
46.89201082,27.49184856,6.85223260
46.89073494,27.52135985,6.86858224
38.25866427,10.98931069,4.57315760
38.22813911,11.01138534,4.58370368
46.92195214,27.49862611,6.85127283
46.40846419,26.47415712,6.46954667
45.87178505,25.53606755,6.25537462
45.84899877,25.50610987,6.25072571
45.88823292,25.50299902,6.24155014
46.96090885,27.59004440,6.89682740
46.93624749,27.61514428,6.91479417
46.91944961,27.58758022,6.90144430
46.93774106,27.64916265,6.93408173
47.49559840,28.74795332,7.68795611
47.53717791,28.74075537,7.67848061
47.45753197,28.73587837,7.67936290
47.50690510,28.70583218,7.64883278
45.73477033,25.32362852,6.21842935
45.77391256,25.31685784,6.20874558
47.59828902,29.31458077,8.23917784
47.58266993,28.86481880,7.79176065
38.21817499,10.96385150,4.57687792
38.20537805,11.05283570,4.59570392
38.16440154,10.99316571,4.59276603
45.72531857,25.24369613,6.19696538
45.70153039,25.27723289,6.21117952
45.67196674,25.25071667,6.20886702
45.70126061,25.31194801,6.22096443
45.66088882,25.30010891,6.22412961
47.48796428,28.66340198,7.61209749
47.45902356,28.69786837,7.64502848
47.43230357,28.66678326,7.61915522
45.65875081,25.21137755,6.20021133
45.70328910,25.20598406,6.19033681
45.65496129,25.11934712,6.17483735
45.62406731,25.15550659,6.19073783
45.59191388,25.12097762,6.18671355
45.62311661,25.19468033,6.20155367
45.57620773,25.17657406,6.20385696
47.56113114,28.83404300,7.76383373
46.94754069,27.69076891,6.95694937
46.98289292,27.65809073,6.93311802
45.79420724,25.41559761,6.23417956
45.41566502,29.16152461,7.98928652
45.38912327,29.10467194,7.93593902
45.57713437,25.22178130,6.21546776
38.58647301,11.52032497,4.60571300
38.60320425,11.57260794,4.61287696
38.58332915,11.47954366,4.59769249
38.62667925,11.49062603,4.58882825
47.00318256,27.81486505,7.02465782
47.03360563,27.77971382,6.99924614
47.05224781,27.82286820,7.02359823
46.97914902,27.77733999,7.00456217
47.42098847,28.54147591,7.51125193
47.39499836,28.58309496,7.54892359
47.36244037,28.54995780,7.52315674
47.40819651,28.62377677,7.58309800
46.96052426,27.73311065,6.98027977
45.58418592,25.07436903,6.17537781
45.63259104,25.07715206,6.16714468
45.55049135,25.04346922,6.17269591
45.61049265,25.03534860,6.15956583
41.80551071,17.78749070,5.20891850
41.85509870,17.78180695,5.19640061
43.76682337,21.63984889,5.66340543
43.83136698,21.64414459,5.65129486
42.06158681,18.34274363,5.27338432
42.10770897,18.29438328,5.25314019
43.10839766,20.22007602,5.46932760
43.07533403,20.26222710,5.48629415
43.10541739,20.32471358,5.49426436
43.11611835,20.37148506,5.50253781
43.16109882,20.32318714,5.48187917
40.60734820,15.50175162,4.99070575
40.63233871,15.54667754,4.99441859
40.66454000,15.49258551,4.97588717
40.60626206,15.38054035,4.96579282
40.56651459,15.41965318,4.98291403
40.54266015,15.37372084,4.97877082
40.55772000,15.47530811,4.99553422
40.42101396,15.12766681,4.95531393
40.47664507,15.12936933,4.94296494
40.42046762,15.02395878,4.93383328
40.39051304,15.06273798,4.94878537
42.02240082,18.22279807,5.25612506
42.05936668,18.18705484,5.24006563
42.07562480,18.24298579,5.24896428
41.76650563,17.71621501,5.20201627
41.75860454,17.76572839,5.21386842
41.79932942,17.68005238,5.18666369
41.81978639,17.73481100,5.19419590
43.78367010,21.53678427,5.63544417
43.74133216,21.57139378,5.65258402
43.71874495,21.53270977,5.64802476
43.73443127,21.60957640,5.66245553
42.53486333,19.10310200,5.33908896
42.50023719,19.14749491,5.35668951
42.46607860,19.10766027,5.35492545
42.51225895,19.19809365,5.36515743
41.11155041,16.35688858,5.05545299
41.08033053,16.40289954,5.07229306
41.04399809,16.36194244,5.07155220
41.09129352,16.45375920,5.08032737
45.52230897,24.99846007,6.16531429
45.49670651,24.95533905,6.15806808
45.55718652,24.94987615,6.14585116
47.31684310,28.45605225,7.44891425
47.34355069,28.41089125,7.41003459
47.36892752,28.45503336,7.44359624
47.28005908,28.42296273,7.42520365
46.90575527,27.55345785,6.88422499
45.43498949,24.70841109,6.10261391
45.40449126,24.75490721,6.12074545
45.36828028,24.71492570,6.11637137
45.41765712,24.80319257,6.13113021
45.46781459,24.91045150,6.15093966
45.44154585,24.85831722,6.14157481
45.50596447,24.85589781,6.12955243
47.24966335,28.37172778,7.38719692
47.22022391,28.32214212,7.35134342
47.28828251,28.31617929,7.34057627
45.19973434,24.35880217,6.05368794
45.20611299,24.40758817,6.06491592
45.25504834,24.36443573,6.04474925
45.30224389,24.55585826,6.08648156
45.26743451,24.51805488,6.08266286
45.33295642,24.51400326,6.06964383
45.31242636,24.60256408,6.09674096
47.36159501,29.20379001,8.13201433
47.46971009,29.24659959,8.17252246
47.43321740,29.28106723,8.20831988
47.06241515,28.00515319,7.13986436
47.08785369,28.06179933,7.17544518
47.04678158,27.95012536,7.10533533
47.11052139,27.96220005,7.10617020
45.02219611,24.01977059,5.99929704
44.98792397,23.97910168,5.99515224
45.05350347,23.97375176,5.98140072
45.03497648,24.06990980,6.00952266
44.97613037,23.82552429,5.95825696
44.94454007,23.87207116,5.97629833
44.90933005,23.83244444,5.97267831
44.95765897,23.92250452,5.98642579
45.05917725,24.12840948,6.01987261
45.08832815,24.18121671,6.02805360
45.12042033,24.22001609,6.03230388
45.06032344,24.25582728,6.05015046
47.15076840,28.15711624,7.23580364
47.11750606,28.11617283,7.21008177
47.18458621,28.11363978,7.20146621
47.15945406,28.20741722,7.27116621
38.75335090,11.92169377,4.65335064
38.74206659,11.86678296,4.64401997
38.79968567,11.87208510,4.63125123
38.77317516,11.82189945,4.62642090
44.89858025,23.67909975,5.93597890
44.86734011,23.72580997,5.95392749
44.83118591,23.68899536,5.95124691
44.88016643,23.77777477,5.96436772
38.07447418,11.14734254,4.63385800
38.68553954,11.62675492,4.60426256
38.00928787,11.05954296,4.62970295
42.67197630,19.50968437,5.40075630
42.65978642,19.45839128,5.39207391
42.71588401,19.46040606,5.38033322
42.62138145,19.42114157,5.39156604
42.68964246,19.41157028,5.37499647
42.43640573,19.04960692,5.34839401
42.42296073,18.99580000,5.33956513
42.48236155,19.00153565,5.32778042
42.39132679,18.95498444,5.33715575
42.45610944,18.95074915,5.32215314
42.79958924,19.76356454,5.43077623
42.78959445,19.70859691,5.42078821
42.84604981,19.71400071,5.40976650
42.75568438,19.67062274,5.41919184
42.82213308,19.66389273,5.40348700
44.73840531,23.47413102,5.91550012
44.69970704,23.43671201,5.91330515
44.76779262,23.42745595,5.89791600
44.75070267,23.52479374,5.92557225
42.25209675,18.69407733,5.30942603
42.23875582,18.64182477,5.30102794
42.29564973,18.64587191,5.28942872
42.20481770,18.60142491,5.29926575
42.27231693,18.59516953,5.28324473
42.93377849,20.02352174,5.46134108
42.96144448,20.08019321,5.46837264
43.33027071,20.78050506,5.55218728
43.31681910,20.72530030,5.54238688
43.37473380,20.72768068,5.53028160
43.27865339,20.68320650,5.54038593
43.34849010,20.67690238,5.52399759
43.39606012,20.87756705,5.56123365
43.42722310,20.82924132,5.54291252
43.45346826,20.88002456,5.54925996
43.35979884,20.83596909,5.55892822
43.60771029,21.18788745,5.58934790
43.57867020,21.23419871,5.60670447
43.53859276,21.19495284,5.60550076
43.59210820,21.28459829,5.61561768
41.58347944,17.37152897,5.16773040
41.54851252,17.33012805,5.16630602
41.61518177,17.32376536,5.15014862
41.59898567,17.42383468,5.17543696
41.50510182,17.21957702,5.15226018
41.46819328,17.18006718,5.15165504
41.53465622,17.17350920,5.13557955
41.51972693,17.27205149,5.16015825
41.36994254,16.96083148,5.12653425
41.33097361,16.91992776,5.12612666
41.40045018,16.91632237,5.11003538
41.38009020,17.01170245,5.13494475
43.88068990,21.84400487,5.68882829
43.86772971,21.79114922,5.67904321
43.92593057,21.79464623,5.66733379
43.82576322,21.75267910,5.67815493
43.89679854,21.74580580,5.66176710
44.10506202,22.24675005,5.74001508
44.13594168,22.20161213,5.72228161
44.15947156,22.25125915,5.72957376
44.06850655,22.20986584,5.73830555
40.91121033,16.09807876,5.04617976
40.89783567,16.04592630,5.03852480
40.95599940,16.04896662,5.02585851
40.86273281,16.00439243,5.03755685
40.92956366,15.99785420,5.02115302
44.23454898,22.49873358,5.77487026
44.24243339,22.55083405,5.78566376
44.29140679,22.50490695,5.76446698
40.71235011,15.68880773,5.00597894
40.77085533,15.69101993,4.99305132
40.67204327,15.64432530,5.00553896
40.74438591,15.63984615,4.98838518
43.95343655,21.99210406,5.70933022
43.97971837,22.04856127,5.71745767
43.94024079,21.94233262,5.70029017
44.00080908,21.94578543,5.68829702
40.66449844,15.58617115,4.99551138
40.71791170,15.58866388,4.98372333
40.69304506,15.53971672,4.97915787
44.37985379,22.81097474,5.82168552
44.36624926,22.75852356,5.81177301
44.42479337,22.76208125,5.80058630
44.33121639,22.71693711,5.80839683
44.39851290,22.71105004,5.79332217
40.52898392,15.32609989,4.97212317
40.58485341,15.32943673,4.95992160
40.55895757,15.28136671,4.95581985
44.45338597,22.96485313,5.84470066
44.44326714,22.90988999,5.83353242
44.50055145,22.91572017,5.82337464
44.40905221,22.86883134,5.83003719
44.47738533,22.86417940,5.81519956
43.46140375,21.03787705,5.58480124
43.43522607,20.98361580,5.57760145
43.50320970,20.98349013,5.56314478
44.58461316,23.21787090,5.88129042
44.61249200,23.27264789,5.88940497
44.63223687,23.16908525,5.86001557
40.26580072,14.81886151,4.92644561
40.22851799,14.78223938,4.92702838
40.29412396,14.77134516,4.90992789
40.28061004,14.86518040,4.93258868
40.09164047,14.51003702,4.90166057
40.07438648,14.45871430,4.89507099
40.13408618,14.46001340,4.88157187
40.10747869,14.40857738,4.87694494
40.96556166,16.21441665,5.05813629
40.93605991,16.15902280,5.05317115
41.00390489,16.15660599,5.03768827
44.13284653,22.35132134,5.75924275
44.16388692,22.40609213,5.76628741
44.11354329,22.29402258,5.74950886
44.18049399,22.30221568,5.73779064
44.79891280,23.63817294,5.94450004
44.77252783,23.58312051,5.93579834
44.84100590,23.58116155,5.92247042
39.83770777,13.99175176,4.85213697
39.84626797,14.03941781,4.85987040
39.86770476,13.94506638,4.83532296
39.89201787,13.99505685,4.84019828
39.68435166,13.73288052,4.83305887
39.71085140,13.79236022,4.83930086
39.67135992,13.68303248,4.82583708
39.73050582,13.68682495,4.81297103
39.56798929,13.47616165,4.80633353
39.58117499,13.53048010,4.81446816
39.60059317,13.42869860,4.78868501
39.62733928,13.48039744,4.79338443
44.64121972,23.32787809,5.89751890
44.66807562,23.38228599,5.90579706
43.16729778,20.48367159,5.51745352
43.20015620,20.53478791,5.52248291
43.23426808,20.57445133,5.52470336
43.16581767,20.61273716,5.54488527
40.79934357,15.89498807,5.02890661
40.84701247,15.84499082,5.00797928
39.33906335,13.05715562,4.77023841
39.32731653,13.00783467,4.76246348
39.38408871,13.01234363,4.75016593
39.28433706,12.96559799,4.76286531
39.35953594,12.96246411,4.74494450
39.27569028,12.90663013,4.75229409
39.24127261,12.86797817,4.75155333
39.30589432,12.85872088,4.73455530
42.27751368,18.74894299,5.31597188
42.30086604,18.80417904,5.32300591
42.31896756,18.69812506,5.29598334
39.15260758,12.70157559,4.73514070
39.13947335,12.64778128,4.72638039
39.19853660,12.65111912,4.71322254
39.10272303,12.60920012,4.72602188
39.17045862,12.60184185,4.70873476
38.93656517,12.28390833,4.69153095
38.92368680,12.22965189,4.68251421
38.98361373,12.23528896,4.66953241
38.88853200,12.18811825,4.68120981
38.95692461,12.18337147,4.66406342
41.22547026,16.71381880,5.10556566
41.25480019,16.76580137,5.11016896
41.20719807,16.66765922,5.09990969
41.26688900,16.66251157,5.08553713
44.26912154,22.60913865,5.79441527
44.30100065,22.66188972,5.80097526
44.31438603,22.55793340,5.77288790
39.00378197,12.38571077,4.69900051
38.96839652,12.34343019,4.69753652
39.03733219,12.33939242,4.68049620
39.01545413,12.43944670,4.70816615
42.88243309,19.91327983,5.44725209
42.90683516,19.96728041,5.45428745
42.86689929,19.86714545,5.44021112
42.92547724,19.86639369,5.42739827
41.40263226,17.06811761,5.14192130
41.44980871,17.01729156,5.12081912
43.64371957,21.39030218,5.62980608
43.61889877,21.33916092,5.62290257
43.68661030,21.33912996,5.60859039
42.14435559,18.49429751,5.28872238
42.17142215,18.54712344,5.29444841
42.12820303,18.44691668,5.28200282
42.18756734,18.44597953,5.26898177
44.00930674,22.10369206,5.72469794
44.03729743,22.15766288,5.73198959
39.63694307,13.64217949,4.82498846
39.60927755,13.58626298,4.81967395
39.67840413,13.58610850,4.80386855
39.86575095,14.09663605,4.86710494
39.91558081,14.04812636,4.84592394
45.33491958,24.65944933,6.10757275
45.37977680,24.61035696,6.08662599
45.25498128,24.65047636,6.11696354
41.70043753,17.64937295,5.20151514
41.67073016,17.58342277,5.19389847
41.74064500,17.58467229,5.17910507
39.17753969,12.76234981,4.74276797
39.20687243,12.81908267,4.74855062
39.35848475,13.11544514,4.77808827
39.38483943,13.17341242,4.78429942
39.40577163,13.06484524,4.75662310
38.82629767,12.07518086,4.67036332
38.85312015,12.13213617,4.67680642
38.81369804,12.02382885,4.66202382
38.87171138,12.02825709,4.64927474
45.85253943,25.44321326,6.23063460
41.84850548,17.93893074,5.23174140
41.87575781,17.83086864,5.20263052
40.19277483,14.72905945,4.92392365
40.15979375,14.67032875,4.91915123
40.23257317,14.67072977,4.90314792
41.88516700,18.00035390,5.23719328
41.92115232,18.04676347,5.23967721
41.92320938,17.94017169,5.21615830
40.13294097,14.60766808,4.91236312
40.12380768,14.55408290,4.90362912
40.18118470,14.56312426,4.89239622
41.99930055,18.18276401,5.25238749
45.13620592,24.26906460,6.04188137
45.16631433,24.32041155,6.04968079
45.17629974,24.22172555,6.02233476
38.72812225,11.72216474,4.61502554
41.64140143,17.52190742,5.18711487
45.23259202,24.46519165,6.07502843
45.27571778,24.41509757,6.05428830
41.74813969,17.68025144,5.19826651
47.18782941,28.26651721,7.31213876
47.23058601,28.21519847,7.27004943
41.98261113,18.13821427,5.24638848
39.51551916,13.38622981,4.79945040
39.44320931,13.28300133,4.79403427
39.51344274,13.28135534,4.77793130
42.37102255,18.90792966,5.33116674
42.86764575,19.76898598,5.41775443
43.24811046,20.62681762,5.53370043
43.29268790,20.57518454,5.51224169
41.13991754,16.56397263,5.09260841
41.21051779,16.56657783,5.07782166
38.78016594,11.98177832,4.66035057
38.82199446,11.92724696,4.63836970
40.30529255,14.91025730,4.93636941
40.36335274,14.92017652,4.92528255
41.01266584,16.30592833,5.06674624
40.99867439,16.25455319,5.05933384
41.05658165,16.25582411,5.04659007
43.48896874,21.08042311,5.58911867
43.55002304,21.08452423,5.57718677
42.58524948,19.36586645,5.38670672
42.55818864,19.30941203,5.37991558
42.62945725,19.31007041,5.36526688
44.48221359,23.02686986,5.85417905
44.52353132,22.96988367,5.83227864
41.43175246,17.12576789,5.14785065
47.33075693,28.50266446,7.48603631
40.60778199,15.67742825,5.02383440
40.82661068,15.94932672,5.03405937
40.93292943,16.29259451,5.07916084
47.10182635,28.26548075,7.31828311
45.21810152,28.69942977,7.58632312
45.19722919,28.62919871,7.53272514
45.13712173,28.70910003,7.58073401
45.37023666,24.86141557,6.15269588
44.20057915,22.45873820,5.77182882
39.89285431,14.15535240,4.87303543
43.40869740,20.92853480,5.57030628
39.53564718,13.43539627,4.80506419
37.98934392,11.16246714,4.64879728
37.99096624,11.23897734,4.66042966
37.90138684,11.20654300,4.66770049
45.08182333,28.40605421,7.36705219
45.09792623,28.49707289,7.42789433
45.00978041,28.49721090,7.41424547
45.15009624,28.55519785,7.47448262
45.05332181,28.56963626,7.46929448
44.94712831,28.18230051,7.21594744
44.89955289,28.09391905,7.16168692
44.88029586,28.26885691,7.25441394
45.26808144,28.75076789,7.63176980
44.77522933,27.94004791,7.06724598
44.72389106,28.02678431,7.10155740
44.67296246,27.94288568,7.05345599
44.84363635,28.00835506,7.11012532
46.98275124,29.09013922,8.02841725
46.88088278,29.06064235,8.00149500
46.91246617,29.18445390,8.11993331
41.68736157,17.47708755,5.16751997
41.63003813,17.46933163,5.17854029
41.28299094,16.80608710,5.11262423
41.34490399,16.81507338,5.10074991
44.60924120,27.55769638,6.88182411
44.63172473,27.67222045,6.92970771
44.51590361,27.67412678,6.91426125
44.69892306,27.75020546,6.97104579
44.56953675,27.76716273,6.95998662
41.97987247,18.04301207,5.22609348
44.49558164,27.38136981,6.80430788
44.51845410,27.48009115,6.84166425
44.40776637,27.48190982,6.82739850
44.46029326,27.57771755,6.86932573
39.24738578,12.75960494,4.72625251
43.23845764,20.47857897,5.50143330
44.07761574,22.10367575,5.71072472
44.45256443,27.26402293,6.76054566
44.35447889,27.37503402,6.78392883
35.55092305,11.48445090,4.94056240
33.58336881,11.50883955,4.95447443
33.44617545,11.45487053,4.94824887
45.12534648,24.12649727,6.00727157
34.12353901,11.48386963,4.96818864
36.72037024,11.44757782,4.84937626
44.22674547,26.93686101,6.64064884
44.20752548,26.79064118,6.60196695
44.08926464,26.93647571,6.62406433
34.79296925,11.59518346,4.97377177
34.91526779,11.49434150,4.96497823
32.60436651,11.38005233,4.89415621
32.55464164,11.24713813,4.89406288
32.73289452,11.27744401,4.90760134
32.56576809,11.51651577,4.88525626
32.46011115,11.37167996,4.88061168
44.70902103,23.32746833,5.88450239
32.89014201,11.67785144,4.91040178
32.84035745,11.54083847,4.90984412
32.98477991,11.54459173,4.92104929
32.72511567,11.46155481,4.90227034
32.90654481,11.38580064,4.91813612
36.14760560,11.35264410,4.88943936
36.00459816,11.28823639,4.89307935
36.11872044,11.21045429,4.87563706
36.02565790,11.46742540,4.91094658
35.39462358,11.37084920,4.93794158
35.38900402,11.52931535,4.95206515
35.23961784,11.46891336,4.95301934
44.09530233,26.68689398,6.56601330
44.02056649,26.81747686,6.58707281
43.94598335,26.69717664,6.55123958
33.33171495,11.57694896,4.94297175
44.38480994,27.14466852,6.71608697
37.04070413,11.10366975,4.76424579
37.17427115,11.18846429,4.75954394
37.05523195,11.30372191,4.79118326
37.33149256,11.18435420,4.73868003
34.57850482,11.35862425,4.96249012
34.75150645,11.42318169,4.96368624
34.59068483,11.19941715,4.95269728
34.72359907,11.24023978,4.95235821
40.79731895,15.74218206,4.99772167
42.13094017,18.34766574,5.25981844
43.80274321,26.16394942,6.43424249
43.70800374,26.32698004,6.45208965
43.62363226,26.20077581,6.42147274
44.31093890,27.02930807,6.67478854
33.71757319,11.29188665,4.95487474
43.38871868,25.53097155,6.30188912
43.28324103,25.68983558,6.31155227
43.37714707,25.82568349,6.33928493
43.53097740,26.08619037,6.39314183
36.28575662,11.38361564,4.88192405
43.88103545,26.29413740,6.46479031
43.95653037,26.42311253,6.49654977
45.29029160,29.32468471,8.10718754
45.29625241,29.30773205,8.09421732
45.31169282,29.32307905,8.11086032
45.27368039,29.30681874,8.08803939
47.90676707,29.33621936,8.25734529
47.91400029,29.34644868,8.26801944
47.90557534,29.34435095,8.26593778
38.39176556,10.90211354,4.51869291
38.39459355,10.89525427,4.51582261
38.39438519,10.88932335,4.51427645
46.57259226,26.73327889,6.54177503
38.41397534,10.95672481,4.52514002
45.25685488,29.32534871,8.09887152
45.25157734,29.34085842,8.10968036
45.25453202,29.35160606,8.11907966
47.83354552,29.31793058,8.23923126
45.27397543,29.33169577,8.10886279
47.86062943,29.25024033,8.16785298
46.10369467,25.87298203,6.31476517
47.77363653,29.11544398,8.03080342
45.29034093,29.28549008,8.07389606
45.26791081,29.28069782,8.06464702
45.27790278,29.25178997,8.04238187
45.31425243,29.29646246,8.08854360
45.39071775,29.29115572,8.09889049
45.39340922,29.19985051,8.01911773
45.42579089,29.21225487,8.03532479
45.46540888,29.24085022,8.06691071
45.33750434,29.21122140,8.01925215
45.46483876,29.17908114,8.01226502
45.36047972,29.17131570,7.98871064
45.51364487,29.21347470,8.04991647
45.35421643,29.03634031,7.87244297
47.51527367,29.24933619,8.17423372
45.64731268,29.14378404,8.00617430
45.57285497,29.18009628,8.02863781
42.36838059,18.80651316,5.30936245
42.72327976,19.62056688,5.41465362
45.83824332,29.07186824,7.96441084
43.90776391,21.90084230,5.69683382
46.07660836,29.01337553,7.93411352
46.35446918,28.98610717,7.92591892
45.31452607,28.96346446,7.80581552
33.38233382,11.71803733,4.94552212
33.35745402,12.09743064,4.93991522
43.21552072,25.24327662,6.25085914
42.69047814,24.15578116,6.09163964
42.70616031,24.48984571,6.12668307
40.54194391,21.63487100,5.73049642
40.41147262,21.46178099,5.70951663
39.47708840,20.21547771,5.56683100
38.19743169,18.52289550,5.39422686
38.05073709,18.32849923,5.37610471
36.85095250,16.74079839,5.23712667
36.69805458,16.53825899,5.22051232
37.75480126,17.93649954,5.34037924
39.88356574,20.75411200,5.62709316
36.39014698,16.13085762,5.18777667
36.23519014,15.92585853,5.17162740
35.15312043,14.68157569,5.06636457
41.25920581,22.28200098,5.82951906
41.31531949,22.62537898,5.85853868
34.67174281,13.82278329,5.02844540
37.15495825,17.14261112,5.27087538
37.30619851,17.34232796,5.28802970
42.26403821,23.87976402,6.03405799
42.37767311,24.03329264,6.05689454
35.77049398,15.31381927,5.12472188
35.92361209,15.51303506,5.13987229
38.63329991,19.09906626,5.44993232
41.91876428,23.41780971,5.96732095
40.80393043,21.97139515,5.77284272
40.93468173,22.13723710,5.79426165
41.56145390,22.94625467,5.90183137
41.68314415,23.10563579,5.92373021
46.76611132,29.03020523,7.97352276
46.20491923,28.99369304,7.92530052
45.73610540,29.10694948,7.98425163
44.74986411,27.84704173,7.02047985
33.07508587,11.42886711,4.92871482
33.15335432,11.55569234,4.93247615
33.08309678,11.27730075,4.93016196
33.25354672,11.38921793,4.93891287
35.69277119,11.38423812,4.92334104
36.89239707,11.37772228,4.82103864
45.26688491,28.89464276,7.74281346
33.57716517,11.36213338,4.95221785
43.30527668,25.38551463,6.27598381
33.23059629,11.71692369,4.93592588
43.02244397,24.94503627,6.20029603
43.12168890,25.09607371,6.22563261
42.91916968,24.79328571,6.17528366
36.55288475,11.42430322,4.86305109
40.27927427,21.28622719,5.68853642
40.14897533,21.10970265,5.66796027
41.06433971,22.30160432,5.81576143
42.48826465,24.18611135,6.07983942
40.67274693,21.80477279,5.75161008
42.14962269,23.72667237,6.01158477
42.03527341,23.57259363,5.98939712
41.80203810,23.26186461,5.94546719
38.77643209,19.28897871,5.46893983
38.91847449,19.47726877,5.48815180
38.48888478,18.90798388,5.43113365
35.06905777,11.36100563,4.95071519
37.39137733,11.32267949,4.75138583
42.81351593,24.64164091,6.15075898
42.59769450,24.33813032,6.10306840
39.61340127,20.39641416,5.58678823
39.74886562,20.57527061,5.60684389
39.20023124,19.84867958,5.52718592
39.33964396,20.03271070,5.54697593
41.19034147,22.46570807,5.83720424
41.43731019,22.78540564,5.87992153
39.05977315,19.66351061,5.50756563
34.97862922,14.42984277,5.05138890
34.49452631,13.78960188,5.01242887
37.45651274,17.54134064,5.30533359
37.60594509,17.73941362,5.32278150
35.86111292,11.38491760,4.91313642
36.43310475,11.29466686,4.85812936
36.07967195,15.71991319,5.15564235
33.53140965,12.32260133,4.95012434
33.35678887,12.27986633,4.93607367
33.52554044,12.49735232,4.94623107
37.90314082,18.13288503,5.35815416
40.01722171,20.93341355,5.64754533
38.34346030,18.71597056,5.41255975
36.54444764,16.33494058,5.20406257
35.62573656,15.13455903,5.11072456
35.48925951,14.97257551,5.09780421
37.00320971,16.94220553,5.25390946
34.33588539,13.57591857,5.00062247
34.35385110,13.39582719,5.00474227
34.17653953,13.36170518,4.98916207
34.19329363,13.18142408,4.99332728
34.01594444,13.14700747,4.97797329
47.60642008,28.88980073,7.81432039
38.56528367,11.44700427,4.59513635
43.00225056,20.02224322,5.44665660
43.14000826,20.42681442,5.51014008
47.76675524,29.07801048,7.99270977
44.58376353,23.07192526,5.84542862
39.06828245,12.55753172,4.72228165
46.05994566,25.77456491,6.29097418
46.60955620,26.79617389,6.56132913
45.30162799,28.81691484,7.68715294
45.95195948,29.04022908,7.94750419
47.84405257,29.20315831,8.11898789
34.65307887,14.00274379,5.02466744
47.62695291,28.90670045,7.82945706
45.22719251,29.37469613,8.11808383
45.22723084,29.37119335,8.11794972
45.23022731,29.37531137,8.12210518
45.22599342,29.37497162,8.11503545
45.22358903,29.37058272,8.11292010
47.93703532,29.36612166,8.28843645
47.93992034,29.37270301,8.29536093
47.92737144,29.36929740,8.29194412
47.94387087,29.36608825,8.28826161
47.92176219,29.35265227,8.27444498
47.92064403,29.34505309,8.26642771
47.92669746,29.34555426,8.26683372
47.93362938,29.36128439,8.28337198
47.92656129,29.36025971,8.28240885
47.93103039,29.35501752,8.27677886
47.91882313,29.36148697,8.28381533
46.63130545,26.84094941,6.57683935
38.40554752,10.91845537,4.51804301
45.24959920,29.36029165,8.12390285
45.24307176,29.35089780,8.11438294
47.90807396,29.35558583,8.27773564
38.37776276,10.89309039,4.52123277
47.83206489,29.18626652,8.10178239
47.87836703,29.35306507,8.27542201
47.89283502,29.36548750,8.28830068
45.24209051,29.31546137,8.08650400
45.25309930,29.30701612,8.08282403
45.22380410,29.31519397,8.08029171
45.23710115,29.29622858,8.06951767
45.23908567,29.33303621,8.09936905
46.08374955,25.81321677,6.29845152
45.25522341,29.29103225,8.07016880
38.46427483,11.06192129,4.53493457
46.38035884,26.41328361,6.45142670
45.28603208,29.34210598,8.12072189
45.29903611,29.33804367,8.12061736
47.75810074,29.06386928,7.97870279
45.31181865,29.26549888,8.06131409
47.65456165,28.90623238,7.82728537
47.63885970,28.88340692,7.80611382
46.31714327,26.31433589,6.42694136
45.24481011,29.21973197,8.00786763
45.27917448,29.21110940,8.00790077
45.30901668,29.18454394,7.99093682
45.30915918,29.22844642,8.02879098
46.27906270,26.24447304,6.40888614
45.45485423,29.29720217,8.11534741
38.57010984,11.34177018,4.57016009
45.31177246,29.11536753,7.93223471
45.74498954,25.28388014,6.20486445
45.67378191,25.16647030,6.18472719
47.31710541,29.25951022,8.18900030
47.25155746,29.24782469,8.17854760
43.12828773,20.27546784,5.47802143
40.62490731,15.44185011,4.97449498
40.44488949,15.07770697,4.93951513
39.99796122,14.20507696,4.85971730
39.96904478,14.15384726,4.85571258
43.79855779,21.59143671,5.64561105
41.13786595,16.40596500,5.05988740
41.16096806,16.45792937,5.06576862
45.17735022,28.77174496,7.63352500
45.21885886,28.83282367,7.68671180
46.80487391,29.16486767,8.10095625
37.54986148,11.21279680,4.71454825
35.55690425,11.26311573,4.91951847
34.36942599,11.08263588,4.94960479
34.16446556,11.09595546,4.95227321
34.51841560,11.08801200,4.94724404
34.46153090,11.22507783,4.95637384
35.24874056,11.28521846,4.93730487
35.47736337,11.08354199,4.90715388
35.38510348,11.21551053,4.92453520
35.27414792,11.09553052,4.91960132
35.64222471,11.10149278,4.89864965
34.13153389,11.29716505,4.96115882
46.28647862,29.13578405,8.05795034
46.55948367,29.13543697,8.06932538
33.42906714,11.27343161,4.94580561
33.58899422,11.19402032,4.94948749
34.88440544,11.30200942,4.95228235
32.63751578,11.14513133,4.90339564
32.62965465,11.01818777,4.90539347
32.76762692,11.08585533,4.91333513
36.61942225,11.28547511,4.83847105
32.11167104,11.21575906,4.84927550
32.00519268,11.12586176,4.84147981
32.13232214,11.04057960,4.86175658
32.08159353,11.36426797,4.83443016
31.94456659,11.25358460,4.82260134
32.39194353,11.21287164,4.88045105
32.24464882,11.17077104,4.86732637
32.33259904,11.04443728,4.88137553
32.26328827,11.34242291,4.86028165
33.05412055,11.69835977,4.92342381
36.76592007,11.28531615,4.82262784
45.23060342,29.37164708,8.12122856
45.23350373,29.37426861,8.12468831
45.23321974,29.36935687,8.12201819
45.23724601,29.37264491,8.12641734
45.23714733,29.36654601,8.12266701
46.56789763,26.71074485,6.53259418
45.24197579,29.37073474,8.12789196
46.56500255,26.70650878,6.53142430
46.55925385,26.69678745,6.52850147
46.55649305,26.69178124,6.52694706
46.57713456,26.72912729,6.53861716
45.24245872,29.36276745,8.12272472
45.24780113,29.36889806,8.12940588
46.59661067,26.76902227,6.55200605
46.57913487,26.73401112,6.54034885
46.61255457,26.80162091,6.56310669
46.62068212,26.81777157,6.56860487
46.58826128,26.75386895,6.54714924
46.63830409,26.85193408,6.58025510
46.64113896,26.85765550,6.58225453
46.64693851,26.86918858,6.58627854
46.66165892,26.89905170,6.59687479
46.67081297,26.91763407,6.60354390
47.92382703,29.33997793,8.26098289
46.68369390,26.94387011,6.61307090
45.25435416,29.36730730,8.13096879
46.60692673,26.79039907,6.55930457
47.88337278,29.26947234,8.18741489
47.91479730,29.32369980,8.24393492
47.90830663,29.31279646,8.23254368
47.87145774,29.24894599,8.16613789
38.42352830,10.95859342,4.52223851
38.39850065,10.90138325,4.51602999
46.66793091,26.91130738,6.60120545
47.89715261,29.29583782,8.21488771
38.42717530,10.96653862,4.52303620
46.52391540,26.63821570,6.51138173
46.68648229,26.95042027,6.61558188
46.70369386,26.98633611,6.62895271
46.72184008,27.02636186,6.64434114
46.70743318,26.99370027,6.63166738
46.71733204,27.01763091,6.64109252
46.51491461,26.62241996,6.50669788
45.25636467,29.35967083,8.12594943
45.26176689,29.36498579,8.13194993
47.86265353,29.23387012,8.15055987
47.86696305,29.24149901,8.15844298
46.47471968,26.54807483,6.48451266
46.48870341,26.57349730,6.49195372
46.49275758,26.58199891,6.49462610
46.51088944,26.61427647,6.50413109
46.73370006,27.05416690,6.65535515
38.44974904,11.02359386,4.53004331
38.45853133,11.04766993,4.53323731
47.82213302,29.16695735,8.08203551
45.33176719,29.33941837,8.12938925
45.31139090,29.34716053,8.13134257
47.80986592,29.14592905,8.06069085
46.13658321,25.90576389,6.31795423
46.43208785,26.48199605,6.46719529
47.79058225,29.11349047,8.02799804
46.11251656,25.86073464,6.30792013
46.15782106,25.95444158,6.33031450
47.78314784,29.10212480,8.01664379
46.42339960,26.47111128,6.46480006
46.13004313,25.89429233,6.31549598
46.11894609,25.87189482,6.31026282
47.77413820,29.33615631,8.25890662
47.82143644,29.33845515,8.26076871
46.74679892,27.08666266,6.66859066
47.77516054,29.09023253,8.00481396
46.16516934,25.96603609,6.33265025
46.06961091,25.78765489,6.29305370
38.48782268,11.12442700,4.54289616
46.17628123,25.99152932,6.33923129
46.05142077,25.75840050,6.28748300
45.29588439,29.35317697,8.13254238
46.19284321,26.03615306,6.35161166
46.81059387,27.23523704,6.73045349
46.83486094,27.28626648,6.75220106
46.80165251,27.21861341,6.72368861
46.79281853,27.20180189,6.71686510
46.20018798,26.05355332,6.35622756
38.36332016,10.89748258,4.52703388
47.73008159,29.02071640,7.93642145
46.22494995,26.10948718,6.37096220
46.00120277,25.67835788,6.27254540
47.70657565,28.98746646,7.90436229
38.50983646,11.18215015,4.55011261
46.25219396,26.17260964,6.38806166
47.68029314,28.94948349,7.86816398
46.85988358,27.34126583,6.77648942
47.75057314,29.33269615,8.25559750
47.72381524,29.32837815,8.25146568
45.35582050,29.33149465,8.12760696
45.97721109,25.63862850,6.26502193
46.86972916,27.36073872,6.78505859
38.53496869,11.25441152,4.55984878
46.91368910,27.47253314,6.83816288
47.63252814,29.31731184,8.24139719
47.62027179,28.85891972,7.78373599
45.38413095,29.32255427,8.12533466
45.90706469,25.52972215,6.24582683
45.83562426,25.41362468,6.22512433
47.60155025,28.83099047,7.75831249
46.94657359,27.55810389,6.88079927
46.93198409,27.52748665,6.86580855
45.41529454,29.31110494,8.12093292
38.54656760,11.28306173,4.56320280
46.97197866,27.62198443,6.91361216
38.59546463,11.41402312,4.57979103
38.58140394,11.37660768,4.57507087
47.48098767,29.29194926,8.21835763
47.52566448,29.29918652,8.22480988
38.61101070,11.45115769,4.58404482
38.66289558,11.57998499,4.59955820
45.58340203,24.99391314,6.15314402
47.01563466,27.73820805,6.97632323
46.99743628,27.69736882,6.95429919
47.46648446,28.62399691,7.57887691
47.39350532,28.49962597,7.47834531
45.15195131,24.17438127,6.01462347
47.20947792,28.16211150,7.23344504
44.23782920,22.40624549,5.75133928
44.20716601,22.35519488,5.74525160
44.26720481,22.45617483,5.75745055
45.48272524,24.80552307,6.12009005
42.97700524,19.96832888,5.43966654
42.42909966,18.90322910,5.31748802
42.34341619,18.75140931,5.30251858
43.18447356,20.37399689,5.48870315
43.21007240,20.42705974,5.49556896
40.08086443,14.35712878,4.87232031
45.50297351,29.28140604,8.10891073
47.37897917,29.26903219,8.19730514
42.50540460,19.05343064,5.33444926
45.10169388,24.07384894,5.99808597
45.02513944,23.92582810,5.97458324
38.89642356,12.08025398,4.65516910
43.97514239,21.89717194,5.68190405
44.05001906,22.05096260,5.70366346
44.10753974,22.15419614,5.71671736
44.44833104,22.81445495,5.80884193
44.55048005,23.02279372,5.84001739
39.22218318,12.70477783,4.71981896
39.14136088,12.55102244,4.70411778
39.11146795,12.49988640,4.69960441
39.65128530,13.53284568,4.79893630
39.57394833,13.38026699,4.78467044
41.32189271,16.76295356,5.09465145
41.29552743,16.71346382,5.08997244
47.17767854,29.23543722,8.16745245
39.48670621,13.22647879,4.77249778
38.09179294,11.01243995,4.60892382
39.45808446,13.17324318,4.76783593
39.08692168,12.44437089,4.69273147
39.00730964,12.28835250,4.67604542
42.79253781,19.61611782,5.39911698
42.76576879,19.56406352,5.39308656
42.89688614,19.81911258,5.42283495
40.34403674,14.86915123,4.91894045
39.93933156,14.10093237,4.85153525
45.00203319,23.87507452,5.96594543
40.15779658,14.51054679,4.88672314
44.94743333,23.77808125,5.95175732
40.53244466,15.23011196,4.95117691
43.39819289,20.78081664,5.53783195
43.47578223,20.93204777,5.55687043
43.52864429,21.03420142,5.56972973
42.65905160,19.36138383,5.37037523
42.73917532,19.51220987,5.38708227
42.24323352,18.54624537,5.27886360
42.15903415,18.39833031,5.26478895
41.66448821,17.42505878,5.16123096
41.58656664,17.27454340,5.14590793
43.66068385,21.28709466,5.60166022
43.73871025,21.44110769,5.62193359
43.71299317,21.39043714,5.61525252
43.76234544,21.48893320,5.62840881
45.20179698,24.27005561,6.03011965
45.23172433,24.31756815,6.03682089
44.86875429,23.63212857,5.92995109
44.81709561,23.52744648,5.91350126
45.30413534,24.46626765,6.06244852
47.25817903,28.26687634,7.30587718
42.00756087,18.09155226,5.23057615
41.89617588,17.88395531,5.20982403
41.56254443,17.22192802,5.13979103
41.50409959,17.12365236,5.13169065
41.42855432,16.96520652,5.11422833
40.97944374,16.10180592,5.03168396
42.60433265,19.25661846,5.35864922
42.58062129,19.20373382,5.35184893
42.55919869,19.15183880,5.34474654
40.90008018,15.94855746,5.01759945
43.03025061,20.07389823,5.45248189
47.15916532,28.06434935,7.16977632
47.13136630,28.01295212,7.13774117
41.77285498,17.63349551,5.18245540
42.03590829,18.13777053,5.23437488
38.92705653,12.13270175,4.65971688
39.27740660,12.81020503,4.73047732
39.75400498,13.73949432,4.81864458
40.26371328,14.72336951,4.90696146
45.56029448,29.26306590,8.10096818
44.68386159,23.27391932,5.87602089
44.65525064,23.22172012,5.86866329
44.92291631,23.72801736,5.94371848
43.26721036,20.52644607,5.50633722
43.31841318,20.62640250,5.51871497
43.86277329,21.69615231,5.65712809
42.94906782,19.91689530,5.43392197
43.94974465,21.84699393,5.67507179
40.39089262,14.97316912,4.93004277
44.37006989,22.66184144,5.78704732
45.40571841,24.66039886,6.09520385
41.18503858,16.51154429,5.07179707
45.35670276,24.56045169,6.07756690
44.73789377,23.37800282,5.89144549
40.86987561,15.89720142,5.01377000
41.23840430,16.61681415,5.08224442
44.34198753,22.60973528,5.77996884
43.57541203,21.13820975,5.58455421
39.33271664,12.91059887,4.73977840
39.78149755,13.79411422,4.82375194
41.08336351,16.30600838,5.05110204
45.62957043,29.24112458,8.09076470
43.63719349,21.23557892,5.59430245
45.91225448,29.17602823,8.06465171
45.71138720,29.21834303,8.08062379
45.09972885,28.63817356,7.52401656
45.27049526,29.03910295,7.86088272
47.09931753,29.21928401,8.15255383
47.01177748,29.20131273,8.13580319
44.96510153,28.42299771,7.35982603
35.00107315,11.20612961,4.94117382
46.68668365,29.14787724,8.08365809
46.02855014,29.15840272,8.05960903
44.78021297,28.10742451,7.15100804
43.19632986,25.55331068,6.28562521
43.10781018,25.41307344,6.26009702
35.74333582,11.23423200,4.90539015
46.15395362,29.14438534,8.05701214
44.62799976,27.85462404,7.00643107
43.01673648,25.26874494,6.23477736
33.17261083,12.05373649,4.92521994
42.71813142,24.82204399,6.15965344
41.48488497,23.13004018,5.90735832
39.28819560,20.21503280,5.54825097
42.39605664,24.36893710,6.08753164
40.08856629,21.29183367,5.67032043
38.87204994,19.65978547,5.48886492
38.73117078,19.47149990,5.46939894
38.01151704,18.51141353,5.37536650
37.86504495,18.31590834,5.35723742
36.66649487,16.72186635,5.21847772
36.51371411,16.51864054,5.20192717
37.56943366,17.92255572,5.32151740
37.42074535,17.72453875,5.30393212
40.48058376,21.81749067,5.73385981
40.35032412,21.64400003,5.71250451
41.24111128,22.80956442,5.86342818
42.17542255,24.06405052,6.04120517
39.69352555,20.75777017,5.60872239
38.44662015,19.09074921,5.43113049
41.71895000,23.44579873,5.95126926
41.83456574,23.60179567,5.97345838
40.74113154,22.15531132,5.77701559
40.86963143,22.32118543,5.79868002
45.22449980,28.97309966,7.79867015
44.22489382,27.16020369,6.70098057
46.42264350,29.13509310,8.06423656
37.89135811,11.09110522,4.65153168
43.86908765,26.57575156,6.51695107
43.78816919,26.45245942,6.48376164
44.15725773,27.05032466,6.66194156
36.88936388,11.20028029,4.79660672
32.71155496,11.64777831,4.89472399
42.50470536,24.52027043,6.11116267
42.06246207,23.91081952,6.01836652
42.82184230,24.97216619,6.18449641
32.91915052,11.18403163,4.92147481
41.36437754,22.96981204,5.88538165
39.82685800,20.93644871,5.62916937
39.95802905,21.11528565,5.64967920
39.55907552,20.57872728,5.58842351
35.88384314,11.21352271,4.89377040
33.25737201,11.18622308,4.93831473
33.08714669,11.08964523,4.93052021
41.94865133,23.75660509,5.99576291
41.60264902,23.28912083,5.92930286
42.92185920,25.12138845,6.20960235
36.25788689,11.23187979,4.86640406
33.12410758,11.86605202,4.92555042
40.22022386,21.46854174,5.69137374
40.99507931,22.48537647,5.82022247
40.61104950,21.98803248,5.75539358
38.58946586,19.28168885,5.45015655
38.30246890,18.89882315,5.41231312
35.29923164,14.98088479,5.07864417
35.44725301,15.12495362,5.09305748
34.98778904,14.59747521,5.05012848
34.18684308,13.52072865,4.98683901
39.42406831,20.39772252,5.56827214
39.01216588,19.84609404,5.50853098
39.15112215,20.03119175,5.52835730
34.81143372,14.21532640,5.03735444
34.66255554,14.16141528,5.02292947
37.27146764,17.52563849,5.28650871
37.12128623,17.32603586,5.26923820
33.85373387,12.93147073,4.96705631
33.86652632,13.09109066,4.96460123
33.69032118,12.71476883,4.95647950
36.05122160,15.90387017,5.15326003
36.20604806,16.10973568,5.16933265
33.54059154,12.65628427,4.94361080
35.89582600,15.69707148,5.13736362
35.73988350,15.48934782,5.12169599
33.97317338,11.19559941,4.95611963
37.71762232,18.11960645,5.33928775
38.15729956,18.70576520,5.39371729
33.20745927,12.22291781,4.92364728
36.36021970,16.31464605,5.18554559
35.59151105,15.30054221,5.10705216
36.97018152,17.12567623,5.25212151
36.81858711,16.92431878,5.23520216
47.89060793,29.28268367,8.20115928
46.89225449,27.42360210,6.81497355
46.62571772,26.82913313,6.57267584
46.55353676,26.68692938,6.52552041
38.64286791,11.53467947,4.59454902
47.44577346,28.58291014,7.54471871
47.31460202,28.36639536,7.37727176
38.41387132,10.93693688,4.51995966
44.79356744,23.47518211,5.90485512
46.75617683,27.11265147,6.67950432
47.84940059,29.21146469,8.12749501
41.95250366,17.99352614,5.22133062
41.47542663,17.07039512,5.12659474
41.36837027,16.86659035,5.10661496
40.32015346,14.81970503,4.91405030
42.21398248,18.49538749,5.27408395
45.07904221,24.02300445,5.98920809
41.64149689,17.37467731,5.15534248
41.71277130,17.52907865,5.17319629
46.69252727,26.96492640,6.62118788
43.08605523,20.16921666,5.46229727
41.03106054,16.20649009,5.04198710
45.46035406,24.75623480,6.11081662
40.20517852,14.61527517,4.89782628
39.43165960,13.11916655,4.76236547
38.44517094,11.01282507,4.52883744
44.02349873,21.99783168,5.69627485
46.57490197,26.72454059,6.53709006
47.80443246,29.13504914,8.04964548
39.70517000,13.63896685,4.80879191
39.54337415,13.33266951,4.78179731
38.84717545,11.97820559,4.64382503
46.58382881,26.74373153,6.54361036
47.87996378,29.26247493,8.18013126
45.80610501,29.19622422,8.07169383
44.29652898,27.26811213,6.74231789
41.11883757,22.64920498,5.84185607
46.41386127,26.45844556,6.46187773
37.21576317,11.03815223,4.73227583
46.82781849,27.26840974,6.74424807
46.72999115,27.04420792,6.65127040
33.36989236,12.44289992,4.93289649
46.61792967,26.81238398,6.56677719
45.22927140,29.37962291,8.11697635
45.23072234,29.38152874,8.11897375
38.39332067,10.87399865,4.51039917
38.39206578,10.87752346,4.51188825
47.95156813,29.37778979,8.30053968
47.95196485,29.38152874,8.30450769
47.94405968,29.38152874,8.30464371
47.95556916,29.37633229,8.29889116
47.95825308,29.38152874,8.30436777
38.38611698,10.87834428,4.51438851
38.39130319,10.88417550,4.51403027
45.23053968,29.34782345,8.10693386
38.41880865,10.93113777,4.51649768
38.43614071,10.96754032,4.51995281
45.26763896,29.37254138,8.13984244
38.37797224,10.88039415,4.51788637
46.47550183,26.53098006,6.47668225
46.48049218,26.53986779,6.47922268
47.82353090,29.14570967,8.05975543
47.79171639,29.08913177,8.00272726
38.47962237,11.06333177,4.52986348
31.17648327,10.90292749,4.64415782
31.18182046,10.89241672,4.65882147
31.19120719,10.91397478,4.65218115
31.16348318,10.88802614,4.64143240
46.21683281,26.08959017,6.36551462
46.21285526,26.03870298,6.34698606
46.33609054,26.29097623,6.41314093
31.19307672,10.93083909,4.63828946
31.17977600,10.91627248,4.63414624
31.20915802,10.90250884,4.67555544
31.21076391,10.93545296,4.65631019
45.24221597,29.26509851,8.04527826
38.56646811,11.25841472,4.55073174
31.23920047,10.93168590,4.68193585
31.23860100,10.89898502,4.69561042
31.27634469,10.91646600,4.70843831
45.86926471,25.47372006,6.23652008
45.85561522,25.38180169,6.20993764
47.54027033,28.66320114,7.60736513
47.49682000,29.33881394,8.26582736
47.08555209,27.78358222,6.99392402
47.34178450,29.32360892,8.25317586
45.13786695,28.84619825,7.68324070
45.18045701,28.90949582,7.74004239
31.49445964,11.01467730,4.76073310
31.45600735,11.07329257,4.73738089
31.41748065,11.01924708,4.73661418
31.54408245,10.94783003,4.78244401
31.57050438,11.01855276,4.77861432
47.20862353,29.31463368,8.24604756
35.12977666,11.19972123,4.93542159
35.99817243,11.11443279,4.87450672
36.18520515,11.06526592,4.85310581
34.86605544,11.11850172,4.93943699
35.06038393,11.05731779,4.92674029
36.70788031,11.11572810,4.80615417
33.78025320,11.12255424,4.95145833
34.67552004,11.06190289,4.94153523
36.54273063,11.02176095,4.81204005
36.53767189,11.16173519,4.83088357
36.38447059,11.10062395,4.83865576
33.42502986,11.09072532,4.94303859
33.59763114,11.02568889,4.94573390
32.50679921,11.08851227,4.89474836
32.95103135,11.84080098,4.91107537
35.81440545,11.06217551,4.88277652
45.23662748,29.37756176,8.12859706
45.22924309,29.37746202,8.12088324
45.23113506,29.37906462,8.12361897
46.58067043,26.72484200,6.53553872
46.57823866,26.72020740,6.53404581
46.58529273,26.73440138,6.53874415
46.58304843,26.72954920,6.53708537
46.57345284,26.71092412,6.53103946
46.57100091,26.70625536,6.52954554
46.58755235,26.73928460,6.54041663
46.59004255,26.74409030,6.54198700
46.56296080,26.69184289,6.52509464
46.56555119,26.69692505,6.52673390
46.59510524,26.75411555,6.54531285
38.39722373,10.88570788,4.51217069
38.39944681,10.89079297,4.51273059
46.56028243,26.68675147,6.52348102
46.60569983,26.77475790,6.55215690
47.92991702,29.34985963,8.27133081
47.93583784,29.35036222,8.27172346
47.93337959,29.34518282,8.26627496
38.40180269,10.89628730,4.51335328
38.40479777,10.90166479,4.51369333
38.40739794,10.90718099,4.51422679
46.61375897,26.79101427,6.55767501
47.92762814,29.33462403,8.25519406
47.92479120,29.32920336,8.24950594
46.62219173,26.80744781,6.56320940
46.63038683,26.82406581,6.56894598
46.63325766,26.82969637,6.57087150
46.64234195,26.84666677,6.57657753
46.63913807,26.84112253,6.57477796
47.91877710,29.31812114,8.23789242
46.64836248,26.85802552,6.58044026
46.64534445,26.85233092,6.57850103
46.55114322,26.67027497,6.51842730
46.55437365,26.67600015,6.52016215
38.41283644,10.91887102,4.51538526
38.41014690,10.91290760,4.51476123
46.65120497,26.86386723,6.58250893
46.65427243,26.86966397,6.58449497
47.91574511,29.31245591,8.23195931
47.91267088,29.30662539,8.22585531
46.65715650,26.87558408,6.58660148
46.66027454,26.88143475,6.58861057
47.90586216,29.29500025,8.21372110
46.66616649,26.89351764,6.59293750
46.66938633,26.89964750,6.59507406
46.67849088,26.91844299,6.60189079
46.67565696,26.91207068,6.59949798
45.24599946,29.37582221,8.13327104
45.25207687,29.37496450,8.13557047
46.67634407,26.93085906,6.60858821
46.68508943,26.93139693,6.60652712
46.54778771,26.66440970,6.51666932
46.54433850,26.65807935,6.51472499
47.89574270,29.27588746,8.19377261
47.89231363,29.26924840,8.18685163
46.69499575,26.95140004,6.61382368
46.69198741,26.94455552,6.61120757
46.69843288,26.95831469,6.61635727
46.70207646,26.96530590,6.61887885
47.88082453,29.24863741,8.16544360
45.24085115,29.37671786,8.13097474
46.71299693,26.98703828,6.62688646
46.70943216,26.97962925,6.62410257
46.52876669,26.63048118,6.50647792
46.57577586,26.71559066,6.53257376
46.55724189,26.68164495,6.52197329
38.42874923,10.95197436,4.51846734
38.43231958,10.95956623,4.51920514
46.59231619,26.74912378,6.54373448
46.60057577,26.76425209,6.54858689
47.86854213,29.22602676,8.14202827
47.86447060,29.21817501,8.13390949
46.56832909,26.70162217,6.52813733
46.60316079,26.76949982,6.55036059
46.61111063,26.78544404,6.55574645
46.60836999,26.78003489,6.55392788
46.50156764,26.59903806,6.49982847
46.50734728,26.59096242,6.49456962
46.72416221,27.01038602,6.63573361
46.72831209,27.01864201,6.63882884
46.49862313,26.57423983,6.48949051
46.50310883,26.58256377,6.49197152
46.61955480,26.80192656,6.56128769
46.61669627,26.79650234,6.55948301
46.62505294,26.81291758,6.56504459
47.93812675,29.35567966,8.27732439
46.66311056,26.88742432,6.59077723
47.85526186,29.20185905,8.11711329
47.93041617,29.34003361,8.26087432
46.67245094,26.90588804,6.59731826
46.62782884,26.81848405,6.56695690
46.63608798,26.83542726,6.57286364
46.48977196,26.55732121,6.48439579
46.48531013,26.54862061,6.48176296
38.43972409,10.97584781,4.52088477
38.44396409,10.98459778,4.52168741
47.90222798,29.28895859,8.20742592
46.73236127,27.02736940,6.64220307
46.73683945,27.03622393,6.64554206
38.44804875,10.99402473,4.52273721
47.92172560,29.32374344,8.24378583
47.89906045,29.28239080,8.20055952
47.85034400,29.19343364,8.10846984
47.84492173,29.18487515,8.09972803
47.83488997,29.16581085,8.08020651
46.68182957,26.92484864,6.60415737
46.47053806,26.52173016,6.47398021
46.46492234,26.51216053,6.47133872
46.74092866,27.04558150,6.64925206
46.74572652,27.05554901,6.65310562
47.88854388,29.26250236,8.17983743
38.39554750,10.88100041,4.51150184
46.70586960,26.97238485,6.62141085
47.88490354,29.25552148,8.17257577
38.41583359,10.92482899,4.51588798
45.29047117,29.36870162,8.14392798
45.27796949,29.37055809,8.14169851
46.71679322,26.99452691,6.62965511
46.72022819,27.00236211,6.63270992
38.42543160,10.94482488,4.51775528
46.75035892,27.06618869,6.65736110
47.87685546,29.24129402,8.15782810
46.54054875,26.65154913,6.51279704
47.94101794,29.36103100,8.28294800
46.53687031,26.64481773,6.51074567
47.81788684,29.13491500,8.04878640
47.81196327,29.12399619,8.03773252
47.87251330,29.23379996,8.15007932
46.14454402,25.89534549,6.31145641
46.13900438,25.88386721,6.30869925
46.15064329,25.90669577,6.31398253
46.52443062,26.62287896,6.50423617
46.13296883,25.87263127,6.30621881
46.12721749,25.86114961,6.30355295
45.23336877,29.37834204,8.12613113
38.46251396,11.02532077,4.52587668
38.46804109,11.03697344,4.52699296
46.16198721,25.92990442,6.31956228
46.16720329,25.94227289,6.32282707
46.12077404,25.84958736,6.30110047
46.11459742,25.83770165,6.29843831
45.25917640,29.37402860,8.13784458
46.52036354,26.61497010,6.50177858
46.51625002,26.60701580,6.49932210
46.17372496,25.95434031,6.32555074
46.18030933,25.96663354,6.32835754
46.44662649,26.48039317,6.46254722
46.43932922,26.46875688,6.45953177
46.76606677,27.10123622,6.67141032
46.10779904,25.82593331,6.29604333
46.10082605,25.81336303,6.29339795
46.51168933,26.59915648,6.49705166
47.91086857,29.36940785,8.29224629
45.22496649,29.33485297,8.09533957
46.49442921,26.56574093,6.48685108
46.08620979,25.78701261,6.28788573
46.18633913,25.97963376,6.33164618
46.19305919,25.99314967,6.33493203
46.19908490,26.00763992,6.33883986
46.77915775,27.12781256,6.68192573
46.78601537,27.14183382,6.68754205
47.76910103,29.04846252,7.96225356
47.85986258,29.21030781,8.12581228
38.48596226,11.07801273,4.53150155
38.49266783,11.09276176,4.53302320
46.45938847,26.50209695,6.46846285
47.83987092,29.17538809,8.09000681
47.82952499,29.15594001,8.07013985
46.45308644,26.49171464,6.46568389
46.43141124,26.45646529,6.45642276
46.42276784,26.44306461,6.45305121
46.06171824,25.74337244,6.27893726
46.79950072,27.17154619,6.69982440
46.80605553,27.18722252,6.70649228
46.83153328,27.23601905,6.72637555
46.82315407,27.21961315,6.71959245
47.80565271,29.11266056,8.02629834
46.75544930,27.07710901,6.66166476
46.40419587,26.41099691,6.44447134
46.85672837,27.28746167,6.74825620
46.84847035,27.26984851,6.74061876
47.79886334,29.10101730,8.01460833
46.03432627,25.69440034,6.26901331
46.04402422,25.71112443,6.27227661
47.75155395,29.01879954,7.93311182
47.74139226,29.00310632,7.91786718
38.45758753,11.01423531,4.52468969
46.15644291,25.91815256,6.31666413
46.76076161,27.08862120,6.66623883
38.47336012,11.04968621,4.52847741
46.87442330,27.32401246,6.76419171
46.86579868,27.30531291,6.75590753
47.85697368,29.36049430,8.28339457
47.83156382,29.36075150,8.28388363
46.02406789,25.67744083,6.26585514
46.01368648,25.65856731,6.26204002
47.73179944,28.98584423,7.90107495
47.72018521,28.96781488,7.88375753
46.07839422,25.77330572,6.28510335
46.23863845,26.09217092,6.36058964
46.24794142,26.11184156,6.36571613
46.36057679,26.33532920,6.42470214
47.69702937,28.92711845,7.84483596
38.52458487,11.16395885,4.54054488
38.53454125,11.18529729,4.54266607
46.90216616,27.38299042,6.79071164
46.91105924,27.40439234,6.80078267
38.49996620,11.10870471,4.53465083
45.34614336,29.35889210,8.14936306
47.78461660,29.07628604,7.98989012
46.26766898,26.15385824,6.37682503
46.27844410,26.17568432,6.38250691
38.54364704,11.20824524,4.54551415
46.29992107,26.22174184,6.39499747
47.76092710,29.03384475,7.94782564
46.81448061,27.20342011,6.71304524
46.09333903,25.80034037,6.29075456
46.22146322,26.05575544,6.35117877
46.79258504,27.15642650,6.69357053
46.05309777,25.72760727,6.27566261
46.83987571,27.25280016,6.73342432
46.92177668,27.42694830,6.81121044
46.93352339,27.45079142,6.82227496
45.96631209,25.57471974,6.24571795
45.95340353,25.55123184,6.24110250
47.87387718,29.36864224,8.29176563
46.39355393,26.39406930,6.44023138
47.73534577,29.35637157,8.28024894
47.70726936,29.35542108,8.27958014
46.94437146,27.47634442,6.83463321
46.38291791,26.37544215,6.43530887
38.36662517,10.88329890,4.52248875
47.65525763,28.85586668,7.77815479
45.30553581,29.36590114,8.14569889
45.93849939,25.52748422,6.23699232
45.92341723,25.50100569,6.23200570
38.50764245,11.12624055,4.53656968
38.30436184,10.89823724,4.54393948
38.51633423,11.14434960,4.53827703
47.80824197,29.36083685,8.28417522
46.00215451,25.63900468,6.25834530
47.78521812,29.35980680,8.28331285
46.23000024,26.07359576,6.35573670
45.37255598,29.35428716,8.15092138
45.40371215,29.34972820,8.15300102
38.33012817,10.89182723,4.53556616
38.35081690,10.88678024,4.52834210
47.76099727,29.35868803,8.28238303
47.64648508,29.35121496,8.27603101
47.61242739,29.34919691,8.27446311
46.89327031,27.36241624,6.78119684
38.59261652,11.31617221,4.55681918
38.60651387,11.34777906,4.56030831
46.25730995,26.13272934,6.37134822
46.88378348,27.34298038,6.77253789
47.63848495,28.82934790,7.75390612
47.62161054,28.79927927,7.72653801
38.55428050,11.23234052,4.54812972
47.58332674,28.73552119,7.66983714
47.68452771,28.90494503,7.82385481
46.28885747,26.19844581,6.38871240
46.32417176,26.26792814,6.40700749
46.37248919,26.35523008,6.42971007
47.57658342,29.34694754,8.27273346
47.53806339,29.34373359,8.27010709
45.99098381,25.61818530,6.25409907
47.01283079,27.62691367,6.90976123
47.02948828,27.66294548,6.92853914
45.97928405,25.59675555,6.24981600
45.81805020,25.31432019,6.19748467
45.79593298,25.28022261,6.19208906
47.04610750,27.70204498,6.94956639
45.75379510,25.20383433,6.17820297
47.49783749,28.58320269,7.54007013
47.52008117,28.62336121,7.57345311
46.96990212,27.53103523,6.86114714
46.95666797,27.50285668,6.84740974
46.34855034,26.31363547,6.41903217
47.67790906,29.35307384,8.27751971
38.57887471,11.28673977,4.55385348
45.70947594,25.12192027,6.16331778
46.98345511,27.56175827,6.87652102
45.53731375,29.32835701,8.15636609
45.48407624,29.33568499,8.15456056
47.45031513,28.49826122,7.47154698
38.69369604,11.54062375,4.58118465
38.22815430,10.91446197,4.56535017
45.61568480,24.94778810,6.13225725
45.32383455,29.36268180,8.14752437
47.12718362,27.87266463,7.04481652
47.14968394,27.91908823,7.07214861
47.42649487,28.45355011,7.43645502
47.40220329,28.40791635,7.40141629
38.62246284,11.38245710,4.56391984
38.73860542,11.63054388,4.58987898
38.78422231,11.72677452,4.60023879
45.53232344,24.90326820,6.13762842
45.51759272,24.75938341,6.09879513
47.35006350,28.31481477,7.33267680
45.44038770,24.61454691,6.07419262
47.32459317,28.26556381,7.29735109
45.23692097,24.22366636,6.00897017
45.26493240,24.27187451,6.01607529
45.36514552,24.46847143,6.04922512
38.27061177,10.90608027,4.55398244
45.31541012,24.36935673,6.03220759
45.33988594,24.41919437,6.04087834
45.21303964,24.17441975,6.00051298
45.16268957,24.07627884,5.98451436
38.63898485,11.41934214,4.56793089
45.18710241,24.12628898,5.99297485
45.13814357,24.02629788,5.97613717
45.11205328,23.97725683,5.96849809
45.08705506,23.92769990,5.96045113
45.06150311,23.87827469,5.95263331
45.03620866,23.82849342,5.94467848
47.22224237,28.06684005,7.16352327
47.24804460,28.11590034,7.19521083
44.98411014,23.72920930,5.92938175
45.00941662,23.77921891,5.93732295
44.95873463,23.67951511,5.92159034
38.80919642,11.77579664,4.60509857
38.83450847,11.82548025,4.61009016
44.93140622,23.63092809,5.91470074
44.90547156,23.58038404,5.90688730
44.87984160,23.52944240,5.89890956
44.80107202,23.37860067,5.87629468
42.67102558,19.25879094,5.34179859
42.64569982,19.20754521,5.33568056
42.72460131,19.36069747,5.35306294
42.75065055,19.41226884,5.35910807
42.59472543,19.10585501,5.32380518
42.56879155,19.05541265,5.31813518
42.80458577,19.51286828,5.37002243
42.82971375,19.56453688,5.37642655
42.88206225,19.66594309,5.38814390
42.90850469,19.71677320,5.39398493
42.48984429,18.90376110,5.30148894
42.39782633,18.85748117,5.31424141
42.46334711,18.85336407,5.29606987
42.96091295,19.81843815,5.40586768
42.93506049,19.76769755,5.39983647
42.40773888,18.75308307,5.28619037
42.38339854,18.70036603,5.27957300
42.98685176,19.86872783,5.41176960
43.01439679,19.91879590,5.41714754
43.06521131,20.02265939,5.43026185
43.09314820,20.07187202,5.43534780
42.30525572,18.54794965,5.26284041
42.27953820,18.49675595,5.25709410
43.14632275,20.17242146,5.44696247
43.12053026,20.12143907,5.44070939
42.25190412,18.44655928,5.25219929
42.22394901,18.39718444,5.24762423
42.19672705,18.34709881,5.24265850
42.17019316,18.29607870,5.23726392
43.27565589,20.42749287,5.47845808
43.24789089,20.37697736,5.47282486
42.12031154,18.19239426,5.22515442
42.09664765,18.14052678,5.21872369
42.06887567,18.09127518,5.21422473
42.04253856,18.04126555,5.20910923
43.30344452,20.47759671,5.48398512
43.32894572,20.52823705,5.49037267
42.01657260,17.98988313,5.20354038
41.98872626,17.93948669,5.19880276
43.46072873,20.78201910,5.52148582
43.43493362,20.73101625,5.51498160
41.93697572,17.83536069,5.18733040
41.91148780,17.78476410,5.18187697
41.85861449,17.68373085,5.17162151
41.88595378,17.73429752,5.17648373
43.53886896,20.93479461,5.54083067
43.56569500,20.98532608,5.54697438
41.80570571,17.58322048,5.16155879
41.77732288,17.53228312,5.15693566
43.67120209,21.18817010,5.57251465
43.64377310,21.13771581,5.56648929
41.72606542,17.42892579,5.14568714
41.70175511,17.37764929,5.13977803
43.72213472,21.29054660,5.58624326
43.69753538,21.23886341,5.57896319
43.77508336,21.39229518,5.59927299
43.74951290,21.34108949,5.59237825
41.62243993,17.22507239,5.12435518
41.59702175,17.17371743,5.11879949
43.80063971,21.44288562,5.60601825
43.84847337,21.54375719,5.62046226
43.82507940,21.49277816,5.61292138
41.48992764,16.96964795,5.09870901
41.46423983,16.91880863,5.09344312
43.87474785,21.59530549,5.62733238
43.90169881,21.64682496,5.63401933
43.98533763,21.79864330,5.65260931
43.95992353,21.74729182,5.64543457
41.35734938,16.71565990,5.07387118
41.38460572,16.76609393,5.07848353
41.30469082,16.61440251,5.06405329
41.27736106,16.56464966,5.05969876
44.03818860,21.89962299,5.66592230
44.06368593,21.95035076,5.67296457
44.08899862,22.00194983,5.68033825
44.11639702,22.05314105,5.68699590
41.22629851,16.46060036,5.04884236
41.20127672,16.40901615,5.04340753
41.17427177,16.35845339,5.03885990
41.14821752,16.30719932,5.03387789
41.09260816,16.20647082,5.02550470
41.11988616,16.25660686,5.02978020
44.19695162,22.20489666,5.70708155
44.22193261,22.25594762,5.71452539
44.32663656,22.45952401,5.74294090
44.30153313,22.40869617,5.73549877
41.04127469,16.10415595,5.01555982
41.01645866,16.05181601,5.01005109
44.72122405,23.22499570,5.85347483
40.96359540,15.94959884,5.00064672
40.93601011,15.89882703,4.99638843
40.90880993,15.84776219,4.99194596
40.88424950,15.79597246,4.98653202
44.35255439,22.51028275,5.75014676
44.37864531,22.56176064,5.75753810
40.80435876,15.64292118,4.97277876
40.83133544,15.69382804,4.97722543
44.40565411,22.61300269,5.76461958
44.43312632,22.66363120,5.77141343
40.77854935,15.59149654,4.96785440
40.75275458,15.54039976,4.96301094
44.66889687,23.12293121,5.83827094
40.72544719,15.49067801,4.95897236
40.69804293,15.43915871,4.95452005
44.45926774,22.71460724,5.77872716
44.48509412,22.76583758,5.78623476
40.61944108,15.28364073,4.93985449
40.59312136,15.23287916,4.93527415
45.90683956,25.47325031,6.22703327
44.53829519,22.86767339,5.80070157
44.61586365,23.02285105,5.82397135
44.58990312,22.97098304,5.81617526
40.53943645,15.13059364,4.92624790
40.51273163,15.07906003,4.92159876
40.45746050,14.97621793,4.91291952
40.40500947,14.87335810,4.90338924
40.43192372,14.92457873,4.90789576
40.35392093,14.77197134,4.89380945
40.32810810,14.72068080,4.88895135
40.27217443,14.61791614,4.88049465
40.19466672,14.46282021,4.86569014
40.14177352,14.35989674,4.85632564
40.11561954,14.30821903,4.85150543
40.08810305,14.25717753,4.84725794
40.06238971,14.20525849,4.84224816
40.00707176,14.10277333,4.83374295
38.91049627,11.97988191,4.62677102
39.98021717,14.05096868,4.82910785
39.95449574,13.99937709,4.82418217
39.90131580,13.89746943,4.81516250
39.84766835,13.79452158,4.80601537
39.87515040,13.84601895,4.81039798
39.79262365,13.69045316,4.79699446
39.76819057,13.63879395,4.79163879
39.68852894,13.48310467,4.77726813
39.60823722,13.32908270,4.76342573
39.55323223,13.22615589,4.75453084
39.49862349,13.12177408,4.74497090
39.42138958,12.96522704,4.72864328
39.36717936,12.86190532,4.71852531
38.96271710,12.08326682,4.63776551
39.31286860,12.75911733,4.70837523
39.25891667,12.65481441,4.69756819
39.15177315,12.44681652,4.67559419
39.06419016,12.39135560,4.68597067
39.04519707,12.23849388,4.65328520
39.07152212,12.29075231,4.65899341
46.99888211,27.59337536,6.89229893
45.89086166,25.44370759,6.22131063
45.44034157,29.34411710,8.15468556
38.17385024,10.92520289,4.57869743
45.87435208,25.41341859,6.21552262
45.83713296,25.34821837,6.20366002
47.60262791,28.76831989,7.69885009
38.65556153,11.45703960,4.57215602
47.44917467,29.33499565,8.26281610
45.77390911,25.24322757,6.18575503
38.67449389,11.49718107,4.57627359
47.37572976,28.36239910,7.36752192
38.02477136,10.95413006,4.61027925
38.10513987,10.93768635,4.59387229
45.09418200,28.78400341,7.62844349
47.39778280,29.33063495,8.25932151
47.47504835,28.54118723,7.50575224
38.76104011,11.67798156,4.59496445
45.68817492,25.07854299,6.15496775
45.66495509,25.03545659,6.14726087
47.10514407,27.82760937,7.01894520
47.06553173,27.74203762,6.97107549
45.67678170,29.30704265,8.15664011
44.27400868,22.35804493,5.72885310
47.19583301,28.01738673,7.13246346
44.56325249,22.91972725,5.80878395
39.34004083,12.81065074,4.71350336
45.05230036,28.71731610,7.57211495
45.00885377,28.64869107,7.51578538
38.88387703,11.92926051,4.62177158
44.74691010,23.27686396,5.86150187
44.69572662,23.17341034,5.84550692
44.64433314,23.07225627,5.83036446
45.64135431,24.99146424,6.13941872
45.59173947,24.90175466,6.12397971
47.27086208,28.16632718,7.22915047
42.14479201,18.24425890,5.23134552
40.56706715,15.18139939,4.93043725
38.99108749,12.13477881,4.64258461
45.56549683,24.85620936,6.11649878
44.85348537,23.47888073,5.89128112
44.82715883,23.42895407,5.88386688
41.96094061,17.88807706,5.19379647
43.22363208,20.32511754,5.46579137
39.20580485,12.55096593,4.68651393
39.12442573,12.39494709,4.67027855
44.96421979,28.57827474,7.45978746
45.41619368,24.56520582,6.06538908
45.39200605,24.51644079,6.05681161
43.35429499,20.57894545,5.49684488
43.38235822,20.62923525,5.50239931
42.43499078,18.80380115,5.29143958
42.35744673,18.64931004,5.27388459
40.24661922,14.56540913,4.87527226
45.49348819,24.71107045,6.09010368
41.64965664,17.27556916,5.12915587
40.67015360,15.38695775,4.95004849
41.56971365,17.12329342,5.11407009
40.64453656,15.33438692,4.94480465
41.54188411,17.07270610,5.10946719
43.03959337,19.97063337,5.42373322
39.74103088,13.58765647,4.78722619
39.71363930,13.53584812,4.78271057
43.93049134,21.69759509,5.63997092
44.01268859,21.84899905,5.65893474
39.66172935,13.43152098,4.77261380
39.58025662,13.27802503,4.75922830
42.77774975,19.46225690,5.36443379
44.24653116,22.30719748,5.72216133
39.28639983,12.70661419,4.70274380
40.85779110,15.74496762,4.98189311
45.28949711,24.32065761,6.02430792
42.33304453,18.59796056,5.26766896
42.51625780,18.95394912,5.30689442
40.48518790,15.02769816,4.91724637
40.98945686,16.00094977,5.00557872
43.40867485,20.68019993,5.50869202
43.48797736,20.83234692,5.52737791
39.47297727,13.06902768,4.73943077
39.44704404,13.01712631,4.73411345
39.39358387,12.91387702,4.72390425
47.17204819,27.96755646,7.10156586
44.14361910,22.10407955,5.69365783
44.16928554,22.15515341,5.70085091
43.61505278,21.08751777,5.56094226
39.92919141,13.94762026,4.81908600
44.51242645,22.81641255,5.79314005
41.51387159,17.02144730,5.10475896
41.43632738,16.86854378,5.08901359
41.40969177,16.81743097,5.08400050
40.38094237,14.82193725,4.89797296
47.29725660,28.21632495,7.26315861
40.30040689,14.66967636,4.88473473
38.85828466,11.87742863,4.61619757
41.33207117,16.66442769,5.06848096
41.25204957,16.51251999,5.05416608
41.75235144,17.47959316,5.15085217
41.67552001,17.32670086,5.13454207
42.54253628,19.00463983,5.31249149
42.62030165,19.15639943,5.32962741
42.85720506,19.61448281,5.38167656
43.51377183,20.88334934,5.53392532
43.59038562,21.03633003,5.55392005
41.06866098,16.15497628,5.01992159
43.17060240,20.22412072,5.45388893
43.19535903,20.27549166,5.46059626
40.16771952,14.41163966,4.86122717
44.77484886,23.32744431,5.86855796
44.83501105,28.18836715,7.20249340
44.77661797,28.27887197,7.24252857
39.82025979,13.74231587,4.80143146
39.01882869,12.18628406,4.64762078
42.69738509,19.30987529,5.34758413
44.61965974,28.03731233,7.08930547
44.56633432,27.95337153,7.04072257
39.23367235,12.60206544,4.69143808
41.83307463,17.63298395,5.16618373
45.60101577,29.31797032,8.15630355
47.27792959,29.31951488,8.25004283
44.45621646,27.77720579,6.94599890
44.51122106,27.86736030,6.99308124
46.84977440,29.28339541,8.21609488
40.03531222,14.15397548,4.83781022
44.39872650,27.68429837,6.89977729
46.09478880,29.26882361,8.16659604
37.78678274,10.99592161,4.65141112
37.91785394,10.97321323,4.62965787
44.91843738,28.50608763,7.40428954
46.61526200,29.26774334,8.19653510
44.15146572,27.28212437,6.72548957
44.87148892,28.43213377,7.34943081
31.52778492,11.08761088,4.75688827
31.64244722,10.96696249,4.79939115
31.64517703,11.07478898,4.78720820
45.76483072,29.29612115,8.15766970
44.82470338,28.35636158,7.29554260
43.93803601,26.95209918,6.60695464
47.04678283,29.30014157,8.23290835
47.13202176,29.30621340,8.23840564
45.86459564,29.28581038,8.15964877
44.67304096,28.11915499,7.13907022
44.72701571,28.19901752,7.19010123
46.95297555,29.29278662,8.22578727
43.71007088,26.59702900,6.50023599
43.54468193,26.35321769,6.43559155
43.37267822,26.10508831,6.37590580
43.28710708,25.97581275,6.34756226
43.01933389,25.57378142,6.26683607
43.10882040,25.71134007,6.29302108
42.92670569,25.43348916,6.24099891
46.48665543,29.26277157,8.18697124
42.61214788,24.67119557,6.13518296
42.62998662,24.99594395,6.16494627
42.28637438,24.21696142,6.06424077
42.41153257,24.70207476,6.11520901
41.04518591,22.83249380,5.84296727
40.92337410,22.66882259,5.82117711
42.19491424,24.40035207,6.06753718
41.97362635,24.09480104,6.02105953
39.89819637,21.29713089,5.64892930
39.76782529,21.11848437,5.62823016
35.40957487,15.27567507,5.08721851
35.28390585,15.12024997,5.07500997
41.28696110,23.15367862,5.88694569
36.02228212,16.08772365,5.14894645
36.17632315,16.29349712,5.16505940
37.38444263,17.90764059,5.30043976
37.53244796,18.10561165,5.31816633
37.97158291,18.69421452,5.37248627
38.11647037,18.88852494,5.39105174
41.63447563,23.62943919,5.95318410
39.23530836,20.39715493,5.54681949
39.36991701,20.57981373,5.56697629
40.15941198,21.65065707,5.69116868
40.28927925,21.82626687,5.71261259
38.68490944,19.65387712,5.46748339
38.82455842,19.84214673,5.48713379
39.50383116,20.76090677,5.58729866
40.67545232,22.33875887,5.77783692
44.27943482,27.48924036,6.81046800
44.33914244,27.58834373,6.85447217
44.21753055,27.38713935,6.76754684
31.94723897,11.00557106,4.84211703
31.89070299,11.11216440,4.82644035
32.80452214,11.80030199,4.89820212
32.66750018,11.81514741,4.88256526
31.75741710,11.17916428,4.79710765
31.77867326,11.01201994,4.81789986
44.01047386,27.06484988,6.64507240
44.08207559,27.17470479,6.68461143
45.97502774,29.27655017,8.16261844
46.22205763,29.26336500,8.17176683
43.86360543,26.83681577,6.57015165
46.35410130,29.25995392,8.17739531
43.78809841,26.71812167,6.53458690
43.63016872,26.47378772,6.46718233
36.87919959,11.02764716,4.77356967
42.73221526,25.14387447,6.19007538
42.83115580,25.28999680,6.21543339
42.51776359,24.85204846,6.13960994
43.45834588,26.23051927,6.40515237
43.19920878,25.84399373,6.31990335
41.74813037,23.78549003,5.97555480
41.86135361,23.94054731,5.99818961
41.51959738,23.47231640,5.93095963
37.61919496,11.02105971,4.67727201
39.09976823,20.21338814,5.52681256
38.96305702,20.02845688,5.50693874
32.38124842,11.53083026,4.86368651
40.80015521,22.50455062,5.79948378
42.30385278,24.55156996,6.09119958
40.54805228,22.17105577,5.75607568
38.26033481,19.08150482,5.40983974
38.40292582,19.27330597,5.42883357
41.40402509,23.31337736,5.90889743
41.16736425,22.99366550,5.86498780
37.42185252,11.02662353,4.70376295
39.63672640,20.94005068,5.60773911
37.82601735,18.49878572,5.35417013
37.67970385,18.30259192,5.33607780
36.93669912,17.30905711,5.24832982
37.08674349,17.50931470,5.26553737
36.78576837,17.10774761,5.23128461
35.40095323,10.98029095,4.90193491
34.28989102,10.98018603,4.94502970
34.02728014,13.30626845,4.97557610
33.25613179,11.01413959,4.93665035
36.63433672,16.90536020,5.21444696
36.48235612,16.70222201,5.19780684
36.32968776,16.49831736,5.18134508
40.41902102,22.00007391,5.73428610
40.02950164,21.47414723,5.66999310
33.01122513,12.00097017,4.91162444
38.54437025,19.46412919,5.44804366
35.15428735,14.85454202,5.06444146
34.50422349,13.94838659,5.01046129
34.34570335,13.73480243,4.99844554
34.82074942,14.37417342,5.03587599
37.23590324,17.70880959,5.28290441
33.70410308,12.87477556,4.95391147
35.86758034,15.88100761,5.13297832
35.71230241,15.67336607,5.11719881
35.55646183,15.46488157,5.10165971
47.67011671,28.88144621,7.80189908
46.68864912,26.93794555,6.60881503
47.56059939,28.70198648,7.64088130
45.73108495,25.16431050,6.17133170
38.71591413,11.58516460,4.58546866
38.42193808,10.93790381,4.51717537
45.46723204,24.66309094,6.08213007
40.22022075,14.51423795,4.87063698
39.09937334,12.34227393,4.66405542
45.54148997,24.80781520,6.10763587
39.17744508,12.49989559,4.68172784
39.52625004,13.17385460,4.74966970
47.77676739,29.06277358,7.97646206
46.20595430,26.02260643,6.34268223
38.45259165,11.00386609,4.52372653
46.41384165,26.42731226,6.44876386
47.90937698,29.30082697,8.21979707
42.08484199,24.24810369,6.04417046
47.95028749,29.36610620,8.28811728
47.94659004,29.37006560,8.29243126
47.94701070,29.37465337,8.29729997
38.39739362,10.87624804,4.50941097
31.30920598,10.96635527,4.70753634
31.26575421,10.96010069,4.68603984
31.37232521,10.96589939,4.73340431
31.38577713,10.91522208,4.74855113
31.44919986,10.94486049,4.76071031
32.92753190,11.01331800,4.92293227
33.96455142,11.03125153,4.94966673
32.51825598,11.69993472,4.87083579
45.23161363,29.38152874,8.12372167
45.23083664,29.38152874,8.12119211
45.22730420,29.37703898,8.11426851
45.22466694,29.37357491,8.11063879
46.58127166,26.71604824,6.53108651
46.58367283,26.72069536,6.53259381
46.58607716,26.72534861,6.53410617
46.57400184,26.70197855,6.52654156
46.57643383,26.70668532,6.52805889
46.58851846,26.73007339,6.53564494
46.59100437,26.73488453,6.53721512
38.39999609,10.88128488,4.50980802
46.59859264,26.74957057,6.54202871
46.59598947,26.74453249,6.54037388
46.57157250,26.69727694,6.52502898
46.56899068,26.69228020,6.52342482
46.56370012,26.68204112,6.52014849
46.56634426,26.68715845,6.52178414
38.40257456,10.88627528,4.51020146
38.40526698,10.89148623,4.51061235
47.94494714,29.35576654,8.27722945
47.94229570,29.35063299,8.27182623
46.60381086,26.75966973,6.54535704
46.60648538,26.76484592,6.54706871
47.93137281,29.32948480,8.24958784
38.40803801,10.89684932,4.51103532
38.41078556,10.90216695,4.51145478
46.61466740,26.78068114,6.55232967
46.61747263,26.78611031,6.55414199
38.41356574,10.90754775,4.51187932
46.62593870,26.80249532,6.55963828
46.62309765,26.79699682,6.55778932
47.93410273,29.33477028,8.25514237
47.92849545,29.32391386,8.24373604
46.64029627,26.83028269,6.56905272
46.64611781,26.84154961,6.57290391
46.65496338,26.85866921,6.57879363
46.65199087,26.85291625,6.57680927
45.24945082,29.38152874,8.13875911
38.41970148,10.91942293,4.51281660
46.66098841,26.87033001,6.58283187
46.55181840,26.65904587,6.51284282
47.91660870,29.30089960,8.21959463
47.91350728,29.29489488,8.21330550
46.67649654,26.90034440,6.59332653
46.67332324,26.89420280,6.59116721
46.67971209,26.90656779,6.59552088
46.68293517,26.91280573,6.59772676
47.90040517,29.26952766,8.18678740
46.68618755,26.91910041,6.59995921
46.68954044,26.92558962,6.60226754
38.43314375,10.94543931,4.51487199
38.42964741,10.93867244,4.51433709
46.55485974,26.66493191,6.51470598
46.54833025,26.65229511,6.51071171
46.69975172,26.94535262,6.60934098
45.23327520,29.38152874,8.12657047
46.71413930,26.97319856,6.61941986
46.71040654,26.96597411,6.61679219
47.89327631,29.25572539,8.17239674
47.88964464,29.24869409,8.16507687
46.57886861,26.71139749,6.52958108
45.23591624,29.38152874,8.12958065
46.52547674,26.60806588,6.49689927
46.59349383,26.73970253,6.53879086
47.87803565,29.22621787,8.14173253
46.72565007,26.99547677,6.62757990
47.86984356,29.21035718,8.12531254
47.87407439,29.21854848,8.13378695
38.44093829,10.96052497,4.51606530
38.44503857,10.96846071,4.51669353
46.51277063,26.58347538,6.48933020
47.94762653,29.36095422,8.28269137
47.86104742,29.19332703,8.10773472
47.86543386,29.20181958,8.11649334
46.50410085,26.56669653,6.48420981
46.49973866,26.55825429,6.48164688
47.95291404,29.37119158,8.29347443
46.62028267,26.79154879,6.55596183
46.49074453,26.54084779,6.47639051
46.49534295,26.54974720,6.47907325
46.62879211,26.80801775,6.56149990
38.45394837,10.98570489,4.51805998
38.44911713,10.97635443,4.51731881
46.63165084,26.81355048,6.56336964
46.73807888,27.01953182,6.63648881
46.74265797,27.02839433,6.63979711
47.92557764,29.31826461,8.23780500
46.60119972,26.75461623,6.54368972
46.48154689,26.52304745,6.47105368
47.91973605,29.30695454,8.22594059
47.92268636,29.31266672,8.23193106
45.23951802,29.38152874,8.13264226
47.93685978,29.34010830,8.26075453
46.60920409,26.77010761,6.54881270
46.61192721,26.77537787,6.55056362
47.93964416,29.34549925,8.26642463
46.55790286,26.67082140,6.51657494
46.56094789,26.67671459,6.51844980
47.84188687,29.15623057,8.06965089
46.64905123,26.84722691,6.57485199
38.45887408,10.99523820,4.51881625
47.91043159,29.28893997,8.20707288
46.65797259,26.86449322,6.58080784
46.66401373,26.87618519,6.58486776
46.63451998,26.81910335,6.56525090
46.63740527,26.82468750,6.56714752
46.59790325,26.75915814,6.54691704
38.41664511,10.91350759,4.51234965
46.47123480,26.50309035,6.46511580
38.42273501,10.92529408,4.51328019
45.24403562,29.38152874,8.13570223
45.25584162,29.38152874,8.14185530
47.82549396,29.12449266,8.03731206
47.83099619,29.13514538,8.04814008
46.69627011,26.93861427,6.60692186
46.70680487,26.95900339,6.61426532
46.70327408,26.95216983,6.61179624
46.75737328,27.05687490,6.65052500
46.66710986,26.88217743,6.58695699
46.67021299,26.88818322,6.58905676
38.42612872,10.93186232,4.51379899
46.53298654,26.63778325,6.50862035
46.54476209,26.64538950,6.50853806
47.90709296,29.28247599,8.20031253
46.15203426,25.88531945,6.30457308
46.14618858,25.87400548,6.30199206
46.69290125,26.93209415,6.60458836
46.16971273,25.91953501,6.31244301
46.53745014,26.63123840,6.50410364
46.54119533,26.63848662,6.50637164
47.88602979,29.24169536,8.15779875
47.89693255,29.26280428,8.17977386
38.47520605,11.02684737,4.52132856
38.48121246,11.03847231,4.52225455
38.43681614,10.95254690,4.51543407
46.12814238,25.83907806,6.29408914
46.12197726,25.82714579,6.29141130
47.93329086,29.38152874,8.30478086
46.71788090,26.98044014,6.62206282
47.81345035,29.10117543,8.01370844
47.80717229,29.08902071,8.00145920
46.18828868,25.95548746,6.32081979
46.19473887,25.96797131,6.32375493
46.53345802,26.62351231,6.50169377
46.20130812,25.98068559,6.32675857
46.52946693,26.61578822,6.49929236
46.45382140,26.46939010,6.45519614
46.44727988,26.45673029,6.45150393
46.72163149,26.98769911,6.62472126
46.09500951,25.77495101,6.27982508
46.73376555,27.01118367,6.63338539
47.79372866,29.06299310,7.97536077
47.80091550,29.07690720,7.98929007
46.77251023,27.11436845,6.67659556
46.78780288,27.11576982,6.67318666
45.31395986,29.38152874,8.16097436
46.20879458,25.99517505,6.33019942
47.77917664,29.03481969,7.94732112
31.14617562,10.88074834,4.61817081
31.15123889,10.88070278,4.63036777
31.15590311,10.89066512,4.62445134
46.52124174,26.59986974,6.49436783
46.50846319,26.57513907,6.48678177
46.74724684,27.03727580,6.64312669
46.43253446,26.42819351,6.44325125
46.44073711,26.44406808,6.44782939
46.80226376,27.14375828,6.68418824
46.75189697,27.04627582,6.64651532
45.26345488,29.38152874,8.14508309
45.27267049,29.38152874,8.14854654
47.78644228,29.04888629,7.96129297
46.48614589,26.53194796,6.47371737
46.06986785,25.75885363,6.28226722
46.06327757,25.71353511,6.26644566
46.23231040,26.04068792,6.34113415
46.22375418,26.02412810,6.33713300
47.85658756,29.18469234,8.09884434
46.82567336,27.18906685,6.70232537
47.75388681,28.98585765,7.89914117
47.76256011,29.00264943,7.91558383
47.83652041,29.14584069,8.05903845
45.28385774,29.38152874,8.15230906
47.81974987,29.11337171,8.02603759
46.85072230,27.23754865,6.72219443
46.85953833,27.25461200,6.72930401
46.76835663,27.07813255,6.65862939
46.41560060,26.39542129,6.43390880
38.46917884,11.01518220,4.52040050
38.53690388,11.14625872,4.53090633
38.52755598,11.12816656,4.52944462
46.05419127,25.69594892,6.26266265
46.04509754,25.67834831,6.25889721
46.24134366,26.05817095,6.34538696
46.25037278,26.07564595,6.34966765
47.84676451,29.16567408,8.07931773
47.91906474,29.38152874,8.30491614
38.46377855,11.00473038,4.51956989
46.18183371,25.94299432,6.31789622
47.85166468,29.17516122,8.08904885
46.88676288,27.30730518,6.75165306
46.47648322,26.51324767,6.46813195
38.48722513,11.05010934,4.52318271
47.79700873,29.38152874,8.30574048
47.81943533,29.38152874,8.30558463
46.02558372,25.64057992,6.25088506
46.03599624,25.66073304,6.25514895
46.77455941,27.09013771,6.66324358
46.17562543,25.93097862,6.31509721
46.15787444,25.89662275,6.30716216
46.16379491,25.90808144,6.30979766
46.46036179,26.48204775,6.45890629
46.46598565,26.49293163,6.46211151
46.78117578,27.10294336,6.66819544
46.40624062,26.37730677,6.42880660
46.39573583,26.35697661,6.42313161
46.37470197,26.31626912,6.41192770
46.28126653,26.13543756,6.36454697
46.91632342,27.36452012,6.77661421
46.92728756,27.38574152,6.78606183
47.74812874,29.38152874,8.30612319
47.77332486,29.38152874,8.30591717
38.49470513,11.06458629,4.52433916
47.70895470,28.94781196,7.86454658
47.71304408,28.90678543,7.82290811
46.13430147,25.85099864,6.29677547
46.29196998,26.15615286,6.36978872
46.30361998,26.17870002,6.37554637
38.57035510,11.21100113,4.53617489
46.31098590,26.24535302,6.40146422
46.31544688,26.20158951,6.38144845
46.35097788,26.27035483,6.39953766
46.80989640,27.15853099,6.69005686
46.10879673,25.80163553,6.28572297
46.11568060,25.81495893,6.28868766
46.14033726,25.86268059,6.29941894
47.90159319,29.38152874,8.30504920
45.95522325,25.50439898,6.22271006
38.50216478,11.07902384,4.52549455
47.72129010,29.38152874,8.30636736
47.69266269,29.38152874,8.30665871
46.96251274,27.45392135,6.81713167
46.07947022,25.74487537,6.27323987
46.81754034,27.17332560,6.69597758
47.77125364,29.01948043,7.93215024
46.21627656,26.00965581,6.33365747
46.10190641,25.78829964,6.28276884
38.50960420,11.09342228,4.52664901
38.62642338,11.31951753,4.54516404
38.61141161,11.29046322,4.54273547
46.86836649,27.27169889,6.73648543
46.87720694,27.28880959,6.74373981
31.16676064,10.90225293,4.62929124
38.51818825,11.11003604,4.52798399
46.98874640,27.50469816,6.84100337
47.00382421,27.53388236,6.85501591
38.54665479,11.16513089,4.53243575
46.84224203,27.22113520,6.71541335
47.88223231,29.38152874,8.30517914
46.08736570,25.76015674,6.27657769
45.29739805,29.38152874,8.15641561
45.33423167,29.38152874,8.16606555
47.74515932,28.96896101,7.88268350
46.25984794,26.09398417,6.35419244
46.90602009,27.34457778,6.76783020
46.83395184,27.20508967,6.70883834
47.59435364,29.38152874,8.30791283
47.86194665,29.38152874,8.30530891
46.01501752,25.62012935,6.24658425
46.00444331,25.59966325,6.24230579
45.35855407,29.38152874,8.17166544
47.84100111,29.38152874,8.30544266
45.85862385,25.31743267,6.18559939
46.89638513,27.32592915,6.75969748
38.68016963,11.42354020,4.55401063
47.07285326,27.66749478,6.92201718
47.05307467,27.62921111,6.90232927
38.58217612,11.23387990,4.53805238
38.55851470,11.18808488,4.53430285
46.36284156,26.29331518,6.40570145
46.27055922,26.11471473,6.35934851
46.32727010,26.22447179,6.38740732
46.38522829,26.33664108,6.41750844
45.78099247,25.16717880,6.15683884
47.72372955,28.92747259,7.84265691
31.33285583,10.91847649,4.73078619
46.93826484,27.40698844,6.79562579
47.73443457,28.94819768,7.86258262
45.99294431,25.57740724,6.23768151
47.54723832,28.58579268,7.53593533
46.94941636,27.42857268,6.80545069
47.47125054,29.38152874,8.30983090
47.68683453,28.85604382,7.77507836
47.70052377,28.88254609,7.79995032
47.13492303,27.78763934,6.98649056
47.11245467,27.74414848,6.96267095
45.98041720,25.55316133,6.23267650
46.33911083,26.24738787,6.39343502
38.59638063,11.26137176,4.54032037
45.69276877,24.99642468,6.12503558
38.74331093,11.54574699,4.56475652
47.45740217,28.41188058,7.39657326
45.96788162,25.52889898,6.22770130
45.92528395,25.44645208,6.21102987
45.94025807,25.47543420,6.21685025
45.62189632,24.85925444,6.10006501
47.67316434,28.82957852,7.75048438
47.65887509,28.80191485,7.72504107
45.56627622,29.38152874,8.20883897
45.54813544,24.71649428,6.07465582
47.23044022,27.97253079,7.09419226
47.20518591,27.92364577,7.06466979
47.38328229,28.26839694,7.29018209
47.01995674,27.56510817,6.87025053
47.66213089,29.38152874,8.30700737
38.81425758,11.68306141,4.57737756
45.42077046,29.38152874,8.18433962
45.38716265,29.38152874,8.17773584
45.47299995,24.57107340,6.04932149
45.32114809,24.27716808,5.99959832
45.29585893,24.22822072,5.99149060
45.44783656,24.52237077,6.04095099
45.42248186,24.47329772,6.03257166
45.11787898,23.88372850,5.93566068
45.14335040,23.93303152,5.94352585
45.06656727,23.78440684,5.91993513
45.09231165,23.83423932,5.92780547
47.30665783,28.12006830,7.18811113
45.01510538,23.68479203,5.90431797
44.93744877,23.53446697,5.88103310
47.62938913,29.38152874,8.30742399
44.96332967,23.58456708,5.88875645
44.91143098,23.48410107,5.87330519
42.80972091,19.41600712,5.33904140
42.83596565,19.46679380,5.34482597
42.96718469,19.72071370,5.37401840
42.94094171,19.66993174,5.36814347
42.78347612,19.36521992,5.33327448
42.75723101,19.31443162,5.32752497
42.91469760,19.61914745,5.36228677
42.88845375,19.56836343,5.35644844
43.09840066,19.97462507,5.40367626
43.07215733,19.92384241,5.39770637
42.59974977,19.00966878,5.29338504
42.57350076,18.95886880,5.28775422
43.12464474,20.02540933,5.40966579
43.15088702,20.07619032,5.41567456
43.22961788,20.22854292,5.43382137
43.20337445,20.17775873,5.42775238
43.25586115,20.27932722,5.43991066
43.28210565,20.33011438,5.44602072
43.33459436,20.43168983,5.45830299
43.30835086,20.38090347,5.45215164
42.38973068,18.60320458,5.24879800
42.36347349,18.55238554,5.24329652
44.85914003,23.38287223,5.85787610
43.38708580,20.53327312,5.47067000
43.36083931,20.48247964,5.46447572
42.28469281,18.39990903,5.22688374
42.25842961,18.34907726,5.22144287
43.41333082,20.58406451,5.47688527
43.43957653,20.63485782,5.48312159
42.20589814,18.24740322,5.21060515
42.17963029,18.19656179,5.20520810
43.51831938,20.78725223,5.50195841
43.54456862,20.83805463,5.50828070
42.12708768,18.09486511,5.19445628
42.10081469,18.04401332,5.18910157
43.64957454,21.04128709,5.53379315
43.62332074,20.99047365,5.52738081
42.04825999,17.94229253,5.17843273
42.02198099,17.89142882,5.17311883
43.70208197,21.14291530,5.54668659
43.72833838,21.19373545,5.55316888
41.89054733,17.63703524,5.14674413
41.91683914,17.68792375,5.15199359
43.75459757,21.24456151,5.55967547
43.78085379,21.29538240,5.56620519
45.91030078,25.41745243,6.20524736
43.80711316,21.34620992,5.57275983
41.83795781,17.53524589,5.13626857
43.83337577,21.39704426,5.57933967
43.85963767,21.44787777,5.58594400
41.81166011,17.48434476,5.13103835
41.78535879,17.43343622,5.12581414
43.88590034,21.49871334,5.59257346
43.91216654,21.54955626,5.59922902
41.73275232,17.33161075,5.11538927
41.70644393,17.28068767,5.11018999
43.99097154,21.70210070,5.61935147
43.96470140,21.65124852,5.61261756
41.68013212,17.22975784,5.10500086
41.65382024,17.17882779,5.09982355
38.91686034,11.88164558,4.59673892
44.01724557,21.75296096,5.62611276
44.04351781,21.80381831,5.63290027
41.62750368,17.12788867,5.09465817
41.60118225,17.07694019,5.08950571
41.57486015,17.02599052,5.08436802
41.54853432,16.97503384,5.07924552
41.49586832,16.87309359,5.06904958
41.46953214,16.82211786,5.06397897
41.39049345,16.66913542,5.04888553
41.41684181,16.72013311,5.05389536
44.20120156,22.10907134,5.67421604
44.22748650,22.15995754,5.68120205
41.31141460,16.51608128,5.03399232
41.28504747,16.46505036,5.02907749
44.28006893,22.26175638,5.69526313
44.30636438,22.31266492,5.70233772
44.75413929,23.17959432,5.82729055
41.23229193,16.36295023,5.01932655
41.20591070,16.31189505,5.01449384
41.17952179,16.26082618,5.00969004
41.15312505,16.20974336,5.00491615
44.38527148,22.46543358,5.72373934
44.41158516,22.51637913,5.73093393
41.02107949,15.95421890,4.98132550
47.64176472,28.76878971,7.69493571
40.99465673,15.90308776,4.97662991
40.96822679,15.85194269,4.97193978
44.46422973,22.61830428,5.74541485
44.49056628,22.66929473,5.75270300
40.88891882,15.69847194,4.95790308
40.86247192,15.64729370,4.95323338
44.54326443,22.77132426,5.76737455
44.56962310,22.82235756,5.77475749
40.75664254,15.44249832,4.93459353
44.67509429,23.02655959,5.80460101
44.59598859,22.87340395,5.78217227
40.73017339,15.39127613,4.92994131
40.70369613,15.34003800,4.92529089
40.49170971,14.92979594,4.88813171
40.38558819,14.72441693,4.86954198
40.27937253,14.51884820,4.85095894
40.30593419,14.57025600,4.85559793
40.25280078,14.46742047,4.84632283
40.22622358,14.41598179,4.84168975
40.11985818,14.21011378,4.82317442
40.01338575,14.00403306,4.80465203
39.93345806,13.84932722,4.79072981
38.93641258,12.03112069,4.63218927
38.94314663,11.93252151,4.60185656
38.96973911,11.98398995,4.60708554
39.90680233,13.79773254,4.78607990
39.88013508,13.74611530,4.78142344
39.80010389,13.59120504,4.76741506
39.77340846,13.53953224,4.76272889
39.74671327,13.48785969,4.75803492
39.72000595,13.43616343,4.75333028
39.63445922,13.38079591,4.76830520
39.66656752,13.33272427,4.74388860
39.61309891,13.22922593,4.73439949
39.55960706,13.12568324,4.72473013
39.53285068,13.07389249,4.71977089
39.47932138,12.97028058,4.70963188
39.39897707,12.81476876,4.69395625
38.99652141,12.03582571,4.61239872
39.34538184,12.71103356,4.68326168
46.97562270,27.47929641,6.82898148
39.29175409,12.60723675,4.67242424
39.31856639,12.65913195,4.67785679
39.26492792,12.55531498,4.66696637
39.21124691,12.45141665,4.65600045
39.10381429,12.24348539,4.63403980
39.15753480,12.34745890,4.64500784
47.03610346,27.59636161,6.88575376
45.89372710,25.38537438,6.19889734
47.30983693,29.38152874,8.31210213
38.69891934,11.45982925,4.55715870
38.64261241,11.35085040,4.54780282
38.66140067,11.38721396,4.55089265
47.62467289,28.73570064,7.66526176
47.60759944,28.70264733,7.63602277
47.51577454,29.38152874,8.30912234
47.55678557,29.38152874,8.30847698
47.58800360,28.66471100,7.60296593
45.87618020,25.35141267,6.19222522
47.56761202,28.62523440,7.56914125
47.42283572,29.38152874,8.31058254
45.82074811,25.24412493,6.17146367
45.84061126,25.28256966,6.17885073
47.50314016,28.50042329,7.46608867
47.43280120,28.36425686,7.36040914
47.09264654,27.70580713,6.94212766
45.73741180,25.08282964,6.14102699
45.80087520,25.20566134,6.16412743
45.21971507,24.08084167,5.96735022
45.24512620,24.13002617,5.97536235
45.16883120,23.98235218,5.95143408
45.19430281,24.03165460,5.95938050
38.72091800,11.50240654,4.56089745
45.46064971,29.38152874,8.19161637
45.50850445,29.38152874,8.19973572
45.71535963,25.04014842,6.13310379
38.76568412,11.58904932,4.56866935
42.15335988,18.14571527,5.19982514
42.70473913,19.21285017,5.31607744
42.73098521,19.26364146,5.32179265
42.65224567,19.11126313,5.30469760
42.67849269,19.16205756,5.31037916
42.23216419,18.29824096,5.21601661
38.78926498,11.63468912,4.57285905
47.36906186,29.38152874,8.31135635
45.27053623,24.17920814,5.98341796
41.44319003,16.77113112,5.05892723
47.15807280,27.83244954,7.01162120
40.33248866,14.62164949,4.86024095
43.17713024,20.12697339,5.42170336
41.96941411,17.78968413,5.16253022
41.99569920,17.84055969,5.16781808
41.86425208,17.58613988,5.14150384
43.04591470,19.87306123,5.39175595
42.99342784,19.77149589,5.37991201
43.01967147,19.82227895,5.38582454
44.70144648,23.07757910,5.81213402
44.06979223,21.85468040,5.63971530
44.09607083,21.90555113,5.64655872
40.80956816,15.54491754,4.94390683
40.78310459,15.49370656,4.93924808
40.67721594,15.28879393,4.92064283
40.65073304,15.23754434,4.91599681
41.12672544,16.15865628,5.00017413
41.07391101,16.05645408,4.99073578
41.10032163,16.10756175,4.99545150
38.83922971,11.73139416,4.58197724
47.52603519,28.54474551,7.50200548
44.43790453,22.56733596,5.73815904
45.57276069,24.76415511,6.08307661
39.85346621,13.69449464,4.77676149
39.82679096,13.64286140,4.77209257
42.41598675,18.65402110,5.25431508
40.59774264,15.13499662,4.90670660
40.62424175,15.18627821,4.91135148
40.54473997,15.03242375,4.89742007
40.57124564,15.08371877,4.90206354
45.52326419,24.66835731,6.06621120
43.93843507,21.60040425,5.60591068
39.23808747,12.50336583,4.66148887
45.64553186,24.90499981,6.10832949
45.59737396,24.81179272,6.09155479
47.24474120,29.38152874,8.31276378
44.17491360,22.05818006,5.66725779
44.25377529,22.21085194,5.68821764
41.33777867,16.56710715,5.03893276
41.36413937,16.61812733,5.04389771
47.09089041,29.38152874,8.31357962
39.05006115,12.13944901,4.62313813
47.18123799,27.87728991,7.03738080
44.33266143,22.36357706,5.70944141
44.35896374,22.41449987,5.71657524
43.46582414,20.68565540,5.48937929
43.49207233,20.73645464,5.49565829
41.25867320,16.41400656,5.02418855
40.17305543,14.31307668,4.83243056
40.14645567,14.26159321,4.82780161
42.86221007,19.51757949,5.35062830
44.88528135,23.43347906,5.86557261
45.37173358,24.37507582,6.01595848
45.39711425,24.42419951,6.02424135
47.28099618,28.07039361,7.15566364
47.35807028,28.21959147,7.25572508
47.33235589,28.16981388,7.22146749
44.80670064,23.28135272,5.84253622
44.83299300,23.33225354,5.85021102
44.98921908,23.63468292,5.89651906
39.18439853,12.39945255,4.65050534
44.62236077,22.92446310,5.78961908
43.59706952,20.93966576,5.52099171
43.67582842,21.09210124,5.54022836
42.49474820,18.80645540,5.27096151
42.52100017,18.85726247,5.27654265
42.44224201,18.70483570,5.25984799
42.46849579,18.75564707,5.26539674
40.91536150,15.74964189,4.96257736
39.69328639,13.38444327,4.74861431
39.37218588,12.76291341,4.68863018
42.62599808,19.06046692,5.29903279
42.54725099,18.90806688,5.28214016
47.25571026,28.02144664,7.12451713
43.57082017,20.88886203,5.51462541
44.72780593,23.12861222,5.81970029
40.19964471,14.36453948,4.83705972
45.81197164,29.38152874,8.24170267
39.13066599,12.29545552,4.63951587
45.75945399,25.12549163,6.14899745
39.58635288,13.17745408,4.72960730
45.34642376,24.32608904,6.00774869
44.12235104,21.95642551,5.65343017
44.14863010,22.00729819,5.66032926
41.94312733,17.73880530,5.15725542
39.50608343,13.02208126,4.71473522
40.06663298,14.10709540,4.81391632
40.04001130,14.05556813,4.80928513
38.86423088,11.77978321,4.58666731
38.89055520,11.83073303,4.59167399
39.07694614,12.19148347,4.62857862
42.31095388,18.45073645,5.23233941
42.33721450,18.50156271,5.23781037
41.52220309,16.92406698,5.07413891
40.43865981,14.82712839,4.87884008
40.35904329,14.67304284,4.86488993
40.83602391,15.59611318,4.94856847
41.04749516,16.00533631,4.98602690
40.09325098,14.15861521,4.81854628
45.66915591,24.95072303,6.11665300
40.51822552,14.98111137,4.89277581
39.98674910,13.95247618,4.80001510
39.96010238,13.90089954,4.79537385
44.64873977,22.97553520,5.79709821
39.45254876,12.91845995,4.70446363
39.42576436,12.86661693,4.69923592
42.07453883,17.99315585,5.18376045
45.49813830,24.61972745,6.05773956
44.51691223,22.72030344,5.76002314
40.94179672,15.80079731,4.96725601
40.46518929,14.87847116,4.88348685
41.75905657,17.38252558,5.12059752
46.28675379,29.38152874,8.28747832
46.55161431,29.38152874,8.30341947
47.17178481,29.38152874,8.31328805
45.71786891,29.38152874,8.23004370
45.63568267,29.38152874,8.21897124
46.90335841,29.38152874,8.31285441
46.73689275,29.27494445,8.20640220
46.79514384,29.38152874,8.31126619
45.91717105,29.38152874,8.25364392
46.15656865,29.38152874,8.27700401
46.03264642,29.38152874,8.26556025
46.67736707,29.38152874,8.30827216
46.42027802,29.38152874,8.29645895
46.42406859,26.41180947,6.43856244
46.79464227,27.12900717,6.67837097
46.76285979,27.06749372,6.65456290
40.41212373,14.77577238,4.87419150
47.90373649,29.27597748,8.19352165
44.78041611,23.23046638,5.83489623
47.88202072,29.23393337,8.14973639
47.00188506,29.38152874,8.31350814
39.63983949,13.28098734,4.73915076
47.40803335,28.31631047,7.32485782
46.64319310,26.83588916,6.57096662
46.72970312,27.00332113,6.63047383
39.02328581,12.08762677,4.61774959
47.48026254,28.45613508,7.43094598
45.04083189,23.73459117,5.91210621
46.07156774,25.72958044,6.26991559
46.51700592,26.59167205,6.49184456
47.97461615,29.42331803,8.34164611
47.97459230,29.42316083,8.34215630
47.97604845,29.42325875,8.34226627
47.97606978,29.42339718,8.34178300
47.97720258,29.42337100,8.34237032
47.97279648,29.42327199,8.34152897
47.97277036,29.42310015,8.34206327
47.97458531,29.42250727,8.34225271
47.97722145,29.42348826,8.34192050
47.97810627,29.42347852,8.34245213
47.97605412,29.42267485,8.34239959
47.97052549,29.42323769,8.34140521
47.97049682,29.42305459,8.34196393
47.97275219,29.42239118,8.34213364
47.97460260,29.42133267,8.34180459
47.97812328,29.42357330,8.34204215
47.97880665,29.42357252,8.34250845
47.97721271,29.42286813,8.34254208
47.96769176,29.42321647,8.34127038
47.97047249,29.42230088,8.34202152
47.97882281,29.42364581,8.34214313
47.97933948,29.42364925,8.34254197
47.96766083,29.42302247,8.34185538
47.96763084,29.42222551,8.34190566
47.96414900,29.42320647,8.34111458
47.97274794,29.42113432,8.34161931
47.97975046,29.42374864,8.34228372
47.97935601,29.42370413,8.34222316
47.96411545,29.42300029,8.34173028
47.96408109,29.42215608,8.34177716
47.96760385,29.42082806,8.34130674
47.97045413,29.42097398,8.34146245
47.95965613,29.42320208,8.34091913
47.97044350,29.41899017,8.34020665
47.95961935,29.42298238,8.34157323
47.96757762,29.41874218,8.33997493
47.95398473,29.42319664,8.34066265
47.95958137,29.42208369,8.34162100
47.95954295,29.42051211,8.34093774
47.96404744,29.42067906,8.34113782
47.95394377,29.42296207,8.34136483
47.95390155,29.42200017,8.34141888
47.96401178,29.41847633,8.33972372
47.94722935,29.42319064,8.34034485
47.94718334,29.42293689,8.34110239
47.95950042,29.41816904,8.33942860
47.96397088,29.41532438,8.33730690
47.93952274,29.42318428,8.33996809
47.93947082,29.42290920,8.34079081
47.95385899,29.42031592,8.34068775
47.95381092,29.41780390,8.33906807
47.94713613,29.42190264,8.34116900
47.94708844,29.42008602,8.34038525
47.95944937,29.41481711,8.33684868
47.93143496,29.42317743,8.33955780
47.93137642,29.42287935,8.34045587
47.95375200,29.41421020,8.33629469
47.93941682,29.42179258,8.34087480
47.93131550,29.42166780,8.34055680
47.92343332,29.42316921,8.33913690
47.92336743,29.42284298,8.34011640
47.94703462,29.41737368,8.33863556
47.94696795,29.41349267,8.33563151
47.93936266,29.41982355,8.34003327
47.93930169,29.41687912,8.33813418
47.95367513,29.40913858,8.33191847
47.93125367,29.41952460,8.33964625
47.91542706,29.42315981,8.33870252
47.91535297,29.42280355,8.33977330
47.94688010,29.40801633,8.33088527
47.93118413,29.41631556,8.33757327
47.92329844,29.42152355,8.34023280
47.91527519,29.42136066,8.33989891
47.90714448,29.42315044,8.33824168
47.90706133,29.42275957,8.33941104
47.93922622,29.41266433,8.33486127
47.93912619,29.40671646,8.32967912
47.93109793,29.41171983,8.33398701
47.92322832,29.41918304,8.33923695
47.92314890,29.41567604,8.33695890
47.91519591,29.41880022,8.33880347
47.89855643,29.42314089,8.33775203
47.92304999,29.41065260,8.33300950
47.91510531,29.41496234,8.33629113
47.90697403,29.42118208,8.33954895
47.90688408,29.41837913,8.33834169
47.89846328,29.42271171,8.33902896
47.88989566,29.42313187,8.33724713
47.93098344,29.40523186,8.32829508
47.91499161,29.40946536,8.33192931
47.89836506,29.42098811,8.33918293
47.88979148,29.42266041,8.33864117
47.88968062,29.42077457,8.33880783
47.88103062,29.42313018,8.33672664
47.88091402,29.42261000,8.33824549
47.90678080,29.41417670,8.33556669
47.90664928,29.40815900,8.33074300
47.89826325,29.41791881,8.33785126
47.89814431,29.41331580,8.33478307
47.88956404,29.41741237,8.33733459
47.87195460,29.42314944,8.33620377
47.89799047,29.40672581,8.32944207
47.88942444,29.41236964,8.33393620
47.88078769,29.42054756,8.33842659
47.88064983,29.41686431,8.33679368
47.87182229,29.42257457,8.33785646
47.87167314,29.42031783,8.33804910
47.86239847,29.42321894,8.33569131
47.87150387,29.41628360,8.33623652
47.86224931,29.42258827,8.33749370
47.86206761,29.42011856,8.33769500
47.85218492,29.42337572,8.33521347
47.88048044,29.41134062,8.33302588
47.88923995,29.40515230,8.32801451
47.87129036,29.41023572,8.33205727
47.85201575,29.42268652,8.33718115
47.85179641,29.41999047,8.33740165
47.84200718,29.42358348,8.33477633
47.84181771,29.42283259,8.33692653
47.86185367,29.41570322,8.33568671
47.85152964,29.41516002,8.33517782
47.84156453,29.41988515,8.33715927
47.83194487,29.42381387,8.33435685
47.83173436,29.42299145,8.33670181
47.86158097,29.40908646,8.33105415
47.82203406,29.42405245,8.33394345
47.84124748,29.41459769,8.33468693
47.84083304,29.40667919,8.32898473
47.85118720,29.40792326,8.33004534
47.83145014,29.41976268,8.33693563
47.83108682,29.41396953,8.33417213
47.82180005,29.42314597,8.33649539
47.82148274,29.41960083,8.33671502
47.81148336,29.42431201,8.33349677
47.81122304,29.42331555,8.33627914
47.82107325,29.41324578,8.33360539
47.81086917,29.41942455,8.33648681
47.79987525,29.42460429,8.33299771
47.79958488,29.42351393,8.33603996
47.78817519,29.42490689,8.33248762
47.78785191,29.42370821,8.33581095
47.79919012,29.41924945,8.33624913
47.79867498,29.41159579,8.33233040
47.81041030,29.41245109,8.33299042
47.78741070,29.41902335,8.33600503
47.77636629,29.42521804,8.33196383
47.78683194,29.41060999,8.33158708
47.77600563,29.42389713,8.33559395
47.76328914,29.42557013,8.33137418
47.77551223,29.41873788,8.33574983
47.77486124,29.40947926,8.33074551
47.76288581,29.42412322,8.33535290
47.76233353,29.41845193,8.33548866
47.74979013,29.42594256,8.33075607
47.74934007,29.42435547,8.33511835
47.76159960,29.40826235,8.32983664
47.73650896,29.42631856,8.33014022
47.73600617,29.42456578,8.33491383
47.74872113,29.41811326,8.33522046
47.72224395,29.42673020,8.32946759
47.72168147,29.42480214,8.33470588
47.72090167,29.41718159,8.33462834
47.73531274,29.41766894,8.33493061
47.70620016,29.42720501,8.32869982
47.70556887,29.42509669,8.33447004
47.70469424,29.41669326,8.33432835
47.69030839,29.42768869,8.32792889
47.68960105,29.42536458,8.33427309
47.67441298,29.42818462,8.32714654
47.67361859,29.42560961,8.33411830
47.67250892,29.41525393,8.33359475
47.68861495,29.41605607,8.33398931
47.65760520,29.42871965,8.32630569
47.65671189,29.42586434,8.33397730
47.63784056,29.42936479,8.32530176
47.63683523,29.42623295,8.33379606
47.63542353,29.41340474,8.33272035
47.65546106,29.41432621,8.33315145
47.61717003,29.43005747,8.32423435
47.61603741,29.42661530,8.33364132
47.59634333,29.43076853,8.32313757
47.59506685,29.42696736,8.33354004
47.57529014,29.43150388,8.32201029
47.54989969,29.43240631,8.32062273
47.54827966,29.42780539,8.33338201
47.57385145,29.42728820,8.33349333
47.52195569,29.43341819,8.31906228
47.49380599,29.43445161,8.31745295
47.49175877,29.42899301,8.33320418
47.52013363,29.42842155,8.33326081
47.46541918,29.43550595,8.31579512
47.46312286,29.42951128,8.33321850
47.43186550,29.43675903,8.31378800
47.42929738,29.43026444,8.33314255
47.39171707,29.43826119,8.31132443
47.38885641,29.43133404,8.33291321
47.35090070,29.43978379,8.30875875
47.30932016,29.44131795,8.30608801
47.30581796,29.43328564,8.33257108
47.34772742,29.43234331,8.33272137
47.25895410,29.44314210,8.30278924
47.25511432,29.43461691,8.33213933
47.20219570,29.44514251,8.29901044
47.19801635,29.43615085,8.33148731
47.14512877,29.44707933,8.29516490
47.14061338,29.43750667,8.33086275
47.08258225,29.44909997,8.29091219
47.00931670,29.45130633,8.28589024
47.00417954,29.44064233,8.32865842
47.07774316,29.43893951,8.33002306
46.93509124,29.45334499,8.28076098
46.92969589,29.44208415,8.32714958
46.85384980,29.45530847,8.27507611
46.84825698,29.44349191,8.32505382
46.76247704,29.45715292,8.26857950
46.75677502,29.44487427,8.32197508
46.66825410,29.45860955,8.26175486
46.56721462,29.45964501,8.25432842
46.56165960,29.44664615,8.31299665
46.66255708,29.44591150,8.31810359
46.46396897,29.46012221,8.24669320
46.45871025,29.44694909,8.30683467
46.35770337,29.45997904,8.23886193
46.25110487,29.45892838,8.23086001
46.24681615,29.44594536,8.29107785
46.14315214,29.44431687,8.28168728
46.04475603,29.44207572,8.27175256
46.14685955,29.45687949,8.22278820
45.95022918,29.43928769,8.26135426
46.04789708,29.45403596,8.21492534
45.95285599,29.45052818,8.20719326
45.86503450,29.44663083,8.19985654
45.86284912,29.43618862,8.25094897
45.78258797,29.44240619,8.19274895
45.78076660,29.43278998,8.24050272
45.70793422,29.43810163,8.18606734
45.70640747,29.42934252,8.23032223
45.63826986,29.42586998,8.22029698
45.57356463,29.42224085,8.21012533
45.63955476,29.43374588,8.17967879
45.51217183,29.41845139,8.19975856
45.57463989,29.42921765,8.17330707
45.45817046,29.41486719,8.18972738
45.51305064,29.42452051,8.16691272
45.45885817,29.41999364,8.16094087
45.41340738,29.41580992,8.15562656
45.41290415,29.41163311,8.18037192
45.37646578,29.41204097,8.15106616
45.37613110,29.40875289,8.17190759
45.34850405,29.40885938,8.14743530
45.34830504,29.40636893,8.16467778
45.32676629,29.40609909,8.14447301
45.32666299,29.40425190,8.15852364
45.30982349,29.40234424,8.15342101
45.29671309,29.40062252,8.14932900
45.30987118,29.40372679,8.14206892
45.29674667,29.40168365,8.14009521
45.28655381,29.39994354,8.13846549
47.98028198,29.42379130,8.34256092
47.98055936,29.42384260,8.34241054
47.98030348,29.42381256,8.34237012
47.98004663,29.42378268,8.34232980
46.35287944,29.44679010,8.29951353
45.24470710,29.38857610,8.13074507
45.24588811,29.38934666,8.12953942
45.24344852,29.38828049,8.12829364
45.24510648,29.38815422,8.13296555
45.24703429,29.38940879,8.13253091
45.24241972,29.38649319,8.13239528
45.23902227,29.38437172,8.13088840
45.24283171,29.38463481,8.13453999
45.23995562,29.38612510,8.12906844
45.24577597,29.38711966,8.13545900
45.24747060,29.38526706,8.13788919
45.24946986,29.38791260,8.13812168
45.25347010,29.38692770,8.14142099
45.24836775,29.38904529,8.13559367
45.27938083,29.39728087,8.14618718
45.27587778,29.39746637,8.14145021
45.27294304,29.39562165,8.14541480
45.28367328,29.39887222,8.14383814
45.27312708,29.39301625,8.14952739
45.26891809,29.38830230,8.14918849
45.27911691,29.39041334,8.15338400
45.26612680,29.39255258,8.14585038
47.98021126,29.42330641,8.34295340
47.97987590,29.42349275,8.34285418
47.98014143,29.42363159,8.34282069
47.98028608,29.42375050,8.34269530
47.98004523,29.42374917,8.34258618
47.97795700,29.42216157,8.34243124
47.97857154,29.42170109,8.34227627
47.97886364,29.42233743,8.34258556
47.97699970,29.42203059,8.34229401
47.97766065,29.42113434,8.34190171
45.24268394,29.38754762,8.13020854
45.24091795,29.38707355,8.12713359
45.23715695,29.38466706,8.12737520
45.23839847,29.38579284,8.12577902
45.23600284,29.38450756,8.12432881
47.95511229,29.38565849,8.30876482
47.95544116,29.38979763,8.31302761
47.94895568,29.38872594,8.31201701
47.91234475,29.40092647,8.32425668
47.91870446,29.40350741,8.32667126
47.92511045,29.40058093,8.32393889
47.93202021,29.39757081,8.32102375
47.93816477,29.39987047,8.32324307
47.92760529,29.39128629,8.31480570
47.93823562,29.39093724,8.31438048
47.87508220,29.40336752,8.32637050
47.88118243,29.40185711,8.32504282
47.86697122,29.39937993,8.32275059
47.87549244,29.39403770,8.31769772
47.91898586,29.39486478,8.31840728
47.91108268,29.39145870,8.31505925
47.81725032,29.40134682,8.32445639
47.82670846,29.40643630,8.32872024
47.83248692,29.40616133,8.32852578
47.73948243,29.40794119,8.32955144
47.72832879,29.40431129,8.32687999
47.74903509,29.40140176,8.32453358
45.31637444,29.39876713,8.16375747
45.32069848,29.39144390,8.16715303
45.33402433,29.39864440,8.17005381
47.36989154,29.41508639,8.33480965
47.40453747,29.40990512,8.33241559
47.34050907,29.41159716,8.33366542
45.25033949,29.39051823,8.13463800
45.24870108,29.39044558,8.13114519
45.25288595,29.39023550,8.13852039
45.25194423,29.39158354,8.13276321
45.23588648,29.38320273,8.12815700
45.25358028,29.39163164,8.13597030
45.25561883,29.39272171,8.13447461
45.25719189,29.39238681,8.13852082
45.25868766,29.39096359,8.14249610
45.26234156,29.39359880,8.14091387
45.26511994,29.39519939,8.13810663
45.26027073,29.39400169,8.13639133
45.26712694,29.39484336,8.14223073
45.27006361,29.39629478,8.13969704
45.27947902,29.39552324,8.15019496
47.95365992,29.39554942,8.31888696
47.95001726,29.40238033,8.32562525
47.94548724,29.39668042,8.32008496
47.95879034,29.39245077,8.31570089
47.94388692,29.40267707,8.32592322
45.26102227,29.38741484,8.14551641
45.28886946,29.39636640,8.15421811
45.28545179,29.39800425,8.14903173
45.29249609,29.39086415,8.15835383
45.30153100,29.39789271,8.15845154
47.97958174,29.42351862,8.34277844
47.97968696,29.42328399,8.34287464
47.97922576,29.42341704,8.34276223
47.97613627,29.42119163,8.34182558
47.97514962,29.41821818,8.33980820
47.97465131,29.42004185,8.34105298
47.97268362,29.41844335,8.33987215
47.97040221,29.41645587,8.33829851
47.97330806,29.41583885,8.33788358
47.96376948,29.41085661,8.33348358
47.95959560,29.40843903,8.33129242
47.96384417,29.40454146,8.32763979
45.27864019,29.39847187,8.13709838
47.95690812,29.40287674,8.32607152
47.96063526,29.39765164,8.32092560
47.96094510,29.38672880,8.30981487
47.88569629,29.39449095,8.31811761
47.89109942,29.38868230,8.31237495
47.89492905,29.39579725,8.31936743
47.77264359,29.39810851,8.32166867
47.76073841,29.39445336,8.31842611
47.78248258,29.40207844,8.32506649
47.71614250,29.40352206,8.32629220
47.70548177,29.39714442,8.32109889
47.58330952,29.41077600,8.33154845
47.60080473,29.41126318,8.33172837
47.61518124,29.40377542,8.32694523
47.69401944,29.40235410,8.32545105
47.67861568,29.39968828,8.32339376
47.66331607,29.40164440,8.32504498
47.64903076,29.39790380,8.32212790
47.51152299,29.41217933,8.33267632
47.53628986,29.40731237,8.32988875
47.44404713,29.40902058,8.33163774
47.47260677,29.41244229,8.33307146
47.49269869,29.40391788,8.32812542
45.48385325,29.40419871,8.20480681
47.21719882,29.41287830,8.33477494
47.26657181,29.41179189,8.33415791
47.16370697,29.41359271,8.33513968
47.98046548,29.42372454,8.34280511
47.98052667,29.42381099,8.34263635
47.98036436,29.42356395,8.34291827
47.97978120,29.42366010,8.34268287
47.97923242,29.42295693,8.34279777
47.97873880,29.42330265,8.34271732
47.97999964,29.42293859,8.34288925
47.97972219,29.42244608,8.34271197
47.97834767,29.42287719,8.34267745
47.97936635,29.42180429,8.34239502
47.97891676,29.42098306,8.34190576
47.97834433,29.41992710,8.34119425
47.97660212,29.41986528,8.34104605
47.97760941,29.41856069,8.34018610
45.24212739,29.38776798,8.12527961
45.24470448,29.38895505,8.12654090
45.23234848,29.38242440,8.12211893
45.23405079,29.38344536,8.12272411
45.23279937,29.38275944,8.12019235
45.24737860,29.39009180,8.12777356
45.25025429,29.39120047,8.12900057
45.23496645,29.38400777,8.12143642
45.23432558,29.38320103,8.12523883
47.97636469,29.41622921,8.33832074
45.23723880,29.38526948,8.12270562
45.23963093,29.38653380,8.12399507
45.26773014,29.39622010,8.13489332
47.97101769,29.41284126,8.33530271
47.96738970,29.41384731,8.33611174
45.26300840,29.39506893,8.13349593
45.27249633,29.39724405,8.13593380
47.96800699,29.40900123,8.33182952
47.97004267,29.40422362,8.32740450
47.97464186,29.41297865,8.33553030
45.25366097,29.39237683,8.13033080
47.96719319,29.39876390,8.32206146
47.96404614,29.39270892,8.31596767
45.25802216,29.39371315,8.13188107
47.90398612,29.39779751,8.32128435
47.97251868,29.40894717,8.33187389
47.85648042,29.39775758,8.32124433
47.83165345,29.39731775,8.32085226
47.84530718,29.39677904,8.32033958
47.85120636,29.38951894,8.31336882
47.80666271,29.39359200,8.31744807
47.79423606,29.39956153,8.32290734
47.78384008,29.39256447,8.31657333
47.80537663,29.40412022,8.32677805
47.73725633,29.39532688,8.31932861
45.30696788,29.39168063,8.16313663
47.57415344,29.39614954,8.32140193
47.56209822,29.41049480,8.33151541
45.36092436,29.39710190,8.17817287
45.39697794,29.40022383,8.18663832
45.42817183,29.40223009,8.19343401
47.97975615,29.42228374,8.34073000
47.97961857,29.42208323,8.34103641
47.97943675,29.42164997,8.33992939
47.97992196,29.42264828,8.34146670
47.97966636,29.42200478,8.33959809
47.97981083,29.42232619,8.34027304
47.97975746,29.42211886,8.33922685
47.97993078,29.42248860,8.33989381
47.98037084,29.42341196,8.34145021
47.98041940,29.42355063,8.34195137
47.98019188,29.42311904,8.34156244
47.98048190,29.42359699,8.34140615
47.98053423,29.42373110,8.34180438
47.98020737,29.42309172,8.34107809
47.97999276,29.42271097,8.34094440
47.98030407,29.42336507,8.34205497
47.98016126,29.42312118,8.34205216
47.98021370,29.42326283,8.34252313
47.98000107,29.42287066,8.34225518
47.97979605,29.42252032,8.34224702
47.97952351,29.42199382,8.34168985
47.98009433,29.42284126,8.34055822
47.98024668,29.42306883,8.34026791
47.98038951,29.42338266,8.34089914
47.98042997,29.42360744,8.34229962
47.98034859,29.42348654,8.34246415
47.97932822,29.42155008,8.34069503
47.97977222,29.42242327,8.34173904
47.97940821,29.42146153,8.33867430
47.97839261,29.41966570,8.33811572
47.97900117,29.42077525,8.33874999
47.97897103,29.42083768,8.33977104
47.97885971,29.42038091,8.33738002
47.97910432,29.42120984,8.34106952
47.97859969,29.42024419,8.34013152
47.97788890,29.41889477,8.33890917
47.97741891,29.41782488,8.33651216
47.97814724,29.41900162,8.33592105
47.97708957,29.41696421,8.33384092
47.97705640,29.41734340,8.33773575
47.97599994,29.41520756,8.33475064
47.96082371,29.38566415,8.30213875
47.95868519,29.38152874,8.29777036
47.95911668,29.38152874,8.29118249
47.96356045,29.39118662,8.30977024
47.98055795,29.42380779,8.34212487
47.97977026,29.42206382,8.33853557
47.98004507,29.42263874,8.33949099
47.97940171,29.42130378,8.33735784
47.97890436,29.42028925,8.33587607
47.97824411,29.41895466,8.33402195
47.97403042,29.41145401,8.33123377
47.97354556,29.41009960,8.32653379
47.97554957,29.41399959,8.33082395
47.97172615,29.40702561,8.32679346
47.97118923,29.40553618,8.32167501
47.97708493,29.41663326,8.33095437
47.96918186,29.40211368,8.32167558
47.96637061,29.39669503,8.31612555
47.97542944,29.41334567,8.32681743
47.97334744,29.40923713,8.32185976
47.97088697,29.40441115,8.31623433
47.96857168,29.40043649,8.31599318
47.96580024,29.39504709,8.31010171
47.96803121,29.39883458,8.30992179
47.96337439,29.39027705,8.30447524
47.96489984,29.39273731,8.30319422
47.96179889,29.38671920,8.29669245
47.97055780,29.42307460,8.34053924
47.96772437,29.42304437,8.34036014
47.97282947,29.42311783,8.34070588
47.97059970,29.42246739,8.33916646
47.96776390,29.42240091,8.33891700
47.96418332,29.42302373,8.34015322
47.97287616,29.42254810,8.33940154
47.97465138,29.42317527,8.34087102
47.96780899,29.42122345,8.33691452
47.95969360,29.42300755,8.33989680
47.97470724,29.42265110,8.33964270
47.97293849,29.42149481,8.33758480
47.97065072,29.42135195,8.33725876
47.97610768,29.42326936,8.34106566
47.97071473,29.41960718,8.33468138
47.96786089,29.41938441,8.33421187
47.96426613,29.42109432,8.33651734
47.96422312,29.42234088,8.33862956
47.95973629,29.42227920,8.33827637
47.97478623,29.42167091,8.33792376
47.97617277,29.42280185,8.33992839
47.97725889,29.42337786,8.34127143
47.96431247,29.41914814,8.33366926
47.95978076,29.42095087,8.33603135
47.95402640,29.42298963,8.33956778
47.97732648,29.42297535,8.34024223
47.97815782,29.42348182,8.34146986
47.96436209,29.41626255,8.32984067
47.95982624,29.41887677,8.33300678
47.95412219,29.42078144,8.33542482
47.94727615,29.42296830,8.33916358
47.95407363,29.42220769,8.33783061
47.93957548,29.42294325,8.33868608
47.97885268,29.42357286,8.34165083
47.95987097,29.41580176,8.32894525
47.95417019,29.41855402,8.33218586
47.94738341,29.42058343,8.33469120
47.94732922,29.42212462,8.33728816
47.97937975,29.42364752,8.34180769
47.95421459,29.41525098,8.32784115
47.94743593,29.41817442,8.33119758
47.93969637,29.42035696,8.33383147
47.93963536,29.42202972,8.33665065
47.93156209,29.42192115,8.33594382
47.93149449,29.42291446,8.33816096
47.95424932,29.41045633,8.32200229
47.94748227,29.41460044,8.32651692
47.93975451,29.41773788,8.33004202
47.93163046,29.42009795,8.33287263
47.92350041,29.42288164,8.33761167
47.94751423,29.40941115,8.32023623
47.93980383,29.41384849,8.32497241
47.92365284,29.41980302,8.33183950
47.91550250,29.42284623,8.33703607
47.92357647,29.42179760,8.33519122
47.93983367,29.40819817,8.31818028
47.93174709,29.41298830,8.32323811
47.93169473,29.41723878,8.32874807
47.92372322,29.41667117,8.32734389
47.91567275,29.41947120,8.33072915
47.91558772,29.42165793,8.33439020
47.90732463,29.42150501,8.33352546
47.90722907,29.42280672,8.33641898
47.93177383,29.40680681,8.31586800
47.91574931,29.41603565,8.32582533
47.90741866,29.41910636,8.32952461
47.89865118,29.42276357,8.33575774
47.92377789,29.41201234,8.32134695
47.91580496,29.41092200,8.31929606
47.90750110,29.41533523,8.32417396
47.89886139,29.41870763,8.32821998
47.89875781,29.42133888,8.33259302
47.89000119,29.42271759,8.33506513
47.88114733,29.42267256,8.33433789
47.90755573,29.40971910,8.31706515
47.89023122,29.41826832,8.32682433
47.89011910,29.42115587,8.33160358
47.89899788,29.40839487,8.31464267
47.89894837,29.41456602,8.32238188
47.89031898,29.41371813,8.32045645
47.88139238,29.41779213,8.32533068
47.88127586,29.42096123,8.33055244
47.87221660,29.42076823,8.32945090
47.87208194,29.42264414,8.33358952
47.89035578,29.40693450,8.31203572
47.88147383,29.41279328,8.31838806
47.87233001,29.41728995,8.32374836
47.86253490,29.42266450,8.33283344
47.85233094,29.42276932,8.33209154
47.87239338,29.41179980,8.31618459
47.86266911,29.42060784,8.32831020
47.84216638,29.42292009,8.33136662
47.86280373,29.41076738,8.31385143
47.86277056,29.41679284,8.32208543
47.85246339,29.42051972,8.32715042
47.83212023,29.42308603,8.33063132
47.85254247,29.40972584,8.31139783
47.85254826,29.41633689,8.32035825
47.84237447,29.41586860,8.31856207
47.84230333,29.42045831,8.32597028
47.83226697,29.42038687,8.32473715
47.82222810,29.42324970,8.32986911
47.84232838,29.40860868,8.30881692
47.83233048,29.41534451,8.31665956
47.82238742,29.42028153,8.32342832
47.82244615,29.41473366,8.31462275
47.81187336,29.42016566,8.32199852
47.81169890,29.42342870,8.32904006
47.81192792,29.41405984,8.31239610
47.80030682,29.42005431,8.32041926
47.80011487,29.42363596,8.32812207
47.78844183,29.42384123,8.32714777
47.80035686,29.41333335,8.30993895
47.77666323,29.42404209,8.32611012
47.78869489,29.41248758,8.30727283
47.78865266,29.41989988,8.31871493
47.77689439,29.41969534,8.31687156
47.77692379,29.41150773,8.30438071
47.76387416,29.41949394,8.31483089
47.76362014,29.42427872,8.32495749
47.75015921,29.42452333,8.32371770
47.76388745,29.41045063,8.30118621
47.75043779,29.41924810,8.31261014
47.73692061,29.42475096,8.32241042
47.73722437,29.41891204,8.31021775
47.72270391,29.42500251,8.32097498
47.72303559,29.41854022,8.30758197
47.70707905,29.41817254,8.30464326
47.70671458,29.42531024,8.31936742
47.69088403,29.42559642,8.31765513
47.69128086,29.41767617,8.30144885
47.67548691,29.41703470,8.29795951
47.67505791,29.42586236,8.31581741
47.65832887,29.42614211,8.31379978
47.65879114,29.41628552,8.29410178
47.63865470,29.42652940,8.31149985
47.63915863,29.41556337,8.28975045
47.61808689,29.42693138,8.30898760
47.59737663,29.42730775,8.30628021
47.57645300,29.42765888,8.30336279
47.55121282,29.42819315,8.30003466
47.52343803,29.42882351,8.29635120
47.49547658,29.42941423,8.29239150
47.46729811,29.42995705,8.28813645
47.43397872,29.43072158,8.28333055
47.39409159,29.43178472,8.27787483
47.35355452,29.43279759,8.27204117
47.31226958,29.43375142,8.26582298
47.26221944,29.43507860,8.25879698
47.20578902,29.43660521,8.25107702
47.14904858,29.43797248,8.24300733
47.08682948,29.43942363,8.23433300
47.01388557,29.44114542,8.22479646
46.93995443,29.44262521,8.21503940
46.85897095,29.44408423,8.20484169
46.76779812,29.44552768,8.19417697
46.67368101,29.44664257,8.18373547
46.57263590,29.44747346,8.17354680
46.46925364,29.44788616,8.16422559
46.36274111,29.44785038,8.15595683
46.25583274,29.44712182,8.14884353
46.15120993,29.44558345,8.14289759
46.05183658,29.44339875,8.13820365
45.95639153,29.44063623,8.13441480
45.86819591,29.43753633,8.13154060
45.78542068,29.43411763,8.12919954
45.71048007,29.43063018,8.12748509
45.64184062,29.42710414,8.12623784
45.57667984,29.42341357,8.12519285
45.51484118,29.41956420,8.12431374
45.46038368,29.41591495,8.12400210
45.41465304,29.41261244,8.12434012
45.37743388,29.40967012,8.12519345
45.34921819,29.40721768,8.12650818
45.32727442,29.40503271,8.12781489
45.31023450,29.40306635,8.12888037
45.29703106,29.40129656,8.12955347
47.98030709,29.42378778,8.34213853
47.10527866,29.38152874,8.14208954
47.17569920,29.41495970,8.19842149
47.05551193,29.41744683,8.17890698
47.42768334,29.41448180,8.24885826
47.38340622,29.41746958,8.24487610
47.39161964,29.38152874,8.20102484
47.44510633,29.38152874,8.21197106
47.34660513,29.41242705,8.22924837
47.33182998,29.38152874,8.18862502
47.84643324,29.40437305,8.30417183
47.83602943,29.40699556,8.30607393
47.84289579,29.39568683,8.29396777
47.82946260,29.40241242,8.29982023
47.82924700,29.39264350,8.28900301
47.83937900,29.38152874,8.27881452
47.81759055,29.40105260,8.29675443
47.81684503,29.38152874,8.27594773
47.80620365,29.39436787,8.28785543
47.80660052,29.40503550,8.30001402
47.88360298,29.39812417,8.30133481
47.89423366,29.40164334,8.30636081
47.89980440,29.39159871,8.29610594
47.88228098,29.38152874,8.28385387
47.90225596,29.38152874,8.28599051
47.87856542,29.40633175,8.31009125
47.87105680,29.40360340,8.30609060
47.87096124,29.39334100,8.29477627
47.85823653,29.39984321,8.30036895
45.25113964,29.38823873,8.11032029
45.25102022,29.39016057,8.11744218
45.25554594,29.39119153,8.11618553
45.25678499,29.38947163,8.10922120
45.26179708,29.39241230,8.11479671
45.24825913,29.38472930,8.10336953
45.24455563,29.38541621,8.10836808
45.25396569,29.38597797,8.10226810
45.26207380,29.38796710,8.10193649
45.23772944,29.38508407,8.11786222
45.23522705,29.38373191,8.11690577
45.23628851,29.38460253,8.11980741
45.23386026,29.38266795,8.11454103
45.23301311,29.38257366,8.11663921
45.24768902,29.38989993,8.12249938
45.24757832,29.38931179,8.11890065
45.24519829,29.38875240,8.12092200
45.24754438,29.38824715,8.11422396
45.24380659,29.38724967,8.11563340
45.26890682,29.39244147,8.10961036
45.27406649,29.39531543,8.11624989
45.27598912,29.39307242,8.10738032
47.95148171,29.39592521,8.30559071
47.94449014,29.39562867,8.30467499
47.94552404,29.40211428,8.31179028
47.93829142,29.39090021,8.29913330
47.93819967,29.40040864,8.30927463
47.88825504,29.40291379,8.30716288
47.88446591,29.40546224,8.30969444
45.27195919,29.38853973,8.09827884
45.28150769,29.39594532,8.11357941
45.28372370,29.39107262,8.09884175
45.25027526,29.39076333,8.12216098
45.25400273,29.39193396,8.12219262
45.26364175,29.39459681,8.12351104
45.26801642,29.39478874,8.11919205
45.25861915,29.39322420,8.12239567
45.23101882,29.38152874,8.11677801
45.23233762,29.38238464,8.11831530
45.23408742,29.38337485,8.11889371
47.95555671,29.38559628,8.29508113
47.95284552,29.38152874,8.29067876
47.94893069,29.38874374,8.29780837
45.26551585,29.39563011,8.12957628
45.26784315,29.39579404,8.12566099
45.27225959,29.39650504,8.12427983
47.95635115,29.39933452,8.30965833
47.95208381,29.40352095,8.31390185
47.95812547,29.40446199,8.31544046
47.95850564,29.39383728,8.30394287
47.91986184,29.40547754,8.31325020
47.91331993,29.40338800,8.31025039
47.92515629,29.40399462,8.31206272
47.92118075,29.39687097,8.30385775
47.91158473,29.39533221,8.30126487
47.92875621,29.38987981,8.29719074
47.92002559,29.38152874,8.28776394
47.90430745,29.40170951,8.30747267
47.75441397,29.40894539,8.29787270
47.74552076,29.40608693,8.29294273
47.68728094,29.40491123,8.28263295
47.67377565,29.40448156,8.27992621
47.66332835,29.39789342,8.27033559
47.60230876,29.41829175,8.28803648
47.58335647,29.41849858,8.28508412
47.61727972,29.40881110,8.27612735
47.59417802,29.40283297,8.26425750
47.64944202,29.40243001,8.27336823
47.63466791,29.39865821,8.26636435
47.56436758,29.41973938,8.28390216
47.56681658,29.40430272,8.26114288
47.54291440,29.41437007,8.27094743
47.51419617,29.41053234,8.25976823
45.28632363,29.39862827,8.12217110
45.29202269,29.39760652,8.11359576
45.30327334,29.39993450,8.11657518
45.30128007,29.39357117,8.09812244
47.97969234,29.42352652,8.34133145
47.98006604,29.42354180,8.34131831
47.97988432,29.42332055,8.34080685
47.97984330,29.42366600,8.34174455
47.97868235,29.42333496,8.34095719
47.97890309,29.42303023,8.34026908
47.97828128,29.42312330,8.34050139
47.97960049,29.42300094,8.34017283
47.97923876,29.42256521,8.33938966
47.97754097,29.42220758,8.33881448
47.97833798,29.42266205,8.33959342
47.97871922,29.42202433,8.33849023
45.24622235,29.38951877,8.12447888
45.24897963,29.39064443,8.12550503
45.23990723,29.38631298,8.11941127
45.24108142,29.38714392,8.12224602
45.24225332,29.38738355,8.11970133
45.23862767,29.38587830,8.12101874
45.24357086,29.38833067,8.12327913
45.23989373,29.38578921,8.11627268
45.23637691,29.38366386,8.11361677
45.25617173,29.39307971,8.12708194
45.23963128,29.38438720,8.11099601
45.25217590,29.39179740,8.12621640
45.26078169,29.39439720,8.12813399
47.96476683,29.40533697,8.31692486
47.96173699,29.39907125,8.30979475
45.27594416,29.39785029,8.13046299
45.27024699,29.39671352,8.13044901
45.27890577,29.39754795,8.12310137
45.28369454,29.39926360,8.13064307
47.98014720,29.42366326,8.34166186
47.97928356,29.42337950,8.34100190
47.97646031,29.42144390,8.33757970
47.97802758,29.42125545,8.33729012
47.97312076,29.41896074,8.33390454
47.97499798,29.42043152,8.33603567
47.97565749,29.41864988,8.33356201
47.97062227,29.41713169,8.33134999
47.96782799,29.41553994,8.32915178
47.97377969,29.41628160,8.33040693
47.97076295,29.41321247,8.32646315
47.96533871,29.41206565,8.32473794
47.96897958,29.40878474,8.32112725
47.95523272,29.39010338,8.29975081
47.93028343,29.39813959,8.30608718
47.48813482,29.41348245,8.25918346
47.46500503,29.40590681,8.24377097
47.30481819,29.41267722,8.22108478
47.19018409,29.38152874,8.15925904
47.22211230,29.41467124,8.20733618
45.77425148,29.38152874,8.02455030
45.73782902,29.41425933,8.07829578
47.98006423,29.42374295,8.34200435
47.98030017,29.42371535,8.34180750
47.97710681,29.42020202,8.33573778
45.23167889,29.38152874,8.11423751
45.23297488,29.38152874,8.11123190
45.23850550,29.38152874,8.10400641
45.23517892,29.38152874,8.10778028
45.25652908,29.38152874,8.09196431
45.24909124,29.38152874,8.09601276
47.96024263,29.40963779,8.32150371
47.94497387,29.38152874,8.29002430
45.24310745,29.38152874,8.10005185
45.29040976,29.38152874,8.07947695
45.27673897,29.38152874,8.08375086
47.79663984,29.40163267,8.29468212
47.78455897,29.39973247,8.29086597
47.77947505,29.39081761,8.28042279
47.77180625,29.39937046,8.28868509
47.79327151,29.38152874,8.27280055
47.76825983,29.38152874,8.26930492
47.73132189,29.40438328,8.28874789
47.72521541,29.39349182,8.27532725
47.71433996,29.40358376,8.28520835
47.93426571,29.38152874,8.28908855
47.69989086,29.40899605,8.28990286
47.69956068,29.39628933,8.27440824
47.68264471,29.38152874,8.25616625
47.71306407,29.38152874,8.26103402
47.75768567,29.39817258,8.28532073
47.74158547,29.38152874,8.26540118
47.86120075,29.38152874,8.28144914
45.31606733,29.40061138,8.11285823
45.33573660,29.40160214,8.10863396
45.26561888,29.38152874,8.08789460
45.33863372,29.39308834,8.08701934
45.32071144,29.39345524,8.09209817
45.30714124,29.38152874,8.07506625
45.32735170,29.38152874,8.07054475
45.35107758,29.38152874,8.06599625
45.36085212,29.39983270,8.09662872
47.65019075,29.38152874,8.25073750
47.61536773,29.38152874,8.24466151
45.37854719,29.38152874,8.06142409
45.39562999,29.40130347,8.09274076
45.43453448,29.40235814,8.08819130
47.57798655,29.38152874,8.23787240
47.53739877,29.38152874,8.23021885
47.49317760,29.38152874,8.22160290
45.44773433,29.38152874,8.05190103
45.41044559,29.38152874,8.05675351
45.48197548,29.40151337,8.07937609
45.49166112,29.38152874,8.04679466
45.54388597,29.38152874,8.04138998
45.58743651,29.41256462,8.08986370
45.60665235,29.38152874,8.03570927
47.26533608,29.38152874,8.17478359
47.00993903,29.38152874,8.12352134
45.64545407,29.41228205,8.08253669
45.68305126,29.38152874,8.02990811
45.87850905,29.38152874,8.02052599
45.99376656,29.38152874,8.01873859
46.11863476,29.38152874,8.02005778
46.25146080,29.38152874,8.02528547
46.38903488,29.38152874,8.03485833
46.52682058,29.38152874,8.04851604
46.65977869,29.38152874,8.06528619
46.78629845,29.38152874,8.08419573
46.90336552,29.38152874,8.10394347
47.95600101,29.37633232,8.29229396
47.95334562,29.37119164,8.28687745
47.95071881,29.36610629,8.28152050
47.94805759,29.36095434,8.27609480
47.94537794,29.35576669,8.27063309
47.94272624,29.35063317,8.26523007
47.94007444,29.34549945,8.25982868
47.93728978,29.34010854,8.25415880
47.93453246,29.33477055,8.24854686
47.93180227,29.32948510,8.24299253
47.92892463,29.32391419,8.23714096
47.92600653,29.31826497,8.23121016
47.92311497,29.31266712,8.22533643
47.92016436,29.30695497,8.21934620
47.91703670,29.30090007,8.21300048
47.91393498,29.29489537,8.20671159
47.91085899,29.28894050,8.20047921
47.90752003,29.28247655,8.19371911
47.90416324,29.27597808,8.18692849
47.90083159,29.26952830,8.18019450
47.89735863,29.26280495,8.17318122
47.89370203,29.25572611,8.16580439
47.89007001,29.24869485,8.15848479
47.88645481,29.24169615,8.15120694
47.88244534,29.23393421,8.14314489
47.87845988,29.22621875,8.13514133
47.87449824,29.21854940,8.12719605
47.87026699,29.21035815,8.11872196
47.86585687,29.20182060,8.10990309
47.86147000,29.19332810,8.10114480
47.85700970,29.18469345,8.09225475
47.85208635,29.17516239,8.08245963
47.84718571,29.16567530,8.07272887
47.84230759,29.15623184,8.06306239
47.83694061,29.14584202,8.05245035
47.83141586,29.13514677,8.04155238
47.82591309,29.12449410,8.03072477
47.82016845,29.11337322,8.01945072
47.81386833,29.10117701,8.00712202
47.80758966,29.08902235,7.99487324
47.80133226,29.07690891,7.98270456
47.79414474,29.06299488,7.96877577
47.78685766,29.04888815,7.95470848
47.77959133,29.03482163,7.94073715
47.77166757,29.01948245,7.92556682
47.76297321,29.00265155,7.90900102
47.75429908,28.98585986,7.89255895
47.74557076,28.96896330,7.87610188
47.73484500,28.94820009,7.85600173
47.72413896,28.92747512,7.83607674
47.71345248,28.90678806,7.81632865
47.70093099,28.88254886,7.79337168
47.68724047,28.85604672,7.76850060
47.67356900,28.82958157,7.74390749
47.65927841,28.80191805,7.71846507
47.64216645,28.76879309,7.68836077
47.62507304,28.73570420,7.65868785
47.60799801,28.70265106,7.62944986
47.58840036,28.66471494,7.59639414
47.56800691,28.62523856,7.56257060
47.54763135,28.58579705,7.52936579
47.52642629,28.54475010,7.49543705
47.50352920,28.50042812,7.45952139
47.48064952,28.45614016,7.42437981
47.45778711,28.41188591,7.39000816
47.43318395,28.36426246,7.35384513
47.40841391,28.31631634,7.31829484
47.38366068,28.26840308,7.28362009
47.35844646,28.21959789,7.24916403
47.33272984,28.16982059,7.21490733
47.30702956,28.12007530,7.18155178
47.28136571,28.07040090,7.14910505
47.25607764,28.02145423,7.11795922
47.23080547,27.97253868,7.08763495
47.20554903,27.92365397,7.05811301
47.18159911,27.87729840,7.03082445
47.15843200,27.83245833,7.00506516
47.13528032,27.78764844,6.97993474
47.11281013,27.74415788,6.95611527
47.09300038,27.70581681,6.93557204
47.07320550,27.66750474,6.91546157
47.05342532,27.62922135,6.89577362
47.03645275,27.59637210,6.87919804
47.02030474,27.56511889,6.86369472
47.00417093,27.53389332,6.84846000
46.98909193,27.50470934,6.83444734
46.97596719,27.47930778,6.82242533
46.96285620,27.45393291,6.81057540
46.94975880,27.42858443,6.79889429
46.93860640,27.40700035,6.78906926
46.92762826,27.38575360,6.77950519
46.91666327,27.36453235,6.77005745
46.90635914,27.34459016,6.76127332
46.89672344,27.32594167,6.75314049
46.88710045,27.30731783,6.74509596
46.87754377,27.28882237,6.73718260
46.86870264,27.27171180,6.72992813
46.85987380,27.25462503,6.72274661
46.85105709,27.23756180,6.71563693
46.84257618,27.22114846,6.70885576
46.83428535,27.20510305,6.70228067
46.82600624,27.18908034,6.69576762
46.81787260,27.17333919,6.68941975
46.81022809,27.15854468,6.68349896
46.80259487,27.14377206,6.67763028
46.79497280,27.12902105,6.67181294
46.78813289,27.11578379,6.66662858
46.78150529,27.10295742,6.66163731
46.77488842,27.09015184,6.65668541
46.76868517,27.07814676,6.65207118
46.76318792,27.06750799,6.64800465
46.75770100,27.05688924,6.64396673
46.75222427,27.04629022,6.63995702
46.74757380,27.03729025,6.63656837
46.74298458,27.02840884,6.63323877
46.73840515,27.01954638,6.62993046
46.73409149,27.01119828,6.62682702
46.73002876,27.00333579,6.62391546
46.72597541,26.99549146,6.62102152
46.72195653,26.98771384,6.61816288
46.71820566,26.98045492,6.61550443
46.71446378,26.97321338,6.61286147
46.71073074,26.96598896,6.61023380
46.70712881,26.95901828,6.60770693
46.70359775,26.95218476,6.60523786
46.70007513,26.94536759,6.60278260
46.69659326,26.93862927,6.60036348
46.69322415,26.93210919,6.59802999
46.68986309,26.92560469,6.59570918
46.68650995,26.91911551,6.59340086
46.68325733,26.91282086,6.59116843
46.68003401,26.90658295,6.58896256
46.67681822,26.90035959,6.58676822
46.67364469,26.89421802,6.58460892
46.67053420,26.88819847,6.58249849
46.66743084,26.88219271,6.58039874
46.66433448,26.87620050,6.57830952
46.66130894,26.87034534,6.57627366
46.65829290,26.86450858,6.57424965
46.65528346,26.85868460,6.57223547
46.65231073,26.85293166,6.57025113
46.64937088,26.84724235,6.56829387
46.64643725,26.84156507,6.56634582
46.64351232,26.83590464,6.56440856
46.64061528,26.83029819,6.56249469
46.63772407,26.82470303,6.56058953
46.63483856,26.81911891,6.55869294
46.63196920,26.81356605,6.55681172
46.62911026,26.80803335,6.55494201
46.62625664,26.80251094,6.55308043
46.62341538,26.79701246,6.55123151
46.62060020,26.79156445,6.54940405
46.61778995,26.78612599,6.54758425
46.61498451,26.78069684,6.54577198
46.61224413,26.77539359,6.54400597
46.60952080,26.77012335,6.54225509
46.60680190,26.76486168,6.54051116
46.60412718,26.75968550,6.53879953
46.60151585,26.75463202,6.53713226
46.59890857,26.74958637,6.53547129
46.59630522,26.74454831,6.53381652
46.59380939,26.73971836,6.53223354
46.59131976,26.73490038,6.53065785
46.58883366,26.73008926,6.52908772
46.58639218,26.72536449,6.52754900
46.58398768,26.72071126,6.52603669
46.58158633,26.71606415,6.52452944
46.57918311,26.71141341,6.52302407
46.57674815,26.70670126,6.52150194
46.57431597,26.70199450,6.51998466
46.57188646,26.69729290,6.51847214
46.56930445,26.69229617,6.51686805
46.56665784,26.68717443,6.51522743
46.56401351,26.68205712,6.51359185
46.56126107,26.67673060,6.51189324
46.55821582,26.67083743,6.51001845
46.55517248,26.66494795,6.50814958
46.55213091,26.65906192,6.50628651
46.54864251,26.65231118,6.50415550
46.54507409,26.64540559,6.50198196
46.54150708,26.63850272,6.49981564
46.53776161,26.63125451,6.49754777
46.53376920,26.62352843,6.49513803
46.52977782,26.61580435,6.49273675
46.52578734,26.60808202,6.49034381
46.52155203,26.59988590,6.48781251
46.51731591,26.59168822,6.48528940
46.51308031,26.58349156,6.48277520
46.50877256,26.57515527,6.48022695
46.50440990,26.56671273,6.47765516
46.50004739,26.55827049,6.47509241
46.49565137,26.54976341,6.47251897
46.49105262,26.54086401,6.46983643
46.48645364,26.53196418,6.46716349
46.48185431,26.52306368,6.46450002
46.47679027,26.51326390,6.46157853
46.47154147,26.50310658,6.45856264
46.46629194,26.49294786,6.45555862
46.46066768,26.48206398,6.45235370
46.45412681,26.46940632,6.44864390
46.44758482,26.45674651,6.44495205
46.44104158,26.44408429,6.44127789
46.43283835,26.42820971,6.43670023
46.42437188,26.41182566,6.43201190
46.41590330,26.39543747,6.42735871
46.40654268,26.37732294,6.42225699
46.39603717,26.35699276,6.41658251
46.38552894,26.33665721,6.41095983
46.37500192,26.31628524,6.40537955
46.36314075,26.29333128,6.39915378
46.35127632,26.27037091,6.39299045
46.33940853,26.24740393,6.38688822
46.32756708,26.22448783,6.38086091
46.31574315,26.20160553,6.37490239
46.30391554,26.17871602,6.36900064
46.29226487,26.15616884,6.36324327
46.28156081,26.13545351,6.35800176
46.27085289,26.11473067,6.35280352
46.26014102,26.09400008,6.34764764
46.25066534,26.07566185,6.34312301
46.24163573,26.05818683,6.33884244
46.23260200,26.04070378,6.33458975
46.22404532,26.02414394,6.33058870
46.21656731,26.00967164,6.32711324
46.20908494,25.99519086,6.32365526
46.20159809,25.98070138,6.32021446
46.19502851,25.96798709,6.31721086
46.18857800,25.95550322,6.31427575
46.18212271,25.94301007,6.31135221
46.17591411,25.93099435,6.30855321
46.17000113,25.91955073,6.30589903
46.16408302,25.90809715,6.30325369
46.15816226,25.89663844,6.30061818
46.15232180,25.88533513,6.29802910
46.14647584,25.87402114,6.29544807
46.14062425,25.86269624,6.29287495
46.13458816,25.85101428,6.29023146
46.12842878,25.83909367,6.28754510
46.12226337,25.82716139,6.28486723
46.11596643,25.81497452,6.28214357
46.10908224,25.80165110,6.27917883
46.10219160,25.78831519,6.27622466
46.09529439,25.77496654,6.27328085
46.08765024,25.76017225,6.27003340
46.07975440,25.74489086,6.26669551
46.07185157,25.72959590,6.26337116
46.06356103,25.71355055,6.25990114
46.05447434,25.69596433,6.25611802
46.04538021,25.67836370,6.25235248
46.03627852,25.66074840,6.24860411
46.02586555,25.64059524,6.24434009
46.01529890,25.62014464,6.24003913
46.00472424,25.59967851,6.23576052
45.99322476,25.57742246,6.23113607
45.98069713,25.55317650,6.22613087
45.96816102,25.52891411,6.22115548
45.95550213,25.50441406,6.21616404
45.94053635,25.47544922,6.21030400
45.92556161,25.44646705,6.20448338
45.91057783,25.41746734,6.19870064
45.89400348,25.38538923,6.19235037
45.87645587,25.35142745,6.18567799
45.85889881,25.31744737,6.17905191
45.84088550,25.28258428,6.17230302
45.82102154,25.24413945,6.16491573
45.80114782,25.20567577,6.15757930
45.78126427,25.16719312,6.15029054
45.75972489,25.12550585,6.14244903
45.73768178,25.08284373,6.13447851
45.71562868,25.04016240,6.12655532
45.69303684,24.99643852,6.11848719
45.66942295,24.95073673,6.11010478
45.64579786,24.90501337,6.10178146
45.62216129,24.85926785,6.09351718
45.59763785,24.81180598,6.08500718
45.57302351,24.76416821,6.07652922
45.54839719,24.71650724,6.06810867
45.52352484,24.66837010,6.05966429
45.49839786,24.61974009,6.05119291
45.47325842,24.57108586,6.04277510
45.44809394,24.52238307,6.03440487
45.42273815,24.47330985,6.02602580
45.39736944,24.42421147,6.01769578
45.37198768,24.37508761,6.00941318
45.34667679,24.32610066,6.00120367
45.32140003,24.27717952,5.99305358
45.29610980,24.22823198,5.98494614
45.27078603,24.17921922,5.97687377
45.24537493,24.13003707,5.96881845
45.21996272,24.08085239,5.96080659
45.19454941,24.03166513,5.95283714
45.16907673,23.98236253,5.94489098
45.14359488,23.93304168,5.93698300
45.11812240,23.88373847,5.92911808
45.09255403,23.83424910,5.92126311
45.06680861,23.78441643,5.91339301
45.04107218,23.73460056,5.90556431
45.01534463,23.68480122,5.89777628
44.98945730,23.63469191,5.88997757
44.96356686,23.58457587,5.88221515
44.93768495,23.53447556,5.87449197
44.91166613,23.48410945,5.86676422
44.88551549,23.43348724,5.85903178
44.85937315,23.38288020,5.85133541
44.83322511,23.33226130,5.84367046
44.80693173,23.28136027,5.83599578
44.78064620,23.23047372,5.82835591
44.75436838,23.17960145,5.82075033
44.72803402,23.12861914,5.81316017
44.70167357,23.07758580,5.80559398
44.67532038,23.02656608,5.79806104
44.64896488,22.97554148,5.79055830
44.62258490,22.92446916,5.78307921
44.59621175,22.87340980,5.77563243
44.56984528,22.82236318,5.76821767
44.54348565,22.77132967,5.76083473
44.51713250,22.72030863,5.75348331
44.49078560,22.66929970,5.74616315
44.46444810,22.61830903,5.73887495
44.43812197,22.56734048,5.73161908
44.41180167,22.51638343,5.72439389
44.38548707,22.46543766,5.71719920
44.35917842,22.41450372,5.71003499
44.33287520,22.36358069,5.70290103
44.30657726,22.31266831,5.69579718
44.28028092,22.26175955,5.68872240
44.25398640,22.21085488,5.68167672
44.22769673,22.15996025,5.67466089
44.20141094,22.10907382,5.66767464
44.17512212,22.05818230,5.66071612
44.14883777,22.00730020,5.65378728
44.12255788,21.95642728,5.64688785
44.09627684,21.90555267,5.64001603
44.06999742,21.85468171,5.63317220
44.04372219,21.80381937,5.62635673
44.01744914,21.75296179,5.61956877
43.99117432,21.70210129,5.61280700
43.96490339,21.65124888,5.60607259
43.93863627,21.60040437,5.59936520
43.91236696,21.54955614,5.59268302
43.88609998,21.49871297,5.58602693
43.85983653,21.44787717,5.57939694
43.83357386,21.39704340,5.57279208
43.80731048,21.34620882,5.56621171
43.78105034,21.29538105,5.55965656
43.75479335,21.24455991,5.55312634
43.72853340,21.19373360,5.54661926
43.70227622,21.14291320,5.54013650
43.67602190,21.09209888,5.53367782
43.64976724,21.04128447,5.52724219
43.62351267,20.99047077,5.52082946
43.59726067,20.93966261,5.51443999
43.57101053,20.88885861,5.50807338
43.54475820,20.83805094,5.50172839
43.51850816,20.78724826,5.49540588
43.49226032,20.73645040,5.48910558
43.46601133,20.68565088,5.48282645
43.43976290,20.63485301,5.47656868
43.41351638,20.58405941,5.47033235
43.38727053,20.53326773,5.46411714
43.36102321,20.48247395,5.45792297
43.33477743,20.43168384,5.45175040
43.30853309,20.38089718,5.44559925
43.28228703,20.33010778,5.43946859
43.25604169,20.27932031,5.43335881
43.22979757,20.22853570,5.42726985
43.20355328,20.17775120,5.42120121
43.17730820,20.12696555,5.41515257
43.15106412,20.07618218,5.40912417
43.12482096,20.02540087,5.40311582
43.09857600,19.97461630,5.39712672
43.07233179,19.92383333,5.39115727
43.04608827,19.87305185,5.38520730
43.01984415,19.82226926,5.37927635
42.99359962,19.77148590,5.37336427
42.96735557,19.72070341,5.36747111
42.94111168,19.66992117,5.36159662
42.91486666,19.61913658,5.35574034
42.88862189,19.56835228,5.34990242
42.86237729,19.51756806,5.34408266
42.83613194,19.46678210,5.33828070
42.80988627,19.41599515,5.33249646
42.78364054,19.36520769,5.32672984
42.75739449,19.31441914,5.32098060
42.73114774,19.26362873,5.31524850
42.70490070,19.21283721,5.30953347
42.67865330,19.16204437,5.30383532
42.65240532,19.11124971,5.29815384
42.62615675,19.06045329,5.29248906
42.59990746,19.00965495,5.28684131
42.57365746,18.95885477,5.28121045
42.54740670,18.90805266,5.27559633
42.52115488,18.85724807,5.26999873
42.49490191,18.80644082,5.26441747
42.46864849,18.75563232,5.25885256
42.44239370,18.70482078,5.25330363
42.41613742,18.65400601,5.24777053
42.38988033,18.60318934,5.24225323
42.36362210,18.55237014,5.23675152
42.33736207,18.50154716,5.23126511
42.31110042,18.45072076,5.22579388
42.28483830,18.39989320,5.22033792
42.25857406,18.34906130,5.21489674
42.23230759,18.29822486,5.20947016
42.20604048,18.24738699,5.20405837
42.17977157,18.19654544,5.19866096
42.15350010,18.14569879,5.19327765
42.12722683,18.09484852,5.18790842
42.10095278,18.04399660,5.18255334
42.07467585,17.99313902,5.17721183
42.04839593,17.94227558,5.17188372
42.02211585,17.89141176,5.16656944
41.99583299,17.84054252,5.16126829
41.96954681,17.78966684,5.15598003
41.94325895,17.73878790,5.15070483
41.91696968,17.68790625,5.14544260
41.89067679,17.63701763,5.14019275
41.86438045,17.58612217,5.13495203
41.83808508,17.53522809,5.12971623
41.81178628,17.48432689,5.12448540
41.78548385,17.43341827,5.11926051
41.75918051,17.38250758,5.11404314
41.73287515,17.33159270,5.10883410
41.70656563,17.28066958,5.10363400
41.68025270,17.22973971,5.09844401
41.65393968,17.17880963,5.09326582
41.62762198,17.12787047,5.08809957
41.60129942,17.07692195,5.08294624
41.57497618,17.02597225,5.07780770
41.54864921,16.97501553,5.07268438
41.52231685,16.92404862,5.06757699
41.49598094,16.87307518,5.06248694
41.46964362,16.82209938,5.05741567
41.44330038,16.77111258,5.05236334
41.41695103,16.72011449,5.04733098
41.39060155,16.66911670,5.04232075
41.36424635,16.61810850,5.03733263
41.33788452,16.56708820,5.03236750
41.31151935,16.51606219,5.02742703
41.28515112,16.46503112,5.02251230
41.25877575,16.41398714,5.01762361
41.23239339,16.36293061,5.01276203
41.20601108,16.31187522,5.00792991
41.17962111,16.26080611,5.00312688
41.15322332,16.20972302,4.99835397
41.12682266,16.15863565,4.99361312
41.10041782,16.10754083,4.98889170
41.07400617,16.05643288,4.98417710
41.04758928,16.00531484,4.97946926
41.02117257,15.95419718,4.97476880
40.99474876,15.90306579,4.97007408
40.96831777,15.85192047,4.96538474
40.94188665,15.80077486,4.96070168
40.91545037,15.74961923,4.95602367
40.88900663,15.69844907,4.95134996
40.86255865,15.64727063,4.94668077
40.83610957,15.59608992,4.94201630
40.80965273,15.54489409,4.93735504
40.78318806,15.49368294,4.93269663
40.75672490,15.44247454,4.92804236
40.73025463,15.39125220,4.92339036
40.70377624,15.34001394,4.91874012
40.67729491,15.28876974,4.91409220
40.65081086,15.23752003,4.90944628
40.62431840,15.18625379,4.90480102
40.59781811,15.13497210,4.90015617
40.57131991,15.08369416,4.89551312
40.54481302,15.03239907,4.89086962
40.51829734,14.98108662,4.88622532
40.49178029,14.92977114,4.88158116
40.46525860,14.87844631,4.87693622
40.43872784,14.82710351,4.87228936
40.41219046,14.77574748,4.86764066
40.38565360,14.72439202,4.86299103
40.35910736,14.67301793,4.85833887
40.33255138,14.62162458,4.85368969
40.30599554,14.57023112,4.84904636
40.27943251,14.51882336,4.84440698
40.25285938,14.46739568,4.83977040
40.22628078,14.41595707,4.83513679
40.19970049,14.36451483,4.83050616
40.17310979,14.31305212,4.82587637
40.14650859,14.26156875,4.82124674
40.11990964,14.21008942,4.81661886
40.09330097,14.15859096,4.81199001
40.06668148,14.10707128,4.80735935
40.04005829,14.05554415,4.80272747
40.01343122,14.00400922,4.79809369
39.98679302,13.95245249,4.79345611
39.96014474,13.90087600,4.78881426
39.93349883,13.84930385,4.78416967
39.90684149,13.79770934,4.77951927
39.88017261,13.74609227,4.77486240
39.85350208,13.69447179,4.77020013
39.82682516,13.64283873,4.76553098
39.80013639,13.59118255,4.76085334
39.77343922,13.53950994,4.75616717
39.74674228,13.48783757,4.75147331
39.72003317,13.43614150,4.74676894
39.69331179,13.38442154,4.74205337
39.66659108,13.33270272,4.73732823
39.63986118,13.28096598,4.73259112
39.61311870,13.22920476,4.72784078
39.58637072,13.17743314,4.72304953
39.55962289,13.12566257,4.71817321
39.53286441,13.07387214,4.71321470
39.50609500,13.02206127,4.70817964
39.47933072,12.97026099,4.70307678
39.45255583,12.91844080,4.69790890
39.42576908,12.86659825,4.69268146
39.39897940,12.81475059,4.68740195
39.37218577,12.76289578,4.68207594
39.34537925,12.71101650,4.67670741
39.31856128,12.65911549,4.67130241
39.29174643,12.60722090,4.66586967
39.26491768,12.55529977,4.66041154
39.23807462,12.50335127,4.65493373
39.21123143,12.45140276,4.64944496
39.18438040,12.39943933,4.64394946
39.15751401,12.34744637,4.63845154
39.13064252,12.29544369,4.63295914
39.10378815,12.24347425,4.62748265
39.07691732,12.19147302,4.62202105
39.05002966,12.13943925,4.61658016
39.02325165,12.08761769,4.61119125
38.99648461,12.03581729,4.60584006
38.96969968,11.98398218,4.60052662
38.94310461,11.93251436,4.59529744
38.91681577,11.88163903,4.59017968
38.89050811,11.83072707,4.58511471
38.86418130,11.77977781,4.58010807
38.83917780,11.73138926,4.57541815
38.81420340,11.68305697,4.57081875
38.78920857,11.63468511,4.56630066
38.76562565,11.58904568,4.56211147
38.74325054,11.54574367,4.55819922
38.72085573,11.50240353,4.55434081
38.69885524,11.45982653,4.55060278
38.68010400,11.42353769,4.54745537
38.66133353,11.38721166,4.54433810
38.64254377,11.35084830,4.54124902
38.62635345,11.31951560,4.53861091
38.61134051,11.29046144,4.53618299
38.59630836,11.26137012,4.53376856
38.58210275,11.23387839,4.53150121
38.57028082,11.21099972,4.52962427
38.55843951,11.18808357,4.52775278
38.54657870,11.16512969,4.52588625
38.53682704,11.14625759,4.52435730
38.52747843,11.12816551,4.52289605
38.51811000,11.11003507,4.52143588
38.50952530,11.09342138,4.52010132
38.50208531,11.07902300,4.51894723
38.49462510,11.06458551,4.51779222
38.48714453,11.05010861,4.51663614
38.48113141,11.03847163,4.51570829
38.47512455,11.02684674,4.51478260
38.46909688,11.01518162,4.51385485
38.46369619,11.00472984,4.51302451
38.45879135,10.99523769,4.51227112
38.45386527,10.98570443,4.51151511
38.44903367,10.97635401,4.51077418
38.44495479,10.96846031,4.51014911
38.44085421,10.96052460,4.50952109
38.43673175,10.95254657,4.50889007
38.43305909,10.94543901,4.50832818
38.42956248,10.93867216,4.50779345
38.42604353,10.93186207,4.50725553
38.42264956,10.92529386,4.50673690
38.41961579,10.91942273,4.50627347
38.41655919,10.91350742,4.50580668
38.41347960,10.90754760,4.50533650
38.41069920,10.90216682,4.50491211
38.40795145,10.89684921,4.50449279
38.40518021,10.89148614,4.50406996
38.40248758,10.88627521,4.50365920
38.39990892,10.88128483,4.50326589
38.39730626,10.87624802,4.50286898
47.95643224,29.37633235,8.28570630
47.95377658,29.37119170,8.28028999
47.95114951,29.36610638,8.27493324
47.94848803,29.36095445,8.26950775
47.94580812,29.35576684,8.26404625
47.94315615,29.35063335,8.25864343
47.94050409,29.34549966,8.25324224
47.93771916,29.34010878,8.24757257
47.93496157,29.33477082,8.24196084
47.93223111,29.32948540,8.23640672
47.92935318,29.32391452,8.23055537
47.92643481,29.31826534,8.22462478
47.92354296,29.31266751,8.21875128
47.92059206,29.30695539,8.21276127
47.91746410,29.30090053,8.20641578
47.91436207,29.29489587,8.20012712
47.91128578,29.28894103,8.19389497
47.90794649,29.28247712,8.18713513
47.90458937,29.27597868,8.18034476
47.90125740,29.26952894,8.17361102
47.89778410,29.26280563,8.16659800
47.89412714,29.25572683,8.15922144
47.89049477,29.24869560,8.15190211
47.88687921,29.24169695,8.14462453
47.88286936,29.23393505,8.13656277
47.87888351,29.22621963,8.12855951
47.87492148,29.21855033,8.12061452
47.87068983,29.21035912,8.11214074
47.86627927,29.20182162,8.10332219
47.86189198,29.19332916,8.09456422
47.85743125,29.18469457,8.08567450
47.85250742,29.17516356,8.07587973
47.84760630,29.16567652,8.06614933
47.84272771,29.15623311,8.05648320
47.83736022,29.14584334,8.04587154
47.83183493,29.13514815,8.03497397
47.82633164,29.12449555,8.02414675
47.82058644,29.11337473,8.01287310
47.81428571,29.10117858,8.00054485
47.80800644,29.08902399,7.98829650
47.80174845,29.07691061,7.97612825
47.79456024,29.06299667,7.96219996
47.78727246,29.04889001,7.94813318
47.78000543,29.03482356,7.93416235
47.77208092,29.01948447,7.91899255
47.76338573,29.00265366,7.90242734
47.75471078,28.98586206,7.88598585
47.74598164,28.96896560,7.86952936
47.73525486,28.94820249,7.84942992
47.72454781,28.92747763,7.82950562
47.71386032,28.90679069,7.80975822
47.70133766,28.88255162,7.78680204
47.68764585,28.85604963,7.76193182
47.67397310,28.82958461,7.73733955
47.65968119,28.80192125,7.71189800
47.64256764,28.76879647,7.68179471
47.62547264,28.73570776,7.65212279
47.60839604,28.70265480,7.62288577
47.58879659,28.66471888,7.58983113
47.56840127,28.62524271,7.55600869
47.54802387,28.58580142,7.52280494
47.52681689,28.54475469,7.48887726
47.50391772,28.50043296,7.45296272
47.48103600,28.45614524,7.41782220
47.45817155,28.41189124,7.38345156
47.43356620,28.36426805,7.34728957
47.40879399,28.31632220,7.31174028
47.38403858,28.26840922,7.27706645
47.35882217,28.21960431,7.24261127
47.33310332,28.16982731,7.20835541
47.30740083,28.12008232,7.17500064
47.28173479,28.07040821,7.14255461
47.25644457,28.02146184,7.11140940
47.23117027,27.97254659,7.08108569
47.20591172,27.92366219,7.05156423
47.18195980,27.87730692,7.02427606
47.15879078,27.83246715,6.99851703
47.13563719,27.78765756,6.97338679
47.11316517,27.74416732,6.94956741
47.09335381,27.70582652,6.92902420
47.07355734,27.66751474,6.90891369
47.05377557,27.62923163,6.88922567
47.03680164,27.59638263,6.87265000
47.02065235,27.56512965,6.85714656
47.00451727,27.53390432,6.84191169
46.98943707,27.50472057,6.82789888
46.97631130,27.47931920,6.81587674
46.96319928,27.45394452,6.80402665
46.95010086,27.42859624,6.79234539
46.93894759,27.40701232,6.78252022
46.92796860,27.38576572,6.77295600
46.91700276,27.36454464,6.76350812
46.90669784,27.34460260,6.75472386
46.89706139,27.32595424,6.74659090
46.88743766,27.30733054,6.73854624
46.87788025,27.28883522,6.73063276
46.86903844,27.27172477,6.72337817
46.86020892,27.25463812,6.71619654
46.85139154,27.23757501,6.70908674
46.84290998,27.22116179,6.70230547
46.83461852,27.20511649,6.69573027
46.82633878,27.18909389,6.68921712
46.81820453,27.17335285,6.68286916
46.81055943,27.15855845,6.67694829
46.80292564,27.14378593,6.67107952
46.79530299,27.12903501,6.66526211
46.78846257,27.11579784,6.66007769
46.78183447,27.10297154,6.65508635
46.77521710,27.09016605,6.65013439
46.76901339,27.07816104,6.64552011
46.76351572,27.06752235,6.64145354
46.75802839,27.05690366,6.63741558
46.75255125,27.04630471,6.63340584
46.74790043,27.03730479,6.63001716
46.74331087,27.02842343,6.62668754
46.73873110,27.01956102,6.62337920
46.73441712,27.01121297,6.62027574
46.73035409,27.00335052,6.61736416
46.72630043,26.99550624,6.61447021
46.72228125,26.98772867,6.61161155
46.71853011,26.98046979,6.60895309
46.71478794,26.97322829,6.60631012
46.71105463,26.96600391,6.60368245
46.70745243,26.95903327,6.60115558
46.70392110,26.95219978,6.59868649
46.70039823,26.94538264,6.59623124
46.69691609,26.93864436,6.59381212
46.69354674,26.93212431,6.59147863
46.69018543,26.92561985,6.58915782
46.68683204,26.91913070,6.58684951
46.68357918,26.91283609,6.58461707
46.68035563,26.90659820,6.58241122
46.67713960,26.90037488,6.58021688
46.67396583,26.89423334,6.57805760
46.67085511,26.88821381,6.57594717
46.66775153,26.88220808,6.57384744
46.66465494,26.87621590,6.57175824
46.66162917,26.87036077,6.56972239
46.65861291,26.86452403,6.56769839
46.65560325,26.85870008,6.56568423
46.65263030,26.85294716,6.56369991
46.64969023,26.84725788,6.56174268
46.64675638,26.84158063,6.55979465
46.64383124,26.83592023,6.55785741
46.64093398,26.83031380,6.55594357
46.63804256,26.82471866,6.55403843
46.63515684,26.81913456,6.55214187
46.63228728,26.81358173,6.55026067
46.62942813,26.80804905,6.54839100
46.62657430,26.80252666,6.54652945
46.62373283,26.79702820,6.54468056
46.62091744,26.79158021,6.54285314
46.61810699,26.78614178,6.54103338
46.61530134,26.78071264,6.53922114
46.61256076,26.77540941,6.53745517
46.60983723,26.77013919,6.53570433
46.60711813,26.76487754,6.53396043
46.60444321,26.75970138,6.53224884
46.60183169,26.75464792,6.53058162
46.59922423,26.74960229,6.52892069
46.59662068,26.74456424,6.52726596
46.59412467,26.73973431,6.52568304
46.59163485,26.73491634,6.52410738
46.58914857,26.73010523,6.52253730
46.58670692,26.72538048,6.52099863
46.58430224,26.72072726,6.51948637
46.58190072,26.71608017,6.51797917
46.57949732,26.71142944,6.51647385
46.57706218,26.70671731,6.51495176
46.57462983,26.70201056,6.51343454
46.57220014,26.69730897,6.51192207
46.56961794,26.69231226,6.51031804
46.56697114,26.68719054,6.50867748
46.56432662,26.68207324,6.50704197
46.56157398,26.67674673,6.50534342
46.55852851,26.67085357,6.50346871
46.55548494,26.66496411,6.50159992
46.55244316,26.65907809,6.49973693
46.54895450,26.65232736,6.49760602
46.54538582,26.64542179,6.49543257
46.54181855,26.63851893,6.49326636
46.53807281,26.63127074,6.49099860
46.53408011,26.62354468,6.48858899
46.53008844,26.61582061,6.48618783
46.52609767,26.60809829,6.48379502
46.52186206,26.59990218,6.48126387
46.51762563,26.59170451,6.47874090
46.51338973,26.58350787,6.47622686
46.50908166,26.57517158,6.47367876
46.50471868,26.56672905,6.47110715
46.50035586,26.55828682,6.46854457
46.49595952,26.54977975,6.46597130
46.49136044,26.54088035,6.46328896
46.48676113,26.53198053,6.46061622
46.48216147,26.52308004,6.45795296
46.47709707,26.51328026,6.45503170
46.47184789,26.50312294,6.45201606
46.46659798,26.49296422,6.44901230
46.46097331,26.48208033,6.44580766
46.45443197,26.46942268,6.44209821
46.44788951,26.45676286,6.43840671
46.44134580,26.44410063,6.43473292
46.43314198,26.42822604,6.43015572
46.42467491,26.41184197,6.42546784
46.41620575,26.39545376,6.42081508
46.40684448,26.37733921,6.41571382
46.39633826,26.35700901,6.41003983
46.38582933,26.33667345,6.40441760
46.37530162,26.31630145,6.39883776
46.36343968,26.29334747,6.39261245
46.35157450,26.27038708,6.38644954
46.33970597,26.24742007,6.38034771
46.32786380,26.22450394,6.37432075
46.31603915,26.20162161,6.36836256
46.30421085,26.17873208,6.36246110
46.29255950,26.15618487,6.35670400
46.28185482,26.13546952,6.35146271
46.27114630,26.11474665,6.34626466
46.26043383,26.09401604,6.34110895
46.25095764,26.07567778,6.33658445
46.24192754,26.05820275,6.33230400
46.23289332,26.04071967,6.32805140
46.22433619,26.02415981,6.32405042
46.21685779,26.00968749,6.32057502
46.20937504,25.99520669,6.31711709
46.20188780,25.98071719,6.31367632
46.19531789,25.96800288,6.31067275
46.18886705,25.95551900,6.30773766
46.18241144,25.94302583,6.30481413
46.17620253,25.93101010,6.30201514
46.17028926,25.91956645,6.29936096
46.16437086,25.90811286,6.29671561
46.15844981,25.89665413,6.29408009
46.15260907,25.88535080,6.29149100
46.14676283,25.87403680,6.28890995
46.14091095,25.86271189,6.28633680
46.13487459,25.85102991,6.28369328
46.12871492,25.83910928,6.28100689
46.12254922,25.82717698,6.27832898
46.11625198,25.81499009,6.27560527
46.10936747,25.80166665,6.27264048
46.10247652,25.78833072,6.26968625
46.09557900,25.77498205,6.26674237
46.08793450,25.76018774,6.26349484
46.08003831,25.74490632,6.26015687
46.07213513,25.72961134,6.25683242
46.06384422,25.71356597,6.25336230
46.05475713,25.69597972,6.24957907
46.04566261,25.67837905,6.24581340
46.03656052,25.66076372,6.24206490
46.02614711,25.64061053,6.23780072
46.01558001,25.62015989,6.23349960
46.00500490,25.59969372,6.22922082
45.99350494,25.57743763,6.22459618
45.98097679,25.55319163,6.21959077
45.96844016,25.52892920,6.21461516
45.95578075,25.50442911,6.20962349
45.94081435,25.47546421,6.20376318
45.92583901,25.44648197,6.19794230
45.91085463,25.41748221,6.19215930
45.89427961,25.38540403,6.18580874
45.87673129,25.35144217,6.17913607
45.85917352,25.31746202,6.17250972
45.84115948,25.28259885,6.16576055
45.82129471,25.24415393,6.15837299
45.80142018,25.20569016,6.15103633
45.78153583,25.16720741,6.14374738
45.75999556,25.12552003,6.13590570
45.73795153,25.08285780,6.12793507
45.71589750,25.04017634,6.12001185
45.69330469,24.99645233,6.11194377
45.66968977,24.95075041,6.10356147
45.64606364,24.90502690,6.09523830
45.62242604,24.85928124,6.08697417
45.59790153,24.81181922,6.07846434
45.57328612,24.76418130,6.06998656
45.54865872,24.71652017,6.06156619
45.52378529,24.66838287,6.05312201
45.49865722,24.61975269,6.04465083
45.47351669,24.57109830,6.03623323
45.44835113,24.52239534,6.02786322
45.42299424,24.47332196,6.01948437
45.39762444,24.42422340,6.01115457
45.37224160,24.37509937,6.00287220
45.34692962,24.32611224,5.99466292
45.32165178,24.27719092,5.98651306
45.29636048,24.22824322,5.97840585
45.27103564,24.17923027,5.97033371
45.24562347,24.13004794,5.96227861
45.22021020,24.08086307,5.95426697
45.19479582,24.03167563,5.94629774
45.16932209,23.98237284,5.93835179
45.14383918,23.93305180,5.93044402
45.11836566,23.88374840,5.92257930
45.09279625,23.83425884,5.91472451
45.06704977,23.78442597,5.90685459
45.04131230,23.73460990,5.89902607
45.01558372,23.68481037,5.89123820
44.98969536,23.63470086,5.88343963
44.96380390,23.58458462,5.87567735
44.93792096,23.53448411,5.86795429
44.91190113,23.48411779,5.86022664
44.88574948,23.43349537,5.85249430
44.85960612,23.38288813,5.84479802
44.83345708,23.33226902,5.83713315
44.80716269,23.28136778,5.82945854
44.78087615,23.23048102,5.82181872
44.75459733,23.17960854,5.81421320
44.72826196,23.12862601,5.80662308
44.70190052,23.07759246,5.79905692
44.67554635,23.02657252,5.79152400
44.64918986,22.97554771,5.78402126
44.62280890,22.92447517,5.77654217
44.59643477,22.87341559,5.76909537
44.57006734,22.82236876,5.76168057
44.54370675,22.77133503,5.75429759
44.51735264,22.72031376,5.74694610
44.49100479,22.66930461,5.73962586
44.46466636,22.61831372,5.73233756
44.43833929,22.56734495,5.72508159
44.41201807,22.51638768,5.71785626
44.38570255,22.46544168,5.71066142
44.35939298,22.41450752,5.70349704
44.33308886,22.36358425,5.69636289
44.30679002,22.31267165,5.68925883
44.28049279,22.26176266,5.68218382
44.25419739,22.21085776,5.67513788
44.22790686,22.15996290,5.66812178
44.20162020,22.10907623,5.66113522
44.17533053,22.05818448,5.65417638
44.14904534,22.00730214,5.64724718
44.12276462,21.95642899,5.64034736
44.09648276,21.90555414,5.63347511
44.07020252,21.85468294,5.62663083
44.04392648,21.80382038,5.61981487
44.01765263,21.75296256,5.61302640
43.99137701,21.70210182,5.60626410
43.96510530,21.65124917,5.59952914
43.93883739,21.60040443,5.59282119
43.91256730,21.54955596,5.58613844
43.88629955,21.49871255,5.57948177
43.86003533,21.44787651,5.57285119
43.83377188,21.39704250,5.56624575
43.80750774,21.34620767,5.55966481
43.78124683,21.29537966,5.55310909
43.75498907,21.24455827,5.54657831
43.72872836,21.19373171,5.54007069
43.70247041,21.14291105,5.53358741
43.67621532,21.09209648,5.52712823
43.64995990,21.04128182,5.52069212
43.62370455,20.99046786,5.51427895
43.59745177,20.93965943,5.50788908
43.57120086,20.88885517,5.50152210
43.54494775,20.83804723,5.49517679
43.51869692,20.78724428,5.48885399
43.49244828,20.73644614,5.48255346
43.46619849,20.68564634,5.47627416
43.43994926,20.63484820,5.47001626
43.41370192,20.58405431,5.46377988
43.38745525,20.53326234,5.45756467
43.36120711,20.48246827,5.45137055
43.33496049,20.43167786,5.44519810
43.30871532,20.38089090,5.43904710
43.28246842,20.33010120,5.43291664
43.25622223,20.27931343,5.42680709
43.22997726,20.22852851,5.42071840
43.20373212,20.17774370,5.41465006
43.17748618,20.12695775,5.40860175
43.15124123,20.07617407,5.40257370
43.12499721,20.02539245,5.39656572
43.09875138,19.97460758,5.39057699
43.07250629,19.92382431,5.38460794
43.04626189,19.87304252,5.37865838
43.02001688,19.82225964,5.37272782
42.99377146,19.77147598,5.36681614
42.96752650,19.72069320,5.36092338
42.94128171,19.66991066,5.35504927
42.91503578,19.61912579,5.34919337
42.88879010,19.56834121,5.34335580
42.86254457,19.51755671,5.33753638
42.83629830,19.46677048,5.33173473
42.81005170,19.41598328,5.32595077
42.78380504,19.36519556,5.32018440
42.75755804,19.31440676,5.31443537
42.73131035,19.26361611,5.30870345
42.70506236,19.21282435,5.30298855
42.67881400,19.16203128,5.29729048
42.65256505,19.11123641,5.29160902
42.62631552,19.06043978,5.28594423
42.60006525,19.00964123,5.28029642
42.57381427,18.95884086,5.27466548
42.54756252,18.90803856,5.26905124
42.52130971,18.85723379,5.26345350
42.49505574,18.80642636,5.25787207
42.46880131,18.75561769,5.25230696
42.44254550,18.70480599,5.24675781
42.41628821,18.65399106,5.24122446
42.39003010,18.60317423,5.23570690
42.36377084,18.55235489,5.23020490
42.33750978,18.50153176,5.22471818
42.31124709,18.45070522,5.21924663
42.28498393,18.39987752,5.21379033
42.25871865,18.34904548,5.20834879
42.23245113,18.29820891,5.20292184
42.20618297,18.24737092,5.19750965
42.17991300,18.19652925,5.19211185
42.15364047,18.14568248,5.18672813
42.12736614,18.09483208,5.18135848
42.10109102,18.04398005,5.17600297
42.07481302,17.99312235,5.17066103
42.04853203,17.94225880,5.16533248
42.02225088,17.89139487,5.16001775
41.99596693,17.84052552,5.15471616
41.96967968,17.78964973,5.14942745
41.94339074,17.73877069,5.14415180
41.91710039,17.68788892,5.13888912
41.89080642,17.63700020,5.13363882
41.86450898,17.58610463,5.12839762
41.83821253,17.53521047,5.12316125
41.81191262,17.48430918,5.11792975
41.78560908,17.43340050,5.11270413
41.75930463,17.38248976,5.10748596
41.73299815,17.33157483,5.10227608
41.70668750,17.28065166,5.09707509
41.68037344,17.22972175,5.09188420
41.65405930,17.17879163,5.08670509
41.62774046,17.12785244,5.08153790
41.60141677,17.07690389,5.07638366
41.57509239,17.02595415,5.07124421
41.54876428,16.97499739,5.06612002
41.52243079,16.92403044,5.06101180
41.49609375,16.87305695,5.05592097
41.46975529,16.82208110,5.05084898
41.44341092,16.77109423,5.04579602
41.41706045,16.72009606,5.04076310
41.39070984,16.66909819,5.03575241
41.36435352,16.61808989,5.03076395
41.33799059,16.56706948,5.02579860
41.31162431,16.51604334,5.02085802
41.28525498,16.46501212,5.01594334
41.25887853,16.41396798,5.01105484
41.23249509,16.36291127,5.00619363
41.20611171,16.31185567,5.00136204
41.17972068,16.26078633,4.99655973
41.15332183,16.20970300,4.99178773
41.12692015,16.15861535,4.98704800
41.10051428,16.10752024,4.98232775
41.07410158,16.05641201,4.97761422
41.04768366,16.00529370,4.97290737
41.02126591,15.95417577,4.96820781
40.99484106,15.90304412,4.96351390
40.96840902,15.85189856,4.95882530
40.94197684,15.80075272,4.95414291
40.91553950,15.74959686,4.94946549
40.88909469,15.69842649,4.94479230
40.86264564,15.64724784,4.94012356
40.83619547,15.59606693,4.93545948
40.80973755,15.54487092,4.93079856
40.78327177,15.49365959,4.92614042
40.75680750,15.44245102,4.92148638
40.73033611,15.39122852,4.91683456
40.70385659,15.33999011,4.91218445
40.67737411,15.28874577,4.90753662
40.65088889,15.23749593,4.90289075
40.62439526,15.18622957,4.89824550
40.59789378,15.13494778,4.89360063
40.57139438,15.08366973,4.88895753
40.54488627,15.03237455,4.88431396
40.51836936,14.98106202,4.87966956
40.49185105,14.92974647,4.87502528
40.46532810,14.87842159,4.87038020
40.43879604,14.82707874,4.86573320
40.41225735,14.77572267,4.86108435
40.38571917,14.72436718,4.85643455
40.35917158,14.67299307,4.85178222
40.33261424,14.62159972,4.84713278
40.30605703,14.57020627,4.84248910
40.27949262,14.51879853,4.83784928
40.25291809,14.46737089,4.83321217
40.22633809,14.41593233,4.82857797
40.19975638,14.36449016,4.82394670
40.17316425,14.31302752,4.81931622
40.14656160,14.26154423,4.81468587
40.11996119,14.21006500,4.81005725
40.09335104,14.15856664,4.80542764
40.06673005,14.10704707,4.80079621
40.04010535,14.05552006,4.79616358
40.01347674,14.00398525,4.79152907
39.98683699,13.95242866,4.78689079
39.96018713,13.90085231,4.78224828
39.93353963,13.84928031,4.77760308
39.90688067,13.79768595,4.77295214
39.88021015,13.74606904,4.76829480
39.85353795,13.69444871,4.76363214
39.82685934,13.64281582,4.75896270
39.80016886,13.59115981,4.75428488
39.77346995,13.53948737,4.74959864
39.74677124,13.48781517,4.74490485
39.72006034,13.43611928,4.74020068
39.69333714,13.38439949,4.73548546
39.66661458,13.33268085,4.73076083
39.63988280,13.28094428,4.72602440
39.61313840,13.22918324,4.72127491
39.58638846,13.17741179,4.71648459
39.55963858,13.12564146,4.71160906
39.53287799,13.07385131,4.70665122
39.50610640,13.02204076,4.70161671
39.47933988,12.97024085,4.69651429
39.45256269,12.91842107,4.69134673
39.42577359,12.86657898,4.68611950
39.39898151,12.81473181,4.68084009
39.37218543,12.76287753,4.67551409
39.34537643,12.71099881,4.67014547
39.31855593,12.65909839,4.66474031
39.29173852,12.60720442,4.65930732
39.26490719,12.55528393,4.65384889
39.23806152,12.50333609,4.64837072
39.21121569,12.45138826,4.64288153
39.18436202,12.39942553,4.63738559
39.15749297,12.34743327,4.63188720
39.13061881,12.29543129,4.62639433
39.10376177,12.24346257,4.62091735
39.07688827,12.19146205,4.61545528
39.04999793,12.13942899,4.61001394
39.02321728,12.08760814,4.60462462
38.99644760,12.03580843,4.59927306
38.96966004,11.98397399,4.59395929
38.94306238,11.93250684,4.58872987
38.91677101,11.88163214,4.58361193
38.89046084,11.83072078,4.57854687
38.86413155,11.77977211,4.57354023
38.83912572,11.73138409,4.56885040
38.81414905,11.68305229,4.56425124
38.78915200,11.63468089,4.55973352
38.76556703,11.58904185,4.55554480
38.74319001,11.54574019,4.55163308
38.72079331,11.50240037,4.54777529
38.69879101,11.45982366,4.54403794
38.68003823,11.42353506,4.54089116
38.66126625,11.38720925,4.53777456
38.64247499,11.35084610,4.53468620
38.62628340,11.31951357,4.53204874
38.61126928,11.29045956,4.52962143
38.59623596,11.26136839,4.52720764
38.58202925,11.23387680,4.52494090
38.57020641,11.21099824,4.52306449
38.55836419,11.18808220,4.52119354
38.54650248,11.16512842,4.51932755
38.53675008,11.14625641,4.51779906
38.52740076,11.12816441,4.51633825
38.51803161,11.11003405,4.51487852
38.50944626,11.09342043,4.51354437
38.50200571,11.07902211,4.51239064
38.49454494,11.06458469,4.51123598
38.48706381,11.05010785,4.51008027
38.48105024,11.03847092,4.50915271
38.47504292,11.02684608,4.50822731
38.46901480,11.01518100,4.50729985
38.46361370,11.00472927,4.50646978
38.45870849,10.99523716,4.50571663
38.45378204,10.98570394,4.50496086
38.44895007,10.97635356,4.50422017
38.44487089,10.96845990,4.50359530
38.44077000,10.96052422,4.50296748
38.43664723,10.95254622,4.50233666
38.43297429,10.94543869,4.50177495
38.42947742,10.93867187,4.50124040
38.42595820,10.93186181,4.50070265
38.42256398,10.92529363,4.50018419
38.41952998,10.91942253,4.49972091
38.41647315,10.91350724,4.49925427
38.41339332,10.90754745,4.49878424
38.41061272,10.90216669,4.49835999
38.40786476,10.89684910,4.49794080
38.40509331,10.89148605,4.49751811
38.40240048,10.88627515,4.49710749
38.39982162,10.88128479,4.49671430
38.39721876,10.87624800,4.49631751
31.14362597,10.88041997,4.59104989
31.17084867,10.91340830,4.58485552
31.15955137,10.89976959,4.58703591
31.20422902,10.95391436,4.58058229
31.18544878,10.93105015,4.58263366
31.22826038,10.98358063,4.57897813
31.24505660,10.97168454,4.55150329
31.85055664,11.53015069,4.49958713
31.94149623,11.46221378,4.46259643
31.83883529,11.32677757,4.45668432
32.05669699,11.93130703,4.54732323
32.11956070,11.88470646,4.51499060
31.97369384,11.69245586,4.50652100
32.53077395,12.24128839,4.49953580
32.65813422,12.14595937,4.45802042
32.49687478,11.93169136,4.44673308
33.10223562,13.18099594,4.58073892
33.19070225,13.11529246,4.54731106
33.02511966,12.89581125,4.53460353
33.51697860,13.54817988,4.57389068
33.64100450,13.45572370,4.53598679
33.47942610,13.23991404,4.52195368
45.18213391,29.30737157,8.02636304
45.16271530,29.28161546,7.99936424
45.15804747,29.28364532,8.00978740
41.65078297,24.49281365,5.81074469
41.60787895,24.52245999,5.83065951
41.72160176,24.67257444,5.85674499
40.98680992,23.29726575,5.58856622
41.11424078,23.20420911,5.56028351
40.99502646,23.04247166,5.53564810
35.34400307,16.14252848,4.79374671
35.42682764,16.08170617,4.76512997
35.27011317,15.87412024,4.74755547
39.16155312,21.19364037,5.32400486
39.11204977,21.22855271,5.34650529
39.24598286,21.40547822,5.36946787
34.63785337,15.03621326,4.67955269
34.75751072,14.94744506,4.64515298
34.59896555,14.73590906,4.62848583
33.97508101,13.53974960,4.50570065
33.81582695,13.32488180,4.49054349
35.59884171,16.59601459,4.85527104
35.65614612,16.55455353,4.82891057
35.50042559,16.34900024,4.81123190
42.68002931,25.75650294,6.04342720
42.62549623,25.79495084,6.06439127
42.72411145,25.92791316,6.09519655
40.37491830,22.47562994,5.46660920
40.50670874,22.37913378,5.43775224
40.38074087,22.20767780,5.41319370
31.59888864,11.32960199,4.52290841
31.66206782,11.28264019,4.48960562
31.58899949,11.18844791,4.48631096
39.29505822,21.37090850,5.34714435
39.36525700,21.32038934,5.32349105
39.23236935,21.14263015,5.30018297
38.82626990,20.59945819,5.23077967
38.92890581,20.52443485,5.20370617
38.79256250,20.34026931,5.18066824
34.95493186,15.45653958,4.71302255
35.07351656,15.36865841,4.67941372
34.91569549,15.15835417,4.66213766
43.96187011,27.21384279,6.46353078
43.88869743,27.10460429,6.41950713
43.80279272,27.16661539,6.45317288
42.09801196,25.08690726,5.91800759
42.15711417,25.04510153,5.89672958
42.04747017,24.89777620,5.86911500
40.02405126,22.20055515,5.44325380
39.95668991,22.24880416,5.46613782
40.08676761,22.42123968,5.49038652
41.36774869,23.99054582,5.71248133
41.30519218,24.03497080,5.73419921
41.42115148,24.18855587,5.75940257
45.14589971,29.24239388,7.94940836
45.16018164,29.23342732,7.93086574
45.12656822,29.18773118,7.88349820
42.55734789,25.42217312,5.95905184
42.47753415,25.47943734,5.98321337
42.58010077,25.61962076,6.01311016
39.37943412,21.58175496,5.39264145
44.93384819,28.87469343,7.56414213
44.96951668,28.84989534,7.53195846
44.92414508,28.78425259,7.47147395
43.99764639,27.64763751,6.69161088
44.03657131,27.62052366,6.66806348
43.96593939,27.52198374,6.61928871
31.68453054,11.44182160,4.52714480
31.74776960,11.39484076,4.49399865
31.27776663,11.00767166,4.54888166
31.31712084,11.05381291,4.54760921
31.35503577,11.02595107,4.51679305
45.06283308,28.87921012,7.55058442
45.01993510,28.81419663,7.49009661
44.26314208,28.00995554,6.89723211
44.29805302,27.98575152,6.87289320
44.23586864,27.89886067,6.82048886
31.34220794,11.12895283,4.57891879
31.36493282,11.11269746,4.54773405
44.82993983,28.64788732,7.35088809
44.79112269,28.67504577,7.38312729
44.83988804,28.74327256,7.44334033
45.09780551,29.20436489,7.92760368
45.13215328,29.24956315,7.97432337
45.13694427,29.24746093,7.96372427
45.04349443,29.07491454,7.76857249
45.06636090,29.05961474,7.74401557
45.02326269,28.99957385,7.68444815
45.20336899,29.34331270,8.07225158
31.25843243,11.02143860,4.57806592
31.29579089,11.06904717,4.57801244
45.07109536,29.14234531,7.84621432
45.08612027,29.13284600,7.82721209
44.86179939,28.82718195,7.52896238
44.88745569,28.80981584,7.50373013
45.05652336,29.15004662,7.87199633
45.10274120,29.20217739,7.91680459
45.19228050,29.32871342,8.05693256
45.17756731,29.30934217,8.03663831
44.82699299,28.84794696,7.57719014
44.77748730,28.78277838,7.51748768
44.83314015,28.84503353,7.56493034
44.92233681,28.97344880,7.69628991
44.87526681,28.91149167,7.63683670
44.72673285,28.71596412,7.45787796
44.27631039,28.12297592,7.00257299
44.21385773,28.04074799,6.94961173
44.96823538,29.03386002,7.75541688
31.39798186,11.20153120,4.58073770
31.46035600,11.28307933,4.58324330
31.53261823,11.37780855,4.58648584
31.61814459,11.49006241,4.59056279
31.72105470,11.62519020,4.59566367
32.47686480,12.61770300,4.63787823
41.09674921,23.94143079,5.77016466
43.94201401,27.68281734,6.74467226
45.21172228,29.35430989,8.08380087
45.21800981,29.36258597,8.09249544
31.15071370,10.88905900,4.58908457
31.84443446,11.78721067,4.60198411
31.99058715,11.97913273,4.60974178
32.15020784,12.18873876,4.61856933
32.31256355,12.40194089,4.62795149
32.64269885,12.83548418,4.64835751
32.80917338,13.05411458,4.65936235
32.97562235,13.27272139,4.67087122
33.14060992,13.48942107,4.68278119
33.30378136,13.70374678,4.69505155
33.46561131,13.91631886,4.70770600
33.62742421,14.12887254,4.72084258
33.78901913,14.34114066,4.73444565
33.95027589,14.55296208,4.74850432
34.11111070,14.76422410,4.76301109
34.27153958,14.97494623,4.77796452
34.43157033,15.18513926,4.79332904
34.59117935,15.39477389,4.80906145
34.75037558,15.60386397,4.82512267
34.90908219,15.81231087,4.84146561
35.06719235,16.01997638,4.85803991
35.22470224,16.22685746,4.87480895
35.38157947,16.43291266,4.89178041
35.53775426,16.63804923,4.90895803
35.69322122,16.84225917,4.92634382
35.84797296,17.04553184,4.94393934
36.00204064,17.24790732,4.96175048
36.15554330,17.44954114,4.97979365
36.30847616,17.65042640,4.99807096
36.46055516,17.85019164,5.01652187
36.61183290,18.04890746,5.03515617
36.76254004,18.24687572,5.05403138
36.91272418,18.44415816,5.07318294
37.06220518,18.64051769,5.09261652
37.21087641,18.83581370,5.11234496
37.35889918,19.03025729,5.13241536
37.50626319,19.22383378,5.15285122
37.65266611,19.41614603,5.17360830
37.79794841,19.60698720,5.19463430
37.94224317,19.79653418,5.21591819
38.08570731,19.98499479,5.23745458
38.22826324,20.17226874,5.25920454
38.36960885,20.35796089,5.28109446
38.50939782,20.54161786,5.30304217
38.64812020,20.72388219,5.32510913
38.78594738,20.90497558,5.34733141
38.92293385,21.08496916,5.36971735
39.05874589,21.26342446,5.39221148
39.19311675,21.43999081,5.41476666
39.32699661,21.61591490,5.43754014
39.46109446,21.79212698,5.46065675
39.59404476,21.96683424,5.48388677
39.72667886,22.14112807,5.50737419
39.85871822,22.31464270,5.53106300
39.98949694,22.48650177,5.55483335
40.11825914,22.65571093,5.57854502
40.24465822,22.82181365,5.60212840
40.36962113,22.98602591,5.62575281
40.49345960,23.14875616,5.64948059
40.61681487,23.31084554,5.67344340
40.73844476,23.47066244,5.69741066
40.85878986,23.62878532,5.72147560
40.97825747,23.78575075,5.74572846
41.21390893,24.09535904,5.79472827
41.33045722,24.24848256,5.81959305
41.44629699,24.40067511,5.84477065
41.56131796,24.55179357,5.87027482
41.67537784,24.70165384,5.89611775
41.78840859,24.85017107,5.92233487
41.90045602,24.99741179,5.94899596
42.01166471,25.14358107,5.97617709
42.12195302,25.28857932,6.00393435
42.23106806,25.43207212,6.03230124
42.33843354,25.57329525,6.06121727
42.44357634,25.71161517,6.09062808
42.54616175,25.84657756,6.12049677
42.64636719,25.97840123,6.15092443
42.74439683,26.10734366,6.18202908
42.84050857,26.23373805,6.21396028
42.93494259,26.35789934,6.24688061
43.02791633,26.48011772,6.28095944
43.11952521,26.60054564,6.31627478
43.20977307,26.71920218,6.35291367
43.29858861,26.83599817,6.39094962
43.38579259,26.95070028,6.43039519
43.47118223,27.06304150,6.47122570
43.55465426,27.17288321,6.51343502
43.63615099,27.28014529,6.55701670
43.71567549,27.38482683,6.60197735
43.79319410,27.48687879,6.64828560
43.86863538,27.58620368,6.69586569
44.01326152,27.77662729,6.79458484
44.08232852,27.86756699,6.84546953
44.14919465,27.95560850,6.89719081
44.33682452,28.20265001,7.05614957
44.39593222,28.28046993,7.11068665
44.45403652,28.35696598,7.16647048
44.51104067,28.43201198,7.22333019
44.56685824,28.50549501,7.28107843
44.62142505,28.57733093,7.33952667
44.67471571,28.64748626,7.39850898
45.01297642,29.09274245,7.81406056
45.11193833,29.19694695,7.90227048
31.42156607,11.18465447,4.54911804
31.48439634,11.26588384,4.55143259
31.55685692,11.36048883,4.55464021
31.64244094,11.47272634,4.55877415
31.74534484,11.60788936,4.56398544
32.33671732,12.38491673,4.59695929
32.83317323,13.03737548,4.62896628
34.13446165,14.74842028,4.73426868
33.97371713,14.53703682,4.71957564
34.77338713,15.58849370,4.79703478
35.40428419,16.41788602,4.86429257
36.33073093,17.63590007,4.97144363
36.48273218,17.83575090,4.99003538
36.63392826,18.03455606,5.00880850
37.38052922,19.01643715,5.10679332
37.23260932,18.82187537,5.08656803
37.81922991,19.59354176,5.16953031
37.67407076,19.40257364,5.14832197
38.39032663,20.34503435,5.25679378
39.61337371,21.95507829,5.46148595
39.74586941,22.12949057,5.48516181
40.75671073,23.45982407,5.67645278
41.11470729,23.93085152,5.74961220
40.99631881,23.77508585,5.72504274
41.57883878,24.54156098,5.85025106
41.46393267,24.39035408,5.82461394
42.02858071,25.13378469,5.95672765
41.91756383,24.98747952,5.92939613
42.13862832,25.27895385,5.98463494
42.94916870,26.34994674,6.22918316
42.85497224,26.22563779,6.19604324
43.04193316,26.47228499,6.26348724
43.13333147,26.59283295,6.29901293
43.31190410,26.82857699,6.37405101
43.48389986,27.05599232,6.45466246
43.64818177,27.27353221,6.54079785
43.72734000,27.37844843,6.58593525
43.87955157,27.58030602,6.68018674
43.95255978,27.67715704,6.72918022
44.09216184,27.86236027,6.83036070
44.02344538,27.77119792,6.77928300
44.15869007,27.95061549,6.88227722
44.34537578,28.19825138,7.04183338
44.40418906,28.27625564,7.09657539
44.46200728,28.35293014,7.15256843
44.57427698,28.50180168,7.26761322
44.62857662,28.57380254,7.32629046
44.58748880,28.49381788,7.25080026
44.68160604,28.64411864,7.38550867
44.73336831,28.71275281,7.44511970
44.74533558,28.70562899,7.42878426
44.69397965,28.63671461,7.36899683
44.88118210,28.90871878,7.62483072
44.92802987,28.97080993,7.68453842
45.01825979,29.09034881,7.80280739
44.97371712,29.03134793,7.74391764
45.19676693,29.32678963,8.04677631
45.21609834,29.35244134,8.07379719
45.20779328,29.34142309,8.06218556
31.46269661,11.15440364,4.51746448
31.40484375,11.08334803,4.51636948
32.01481632,11.96195420,4.57837682
31.86869629,11.76996679,4.57045025
32.17440209,12.17163291,4.58738775
32.66675575,12.81864397,4.61775843
32.50097278,12.60076768,4.60708031
33.16447613,13.47289883,4.65280449
32.99955837,13.25608864,4.64068235
33.32757085,13.68733900,4.66528964
33.48931802,13.90002918,4.67815903
33.65104418,14.11270327,4.69150841
33.81255012,14.32509320,4.70531868
34.29480161,14.95926057,4.74939710
34.45474637,15.16956571,4.76492787
34.61427205,15.37930546,4.78081946
35.09004715,16.00478434,4.83025336
34.93201438,15.79703237,4.81352885
35.24748209,16.21174848,4.84717285
35.71577730,16.82739805,4.89914821
35.56038451,16.62310521,4.88161702
35.87045487,17.03075393,4.91688770
36.02444804,17.23321301,4.93484143
36.17787522,17.43493074,4.95302592
36.93464651,18.43000128,5.04711415
36.78455058,18.23261874,5.02782236
37.08403524,18.62646697,5.06669122
37.52778365,19.21013617,5.12739202
37.96339386,19.78321706,5.19100505
38.10671996,19.97180707,5.21273980
38.24913129,20.15921123,5.23469440
38.66852521,20.71122089,5.30123596
38.52996101,20.52882347,5.27895438
38.80619342,20.89244753,5.32367493
38.94302121,21.07257394,5.34627825
39.07867551,21.25116126,5.36898852
39.21289042,21.42785841,5.39175676
39.34661760,21.60391106,5.41473924
39.48056724,21.78024858,5.43805968
40.00842831,22.47508713,5.53297355
39.87777627,22.30311898,5.50903101
40.13706932,22.64440102,5.55684950
40.26335213,22.81060456,5.58058995
40.38820330,22.97491389,5.60436564
40.51193379,23.13773797,5.62824000
40.63518412,23.29991826,5.65234584
40.87695355,23.61803420,5.70065492
41.23176204,24.08486545,5.77430788
41.34820316,24.23807485,5.79930439
41.69277627,24.69151328,5.87622928
41.80567184,24.84012913,5.90258644
42.35449947,25.56410165,6.04225242
42.24745697,25.42265009,6.01316132
42.45929783,25.70266318,6.07185526
42.56153562,25.83786672,6.10192991
42.66140786,25.96991834,6.13257189
42.75913188,26.09906607,6.16389401
43.22334697,26.71162534,6.33584018
43.39882196,26.94345564,6.41366506
43.56703752,27.16604565,6.49704184
43.80448502,27.48074040,6.63242331
44.28516573,28.11838624,6.98805532
44.22302750,28.03596035,6.93489506
44.49766750,28.33009729,7.11503446
44.47608989,28.34434119,7.13552463
44.53237540,28.41986646,7.19270638
44.78387484,28.77971859,7.50497662
45.06162384,29.14776165,7.86097812
45.20521087,29.32206554,8.03296775
31.52616410,11.23517294,4.51967733
31.78739515,11.57704348,4.53251101
31.91066880,11.73921319,4.53917049
32.21618193,12.14110391,4.55657688
32.37838578,12.35451935,4.56639388
32.54252000,12.57051301,4.57676177
32.87444735,13.00743493,4.59914357
33.04067901,13.22631848,4.61110777
33.20543344,13.44330685,4.62348055
33.36835495,13.65793195,4.63621634
33.85278015,14.29626293,4.67697184
34.01376201,14.50839827,4.69145206
34.17432456,14.71996929,4.70635284
34.49426398,15.14146767,4.73739016
34.81258622,15.56071097,4.76984824
35.12894471,15.97728687,4.80340836
34.97106092,15.76939504,4.78651318
35.44288849,16.39065997,4.83778466
35.28623367,16.18438726,4.82049928
35.75408751,16.80044346,4.87296058
36.06246313,17.20653216,4.90896017
35.90861785,17.00393595,4.89085493
36.21574101,17.40838740,4.92729309
36.52029627,17.80948694,4.96459617
36.36844547,17.60949524,4.94585647
36.67133645,18.00843748,4.98351128
36.82179707,18.20665181,5.00266272
37.26932474,18.79641539,5.06181114
37.41704661,18.99116565,5.08217247
37.85507823,19.56888438,5.14535588
37.71015387,19.37770472,5.12398930
37.99899546,19.75877653,5.16699771
38.14206379,19.94758775,5.18890764
38.42512814,20.32126747,5.23333227
38.28420779,20.13521664,5.21104455
38.56448202,20.50528693,5.25568602
38.70276053,20.68791636,5.27816213
38.84014086,20.86937568,5.30079739
38.97668107,21.04973446,5.32359820
39.51311560,21.75831074,5.41614880
39.64566264,21.93335233,5.43975523
39.77790922,22.10796881,5.46360468
39.90957792,22.28179282,5.48764091
40.04000233,22.45394795,5.51174311
40.16842568,22.62344083,5.53577140
40.29449975,22.78981624,5.55965730
40.41914989,22.95429103,5.58357283
40.54268554,23.11727521,5.60758223
40.66574576,23.27961110,5.63181922
40.78708521,23.43966942,5.65605315
40.90714279,23.59802975,5.68037910
41.14452607,23.91114423,5.72957466
41.02632329,23.75523024,5.70488760
41.26139287,24.06530696,5.75438505
41.49317608,24.37109744,5.80491390
41.37764269,24.21866624,5.77949401
41.83426370,24.82136369,5.88320949
41.87649455,24.79222290,5.86345640
41.94589292,24.96890646,5.91012926
42.05661141,25.11543044,5.93758662
42.16630766,25.26085341,5.96562687
42.27472659,25.40484399,5.99429072
42.38130500,25.54662911,6.02351899
42.58731218,25.82113633,6.08344685
42.48559870,25.68555419,6.05325273
42.68666309,25.95356476,6.11419376
42.78388688,26.08307353,6.14560541
42.97301260,26.33460346,6.21103156
42.87925719,26.20998247,6.17782955
43.06535874,26.45723376,6.24539148
43.15635560,26.57806199,6.28098127
43.24596215,26.69713544,6.31786688
43.33409155,26.81437878,6.35613185
43.42055598,26.92956657,6.39579679
43.50515242,27.04243237,6.43684250
43.66840040,27.26068156,6.52307321
43.82361349,27.46864047,6.61479378
43.85220297,27.44937451,6.59489335
43.77637675,27.34615980,6.54841873
43.74701762,27.36596984,6.56825883
43.89812822,27.56858777,6.66260162
43.97058740,27.66581968,6.71163724
44.10512193,27.71622753,6.71794197
44.06724235,27.74258634,6.74168844
44.13469748,27.83463926,6.79273914
44.04093173,27.76023694,6.76178170
44.10911863,27.85176814,6.81290282
44.23896908,28.02607625,6.91753803
44.17513145,27.94038279,6.86486650
44.30062330,28.10883960,6.97076132
44.41871944,28.26735493,7.07943795
44.36036377,28.18903193,7.02461277
44.51873235,28.42814959,7.20964315
44.64136526,28.56611177,7.30961920
44.79544521,28.77286797,7.48883354
44.89199053,28.90239124,7.60911501
44.84432388,28.83844857,7.54899434
44.93847656,28.96472983,7.66905435
45.02803416,29.08472683,7.78780491
45.17146460,29.27668746,7.98524698
45.19071343,29.30255786,8.01241636
45.21613168,29.33676468,8.04848157
32.70817183,12.78854174,4.58768769
33.69146119,14.08367943,4.66292648
33.52992086,13.87081235,4.64933371
34.33448794,14.93099058,4.72167469
34.65362774,15.35136964,4.75345964
37.12093697,18.60082835,5.04180021
36.97172468,18.40419394,5.02208941
37.56408966,19.18506213,5.10291074
41.76418225,24.64317249,5.83691252
43.58778338,27.15283295,6.47926966
44.98381801,29.02550374,7.72867300
32.36906767,12.02740693,4.48891759
32.27886726,12.09467728,4.52457933
32.44087600,12.30828504,4.53472960
32.77022686,12.74273734,4.55667952
32.85945388,12.67635069,4.52238987
32.69437342,12.45778554,4.51069096
32.60480013,12.52448681,4.54542741
32.93626138,12.96186515,4.56845723
33.26671808,13.39824289,4.59342875
33.59062602,13.82629206,4.61990976
33.42935487,13.61313630,4.60648060
33.75186647,14.03943773,4.63380792
34.07357196,14.46470820,4.66290750
33.91288553,14.25229931,4.64814782
34.23384657,14.67654507,4.67806847
34.39373114,14.88782234,4.69362950
34.55324092,15.09854281,4.70957347
34.87106162,15.51823658,4.74246573
34.71234957,15.30867567,4.72586304
35.02929641,15.72713141,4.75934122
35.18694535,15.93522793,4.77644579
35.96545689,16.96287396,4.86485919
35.81115930,16.75918166,4.84678560
36.42457995,17.56903690,4.92036705
36.50499419,17.51020132,4.89335205
36.35287277,17.30860324,4.87442144
35.89295386,16.69920784,4.81891503
36.11906870,17.16567034,4.88313798
36.27211171,17.36772622,4.90163941
36.80670729,17.91014635,4.93174477
36.91931036,17.82711053,4.90197751
36.76937042,17.62723805,4.88242744
36.57619478,17.76923370,4.93927499
36.72699382,17.96839495,4.95835125
36.87720517,18.16682709,4.97765557
37.17581481,18.56147053,5.01707886
37.02687372,18.36459670,4.99722812
37.32391639,18.75731034,5.03722486
37.47133413,18.95232724,5.05771744
37.76377507,19.33944136,5.09979673
37.90833963,19.53092702,5.12130631
38.33629279,20.09823319,5.18747283
38.19455531,19.91027188,5.16516907
38.05187986,19.72113556,5.14309964
38.47679583,20.28462265,5.20993395
38.61572422,20.46898529,5.23246670
38.75357052,20.65196124,5.25512292
38.89051445,20.83376876,5.27793760
39.02661811,21.01447568,5.30091851
39.42809018,21.54752157,5.37049191
39.49768369,21.49748479,5.34700335
39.56136375,21.72440506,5.39416948
39.69351631,21.89976439,5.41794019
39.82538381,22.07468695,5.44194822
40.21485923,22.59100079,5.51455438
40.34061499,22.75763360,5.53857324
40.46495827,22.92235626,5.56261616
40.53043045,22.87562453,5.54023065
40.58819619,23.08558038,5.58674799
40.77558305,23.20210060,5.58893068
40.86676271,23.13618136,5.56402999
40.74501584,22.97279916,5.53947480
40.71096553,23.24814973,5.61110310
40.83201873,23.40843695,5.63545048
40.95179307,23.56702291,5.65988627
41.07069149,23.72444706,5.68450115
41.13407263,23.67937670,5.66261414
41.01558361,23.52162975,5.63790751
41.18861127,23.88058417,5.70929055
41.25158198,23.83583593,5.68749057
41.53638753,24.34121627,5.78491284
42.20719721,25.23270596,5.94615533
42.31502645,25.37712573,5.97493187
42.42094287,25.51939072,6.00427206
42.52452195,25.65883328,6.03410978
42.82062423,26.05793930,6.12662739
43.10014860,26.43352723,6.22619029
43.00842732,26.31043454,6.19195186
42.91531756,26.18534165,6.15882495
42.96686383,26.14907085,6.13774379
43.19053846,26.55480687,6.26166637
43.27953513,26.67432833,6.29845209
43.45283881,26.90768605,6.37621505
43.36703423,26.79202690,6.33662847
43.61865135,27.13195612,6.45955187
43.53674311,27.02104342,6.41719088
43.58203380,26.98934553,6.39479635
43.49910541,26.87528342,6.35401276
43.69852183,27.24033276,6.50329331
43.89327193,27.42071596,6.57173591
43.81852656,27.31672349,6.52545297
43.92594865,27.54986599,6.64263944
44.19999740,27.92376424,6.84463061
44.32412309,28.09320406,6.95039281
44.44092373,28.25265677,7.05897487
44.38320815,28.17387010,7.00419148
44.66112227,28.55318955,7.28917084
44.60784405,28.48046092,7.23031518
44.55333739,28.40606899,7.17220825
44.71314770,28.62422057,7.34861082
44.76392587,28.69355465,7.40848825
44.81347089,28.76120305,7.46865594
44.90893171,28.89151084,7.58925404
44.95490098,28.95422262,7.64938632
44.99974695,29.01535396,7.70921618
45.10838274,29.11799287,7.80288068
45.18544989,29.26793283,7.96692221
32.21003836,11.81718732,4.47885217
32.06442155,11.62471234,4.46992622
35.58290735,16.28846109,4.78287723
37.61805320,19.14650472,5.07858414
37.98457488,19.47558216,5.09595183
37.84053143,19.28366832,5.07429875
41.98773461,24.94005568,5.89045471
42.87311851,26.02097904,6.10562999
43.23947638,26.52045024,6.24006316
43.74174383,27.21012468,6.48051921
45.14828225,29.17328343,7.85940098
45.20626936,29.25414307,7.94331879
45.18141283,29.21933566,7.90701640
45.20445373,29.29397682,7.99428241
33.35477178,13.33290637,4.56042015
33.67780715,13.76172530,4.58773411
33.83859906,13.97526444,4.60203935
34.15941776,14.40131009,4.63190841
33.99917077,14.18851746,4.61677329
34.47873796,14.82515288,4.66330370
34.31926563,14.61351840,4.64742113
34.79658426,15.24666945,4.69613552
35.11281202,15.66573285,4.73017624
35.73828436,16.49429707,4.80080364
36.04690766,16.90318312,4.83721476
36.31477761,17.02160218,4.82485196
36.20017507,17.10626279,4.85571063
36.65626131,17.71068862,4.91246649
36.95655529,18.10888433,4.95123874
37.25439313,18.50417818,4.99100677
37.10584662,18.30697161,4.97098924
37.40207872,18.70036815,5.01130896
37.69530556,19.09032167,5.05295107
37.54905535,18.89575434,5.03194779
37.65881508,18.81504628,5.00327096
38.41082943,20.04426451,5.16259624
38.26967817,19.85583142,5.14012572
38.96258543,20.78176392,5.25376963
39.06433205,20.70744184,5.22688462
39.09805984,20.96296924,5.27692470
39.46435285,21.24816068,5.29714041
39.33233968,21.06970945,5.27365953
39.63036804,21.67483878,5.37084111
39.72777157,21.60395397,5.34481843
39.76195065,21.85065428,5.39476573
39.89326995,22.02601653,5.41892125
40.28123799,22.54354138,5.49193351
40.40653234,22.71054480,5.51607312
40.89622063,23.36271808,5.61337701
41.34042214,23.77175691,5.66292048
41.71204430,24.44938508,5.78924029
41.79845708,24.38717713,5.76489837
41.68513678,24.23475920,5.73895724
41.59809322,24.29744855,5.76334321
41.82497691,24.60009689,5.81546731
41.91072818,24.53839090,5.79115987
41.93678708,24.74952507,5.84206539
42.13172275,24.83720196,5.84485218
42.02182737,24.68835642,5.81778365
42.26556828,25.19144339,5.92495000
42.37255771,25.33648282,5.95380155
42.75695137,25.70136926,6.01925147
42.77760613,25.89022371,6.07423596
43.14993406,26.39854447,6.20479078
43.05907577,26.27481764,6.17073664
43.32761763,26.64060228,6.27664721
43.41423052,26.75894945,6.31462311
43.66292427,27.10099139,6.43696816
44.35810191,28.06968182,6.92586279
44.41628056,28.15101318,6.97948132
44.51883182,28.19813813,7.00306152
44.46322655,28.11779266,6.94875105
44.52898881,28.30853159,7.09000200
44.63747574,28.46014576,7.20504986
44.58380736,28.38513294,7.14704506
44.68992814,28.53348683,7.26383612
44.74114121,28.60512070,7.32324306
44.97910229,28.93793511,7.62443063
45.09919831,29.03693889,7.71232364
45.05699682,28.97622597,7.65255263
32.19301061,11.52832452,4.42640137
33.15095106,12.80180873,4.49497812
33.31596061,13.02178300,4.50827517
36.61860378,17.42634284,4.86304611
36.46697973,17.22434171,4.84384440
38.09222288,19.39657758,5.06775731
37.94892004,19.20406855,5.04594337
38.12756995,19.66623566,5.11789683
38.37574743,19.77808870,5.11227832
38.23444381,19.58785098,5.08987181
38.51606771,19.96718247,5.13493381
38.68904583,20.41598780,5.20794253
38.55073082,20.23113580,5.18523070
39.19891583,20.88934933,5.25022293
39.98908856,21.95639555,5.39319810
39.85854644,21.78041298,5.36889658
40.15362694,22.37339408,5.46763783
40.49955784,22.64315670,5.49086511
40.63042497,22.54739279,5.46213839
40.62282394,22.80874071,5.51513163
40.65323615,23.03919444,5.56447153
41.48328734,24.14445704,5.73776164
44.17155821,27.80901771,6.76879450
44.47311153,28.23045133,7.03409612
44.73096859,28.50466325,7.23182421
44.67965751,28.43046905,7.17322404
45.01378334,28.91387742,7.59236831
32.33825604,11.72111872,4.43598232
32.83775704,12.01109067,4.40745600
32.98582614,12.58188016,4.48215477
33.65515358,13.10831796,4.47574147
34.12124846,14.09771563,4.58050975
33.96132673,13.88391189,4.56524181
34.28085800,14.31104700,4.59615730
34.44008818,14.52377551,4.61215502
34.92606583,14.82178064,4.60453222
34.76833609,14.60957861,4.58728043
35.54390124,15.99505791,4.73264422
35.38768314,15.78706910,4.71469959
35.70876084,15.87236915,4.69468022
35.55325243,15.66381362,4.67622372
35.69948735,16.20221165,4.75075367
36.00854536,16.61375315,4.78745484
36.17129382,16.49273578,4.75094634
36.01782190,16.28687303,4.73205062
36.92858896,17.50902070,4.84791845
36.77853486,17.30755429,4.82817330
37.06863844,18.02627546,4.92172486
37.21739095,18.22480537,4.94171075
37.51246647,18.61914899,4.98244853
37.36537411,18.42247391,4.96194596
38.65511662,20.15472979,5.15775966
39.34082392,20.78484390,5.21989727
40.11912549,22.13152896,5.41767179
40.25288147,22.03347167,5.38852977
40.12389464,21.85750388,5.36390714
41.10558849,23.45663813,5.61318064
41.22349584,23.61484176,5.63796844
41.57094179,24.08129811,5.71332234
42.56780569,25.19533979,5.90164295
42.46366583,25.04816913,5.87281047
42.34789125,25.13231662,5.90073863
42.45369544,25.27823798,5.92961918
42.95920415,25.75919462,6.02156721
42.86513651,25.62288551,5.99098787
43.14188304,26.02287425,6.08428490
43.05133709,25.89243488,6.05262720
42.94717672,25.96794306,6.08129668
43.03959107,26.09700629,6.11325119
43.22019548,26.34828554,6.17980189
43.49096973,26.52302023,6.22018868
43.40571642,26.40072582,6.18448005
43.30855073,26.47106820,6.21475242
43.48085855,26.71137034,6.28864419
43.39549185,26.59210608,6.25100524
43.56442708,26.82866170,6.32769214
43.65632474,26.76223305,6.29574686
43.57458880,26.64358353,6.25726769
43.64598485,26.94372428,6.36813315
43.72544674,27.05641045,6.40996296
43.95130357,27.37939855,6.54370827
44.10208400,27.42436871,6.55552488
44.03297952,27.32049463,6.50890369
44.09166248,27.58134651,6.63932265
44.02252091,27.48172340,6.59089208
44.23418419,27.62378827,6.65238224
44.16914000,27.52552226,6.60339873
44.15875335,27.67811204,6.68885894
44.22376835,27.77193738,6.73937156
44.41720205,27.90056958,6.80474623
44.35821698,27.81133380,6.75317883
44.28670039,27.86278601,6.79073043
44.34755048,27.95065239,6.84280765
44.40630545,28.03553322,6.89545137
44.57350937,28.27710955,7.05867731
44.62714914,28.35458967,7.11545203
44.68822767,28.31087079,7.07502070
44.78105971,28.57713661,7.29109400
45.18576720,29.06403963,7.73015730
45.14573618,29.00416371,7.67083261
45.17952874,29.15180020,7.82818435
45.14038606,29.09594224,7.77141723
45.21199367,29.19834985,7.87607718
32.82125501,12.36287246,4.46982555
33.80118766,13.66981843,4.55038747
34.61030852,14.39674799,4.57031345
35.39717246,15.45444012,4.65795347
35.23088451,15.57827164,4.69694699
35.86364252,16.08008236,4.71329801
35.85437013,16.40844539,4.76902026
36.16200480,16.81812515,4.80606228
37.07780831,17.70947250,4.86783750
37.80439920,19.01015316,5.02444143
38.66415214,19.85782815,5.10349011
39.59592211,21.42593631,5.32081978
40.24798906,22.30493735,5.44218907
41.34928059,23.52306998,5.60985989
41.23219463,23.36422630,5.58498851
41.45600055,23.92692464,5.68798033
42.24047038,24.98520171,5.87248654
42.65849119,25.56340671,5.98895376
42.85307001,25.83615972,6.05000540
43.13054456,26.22367240,6.14602507
43.87807291,27.27430593,6.49776602
44.29721158,27.71907169,6.70234854
44.47415396,27.98677774,6.85689880
44.83737764,28.53699302,7.24964442
44.78884505,28.46334755,7.19065460
44.87762787,28.71692191,7.41106490
33.49255588,12.88946220,4.46126193
33.00018639,12.22858721,4.42019448
33.32836990,12.66879792,4.44712558
33.16402327,12.44821446,4.43342895
34.13428106,13.75462326,4.52130012
34.29326877,13.96920165,4.53729477
34.45196341,14.18328991,4.55364421
35.24053703,15.24423732,4.63989288
35.08346920,15.03332430,4.62207584
36.62761789,17.10499073,4.80859106
36.47611987,16.90169378,4.78920011
36.32405027,16.69766204,4.76999258
37.22639831,17.90923313,4.88793578
37.37438627,18.10837961,4.90824354
37.81328313,18.70064644,4.97060444
37.66782289,18.50403981,4.94954134
38.24370811,19.28454289,5.03568532
38.10145180,19.09120610,5.01368450
38.38483582,19.47667931,5.05799905
38.93821942,20.23282246,5.14968105
38.80199888,20.04632045,5.12654186
39.07332090,20.41796202,5.17295260
39.20749504,20.60195121,5.19635490
39.99444851,21.68065089,5.33945228
39.60378013,21.14560826,5.26719248
39.73414046,21.32433894,5.29104745
40.87412599,22.87842373,5.51098558
40.75279981,22.71368213,5.48652745
41.46538378,23.68062402,5.63489018
41.58013168,23.83643383,5.66001873
41.69422949,23.99145618,5.68541799
41.80756205,24.14557724,5.71109659
41.91999226,24.29867306,5.73706586
42.03133028,24.45059474,5.76333840
42.14142747,24.60131922,5.78995562
42.35769868,24.89995922,5.84459560
42.25021335,24.75100449,5.81700056
42.76874234,25.48338854,5.96081769
43.31902849,26.27670521,6.15003157
43.23107089,26.15084085,6.11669167
43.81341780,26.99287934,6.37687000
43.73595966,26.87871641,6.33561467
44.52932037,28.07033503,6.90971194
44.58321707,28.15195032,6.96353882
44.63622518,28.23216655,7.01868535
44.88473017,28.60889387,7.30922549
44.93092139,28.67905599,7.36926463
44.97597976,28.74748608,7.42960759
45.10477862,28.94251281,7.61086889
37.52157087,18.30669091,4.92877235
37.95792621,18.89650136,4.99199087
38.52500391,19.66781192,5.08061560
39.47299966,20.96618546,5.24352754
39.86481268,21.50328855,5.31521398
42.66959939,25.34066453,5.93100845
44.73912053,28.38796158,7.13239672
35.88842475,11.58957489,4.30068995
35.91450972,11.39421358,4.29696332
35.75624913,11.46918040,4.28401260
36.02314921,11.48194097,4.31101340
36.05115696,11.63622567,4.31860539
35.94009319,11.76156578,4.31212469
39.67943099,15.67937873,4.89630320
39.53565921,15.56285366,4.87304273
39.53313565,15.72516837,4.87324293
39.72055002,15.52825971,4.90123209
39.63994190,15.40020907,4.88791901
39.35396111,15.70319079,4.84404802
37.62347851,13.75805038,4.56518256
37.61973619,13.94597432,4.56767762
37.74709583,13.88223920,4.58420240
37.79388314,13.76611307,4.58972603
37.49776414,13.85674708,4.55013608
37.47207757,13.99857809,4.55013620
38.23032922,12.30668721,4.62925695
38.13969446,12.48232504,4.62483930
38.29359465,12.40871986,4.64102138
38.10332695,12.30822636,4.61396919
37.98405455,12.37478334,4.60042723
37.94287862,12.54090334,4.59914719
38.92728386,14.36078269,4.77070355
39.06836485,14.24899010,4.79045122
38.95798474,14.20235590,4.77389989
39.11807449,14.37145160,4.79926507
39.00150994,14.51978139,4.78330952
35.44125749,13.04381293,4.36802625
35.63336532,12.96869692,4.36470264
35.51994625,12.87041743,4.35448189
35.58676621,13.13089408,4.37700003
35.77128712,13.11274091,4.37938046
35.07711533,11.05847050,4.21598091
34.96761134,11.15896348,4.21594913
35.12553548,11.19164950,4.22570089
34.99626592,11.02507086,4.20979059
33.91781294,11.06650794,4.19866821
33.80869462,11.19883785,4.21537422
33.99773205,11.20374937,4.21005017
33.83269200,11.03920185,4.19829636
33.93166644,11.41309983,4.23327090
33.77329632,11.40168829,4.23863727
33.62341881,11.33097180,4.23828156
42.64543894,21.22323566,5.47189823
42.65543717,21.40937489,5.47969054
42.75269450,21.29599691,5.49248505
42.79410314,21.38770788,5.50259089
33.81843280,11.56010085,4.25412843
33.94393217,11.59449279,4.25216563
44.05999634,23.50181381,5.81601524
43.94066172,23.57959507,5.80008428
44.10104765,23.60702585,5.82927429
44.01583085,23.72156808,5.82146184
43.96531420,22.82190891,5.75846101
44.08925303,22.77879362,5.77004011
44.03386066,22.71629686,5.75892376
43.92370382,22.71682872,5.74556412
44.74610964,24.37374818,5.98706406
44.85666227,24.29122435,5.99382207
44.72922286,24.27337789,5.97597447
44.82006771,24.21042987,5.98150742
42.63764988,19.62347724,5.38263702
42.59818184,19.54801940,5.37406401
42.56099008,19.62664262,5.38194684
42.50630335,19.59642734,5.37697763
42.48936283,19.52508925,5.36982832
39.67878100,13.73609201,4.79921073
39.58693500,13.72025266,4.80265349
39.62613270,13.79368416,4.80927572
39.54918805,13.79937160,4.81151676
39.48676183,13.77275869,4.80891465
45.49639097,26.20142143,6.30728179
45.55987964,26.10599453,6.30310306
45.47476567,26.10142326,6.28821872
46.13419226,26.93291245,6.56284066
46.06782053,26.95360638,6.55799123
46.10692547,27.00574394,6.57834959
46.16829244,26.97892263,6.58047152
46.17575322,27.02957607,6.59577892
45.69050014,25.90267614,6.29085780
45.64895966,25.96653905,6.29536176
45.72797906,25.94222512,6.30179999
45.71145618,26.01227342,6.31114681
46.52701178,27.52307133,6.81382770
46.61121685,27.51350930,6.82100792
46.57578398,27.47643045,6.80184189
46.59821162,27.56087385,6.83877605
46.55168888,27.60234964,6.84950463
47.50513705,28.89181419,7.78277515
47.43131866,28.90469940,7.78477927
47.48726048,28.93435034,7.81770848
47.45279602,28.97431885,7.84793718
47.38342598,28.97074610,7.83431946
38.27076504,11.45282355,4.58020719
38.31252144,11.39221825,4.57512480
38.25539244,11.39320285,4.57507375
38.33647805,11.43518170,4.57895311
38.33754716,11.48806881,4.58385215
47.57202319,29.25851878,8.12296199
47.55416687,29.21529809,8.08012070
47.53313693,29.25807705,8.11591890
47.49982198,29.22659329,8.08124514
38.42425197,11.26440202,4.55571023
38.38411944,11.25102188,4.55726478
38.38989604,11.29454443,4.56214484
38.43422794,11.30087890,4.55962397
38.40418171,11.32682161,4.56509543
45.90219819,25.68345786,6.26337397
45.86859853,25.70492819,6.26844744
45.90735417,25.71355576,6.27001384
45.87992152,25.74220231,6.27633987
46.76321393,27.41437179,6.79241686
46.80030862,27.40337076,6.78847355
46.78518284,27.38103274,6.77851319
46.74803618,27.37735224,6.77610921
46.11287761,26.11837384,6.36240547
46.14205036,26.10134038,6.35731839
46.12214190,26.08623657,6.35406649
46.08981688,26.09299163,6.35628615
46.10374927,26.07008751,6.35042116
46.41260867,26.82835125,6.56364735
46.37512332,26.83918084,6.56474532
46.41244952,26.85519729,6.57191646
46.38685797,26.87198177,6.57540950
46.73972321,27.17089300,6.68939472
46.75585912,27.15426001,6.68136840
46.73898375,27.15123126,6.68113446
46.71899347,27.15250601,6.68255368
46.70596755,27.17045434,6.69022265
46.71735856,27.19150713,6.69862262
46.79139030,27.29398455,6.74042284
46.79816546,27.27163026,6.73030407
46.77022333,27.28501614,6.73701001
46.77176486,27.25805823,6.72536649
46.79729766,27.25142064,6.72135811
45.27985117,29.32155359,8.00829213
45.30340476,29.32900733,8.01256506
45.30592914,29.30488983,7.98384616
45.28767957,29.29090725,7.97059482
45.26713632,29.30018918,7.98532774
46.38264508,26.69284581,6.52130455
46.41187744,26.68354798,6.51878490
46.39783702,26.66714129,6.51365643
46.37621539,26.66183291,6.51183027
47.71984928,29.14076043,8.03254954
47.71948174,29.16563868,8.05623379
47.73970757,29.15244337,8.04564943
47.73800894,29.13341941,8.02724944
46.72861906,27.08720307,6.65468024
46.71297393,27.07994181,6.65281005
46.71322985,27.09203505,6.65782137
46.72334585,27.10131874,6.66105438
46.73732612,27.09733103,6.65826538
46.62403641,26.94716567,6.60504414
46.60514379,26.94116067,6.60360656
46.61211886,26.95813532,6.60972578
46.59744716,26.95611022,6.60940751
46.58785713,26.95046684,6.60754897
46.59985138,26.85674460,6.57196857
46.59845286,26.84724975,6.56844301
46.58657778,26.85231853,6.57126157
46.58940371,26.86553568,6.57604922
46.57751832,26.86043793,6.57483007
46.57531495,26.86854043,6.57793497
46.50026436,26.63591655,6.49864231
46.51243624,26.64029730,6.49883331
46.51098273,26.63110321,6.49555138
46.50405365,26.64704373,6.50230944
46.49607284,26.64808075,6.50348828
46.48918996,26.64354156,6.50248119
47.91269980,29.36524185,8.27081455
47.92589394,29.36035126,8.26709582
47.91957314,29.35444237,8.26062116
47.92663634,29.35377220,8.26054154
47.91018318,29.35176069,8.25711110
46.67731660,26.95043223,6.60198612
46.66530822,26.94780154,6.60222270
46.66981945,26.95733820,6.60569041
46.65961591,26.95703697,6.60651700
46.65377226,26.95210617,6.60502033
46.65442514,26.94452444,6.60191541
45.23111328,29.37440232,8.09862901
45.22691928,29.36863600,8.09236280
45.22695756,29.37328347,8.10210937
45.22368534,29.36897798,8.09758809
37.78429882,14.04662086,4.59158260
37.91382127,13.89441411,4.60868784
36.88775603,13.62306272,4.47592281
37.03932307,13.61300132,4.49040198
36.90059945,13.46572968,4.47110138
36.94846323,13.75351866,4.48680849
37.77273880,14.49516533,4.59858050
37.87170304,14.46722240,4.61035316
37.74957004,14.39451149,4.59334939
37.83102212,14.58911049,4.60796883
38.21386709,14.85943156,4.66302219
38.05712220,14.83416420,4.64180077
38.08523897,14.98823939,4.64887479
37.94866773,14.72205418,4.62562313
37.91712212,14.89381793,4.62639220
37.09097377,13.82133615,4.50297580
37.23266612,13.70901403,4.51448085
37.22919526,13.88599558,4.51940808
37.32186122,14.02028390,4.53363209
37.36058050,13.86651136,4.53355864
37.28262284,14.18270066,4.53524274
37.45080396,14.16486945,4.55220177
37.59882457,14.30469369,4.57301493
37.43400849,14.35486469,4.55664911
37.63848537,14.52978121,4.58409403
37.74920348,14.23008875,4.58985748
37.61257560,14.11515221,4.57006791
37.72939414,13.68929347,4.57946629
37.68866871,13.59485312,4.57252939
46.43875002,26.83903327,6.56809231
46.38236697,26.93662335,6.59462439
46.39073504,26.96881496,6.60520617
46.42151690,26.94948286,6.60178395
46.38036651,27.00340773,6.61483574
46.42655785,26.98840050,6.61442123
46.35305842,26.87615428,6.57398741
46.38196070,26.90130332,6.58389115
46.34106589,26.91677111,6.58482793
46.28484426,26.93135244,6.58291302
46.25142599,26.97663932,6.59161520
46.29262946,26.98767412,6.60011836
46.21217846,26.99314614,6.59086548
46.25403870,27.04478334,6.61166626
37.52324135,13.58368128,4.54874924
37.45940506,13.41741785,4.53742342
37.35149821,13.55419751,4.52526244
37.62533492,13.43950315,4.56158553
39.19239263,16.69843099,4.83096850
39.27955493,16.81085911,4.84523618
39.36010925,16.69793825,4.85361750
39.29831706,16.92184477,4.85068071
39.40157283,16.84890042,4.86252381
38.86126786,15.99038020,4.77099769
39.00207829,15.98641542,4.79072104
38.91309360,15.82131899,4.77561857
38.92233545,16.13294765,4.78208516
39.53168425,17.05042020,4.88497424
39.41113410,16.98923573,4.86715807
39.42352974,17.14641567,4.87311692
39.27384895,17.05030954,4.85166391
37.42582753,13.72036048,4.53816868
38.28157703,15.04049577,4.67527139
38.39489670,15.14733559,4.69251693
38.49876414,15.01794639,4.70582199
38.39077329,15.27877348,4.69426051
38.54876942,15.19024214,4.71497546
36.95364509,13.94805686,4.49580511
37.88291501,14.18303184,4.60720861
37.88165241,14.32422225,4.60909779
38.04218697,14.23227544,4.63071191
38.28599871,15.19722842,4.67891891
38.13888538,15.16604266,4.65994941
38.22353079,15.35343897,4.67517048
46.28964844,26.84226878,6.55827630
46.30736845,26.88026452,6.57084189
46.32912989,26.84376145,6.56246315
38.46019822,15.65738396,4.71179044
38.47902825,15.51724874,4.71070850
38.30549978,15.57551809,4.69130619
38.55167644,15.78003603,4.72621283
38.59721910,15.62507049,4.72841925
38.38173893,15.41749483,4.69604595
37.99237216,14.56701965,4.62808580
37.92321908,15.11354307,4.63420341
36.78741821,13.74460827,4.47279231
36.76272637,13.53834538,4.46122628
38.04100913,15.29897956,4.65316494
37.15564570,14.00895852,4.51633654
37.08958981,14.17621522,4.51762383
37.77119531,14.74206813,4.60538612
37.73374844,14.94049293,4.60854732
37.57424767,14.75484293,4.58578119
37.40954387,14.56214026,4.56251061
38.13311489,14.69294127,4.64928713
37.24339268,14.37084261,4.53948245
46.34692318,26.80963073,6.55402924
46.37448636,26.80624598,6.55488753
46.36353766,26.78205486,6.54707002
46.39425681,26.81319436,6.55808878
46.39381831,26.78596065,6.54981816
46.34295575,26.96628309,6.59967533
46.32812452,27.02118692,6.61439626
46.07550183,26.90857195,6.54739317
46.21148186,26.93587780,6.57478254
46.25866585,26.80547189,6.54489567
46.20162683,26.82194019,6.54273875
46.24662702,26.87146792,6.56157913
46.14715810,26.82747644,6.53704501
46.17705731,26.87799573,6.55438026
46.11451554,26.87385925,6.54435170
46.05652152,26.86342545,6.53284625
46.33566488,27.31892369,6.71040273
46.30941023,27.35581140,6.71894633
46.37400098,27.37386603,6.73537244
46.33162521,27.25530307,6.68842793
46.27408331,27.30139199,6.69480496
39.53744359,16.91744470,4.88306885
39.66271177,16.84619305,4.90061751
39.54291947,16.73464501,4.88090322
39.70139999,17.01107487,4.90882582
38.98468604,16.46661309,4.79834218
39.11350461,16.56491126,4.81729853
39.13981441,16.42055666,4.81747197
39.27704954,16.53303078,4.83877300
38.02276385,14.40890625,4.62985170
40.12522922,17.88800900,4.98770948
39.99938595,17.91548627,4.97065859
40.07949371,18.02649065,4.98461405
39.90010691,17.85425709,4.95565568
39.88392787,18.01189422,4.95878067
38.73223714,15.57558964,4.74625631
38.72413496,15.75220567,4.74790004
38.82847910,15.42849144,4.75910702
38.63559558,15.46789221,4.73099305
39.40567952,16.40076501,4.85592867
39.26506563,16.38168493,4.83457705
39.18563533,16.26729600,4.82131456
38.05873189,15.52165945,4.66359327
38.51703293,15.36262976,4.71282170
40.25689565,17.84880592,5.00677275
40.16133614,17.73773793,4.99026250
40.39001051,17.88974889,5.02829316
40.36632844,17.71692098,5.02234920
38.65381906,15.89619353,4.74185782
38.52026634,15.94228759,4.72739241
38.71145878,16.08482544,4.75404951
38.15236493,14.51501949,4.64968714
38.27242135,14.59279705,4.66815002
38.32199932,14.45390521,4.67470715
38.32642323,14.72457469,4.67741038
38.42787691,14.57752540,4.69184848
39.02893221,16.28671273,4.79962621
38.76901651,15.91286932,4.75707153
39.08925054,16.13275432,4.80538877
46.41443222,26.88604297,6.58155924
46.41630171,26.91732369,6.59138270
46.37515082,27.05411257,6.62994615
46.32292609,27.07779636,6.63088370
46.36278293,27.09977983,6.64273277
46.28524909,27.11326830,6.63657018
46.21719286,26.76672173,6.53002583
46.30789050,26.80877187,6.55060603
38.39915344,14.87610689,4.68966566
39.75161323,17.65026592,4.93020155
39.87955028,17.72052261,4.94912589
39.87297748,17.55154129,4.94407252
40.01420885,17.79169222,4.96958910
40.02602801,17.62989901,4.96794201
39.70783677,17.50401586,4.92022733
39.83484786,17.37790722,4.93496944
39.56046873,17.46065910,4.90010629
39.57338002,17.63800731,4.90800584
39.27144931,17.27078676,4.85962679
39.59003482,17.18248621,4.89606547
36.75249929,13.94808397,4.48084273
36.64191282,13.60834409,4.45496782
39.14963914,16.88197259,4.83125714
38.99082706,16.68176107,4.80593274
37.18699230,13.49527683,4.50347472
38.49153725,16.13893214,4.73166831
38.33445017,15.95817237,4.70860854
37.97550423,14.06349885,4.61933513
38.65476479,16.31751350,4.75559243
38.81111933,16.50271863,4.77939859
38.85132606,16.30002404,4.77719553
38.39146785,15.78167619,4.70767689
38.19813635,15.75960073,4.68701331
37.86873534,15.33228921,4.63773831
36.90327022,14.15242505,4.50231811
37.70296288,15.14638923,4.61464199
37.53701420,14.95834792,4.59174941
37.37895030,14.75669227,4.56908042
37.21427593,14.56463259,4.54663316
37.05411295,14.36128164,4.52419916
46.44035187,26.81591313,6.56082697
46.41880808,26.80251766,6.55592166
46.46379207,26.80814243,6.55881524
46.44779471,26.79147300,6.55321138
46.41653636,27.02866213,6.62627032
46.44698300,26.86675186,6.57719809
46.44651176,26.89779884,6.58705953
46.45152881,26.92943038,6.59742601
46.44955991,27.01947431,6.62621567
46.47030241,26.99560123,6.61996813
46.45062302,27.05178562,6.63677299
46.48767671,27.03347724,6.63360928
46.38519117,27.14081650,6.65852121
46.40242160,27.09571582,6.64611082
46.41814970,27.06404502,6.63767198
46.18659682,26.73354866,6.51795312
46.18562249,26.68678227,6.50594370
46.13728283,26.72004213,6.50861268
46.22865434,26.71349403,6.51726128
46.33240006,27.13380124,6.64946686
46.00716632,26.91531222,6.53811286
46.09711427,26.83016747,6.53060072
46.21191732,27.32008775,6.69082841
46.25441575,27.36949857,6.71468497
46.27604265,27.24546799,6.67673588
46.21648931,27.23727566,6.66460092
46.28235746,27.18501435,6.65839438
46.14242694,27.30229773,6.67317077
45.80406177,26.23790248,6.36226784
45.74537408,26.20951265,6.34885915
45.72745486,26.27691906,6.35784795
45.72131206,26.15507222,6.33607063
45.66796675,26.21642006,6.33818300
46.24986549,27.43117840,6.73559355
46.17805082,27.38953159,6.70866016
45.59242281,26.18181765,6.32032404
45.64769520,26.13593996,6.32182591
45.58991336,26.24430111,6.33004749
40.01392735,18.18598501,4.98102758
40.12628558,18.29878516,4.99912716
40.19378846,18.16213112,5.00404307
40.15646874,18.41561975,5.00705440
40.29106555,18.32500664,5.02198102
37.82350256,13.63073551,4.59298589
38.23756989,14.17680810,4.66015834
38.13123441,14.08160131,4.64312014
38.38624151,14.12219585,4.68353907
38.29895934,13.99258229,4.66916123
38.55579724,14.87350050,4.71341349
38.64859853,14.93776213,4.72826104
38.72359784,14.80427483,4.73975529
38.67168200,15.05490370,4.73247721
38.80100848,14.93770902,4.75259492
40.40378640,18.48394280,5.04211910
40.25516582,18.47719448,5.02179362
40.29470924,18.58751773,5.03072951
40.13545763,18.57220232,5.01075137
38.71549368,15.17142682,4.73996123
38.83707112,15.08176293,4.75879735
41.01617931,19.45650698,5.15824818
41.15833642,19.56778050,5.18250482
41.19398510,19.39297291,5.18314477
41.17343913,19.70972771,5.18936086
41.29853646,19.66160872,5.20644908
40.55394774,18.62054613,5.06722169
40.39775264,18.64782345,5.04624417
40.47695631,18.78415549,5.06134628
40.28101127,18.75632124,5.03565425
37.30493310,13.37606607,4.51571414
38.86756121,15.62111845,4.76665772
38.99965262,15.66239272,4.78715377
39.00724279,15.50302610,4.78750184
39.06044008,15.74766236,4.79717131
39.15906806,15.61550222,4.81220911
38.68197190,15.30339748,4.73584627
39.51028289,16.25665329,4.87127220
39.33992579,16.25633329,4.84439213
39.25633439,16.11703040,4.83028011
40.62352282,18.76938583,5.08121579
40.72151150,18.68208592,5.09373152
40.73472199,18.82256776,5.09892278
37.81521898,13.46201996,4.59051549
37.54890031,13.27729408,4.54856745
36.61366527,13.43708489,4.44430191
36.60080819,13.75757564,4.46025344
40.98146052,19.14368798,5.14411577
41.04271170,19.30828660,5.15768964
41.13722349,19.23567296,5.17053350
38.06654154,13.79440409,4.63154943
38.10601631,13.93650143,4.63844257
38.25254636,13.77257690,4.66091122
37.94984319,13.71907997,4.61295672
39.65311629,17.34558419,4.90867528
39.76734602,17.20525645,4.92186067
38.19580867,14.34763360,4.65467115
40.26010351,17.99531865,5.00984876
39.06344009,15.86510204,4.79852773
40.39751884,18.13604509,5.03333574
46.45773819,26.96134431,6.60804759
46.16805515,26.77628350,6.52665695
46.29545771,26.76913827,6.53842667
46.33144240,26.77790145,6.54373963
46.23606217,27.12762861,6.63368531
46.22971239,27.17801342,6.64811962
46.35926791,27.19148671,6.67149660
46.18320959,27.09237513,6.61503075
46.25971573,26.74975286,6.52990535
46.11170177,26.78281126,6.52080452
46.04850737,26.80031653,6.51590155
38.53768439,14.72353967,4.70979718
36.47089983,13.55827726,4.44066516
36.75987749,13.32580894,4.45212528
36.56041828,13.94877540,4.46955842
36.29145861,13.62420206,4.43515636
36.41384789,13.77107026,4.45066444
36.11150962,13.59637149,4.42613295
36.18746140,13.81613388,4.44511442
39.99310666,18.38513593,4.98639845
39.73728509,17.82418611,4.93424158
39.16814087,15.96882925,4.81546232
36.26068785,13.41128598,4.41977795
39.46663327,16.56168923,4.86708519
37.16631927,13.30657009,4.49642789
37.03854147,13.40545096,4.48377315
39.40765860,17.47436075,4.88284951
39.48252990,17.31544470,4.88574490
40.04926660,17.40953456,4.96801062
39.09401497,17.08607429,4.83305169
37.72388472,13.29680908,4.57525136
38.93689995,16.90175987,4.80900602
38.77545340,16.71402271,4.78470761
36.92037870,13.28196949,4.46693067
38.61394357,16.52833268,4.76083985
36.70909765,14.13677927,4.48941735
38.45841506,16.33370388,4.73738969
38.29862261,16.14789138,4.71428753
38.14150108,15.95024395,4.69108311
37.99451488,15.74411978,4.66847313
37.83900853,15.53569937,4.64525286
36.86948667,14.34152472,4.51118000
37.67243661,15.34173646,4.62218839
37.50812236,15.15222384,4.59984452
37.34887571,14.95103357,4.57745236
37.18936460,14.74891057,4.55521379
37.02959745,14.54558297,4.53311351
46.18401372,27.16217727,6.63597917
37.40936771,13.27259596,4.52828803
46.47289270,26.79141706,6.55340053
46.45771065,26.82524422,6.56424701
46.47843819,26.82096865,6.56314878
46.47676141,26.90991573,6.59230882
46.47362755,26.88394787,6.58370890
46.47606667,26.86253468,6.57677809
46.38334482,26.75742810,6.54074983
46.35491781,26.75063768,6.53736135
46.48251424,26.93749786,6.60158378
46.46806489,26.84191906,6.56986665
46.26711770,26.71279513,6.52058544
46.26197808,26.67878807,6.51100870
46.29294143,26.72909864,6.52712326
46.29407778,26.69153510,6.51683305
45.91103202,26.11360123,6.35188206
45.86609557,26.08865780,6.34276119
45.85290036,26.12798764,6.34858197
45.84553413,26.05157533,6.33382464
45.81793084,26.09923279,6.33933172
46.40437628,27.24012064,6.69362627
46.01859514,26.75511401,6.50043104
46.07172706,26.73967045,6.50458242
45.99262748,26.84117906,6.51712298
45.99423086,26.78808803,6.50450186
46.02134083,26.70221506,6.48839725
45.96233198,26.73961969,6.48801534
45.96977505,26.66975854,6.47322288
45.96009940,26.59440000,6.45509026
45.88347367,26.67958903,6.46171719
45.50345642,26.02890002,6.28229990
45.52897719,25.97988730,6.27930223
45.47635073,25.94177325,6.26539236
45.57447122,26.01154018,6.29113621
45.56770013,25.92908214,6.27791552
46.11808059,27.21388243,6.64087638
46.03337975,27.28642006,6.64915970
39.83798760,15.62453593,4.91944424
37.13654821,13.12726232,4.48868891
37.04417146,13.24219774,4.47990627
37.09680631,12.96766834,4.48010371
36.97081382,13.08099082,4.46688857
39.17973428,15.79492251,4.81622864
41.79678767,20.68090495,5.31622213
41.75789638,20.56801051,5.30604667
41.63477511,20.66162519,5.29260269
41.80344277,20.46340802,5.30924725
41.65377782,20.45166197,5.28621985
42.41934733,21.35749888,5.43849718
42.52940694,21.33617646,5.45591730
42.45730751,21.20850235,5.43955255
42.49387485,21.47429278,5.45501889
35.94981664,12.99666614,4.37770649
35.79882372,12.89775587,4.36456993
35.62599351,13.28459907,4.39054978
35.80514355,13.32862100,4.39709861
38.00391987,13.38633595,4.61970573
37.88103281,13.30595085,4.59986274
38.17503858,13.31634682,4.64641905
38.03499735,13.19747321,4.62363998
41.29562059,19.52460255,5.20236904
41.41253432,19.40915206,5.21875035
37.28636446,13.19310038,4.50992028
37.44700394,13.09907805,4.53145183
40.86686789,18.76197681,5.11801556
40.98396064,18.84831414,5.13831941
41.04108674,18.68238815,5.14501840
41.02820100,18.97525395,5.14777505
41.15228616,18.85524428,5.16599243
38.61670192,14.55158158,4.72182304
38.71374980,14.65719936,4.73777553
38.80844233,14.53019746,4.75273719
38.87680806,14.66145352,4.76417972
38.38950302,14.28003084,4.68458709
41.59047820,20.10213009,5.26455839
41.62122431,20.25839292,5.27432662
41.76777171,20.13648890,5.29386630
41.46801964,19.95639674,5.24117072
41.42978037,20.17593959,5.24320777
39.95099790,17.22379242,4.95018643
39.87310462,17.09062610,4.93631935
39.91212244,16.93922922,4.94093305
38.84641136,15.23791806,4.76084948
39.66196320,16.56270483,4.89758611
40.85222614,18.94875169,5.11968373
40.63014649,18.93751172,5.08714512
37.97901129,13.55363275,4.61660569
45.64015750,26.05596563,6.30798919
46.32501829,26.74138778,6.53288156
46.49615609,26.96756665,6.61214048
46.42335315,26.77650001,6.54796617
46.40619054,26.76195074,6.54296598
46.12747166,27.06721166,6.59887580
46.44609151,27.09003920,6.64882952
45.70975131,26.08819811,6.32330608
45.76467025,26.11194825,6.33483475
46.43446046,27.13202961,6.66138634
46.42154430,27.18262696,6.67660113
46.38985508,27.30489145,6.71364633
46.11475489,27.12903444,6.61470272
39.79078004,16.84895136,4.92064837
38.50926088,14.42281467,4.70417850
39.35952691,17.66916219,4.88676447
38.42561422,16.52868422,4.74511246
38.26981544,16.33188700,4.72208117
36.84486203,14.52571150,4.52185780
36.68480740,14.32098305,4.50040659
37.64052434,15.53700550,4.63152120
37.79864760,15.73707075,4.65393978
41.11992166,19.84301883,5.18708722
41.29600468,19.82181874,5.21099202
40.49864749,18.31150483,5.05210413
40.56542417,18.45095065,5.06506117
36.01168228,13.40525390,4.40867787
35.94422007,13.58640836,4.42083491
35.97107621,13.18719397,4.39156858
41.26606574,19.99848372,5.21327348
41.44943667,19.76153902,5.23274535
40.76003758,19.13800656,5.11164189
40.55234249,19.14081865,5.08473874
40.69146603,19.32207401,5.10970853
40.88435011,19.31252725,5.13479266
40.83418106,19.48886903,5.13484400
41.00253954,19.65578110,5.16372115
35.97118554,13.74761405,4.43463070
38.11031662,13.64944300,4.63779357
36.36826917,13.97975078,4.46330633
36.60635785,13.26246566,4.43562261
36.46655417,13.31690329,4.42719295
40.41609793,18.95554190,5.06027466
39.74846919,16.71777884,4.91268994
37.65145312,13.12647696,4.56272745
41.18562367,19.06965612,5.17504647
37.83550935,13.15260131,4.59178545
36.31949735,13.15245236,4.40816190
39.82367653,18.21247099,4.96001435
40.39611736,18.00071061,5.03085515
40.21325653,17.56108479,4.99589603
39.66892835,18.03501689,4.93543420
39.51560184,17.85124641,4.91103831
39.32051095,15.98590694,4.83955674
39.43844813,16.08473491,4.85892130
39.58072301,16.40710063,4.88346779
38.11333488,16.13428237,4.69920544
37.95624998,15.93616998,4.67650136
37.48199256,15.33635159,4.60927096
37.32312735,15.13517105,4.58719674
39.20462966,17.48461797,4.86278732
36.82845166,13.15674849,4.45296509
36.52905700,14.15184229,4.48189368
39.05030562,17.29337780,4.83881133
38.89403716,17.10226022,4.81495433
38.74006918,16.90858500,4.79143676
39.29352594,15.87092343,4.83474455
38.58081723,16.72395105,4.76826845
37.16396441,14.93305309,4.56527277
37.00456967,14.72974464,4.54348235
46.50667026,27.00159182,6.62404219
46.49992909,26.89429818,6.58780205
46.48324454,26.77537858,6.54801037
46.49229350,26.78913005,6.55249365
46.50079577,26.77641213,6.54800428
46.46480794,26.77605060,6.54836154
46.50888500,26.83524224,6.56792937
46.49037929,26.83237686,6.56700273
46.49258011,26.84883270,6.57249981
46.50712785,26.94035681,6.60344672
46.50333819,26.91821583,6.59590376
46.52583409,26.95255058,6.60808951
46.53099286,26.92640734,6.59918903
46.40518939,26.73946214,6.53603156
46.52216097,27.02629326,6.63318010
46.48638894,27.07624523,6.64778255
45.87402744,26.01537468,6.32982045
45.87397920,25.97390198,6.32196930
45.82909115,26.00368587,6.32348529
45.91843449,25.99683585,6.32956053
46.48557141,26.80394707,6.55751920
46.47084200,27.21924512,6.69468708
45.69367236,25.83801660,6.28093791
45.74405543,25.87754173,6.29290054
45.77873268,26.04946501,6.32592267
45.79663609,26.16095665,6.34757843
46.44645647,27.34662499,6.73620599
46.05433953,27.07359780,6.58859424
45.94916407,26.80425046,6.50108326
45.90254092,26.87083732,6.50938157
45.90269161,26.77654026,6.48685249
46.01832176,26.99903935,6.56196835
45.88487005,26.57961428,6.44045025
45.92897490,26.51777952,6.43420511
45.84333259,26.50293583,6.41820222
46.31151160,27.41576607,6.74036334
46.30717973,27.50392520,6.77195322
46.38802536,27.45070158,6.76534384
46.30494501,27.60288751,6.80988156
46.38055948,27.57417574,6.81130185
46.08302974,26.67469417,6.49060111
46.22949154,27.63737961,6.81066077
46.21764187,27.56360582,6.77931577
46.12442403,27.63843795,6.79281640
46.19825662,27.47721320,6.74339148
46.10999877,27.45771291,6.72095502
45.64164296,26.30072415,6.34813961
45.54354017,26.31092369,6.33326715
45.60709019,26.39175116,6.35819996
45.43236113,26.31200134,6.31423427
45.49350885,26.41029769,6.34190423
45.40644270,26.03285039,6.26654980
45.70370776,26.36374170,6.36941543
46.08315080,27.37616726,6.68761940
45.99919870,27.65277400,6.77746810
45.89304203,27.59793510,6.73771572
45.89193040,27.77265970,6.81263128
46.02886289,27.53768167,6.73661077
46.02809738,26.63456630,6.47379355
42.90638382,21.87758982,5.53938166
43.04461383,21.89192828,5.56362794
42.96937196,21.73448387,5.54476754
42.78539065,21.95351412,5.52214793
42.94560175,22.01733200,5.55163579
37.77716398,12.97167442,4.58106536
40.70721787,18.51141596,5.08821511
40.86727226,18.58770264,5.11511790
38.34870832,13.26771563,4.67276185
38.21801801,13.16317894,4.65181913
38.47674232,13.17264907,4.68984553
38.36082564,13.05265228,4.67113044
39.00676410,15.32162206,4.78679470
39.17862141,15.40808824,4.81486635
40.54483752,17.96929874,5.05427632
36.69240511,13.12729050,4.43798453
36.80235354,12.95974401,4.44383250
39.45201109,15.87919475,4.86045717
39.94534127,16.74445308,4.94482895
36.51232694,13.09506553,4.42013115
42.64034809,22.03127518,5.50282768
42.65837214,22.18853179,5.51396943
42.81197350,22.13780013,5.53484472
42.47925394,21.93598045,5.47406343
42.47832566,22.13918940,5.48596814
38.51201828,14.14671748,4.70379417
38.50566540,14.00700981,4.70227343
38.59562588,14.25534549,4.71757897
38.68309001,14.06900616,4.73077731
39.00432814,15.13775279,4.78598282
40.68031431,18.33363081,5.08105542
37.87594644,12.68423599,4.59233260
37.77767877,12.57681488,4.57539651
37.72111860,12.77334540,4.56992603
38.02728712,12.67540737,4.61465646
42.41828270,21.64040336,5.45012320
42.31061168,21.46103968,5.42566413
39.57722286,15.97254659,4.88112384
39.62676047,16.10371485,4.88959476
39.73583639,15.95611599,4.90673497
38.93708657,14.80623203,4.77434515
39.15590189,14.82538382,4.80935310
39.07246535,14.65923725,4.79527523
38.98475870,14.96648360,4.78245879
41.90722541,20.57759061,5.32930673
41.92745915,20.76357878,5.33897558
39.78318492,16.40618330,4.91632860
37.25458791,12.97815094,4.50186642
38.13817860,13.48259074,4.64145491
38.47640166,13.82049313,4.69681362
41.44227844,19.58972247,5.22743815
39.87889477,16.56162681,4.93280635
42.07475298,20.83396340,5.36446358
42.16971446,20.96533111,5.38415372
42.24459402,20.77480012,5.39049551
41.95125731,20.98740473,5.35160617
46.50035447,26.87120798,6.58006546
46.53249040,27.06008269,6.64531445
46.47882217,27.11799076,6.66113555
46.42618105,26.75161615,6.54022665
46.44716456,26.76545509,6.54486023
46.35323950,26.71636004,6.52726374
46.53113789,26.97881188,6.61725125
46.32387642,26.70494679,6.52245815
46.53682700,27.00635353,6.62692891
46.19093984,26.63282979,6.49286049
46.14244827,26.64970023,6.49193614
46.22750522,26.66241358,6.50380448
45.93993295,26.96827370,6.54049108
46.47118712,27.16349975,6.67572779
45.76163803,26.44042052,6.39298787
45.67089859,26.44361030,6.37850391
45.82475676,26.78540022,6.47568966
45.77030839,26.69696288,6.44646540
45.68928070,26.51781762,6.39571007
45.84267311,26.41061593,6.39997291
45.80226467,26.33336888,6.37937085
45.71000572,26.80619399,6.46067614
46.13714782,27.53231622,6.75329884
46.45087127,27.40928153,6.75953135
46.01761642,27.16618568,6.60916403
46.45394486,27.28397320,6.71507835
40.14900904,17.21847215,4.98190860
40.50116270,19.32838840,5.08796247
37.96657198,12.99942595,4.61113885
40.62285623,18.15209263,5.06924257
39.16140910,17.67716869,4.86978378
39.00925603,17.48651538,4.84635683
36.81974558,14.70974819,4.53395543
36.66010042,14.50504455,4.51280003
37.13811380,15.11705387,4.57677916
37.29688733,15.31916352,4.59840792
41.78456039,20.32618758,5.30192061
38.42540158,13.62748694,4.68769214
35.81079996,13.51654486,4.41266189
36.13003178,13.04834192,4.39030483
41.48230212,20.51051181,5.26518031
41.50666273,20.35241507,5.26121563
41.35049440,20.35742313,5.24072290
42.11738587,21.11187591,5.38148807
42.28727367,21.12623855,5.40871272
42.01250305,21.18444266,5.36941030
42.16571624,21.29583758,5.39662809
37.58910017,12.93474955,4.55117586
37.91042046,12.82598893,4.60006226
41.21761838,20.18548787,5.21547488
41.07597239,20.02383780,5.18997686
41.29913561,19.24388067,5.19687616
39.18070910,15.21248041,4.81481122
40.93131030,19.85279937,5.16398447
36.13864491,13.24096929,4.40270463
41.59410671,19.84584410,5.25815911
41.66929732,19.97587009,5.27364300
40.12452501,16.88197607,4.97513643
39.34902937,15.49830371,4.84278815
40.85434120,18.39352447,5.11024503
39.69942333,16.25061408,4.90196178
40.79149800,19.67383272,5.13848245
36.17244941,14.05033271,4.46356032
35.98323851,13.94288064,4.45163743
40.52119871,17.80180563,5.04854483
37.41756410,12.86801460,4.52409583
38.70891435,14.39286421,4.73626154
35.79886928,13.69350265,4.42793545
39.31268804,17.86558838,4.89326742
40.03999304,17.06561311,4.96277534
41.63408298,19.67902991,5.26099690
38.85639067,17.29441961,4.82305639
38.70325620,17.10151953,4.79995166
40.27571425,17.36973896,5.00402407
40.35542610,19.14661953,5.06271906
40.21873553,18.95873228,5.03845457
40.07090995,18.77650038,5.01368844
38.24007135,16.51569186,4.73147501
38.08435852,16.31814348,4.70891661
39.92198666,18.59756757,4.98935151
40.41761003,17.50769671,5.02861068
39.77308562,18.41299136,4.96505597
37.61344466,15.72096452,4.64214660
37.45537521,15.52033625,4.62019009
39.62040040,18.22976319,4.94081943
39.47018634,18.04437914,4.91700784
38.54951323,16.90770758,4.77700895
38.39509898,16.71244552,4.75418398
36.50558445,14.33697571,4.49487827
36.34597013,14.18744549,4.47861800
37.92793012,16.12005847,4.68652095
37.77094905,15.92098788,4.66426343
36.97907448,14.91376087,4.55528371
46.38066808,26.72755741,6.53168911
40.59776737,17.63154798,5.05941944
40.64647300,19.49686826,5.11282975
46.50942089,26.78830842,6.55184535
46.51672397,26.77706072,6.54769795
46.52386312,26.76735296,6.54396933
46.51012922,26.76536984,6.54389149
46.48511652,26.73884571,6.53568425
46.46889936,26.73150452,6.53365208
46.47185153,26.75529757,6.54148677
46.48551140,26.72228060,6.53005472
46.50182896,26.79939650,6.55581615
46.50370516,26.81583170,6.56137895
46.52451374,26.90251282,6.59091167
46.51961586,26.88484456,6.58483494
46.52738035,26.86970682,6.57961337
46.55568037,26.97198924,6.61536719
46.55632617,26.99046064,6.62189594
46.57685841,26.97608724,6.61694675
46.54549830,26.96004076,6.61104983
46.40642123,26.71113907,6.52731990
46.42095783,26.65701893,6.51034889
46.39952650,26.64143465,6.50569543
46.56014185,27.00962173,6.62873104
46.57914073,26.99895640,6.62519980
46.59085880,27.04654364,6.64255773
46.56515985,27.04529262,6.64150937
46.57161295,27.06670478,6.64934274
46.54916817,27.02869148,6.63512820
46.58409755,27.10975530,6.66529823
46.58616603,27.14137574,6.67685707
46.61235110,27.12087766,6.67034165
46.55213041,27.12589122,6.66944163
46.55835910,27.09120027,6.65750876
46.52109522,27.10265620,6.65930903
46.26504474,26.63652884,6.49989156
46.50628168,27.18097617,6.68513029
46.51384311,27.14366310,6.67288938
46.52634520,27.21172788,6.69775043
46.54931078,27.16690765,6.68378111
45.77779358,25.97827990,6.31359954
45.82974605,25.94929086,6.31372412
45.63705630,25.83166773,6.27313897
45.66367209,25.76801611,6.26651978
45.59493121,25.79498833,6.26221249
46.50854768,27.37400763,6.75431047
45.46299895,25.77391745,6.24036168
45.41662674,25.70931202,6.22476884
45.35589671,25.79734890,6.22624807
45.54166352,25.75884205,6.24981176
45.51490751,25.66994113,6.23382936
45.90321546,26.05103743,6.33908470
45.80866618,26.60347480,6.43307032
45.76412771,26.53300783,6.41133369
45.70951984,26.60736069,6.41705296
46.09489462,26.60461901,6.47557887
45.94224092,27.06755342,6.56770058
45.83207026,26.98485551,6.52618956
45.71514996,26.93000974,6.49178392
45.71017544,27.04841809,6.52242882
45.58191921,26.51389999,6.37644774
46.42216294,27.51907841,6.79654512
46.28897512,27.69499442,6.84490118
46.20438394,27.70180291,6.83302788
45.79690341,26.87545875,6.49230868
45.62556994,26.87659452,6.46310715
45.67373765,26.70264263,6.43101115
45.56281887,26.76935676,6.42689785
45.92669023,27.23744595,6.61510177
45.92344739,27.33784176,6.64700989
46.02831075,27.44263434,6.70134743
45.99792329,27.38069777,6.67436374
45.91647849,27.46154722,6.68912585
45.83093554,27.38172439,6.64643998
45.60910033,26.97510178,6.48564180
45.52022590,26.98410927,6.47372487
45.53524637,27.09705574,6.50808186
45.64769873,26.56866014,6.39855511
45.61131055,26.63268425,6.40529641
46.13419954,27.75422496,6.84357236
46.03965454,27.72903393,6.81662536
46.04821975,27.82692387,6.86217849
45.82244282,27.54112349,6.70395690
45.41084042,26.13101947,6.28170134
45.31155312,25.98844252,6.24396849
45.30675031,26.10297608,6.25949953
45.25141125,26.22032473,6.26811225
45.36987349,26.21643505,6.28780192
45.32151305,26.30478203,6.29396225
45.19205108,26.36987050,6.28399288
46.09483434,27.91539205,6.91214879
46.14362843,27.84141202,6.88472536
46.11238712,28.02940535,6.97306352
46.19820149,27.92137363,6.93222376
37.54081329,12.76831071,4.54172081
42.87502662,21.28679247,5.51259942
43.68103062,23.20867084,5.73444244
43.52859078,23.24153935,5.71021733
43.68059244,23.39040476,5.74439571
43.81082304,23.15900403,5.75418878
43.70947958,23.06335495,5.73167151
40.15803859,16.54264828,4.97760587
40.03361681,16.49296982,4.95748207
40.02759555,16.60788893,4.95734124
40.27390702,16.47800076,4.99436917
40.15334734,16.35324926,4.97477126
36.63313066,12.97130274,4.42627276
36.97270148,12.86928118,4.46181177
42.49971204,21.77953038,5.46903155
42.63597010,21.63316677,5.48444224
42.63621486,21.85467075,5.49370303
41.93144054,20.39224859,5.32761872
38.40343251,13.44771710,4.68290445
38.27119804,13.56832235,4.66299426
42.32447131,21.29278535,5.42081765
39.08843655,14.10038108,4.79061117
40.14593395,16.69714455,4.97712763
41.03835460,18.47172552,5.14166041
41.44032831,18.79261190,5.21227670
41.30505283,18.78143038,5.19013833
41.32619212,18.92271474,5.19587531
41.22809775,18.67744563,5.17587457
41.58540596,19.34888647,5.24632218
41.49204450,19.23428932,5.22868729
41.68566960,19.22373870,5.26023041
35.94980456,12.81550159,4.36610103
35.83422468,12.70753309,4.35335683
41.84982777,19.96809468,5.30338998
41.93340062,20.07716594,5.31993736
42.01954840,19.95294367,5.33136924
41.93108050,20.22275728,5.32308858
42.09099754,20.09430409,5.34670431
37.27984729,12.78847249,4.50248006
42.43490030,21.05249990,5.43082154
42.34410181,20.93913329,5.41206531
42.57986793,21.06348846,5.45574834
42.52363458,20.89881216,5.44123300
40.34772930,17.19677064,5.01427223
40.23851802,17.05293016,4.99515398
40.31187439,16.91714375,5.00575470
36.50353207,12.89321645,4.41073228
39.36887179,15.29759445,4.84535860
39.48965943,15.40981134,4.86500267
39.56057968,15.26876424,4.87475413
40.84009083,18.17591623,5.10520911
39.16049546,15.02241039,4.81101556
39.18713980,14.51800034,4.81115729
39.25549632,14.66286889,4.82292430
39.92521832,16.24638246,4.93847138
42.79168345,21.78176753,5.51620564
38.53699677,13.32007836,4.70095664
38.27168997,13.41776023,4.66224177
40.76194572,17.99247234,5.09022567
39.83788788,15.79631379,4.92152379
39.63705699,15.82938045,4.89036395
38.65043471,13.88489727,4.72448032
41.76419399,20.83325667,5.31827206
35.63987602,13.46485055,4.40652653
36.06099930,12.89072993,4.37690627
46.51514317,26.85341654,6.57408542
46.42835160,26.72721882,6.53255824
46.35229087,26.68259190,6.51735945
46.54905521,26.94193887,6.60474874
46.44900457,26.74192467,6.53729353
46.49399629,26.76028174,6.54269118
46.32576499,26.66889227,6.51230349
46.29766271,26.65325623,6.50646935
46.23174887,26.61622596,6.49212404
46.20235787,26.59085724,6.48326332
46.15687951,26.58321917,6.47725508
46.50531412,27.31633543,6.73284797
45.87358657,26.27008675,6.37752320
45.88944395,26.34744036,6.39442658
46.51105664,27.26001074,6.71333491
46.03971597,26.56189961,6.45893517
46.46248023,27.46934608,6.78366850
45.91207206,27.15461310,6.58742274
45.84412549,27.19498303,6.58779850
45.59205184,25.85990548,6.27133244
45.52312955,25.84576268,6.25930248
46.39796915,27.66308109,6.85029813
46.23784011,27.79417704,6.87922067
45.91829312,26.43085787,6.41486569
45.87370095,26.18337907,6.36122961
45.63803634,25.88921839,6.28201010
45.37151282,25.91852456,6.24475080
45.43561418,25.85455670,6.24681990
41.43972145,20.69642200,5.27000867
38.09143208,12.84303562,4.62772324
40.45718432,19.51193529,5.09421757
38.36362722,16.89599953,4.76484251
38.20939954,16.69929317,4.74242808
39.27636796,18.04921479,4.90199835
36.95314557,15.09762458,4.56851867
36.79417926,14.89363013,4.54745815
37.42818978,15.70415492,4.63260321
38.51719206,17.09124916,4.78736477
38.67022974,17.28507504,4.81000819
39.57631163,18.42136569,4.94877192
36.83636018,12.74318951,4.44163960
42.23909295,21.66438178,5.42561200
42.35203500,21.81243894,5.44934954
42.76713139,22.30713077,5.53668376
43.01447162,22.18127434,5.57024190
42.91686609,22.29376704,5.55926462
42.89856256,22.44478262,5.56425491
43.09886508,22.39056682,5.59391891
35.45059570,13.24611180,4.38620667
35.23765772,13.00329009,4.36421556
35.27266846,13.20367889,4.38313261
42.08036158,20.66372307,5.35993762
41.72158093,21.02401866,5.32265731
41.85305749,21.19065108,5.34850863
36.18971105,12.86612087,4.38383961
38.79523263,14.22817856,4.74929450
42.11250157,21.50178506,5.39955795
41.97779248,21.34615245,5.37320530
41.75238125,19.82851437,5.28395382
39.95284642,16.40866974,4.94392596
41.39213741,19.08839308,5.20954044
41.16696638,18.55889513,5.16407354
35.79475334,13.87290267,4.44437826
36.38954646,12.98972295,4.40509806
36.27484830,12.97724394,4.39573445
40.71711615,17.80151910,5.08076400
37.59483913,12.60408230,4.54781163
38.16225109,13.01546851,4.64137534
39.81381040,16.10265194,4.91990573
41.60005219,19.48938826,5.25146746
40.60144230,19.68218266,5.11880108
40.47014804,17.33352974,5.03554766
40.31325229,19.33024760,5.06930488
40.16778322,19.14753681,5.04455886
41.57677111,20.86279024,5.29583927
41.01625914,18.27524403,5.13543656
40.02051439,18.96952686,5.02033893
38.05446794,16.50180197,4.72016401
37.74250737,16.10472032,4.67609983
37.89881872,16.30375761,4.69806589
41.30639645,20.53332303,5.24509928
39.87283775,18.78923343,4.99631528
39.72503568,18.60582641,4.97244197
41.16715547,20.37187076,5.21991814
41.02698853,20.20868995,5.19485368
40.88629601,20.03796884,5.16959259
39.32392597,15.10329208,4.83728645
37.13313367,12.81519075,4.48200252
36.63491941,14.68894790,4.52656833
36.48307666,14.51569100,4.50869849
36.33234145,14.36196506,4.49279593
38.56234666,13.50226546,4.70733983
40.74221277,19.86688783,5.14429012
35.63445091,13.64365577,4.42300244
39.12592183,17.86069793,4.87885804
38.97492119,17.67006026,4.85579942
38.82297538,17.47800106,4.83282873
40.61185251,17.43650658,5.05956465
40.29954775,16.78270164,5.00232801
36.16917182,14.25530692,4.48125745
35.98218010,14.16772543,4.47219522
37.39398298,12.64292291,4.51741643
37.58563282,15.90473930,4.65427077
37.27017627,15.50300017,4.61110179
36.65472205,12.78107975,4.42183353
37.11178951,15.30089757,4.58974506
46.54501953,26.88600771,6.58510612
46.52600097,27.44133794,6.78186390
45.99352115,26.52603636,6.44498818
38.67258420,13.40402163,4.72118901
38.73974901,13.54791959,4.73313013
38.71175639,13.26312253,4.72278180
46.50773591,26.75433261,6.54015667
46.49949637,26.74470801,6.53717242
46.51931762,26.75660851,6.54040508
46.51572970,26.74474406,6.53640945
46.52427800,26.82378428,6.56373697
46.52926290,26.83928996,6.56902571
46.54244410,26.82794376,6.56463464
46.59773486,26.96863355,6.61403749
46.58546353,26.96142598,6.61157955
46.48720100,26.74998809,6.53939230
46.49847400,26.72978825,6.53207248
46.55795527,26.92320736,6.59812595
46.52342719,26.81069889,6.55919911
46.56858692,26.95463450,6.60926391
46.35326774,26.65538400,6.50942024
46.58445592,27.08611917,6.65675438
46.51681950,26.80042292,6.55581941
46.30222800,26.61350200,6.49563770
45.83711461,25.89884141,6.30509486
45.84916104,25.85758266,6.29818531
45.80442324,25.85437127,6.29446464
45.84530838,25.82120490,6.29103260
46.57925817,27.02372777,6.63412101
45.78626356,25.91649049,6.30382847
46.55605704,27.28695541,6.72763830
45.98407734,26.46808925,6.43134918
46.11161559,26.53274143,6.46062574
46.66072927,27.54939528,6.84156546
46.03696469,26.42335185,6.42801338
45.98296556,26.41004504,6.41899643
45.95699754,26.35938351,6.40541636
46.56732920,27.38927330,6.76703868
46.19940725,26.55188695,6.47316376
46.23565053,26.57344712,6.48123919
46.46742713,27.59232739,6.83263090
45.82966482,27.10688703,6.55929301
45.25807600,25.88525253,6.22087288
45.94465477,26.16726154,6.36551085
45.23810486,25.75060349,6.20049218
45.16729015,25.81978726,6.19677213
45.48538863,26.62897008,6.38292943
45.39813519,26.73590690,6.39210823
46.35729519,27.77430427,6.89117173
44.18282101,23.49956897,5.83593678
43.96334552,23.44323802,5.79617507
45.42475364,26.51036836,6.34874014
45.53061687,26.90223361,6.45379878
38.97947273,13.61460905,4.76473810
38.92672353,13.72895744,4.76157384
39.07318145,13.69070063,4.77749613
38.86020095,13.62881712,4.75074024
43.91975970,23.12453453,5.77052313
43.92082567,23.23993507,5.77733939
44.02354378,23.15148977,5.78866919
43.86024792,23.02324187,5.75496639
45.96734390,27.96116216,6.91535100
46.47439398,27.75497184,6.90265098
46.32143877,27.89566376,6.94097927
38.59167035,13.18581507,4.70560203
45.35972787,26.40002323,6.31709590
39.43209128,14.85852064,4.85086188
39.45785284,14.98355125,4.85633142
39.57592934,14.86098634,4.86996215
39.33359342,14.78145879,4.83576522
39.31056399,14.92909824,4.83395955
43.26397910,22.30837028,5.61850833
43.18183008,22.20436600,5.59988263
43.39705501,22.31611358,5.64158263
43.34838947,22.18401431,5.62739603
41.30928322,18.53440245,5.18669679
41.21813112,18.42852457,5.17037798
41.14360523,18.33128317,5.15689175
36.34525853,12.82944054,4.39398542
38.59647977,13.66641955,4.71431611
38.61991418,13.77556443,4.71890323
38.75655664,13.73046010,4.73858742
45.82505684,27.28438801,6.61269904
36.23949035,12.72403896,4.38039785
36.09533840,12.72567569,4.36978622
36.21800357,12.56292165,4.37112702
43.38342936,22.91456270,5.66789979
43.57590263,22.94967145,5.70271498
43.50236864,22.74720035,5.67992368
43.43635203,23.08624357,5.68606378
42.08431098,20.48016752,5.35540233
42.24432574,20.56476374,5.38460464
39.22698109,14.21389203,4.81085045
37.99920432,12.20661252,4.59698310
37.84543550,12.28098544,4.57840503
38.04449164,12.04760748,4.59664426
37.86937636,12.07459897,4.57557290
42.08593894,20.29276267,5.35082311
39.91791606,15.95438900,4.93511498
42.77010332,21.49824250,5.50226377
42.84394733,21.61468984,5.51895825
42.92730842,21.44286876,5.52695098
36.94777393,12.46342078,4.44949604
36.85068519,12.58380873,4.43936609
37.00333299,12.65503455,4.46105203
36.73509753,12.62156749,4.42608066
36.05667408,12.53193200,4.35687913
35.96790698,12.66483101,4.35811996
44.42039146,24.86154161,5.97121391
44.49658514,24.97864434,5.99420466
44.57732845,24.85573969,5.99760711
44.46566360,25.13342992,6.00362445
44.64260222,25.02951004,6.02363039
45.21499450,26.00261346,6.22921402
41.37521503,18.38469424,5.19369374
38.90526839,14.07138972,4.76462889
41.03673832,18.10702064,5.13638605
38.82767086,13.39206350,4.74039945
37.19977292,12.63806208,4.48835462
38.30242648,12.83712428,4.65772023
43.30237235,22.43860156,5.63091227
39.49382002,15.13654869,4.86344302
35.65260324,12.75474813,4.34909315
35.46189822,13.42645869,4.40308497
40.03292220,15.81899290,4.94957115
41.81796874,19.69421429,5.29199330
41.80425358,19.53032148,5.28613947
45.71792298,27.19264492,6.56589951
45.77791735,27.47424399,6.67138106
46.45097127,26.71953004,6.53002505
46.53708318,26.85428941,6.57410564
46.54872631,26.86722182,6.57839558
46.56744618,26.93621619,6.60267875
45.94803300,26.02560511,6.33716361
45.96610661,25.99177416,6.33095596
46.43326481,26.70090579,6.52419400
45.87651556,25.92584137,6.31295950
46.05496888,26.48818402,6.44429647
46.33849973,26.62921393,6.50138216
46.26925812,26.59521617,6.48901953
46.56651309,27.20167840,6.69750058
46.55997636,27.23798818,6.71012762
45.94799608,25.96526092,6.32465447
46.59197303,27.43218521,6.78636134
45.93975322,26.29247805,6.38991894
45.93266927,26.22623918,6.37601858
45.96328043,26.06462783,6.34609546
40.92277234,18.01787395,5.11683855
40.91602785,17.86685108,5.11366911
45.19278525,26.11182096,6.24125974
45.15354610,25.91142842,6.20620239
45.07055945,26.01201771,6.20603076
45.70046016,27.48080038,6.66206665
45.69873400,27.62149772,6.71821710
41.57743934,19.09169091,5.24007236
42.18110106,21.85009146,5.42959003
41.39878224,18.64709988,5.20291548
43.13125775,22.04370391,5.58451910
38.20396325,12.67605325,4.63963449
41.94819010,19.79847054,5.31588767
41.11436726,20.55761375,5.22667844
40.41174909,19.69519266,5.10264795
39.97929796,19.15342386,5.02956292
38.33116882,17.07932570,4.77708912
38.17778875,16.88267291,4.75495184
36.76819756,15.07735230,4.56233393
36.60930682,14.87268837,4.54169456
39.53746508,18.60484714,4.95870694
38.78843507,17.66134275,4.84424034
38.93924383,17.85334075,4.86688168
39.42663204,18.23511597,4.92523908
39.08943188,18.04399886,4.88963960
39.23936821,18.23264410,4.91251133
46.50675547,27.66049797,6.86702970
41.92386831,21.53940647,5.37863097
40.83675795,20.22230045,5.17715003
40.97595426,20.39316614,5.20203288
45.32501255,25.67681875,6.20613235
41.65124075,21.21930509,5.32682658
43.58016917,23.10999396,5.71176865
43.96235840,23.86155746,5.82071079
44.09700279,23.82702136,5.84191920
43.78742455,23.88275328,5.79281520
43.91069922,24.03475939,5.82336411
45.06968835,25.83862661,6.18230258
45.21563108,25.62322163,6.18158698
45.12267207,25.71372258,6.17611043
44.98546327,25.71439770,6.15248955
44.89378196,25.56598114,6.11965581
44.81433233,25.73551114,6.12677123
43.68090436,23.73218284,5.76549572
43.75564686,23.57703867,5.76804119
43.57374106,23.57377331,5.73791955
43.84029067,23.47061969,5.77645254
35.13276073,12.69638042,4.33616608
35.09423810,12.88513961,4.35412869
35.27235099,12.79362370,4.34508208
35.05607526,13.04427279,4.37048214
37.84695075,12.43475021,4.58259547
36.56300289,12.55723578,4.40443851
45.07968782,25.55899386,6.15104990
43.21237884,22.59237056,5.62268714
43.14569441,22.76334856,5.62064901
43.31332504,22.74881126,5.64751639
44.10767766,23.97922392,5.85323363
44.05176963,24.18899456,5.85753267
43.85515851,23.72390062,5.79384494
43.78981261,23.27456930,5.75684261
43.38511625,22.58640768,5.65199096
43.23329961,22.88671890,5.64160909
43.34348605,23.25082941,5.68095349
43.23834218,23.07038015,5.65332981
39.97831681,16.08377091,4.94549111
43.03307019,22.60085704,5.59379358
42.83691658,22.62911894,5.56627283
43.46367442,23.40567584,5.70961916
35.38775351,12.88297045,4.35364671
40.44646802,17.01730974,5.02815426
40.45057422,16.85081811,5.02636397
38.86098654,13.89321658,4.75584435
43.08521220,22.93632259,5.62180250
42.96347643,22.78415031,5.59427331
40.54690186,17.17040327,5.04585841
42.41302220,20.79851869,5.41961494
42.40256332,20.64279215,5.41338669
40.65450806,17.28590054,5.06418385
40.76283123,17.49499970,5.08413326
42.24452542,20.37237935,5.37947435
42.71297793,22.47676077,5.53922706
42.59352664,22.32705049,5.51335907
40.69643166,20.04990930,5.15235389
40.26890106,19.51358900,5.07794946
40.12509385,19.33161472,5.05350475
36.31144909,14.52668548,4.50706040
36.18855619,14.40827343,4.49531642
35.78717790,14.07843277,4.46432718
41.74185764,19.37874354,5.27265284
42.05503532,21.69718983,5.40438051
37.71328769,16.28825093,4.68944065
37.55709434,16.08831882,4.66787423
37.40029034,15.88778007,4.64646684
38.02366705,16.68524222,4.73296276
37.86881053,16.48724023,4.71113713
39.83242465,18.97284535,5.00576593
41.52232618,21.05117828,5.30169253
39.38899142,18.41873221,4.93548180
41.78969174,21.37454510,5.35244463
41.38687019,20.89045694,5.27669902
36.92676255,15.28132430,4.58314462
36.45579033,14.68467197,4.52285040
41.17135597,18.19360510,5.15895367
40.87934453,17.73159923,5.10587542
36.48389548,12.73135483,4.40245276
41.50921692,18.93213886,5.22596505
38.63663665,17.46845297,4.82171928
38.48403516,17.27458037,4.79933855
37.68496045,12.40030633,4.55785883
41.25045214,20.71943897,5.25120566
35.45724131,13.60595545,4.42071606
35.61807410,13.82404339,4.44061930
37.24291227,15.68666220,4.62522603
37.08501180,15.48457797,4.60412257
45.97501263,26.11841234,6.35799317
45.91624949,25.94983782,6.32002049
46.16465687,26.53099244,6.46520019
46.52751983,26.78819732,6.55115771
40.80144927,17.63042933,5.09218787
40.55418119,19.86688506,5.12693514
46.55704082,27.33802720,6.74661687
40.10799658,16.14539419,4.96540713
42.31395049,21.99644517,5.45559813
46.50902366,26.73490123,6.53331635
46.51231180,26.72366273,6.52917313
46.52109670,26.73242180,6.53170599
46.53396219,26.80161183,6.55562301
46.52944095,26.77661092,6.54696420
46.54913728,26.90625938,6.59220261
46.57202389,26.90659637,6.59192375
46.58363275,26.93898500,6.60343603
46.58001282,26.92278147,6.59760100
46.61644489,27.04725232,6.64301228
46.62749823,27.06294288,6.64888452
46.64124121,27.04830332,6.64318414
46.62979091,27.08190442,6.65603167
46.64622909,27.06846872,6.65084075
46.54482383,26.79208901,6.55167158
46.60690216,27.02806319,6.63589314
46.59940290,26.98553153,6.62023690
46.37143468,26.63594106,6.50398202
45.99268336,26.02165582,6.33833928
46.00854054,26.05147384,6.34540129
46.03350673,26.02992887,6.34109651
46.00497514,25.98452320,6.33039153
45.98637449,25.95570975,6.32367834
46.15728065,26.48713673,6.45390779
46.20154399,26.50691957,6.46193549
46.20782709,26.44894931,6.44747977
46.11325120,26.47351767,6.44694657
46.59883888,27.26166395,6.72195211
46.60873186,27.35176964,6.75691501
46.60219869,27.30661564,6.73912138
46.62067846,27.39233630,6.77375464
46.65670906,27.35978093,6.76399215
46.60378458,27.06887901,6.65093199
45.88410969,25.83460521,6.29539105
45.87952813,25.88025745,6.30427038
45.97719007,26.20199631,6.37542584
45.98502564,26.24966392,6.38595921
46.02861247,26.21256202,6.38160207
46.58085325,27.65431667,6.87563716
46.56695542,27.71512558,6.89996190
46.64104306,27.68221036,6.89624130
46.56389700,27.94331953,7.00629691
46.60708944,27.98897942,7.03662532
46.65011337,27.94470770,7.02123560
46.65579423,28.03785027,7.07017359
46.60014185,28.11159985,7.10025813
46.59420680,28.20817587,7.15331213
46.68088501,28.14415585,7.13215096
46.56141115,28.03342116,7.05180313
46.50859854,28.13447072,7.09672998
45.09430572,25.31010205,6.12742625
45.01047296,25.23743753,6.10618007
44.98336443,25.39754576,6.11734657
45.14603909,25.19760859,6.12415523
40.34215078,16.26733462,4.99952951
40.33025945,16.38733642,5.00071416
40.47349641,16.35369964,5.01774026
40.25007851,16.18674436,4.98578800
41.52614233,18.57223796,5.22032448
41.45406893,18.49328400,5.20787670
41.64242381,18.57985822,5.23627152
41.59155726,18.46601063,5.22568990
43.98118254,23.34083465,5.79327905
43.86114136,23.36280189,5.77403655
44.06303360,23.26072343,5.80172825
45.44438058,26.84213911,6.42486832
45.69749345,27.36466072,6.61918351
40.40890532,16.48447534,5.01340803
40.49237017,16.57995290,5.02668788
40.55157695,16.46839758,5.03039037
40.45845561,16.71226109,5.02506482
40.59981855,16.64804523,5.04200330
45.33100593,26.84127431,6.40731307
45.28758144,26.91498439,6.42042830
45.39897096,26.96172621,6.44910261
45.22336115,26.73677190,6.36587644
40.80898949,17.23703923,5.08567403
40.72488687,17.14508777,5.07183637
40.90277857,17.29141641,5.09959609
40.92550370,17.19256832,5.09905016
41.01444708,17.41032603,5.11736406
40.89186358,17.39873035,5.10110923
40.90952577,17.51190227,5.10628391
40.77143412,17.35822527,5.08303485
38.16024689,12.15997012,4.61477845
38.37373013,12.30075523,4.64413085
42.98077341,21.58322098,5.54108321
41.05865089,17.95500869,5.13728293
41.06708641,17.83912915,5.13622151
41.21350410,18.03215014,5.16178233
41.00894985,17.73587796,5.12552342
40.95351757,17.62335244,5.11506078
39.85727947,15.49591479,4.91993188
39.96175546,15.54431993,4.93438581
39.96361774,15.39778430,4.93048365
42.14842279,19.93969613,5.35193218
42.11880991,19.82013536,5.34382933
42.25066908,19.99702230,5.36960243
42.26248094,19.83414555,5.36568352
46.26597355,28.06486451,7.01699475
44.21471823,24.22989924,5.88821602
44.22388512,24.10646976,5.88161601
44.30068007,24.29890315,5.90785693
44.34583186,24.18484283,5.90796251
42.66526427,20.81068391,5.46168019
42.56463006,20.71427783,5.44227432
42.79135208,20.83150500,5.48181349
42.75198625,20.70363225,5.47060923
40.70260747,16.79330355,5.05891947
40.58525024,16.77060897,5.04372695
40.59403317,16.89751409,5.04797955
41.18483551,17.88796206,5.15403014
41.32539286,17.92538452,5.17314312
41.85610048,19.26257938,5.28769466
41.91096201,19.38864016,5.29951669
42.00894887,19.28268780,5.31002276
38.89889070,13.52220978,4.75264611
39.02693753,13.52376897,4.76646185
40.10944286,15.96853430,4.96269514
39.63493397,15.13789012,4.88344672
39.60687195,15.00940743,4.87723602
39.73692908,15.23058118,4.89877295
39.77334446,15.02819026,4.89775653
42.26350628,20.17444699,5.37705303
44.86794135,25.27641489,6.08535049
44.73040286,25.29957892,6.06381867
44.80194907,25.42084471,6.08833512
44.61019918,25.22540036,6.03625278
44.60127336,25.41791455,6.05502991
38.34994823,12.67243556,4.65856979
38.31025417,12.53729215,4.64845083
38.46447773,12.72396929,4.67435107
38.46702826,12.55637304,4.66689683
44.41186640,24.56900835,5.94649126
44.34439503,24.41889950,5.92384346
44.24227582,24.54968745,5.91601088
44.45590128,24.29004019,5.93410681
45.13785611,25.40848405,6.14485875
35.45624441,12.70521585,4.34000853
44.77029355,25.15717828,6.05720537
34.52590844,12.62106100,4.34106888
34.55139959,12.75099894,4.35455173
34.67908206,12.59962466,4.33353917
34.40324703,12.56124930,4.33957191
34.39522439,12.72297347,4.35868511
41.54184779,18.68041473,5.22546670
41.82906568,19.13521863,5.27999802
45.29387263,26.49267955,6.32357783
36.36935289,12.62877189,4.38743968
40.32124683,16.61639741,5.00344354
39.39079532,14.51540737,4.83852409
45.69852735,27.83278092,6.81417353
45.76827449,27.95942870,6.88717931
45.53749381,27.81805105,6.78821921
45.58822450,27.97393542,6.87452406
42.69088360,20.93631349,5.47016219
38.56819914,13.04929683,4.69878136
38.67904088,13.13027299,4.71481017
35.58244446,12.57154666,4.33351347
35.45174914,12.48249587,4.32280673
37.10448863,12.49536336,4.47209558
37.09138056,12.31167173,4.46690277
35.73016796,12.55118647,4.33825454
43.68634041,22.79267308,5.71359754
37.27213193,12.44027074,4.49584058
41.95850526,19.62613731,5.31330029
46.41965046,27.85372806,6.93825952
39.39307275,14.66851182,4.84218824
39.47513045,14.75162720,4.85467045
41.09439828,17.62576002,5.13440063
39.03378098,13.95110056,4.78033708
42.40959263,20.45471922,5.40897446
36.75140309,12.43621520,4.42309506
35.28336022,13.39104273,4.40161616
42.52794401,20.55554731,5.43112853
46.56361889,26.87494124,6.58073405
46.56509936,26.86330111,6.57645668
46.45476186,26.70261999,6.52443042
46.54773143,26.84117377,6.56915950
46.55542025,26.85366215,6.57335108
46.56218294,26.89501827,6.58799597
46.56585879,26.88525558,6.58438514
46.53849594,26.81411069,6.55986758
46.60774664,27.09582831,6.66094500
46.47092819,26.71126682,6.52685048
46.45221736,26.68641068,6.51916713
46.59314074,27.17615579,6.68992268
46.33306064,26.59327202,6.49084373
46.30435849,26.57670694,6.48541331
45.95975232,25.92809224,6.31712610
45.92298720,25.90059978,6.31025253
46.35499396,26.60091900,6.49337291
46.62688799,27.46453292,6.80300916
46.27185567,26.55626326,6.47858702
45.76209948,25.80702967,6.28265146
46.60387667,27.21576691,6.70518354
46.00009961,26.16405039,6.36926873
46.23865355,26.53218970,6.47059358
45.61264143,25.70978502,6.25181936
45.99808668,26.30639092,6.39901510
46.02632599,26.36351813,6.41395397
45.41761327,25.61751957,6.21319073
46.01146615,26.08406919,6.35267357
46.51257706,27.86227296,6.95824895
46.62168269,27.85075299,6.97064805
46.44108580,27.99394801,7.01048614
42.81114088,21.18098367,5.49831147
41.56122877,18.79191433,5.23110085
41.67256531,18.96655012,5.25220036
46.63803394,27.42604256,6.78872550
46.09411173,26.43042283,6.43525027
43.26543601,22.09718580,5.60962849
43.28994051,21.99055119,5.60905457
46.56072200,27.78532211,6.93044354
38.48984445,12.88678273,4.68366701
45.33184505,26.61102538,6.35385324
45.15592924,26.56063208,6.31617992
44.96807821,26.15529365,6.21192250
45.12210625,26.19553689,6.24265477
44.93219165,25.87337594,6.16391281
43.38537809,23.59027929,5.71088250
41.59882411,21.40392488,5.33527088
45.03061163,26.29212756,6.24495956
44.98379803,26.44813579,6.26838945
43.49193325,23.75010186,5.73818414
43.26689164,23.43293564,5.68248087
41.33619815,21.07509767,5.28567253
43.02143883,23.11920695,5.62577628
44.29233204,23.97906034,5.88513800
44.36057277,24.07470180,5.90306709
44.15739782,24.37070140,5.88828420
43.13486973,21.76272640,5.57378886
45.57302847,27.25749278,6.56390368
45.38841712,27.26120327,6.53963621
40.78515836,20.40601412,5.18696991
40.64652616,20.23247623,5.16241947
39.93622238,19.33694588,5.04080155
40.08033587,19.51529485,5.06451833
39.79088084,19.15618702,5.01720108
38.45029727,17.45771758,4.81293512
37.68319014,16.47155463,4.70425641
37.52779268,16.27168556,4.68294322
36.27980896,14.68863377,4.52208110
36.13983481,14.54864354,4.50867339
44.90769814,26.01593839,6.18059592
44.75389351,25.93540062,6.14561840
37.99194515,16.86844997,4.74727727
41.05866979,20.74264603,5.23574577
39.68513262,18.78936776,4.98210818
39.34990226,18.60204143,4.94750470
39.49737301,18.78806152,4.97049674
42.76911565,22.80777001,5.56997555
42.89408121,22.96881343,5.59792262
42.51973714,22.50782284,5.51704872
41.86234701,21.72160313,5.38541389
41.99568791,21.88297355,5.41140847
40.22306891,19.69668306,5.08875500
40.36454490,19.87810089,5.11325150
34.93800751,12.78401387,4.34644424
34.72896592,12.76477691,4.34954704
34.75394640,12.94379294,4.36812888
35.02086223,12.60986901,4.32862239
34.86555915,12.59996327,4.32940773
35.29456125,12.59796299,4.32854706
42.26726297,22.18667662,5.46373192
43.66478803,22.63882530,5.70194434
45.22310698,25.49602574,6.16842620
44.73733188,24.85448835,6.02530367
44.84452122,24.98952877,6.05516846
44.92055605,25.13104100,6.08085151
44.32695958,24.71370529,5.94322615
44.56611254,24.57030382,5.97339816
44.50499669,24.43846481,5.95313041
44.49647215,24.70947480,5.97188500
44.67041886,24.70071778,6.00138548
44.04981675,24.54776093,5.88497262
43.94352980,24.37788933,5.85450467
44.71188647,25.58013668,6.09125521
45.83097866,28.11596376,6.98081560
45.32334012,25.56659194,6.19260403
44.16343183,23.72350518,5.84697769
44.24183806,23.84379097,5.86781946
39.97990350,15.67652496,4.93970660
44.24063834,24.87618309,5.94364239
44.34708486,25.02130892,5.97395972
42.74218355,21.06488964,5.48294613
39.29048957,14.37232393,4.82257415
41.71632870,19.08634691,5.26186051
41.28046117,18.28495908,5.17737886
39.03805114,13.81638240,4.77753261
40.24862662,16.05069478,4.98241336
42.09120304,19.68167063,5.33542371
43.09012456,21.62399832,5.56078696
43.20455593,21.88922110,5.59058313
42.38549056,20.27909078,5.39958163
35.09082646,13.18318077,4.38400949
35.15422136,12.51398267,4.32003820
40.64625558,17.02397412,5.05808315
43.45675462,22.43775855,5.65732634
44.14596243,24.71218914,5.91408256
43.54263424,22.55640031,5.67751682
43.83606875,24.21999264,5.82542763
43.71702094,24.06164390,5.79510101
43.60405938,23.90506082,5.76630060
42.12330235,22.03799209,5.43672325
43.14683504,23.27416098,5.65414326
37.47694530,12.44260078,4.52703782
42.39816172,22.34603823,5.49062387
40.50748940,20.05123367,5.13748994
39.80295846,15.38474291,4.91056106
40.92251350,20.57715153,5.21149989
38.29790830,17.26243235,4.79091511
41.19649099,20.90536137,5.26019122
41.73050845,21.56073026,5.35999489
43.75376853,22.92522751,5.73190941
35.10165245,13.36053250,4.40242914
34.91879205,12.99107485,4.36810464
34.91962186,13.16239718,4.38644151
35.59937343,14.01450687,4.46037715
37.05769355,15.66807178,4.61992191
36.89993979,15.46485035,4.59917035
35.89570972,12.52845711,4.34585022
42.64329878,22.65993465,5.54334204
36.74177701,15.26090137,4.57858136
36.58329347,15.05626106,4.55816307
35.99876197,14.39108800,4.49381468
37.37168055,16.07119841,4.66178635
37.21495075,15.87011845,4.64078914
37.83791066,16.67049406,4.72570189
39.64447515,18.97267909,4.99372038
39.20150410,18.41583689,4.92479753
39.05227028,18.22709114,4.90216474
36.42807433,14.86110424,4.53890331
38.90261072,18.03638236,4.87964983
38.75259817,17.84440595,4.85728308
46.60477684,27.00633489,6.62786659
46.43544381,26.67568459,6.51606710
38.60192491,17.65157216,4.83505573
46.53233508,26.75818681,6.54021291
46.52691940,26.74955542,6.53746336
46.52941794,26.74070868,6.53410602
46.57098341,26.85245149,6.57222756
46.58092127,26.87854270,6.58135598
46.57753991,26.89184389,6.58637783
46.59384245,26.88673672,6.58374416
46.59818642,26.91698314,6.59485278
46.58844601,26.90962014,6.59250403
46.60252416,26.90507165,6.59016717
46.59001874,26.89861043,6.58836997
46.48022855,26.67026981,6.51250528
46.49297225,26.67148099,6.51206889
46.48684379,26.65673807,6.50734481
46.48096534,26.68269849,6.51673765
46.55400176,26.81681163,6.56010666
46.56420367,26.84177221,6.56866365
46.45033161,26.64002104,6.50387566
46.43546908,26.64250423,6.50530702
46.44227967,26.65610223,6.50952072
46.42425286,26.63290757,6.50255622
46.61998622,26.98877863,6.62103477
46.45427157,26.66869815,6.51325048
46.41244249,26.58285488,6.48684805
46.39917911,26.59146964,6.49006681
46.41253994,26.59913999,6.49208109
46.42154748,26.56692085,6.48118031
46.39913909,26.57069341,6.48348499
46.67880722,27.08059452,6.65480098
46.66385171,27.07194796,6.65184404
46.65666458,27.08938575,6.65877732
46.48787584,26.70801345,6.52507533
46.63025217,27.03112016,6.63683005
46.62267548,27.01658330,6.63146516
46.62875198,27.00258310,6.62602152
46.39211303,26.61291505,6.49691877
46.36740747,26.61401713,6.49735693
46.03836886,25.93354130,6.31819433
46.01355841,25.93644557,6.31936687
46.02096873,25.95720711,6.32416924
45.99577266,25.92380164,6.31653990
46.66173432,27.14440494,6.68010224
46.63975616,27.12735075,6.67333472
46.62489451,27.15049785,6.68176958
46.63473634,27.10545386,6.66497197
46.35701078,26.57734336,6.48634875
45.87443951,25.80055010,6.28820805
45.90671735,25.80065599,6.28894871
45.89180492,25.77209862,6.28274043
46.67040984,27.39874263,6.78058261
46.41475371,26.61765715,6.49794127
45.71609789,25.72506557,6.26479008
45.76574924,25.73683174,6.27064679
45.75162203,25.69257617,6.26188122
45.72067465,25.77452918,6.27343443
46.07474927,26.38761303,6.42381675
46.08624706,26.34274808,6.41459258
38.37258936,11.39412021,4.57411726
38.22304990,11.35821797,4.57174511
38.16718353,11.34189624,4.56914272
38.18934306,11.41468507,4.57512982
38.21984863,11.30041792,4.56699522
46.63830210,27.24353881,6.71759063
46.63796913,27.28074982,6.73186397
46.37899648,26.59087997,6.49028746
45.67748690,25.70487733,6.25797727
45.81407174,25.80444660,6.28606503
45.80878434,25.76315411,6.27810079
46.63805166,27.61155107,6.86517578
45.61234818,25.63190550,6.24008636
39.17758676,13.75862689,4.79047089
39.28661585,13.71728242,4.79704945
39.21449696,13.62509414,4.78705724
39.39623290,13.73265533,4.80358612
39.35016009,13.64135652,4.79533852
44.38003952,23.76526451,5.88472138
44.28249213,23.71871267,5.86630352
44.46656119,23.70528515,5.89231952
44.37898789,23.64057914,5.87527536
45.52302316,27.38409835,6.60082774
40.61493334,16.55028377,5.04028108
40.68347157,16.46945683,5.04323731
39.08893082,13.59578177,4.77534899
40.68256760,16.69815589,5.05320211
40.78588760,16.69655243,5.06336678
40.73974743,16.58243286,5.05366457
42.11931300,19.46747193,5.33186468
42.06441138,19.38668521,5.32140107
41.99216059,19.49084129,5.31471752
42.19568448,19.39308299,5.33768439
40.86927871,17.11790696,5.08979189
41.00402574,17.09617654,5.10285270
42.29794728,19.59493365,5.35957335
42.18661119,19.60854457,5.34647290
42.21831718,19.70244388,5.35448706
42.09776558,19.56138882,5.33242469
40.99081141,17.32563111,5.11153829
41.09757350,17.31435192,5.12240819
41.03506420,17.21909566,5.11182464
41.36421922,18.02761793,5.18160734
41.46331234,18.08674216,5.19537879
41.48407462,17.95615265,5.19095688
43.39722532,21.95799866,5.62451590
43.34494060,21.87719541,5.61249605
43.50230035,21.99221522,5.64173581
43.46425709,21.87321005,5.62952320
43.58489498,22.08730114,5.65876007
43.46173455,22.10365619,5.64183844
43.49135223,22.20201884,5.65149054
43.37776480,22.05650322,5.62632013
39.24779305,13.92599336,4.80396757
39.15683938,13.87587545,4.79283907
39.15881922,13.97760756,4.79629982
39.36724160,13.91619102,4.81352624
39.29048710,13.82480436,4.80312998
44.65171278,24.45787509,5.97926685
44.61283509,24.34572382,5.96428867
44.61368463,24.22895653,5.95534395
43.29315478,21.51055258,5.58551063
43.17533713,21.53794140,5.57042048
43.22312169,21.64134086,5.58252723
43.07328200,21.50010118,5.55296503
44.43321694,23.99059908,5.90921085
39.41934923,14.36403873,4.83745509
39.51988725,14.40455708,4.84910672
39.52169580,14.27289805,4.84335822
39.62525357,14.71611560,4.87137964
39.51595984,14.62425276,4.85639481
39.54628134,14.50896806,4.85576048
41.77584005,18.83518125,5.26271100
41.63975365,18.84693047,5.24420345
42.59873268,20.42630119,5.43689879
41.32408335,18.14234702,5.18012998
43.67405214,22.50167259,5.69596428
43.59189046,22.41704680,5.67851124
43.77880837,22.55604496,5.71483843
43.78408411,22.43499936,5.70776287
43.83034121,22.80900830,5.73782154
43.80511834,22.67914948,5.72623228
43.87184541,22.90631156,5.75004944
46.38459276,28.17779358,7.09917665
46.36407791,28.29160531,7.16218694
46.48527540,28.30309917,7.18999725
46.24111182,28.27514264,7.13211778
41.82812224,18.98834814,5.27510651
39.26046859,14.03749906,4.80941410
42.40761432,20.15094388,5.39843462
40.27222651,15.90902601,4.98079344
41.52411796,18.35537923,5.21322008
38.87886904,13.24416175,4.74059410
40.82121958,17.00927443,5.08030185
40.39897973,16.11716192,5.00145295
40.46089709,16.22974123,5.01199165
42.89967457,21.05035098,5.50719253
38.73335960,13.01839538,4.71640244
36.89056570,12.27034250,4.43765668
44.39592682,23.88173866,5.89554775
35.72139729,12.22650723,4.31793586
35.85597587,12.17724240,4.32413167
35.72250609,12.02738293,4.30698639
35.79883580,12.37069732,4.33088607
34.57318992,12.47534576,4.32359918
41.17117733,17.74247943,5.14787185
41.30002229,17.80732615,5.16552139
41.68037681,18.71667214,5.24600866
35.00636641,12.45542272,4.31450559
45.06740002,26.69154439,6.33380492
44.99170030,26.60431274,6.30354106
44.91533853,26.72787133,6.32487039
44.83539929,26.59284985,6.28254058
44.51951743,24.10913981,5.93153110
36.44962550,11.94539124,4.37289640
36.48247320,12.08819041,4.38079990
36.62094680,12.02954717,4.39641109
36.43676304,12.21667890,4.37940567
36.56567579,12.17713504,4.39327451
44.99061374,25.01121465,6.08135787
37.14004074,12.13039580,4.47087727
36.99264026,12.11354901,4.44903592
37.25712477,12.04148705,4.48674357
37.09392840,11.94152751,4.46081661
45.65692063,28.11933043,6.96355956
45.99182507,28.14040360,7.01585872
45.41331650,27.96857637,6.85592948
45.48905094,28.12213606,6.95067184
36.17347569,12.37581841,4.35900053
36.37171217,12.41190052,4.37922519
35.29997140,12.39565039,4.31235816
35.45127891,12.28308986,4.30848019
35.30152591,12.20424525,4.29789488
44.10251627,23.38530494,5.81585099
44.43491615,25.31322405,6.01792911
44.39025420,25.48638044,6.03275012
39.68353932,14.56361894,4.87032687
38.98103127,13.42728403,4.75807540
45.73115478,28.26597492,7.06039411
42.37855572,20.03730030,5.38990271
42.50351408,20.32591356,5.41911502
42.50909881,20.20295935,5.41488523
35.15473613,12.33380152,4.30488857
35.61697226,12.37383613,4.32144909
41.04746162,17.51102654,5.12480668
46.53761907,26.76930169,6.54388142
46.50158028,26.71340910,6.52621132
46.54937962,26.80432214,6.55583453
46.54120876,26.78044402,6.54768238
46.33457860,26.56158452,6.48163942
46.30695304,26.54203902,6.47568496
46.46804655,26.69305642,6.52085509
46.46749733,26.67761686,6.51567920
45.98410805,25.90730604,6.31279618
45.96599325,25.89237110,6.30939883
46.64268548,27.01490825,6.63029464
46.04316880,26.05900892,6.34793746
46.03729627,25.97685162,6.32865982
46.02610150,26.12392304,6.36206972
45.91636472,25.85743814,6.30107626
45.95037540,25.86671979,6.30363030
46.67167631,27.49675123,6.82074111
46.68423757,27.44294061,6.79966479
46.27632366,26.51821092,6.46834536
46.24156260,26.49063495,6.45974967
46.62987074,27.18378608,6.69447752
46.64653322,27.21127058,6.70557778
46.14739430,26.43457346,6.44046675
46.04837579,26.31471291,6.40537205
46.03881069,26.26899046,6.39460965
46.13024991,26.37823875,6.42585379
46.05037598,26.16371980,6.37201678
43.28211123,21.76932194,5.59762819
38.20815246,11.84384912,4.60352381
38.14645513,11.76543703,4.59401340
38.07805835,11.82362383,4.59055442
38.21378372,11.70250785,4.59549366
38.07786196,11.70040161,4.58462022
45.26227392,25.38377248,6.16202751
45.20339459,25.29826290,6.14362039
40.05717522,15.47380725,4.94300342
40.08459567,15.57456758,4.94940463
37.52797958,12.25894930,4.53142859
43.09510336,21.37566815,5.55083597
46.63585819,27.75539318,6.92832140
45.42218635,25.51708466,6.20106485
45.50133657,25.56289190,6.21743796
45.67142493,25.65587079,6.24953660
44.80257920,26.12579981,6.18321406
38.09692433,11.92706882,4.59730254
38.17913770,11.99583725,4.60902912
37.98091011,11.92184362,4.58416275
45.62443499,27.47637562,6.64939054
42.06991765,22.22519087,5.44724714
42.32464156,22.53379485,5.49849309
43.85337342,24.55955734,5.85803570
43.18404117,23.61761009,5.68699411
38.28292900,11.94065037,4.61522613
45.50211107,27.53057368,6.65470172
42.83107385,23.15483803,5.60573482
43.41725337,23.92791863,5.74305769
38.41545076,17.64057941,4.82813019
38.26405520,17.44532964,4.80634228
40.03412202,19.69860220,5.07768135
37.02969381,15.85135006,4.63712498
36.87258935,15.64818050,4.61658747
42.57312596,22.84548674,5.55093703
45.21887805,26.86566134,6.39782757
43.52705711,24.08424499,5.77100547
38.14521945,17.06581506,4.76901691
37.80610469,16.85350154,4.74177838
36.40165343,15.04303180,4.55680416
36.55685627,15.23965128,4.57598613
39.30963625,18.78504737,4.96137354
39.45650144,18.97103447,4.98422368
38.86531064,18.21920357,4.89410875
39.01421884,18.40993139,4.91641895
41.46058051,21.23493072,5.30933215
41.14214986,21.09086677,5.27178231
40.86705791,20.76061928,5.22332677
41.00451761,20.92736754,5.24754729
41.80181745,21.90514599,5.39538855
35.98927920,12.33365996,4.34187577
44.04489828,24.88741595,5.91679710
44.13740784,25.07637962,5.94976377
44.69578252,24.55939059,5.99447362
44.81278347,24.59655528,6.01619147
44.80895217,24.73263118,6.02718740
42.66318458,20.57175568,5.45221887
45.33564538,25.45987233,6.18177010
38.41443032,12.41672154,4.65435138
37.25696259,12.22867068,4.49000053
43.53631984,22.31239710,5.66424795
42.96073388,21.16350498,5.52122588
44.24388369,23.61621772,5.85329327
44.61026464,25.77638881,6.10201279
45.34267198,27.10847661,6.48394727
38.29108639,12.05400079,4.62264517
39.36807446,14.11926467,4.82320611
44.89540339,24.82769082,6.04935789
42.37231900,19.90663535,5.38362934
38.59111625,12.63140713,4.68294088
38.60160985,12.76648494,4.69114611
40.12984622,15.69467697,4.95827232
40.74496271,16.90440132,5.06770282
39.69859836,14.91038664,4.88576765
45.05704036,25.10910302,6.10133834
41.92485789,19.06758462,5.29069316
41.96077724,19.16657574,5.29921416
34.80113102,12.39054787,4.30995777
38.80598879,13.13281903,4.72872742
44.95534519,24.91576946,6.06685105
38.65434283,12.89920017,4.70288699
43.95524979,24.71600997,5.88710626
38.95538964,13.32842664,4.75144569
43.74378792,24.40111130,5.82836844
43.63575033,24.24252909,5.79945871
34.61155883,12.31505747,4.30595741
43.01761047,21.28040892,5.53491193
39.90991894,15.24068188,4.91949883
44.28943680,25.20155054,5.98446301
41.67007321,21.73664552,5.36949221
41.53758729,21.58771248,5.34565779
44.87414734,26.28990572,6.22245405
41.93128129,22.06762985,5.42093522
43.06798428,23.46282201,5.65967412
39.85715375,15.12558091,4.90996799
46.12702698,28.17441529,7.05509925
43.98855173,23.04473229,5.77654127
43.96803624,22.93970595,5.76672733
41.40610696,21.42063171,5.32061167
40.19288783,15.81358960,4.96903718
40.37922318,15.97489742,4.99389818
37.38542931,12.30191920,4.51066783
37.69312746,12.17859651,4.55399504
44.51533084,25.60657797,6.06544103
39.89118238,19.52004390,5.05411290
45.05926069,26.85063612,6.37372252
39.60262775,19.15568602,5.00731653
39.74748347,19.33914403,5.03066018
45.87648267,28.25604426,7.06970608
46.02896547,28.32831921,7.13402507
45.48253863,27.67429921,6.71417802
42.94169317,23.30815701,5.63157820
42.70050251,22.99602516,5.57758945
34.56846471,12.91559309,4.37261411
39.16223739,18.59870934,4.93884304
40.45697075,20.23481570,5.15008963
40.31724872,20.06084026,5.12615170
38.71584819,18.02721962,4.87196089
40.59452063,20.41477663,5.17472607
38.56596264,17.83439955,4.84998598
42.44771835,22.68803202,5.52426776
42.19496803,22.37484998,5.47204724
38.11187653,17.24872586,4.78465403
40.73126248,20.58909758,5.19905532
36.57415194,12.33791491,4.39885966
36.70911704,12.21780417,4.41228099
35.44231274,13.78296284,4.43912801
35.41816116,13.96639061,4.45952799
35.27222787,13.57489747,4.42092695
35.08942886,13.54424249,4.42297887
36.71493060,15.44426760,4.59620414
34.75101345,13.12623283,4.38870363
36.11201686,14.71681356,4.52586967
35.96038907,14.60023740,4.51583276
35.78227610,14.28762826,4.48580713
35.58453737,14.20663026,4.48145057
37.49762806,16.45481448,4.69946751
37.34231973,16.25439369,4.67853978
37.18629367,16.05335801,4.65777091
37.95928978,17.05140682,4.76313082
37.65221545,16.65461713,4.72055604
36.25153187,14.86114654,4.53933009
46.48286800,26.69663893,6.52142166
46.55874758,26.82967938,6.56453290
46.64687138,27.32028709,6.74776460
46.03008375,26.00225484,6.33466354
45.56704233,25.58865798,6.22879892
46.59541286,26.92854031,6.59925766
46.61553942,26.97292420,6.61518965
42.83645437,20.94392962,5.49323335
39.72448570,14.79093492,4.88412569
41.45245985,18.22917599,5.19973856
43.29795094,23.77399795,5.71459392
38.31958428,12.18154469,4.63243158
46.61794851,26.90005006,6.58728769
46.61798798,26.88899762,6.58298360
46.60536914,26.89355830,6.58563795
46.62619561,26.89268264,6.58374679
46.62927794,26.88444171,6.58018601
46.50421726,26.68057472,6.51443090
46.49179054,26.68570788,6.51714229
46.49847353,26.69654853,6.52050447
46.53342165,26.73114990,6.53031977
46.52753646,26.72114334,6.52715524
46.62965812,26.92737922,6.59706761
46.61784152,26.92972534,6.59870369
46.62237453,26.93644241,6.60102708
46.60868907,26.92470639,6.59726253
46.57419198,26.83054891,6.56394383
46.56942207,26.81867586,6.55985336
46.57891524,26.84187872,6.56785583
46.58940231,26.83166688,6.56322889
46.56466547,26.80647374,6.55566051
46.55070365,26.77183628,6.54389222
46.53980599,26.74820206,6.53605388
46.62956472,26.96099994,6.61007492
38.37206286,10.98395746,4.52127981
38.36845003,10.97395586,4.52022897
38.35278619,10.98504245,4.52425805
38.38262699,10.97462087,4.51803540
46.65112773,27.03209254,6.63666305
46.65948453,27.04367674,6.64089519
46.66986671,27.03376246,6.63654327
46.66030720,27.05741342,6.64625443
46.67450378,27.04825096,6.64208687
46.47070201,26.66169474,6.51011970
46.42614821,26.60258318,6.49264559
46.44040699,26.59767081,6.49026199
46.42764969,26.58595937,6.48711614
46.63888337,26.98937117,6.62058975
38.32790504,10.98243421,4.52706059
38.33512172,10.99980046,4.52868827
38.33355493,11.01652662,4.53122982
38.35093874,11.00818464,4.52796657
46.43333327,26.61444996,6.49620650
46.67801439,27.06349980,6.64802502
46.37725299,26.56625392,6.48273630
46.36116882,26.55059364,6.47824995
46.38993438,26.54189290,6.47470666
38.32146248,11.03591877,4.53512757
38.33787975,11.05421453,4.53594458
38.34892128,11.03207377,4.53166993
38.34559067,11.08060259,4.53871978
38.35985540,11.05541336,4.53371877
46.00561349,25.90310401,6.31164632
46.02629712,25.91213626,6.31333241
46.02514754,25.88371671,6.30642455
46.06202820,25.96875187,6.32615902
46.05009725,25.95358720,6.32276925
46.08550493,25.97255219,6.32613786
46.07527800,25.95044029,6.32093936
45.99602815,25.88623169,6.30784733
46.07088585,26.03395345,6.34202379
46.05569631,26.01147805,6.33675371
46.05948461,25.98910585,6.33125872
46.67307218,27.20651605,6.70450508
46.69815457,27.21018195,6.70628096
46.68902751,27.18964599,6.69802317
46.67552774,27.23148326,6.71437749
45.99755683,25.84073072,6.29700832
45.97119527,25.84424442,6.29850276
45.98271848,25.86553736,6.30324118
45.94708455,25.83517461,6.29665219
46.66055483,27.18767750,6.69688855
46.59843782,26.87567025,6.57928975
46.05294459,26.09118702,6.35555323
46.66714515,27.26053129,6.72551417
46.67883556,27.29008773,6.73767802
46.70709800,27.25793226,6.72564457
46.14476464,26.28186944,6.40322330
46.14881540,26.25258444,6.39604392
46.11915151,26.25965851,6.39702305
46.16681053,26.23194019,6.39090263
46.12820688,26.22405493,6.38863550
45.84526723,25.74067671,6.27534150
45.81923156,25.71664353,6.26976371
46.73271905,27.43930329,6.80157439
46.71720517,27.40691459,6.78709061
38.32773832,11.15843858,4.54999447
38.35851747,11.14629963,4.54613693
38.31993847,11.11259505,4.54501870
38.31366795,11.19374561,4.55488567
38.35497331,11.18426696,4.55119522
46.69767647,27.32704513,6.75333171
46.70473444,27.36907715,6.77078830
46.18549896,26.39394375,6.43253627
46.22447130,26.40111604,6.43555025
46.21994091,26.36354562,6.42551902
46.08626752,26.00298350,6.33392818
46.09253841,26.29211453,6.40341328
46.72577145,27.47778550,6.81741834
38.33403690,11.28223323,4.56362445
38.27609045,11.28177555,4.56515616
38.28272560,11.33684042,4.57023049
38.24404373,11.24628790,4.56225291
46.71093127,27.64603105,6.88897338
46.08180666,26.24377648,6.39170048
38.27693787,11.52338002,4.58599775
38.04685048,11.40257879,4.56676071
38.01180032,11.47126153,4.56766756
38.10907291,11.45231269,4.57364372
37.97040687,11.37739114,4.55973764
46.72135012,27.88112750,7.00041273
43.71006980,21.84541302,5.65211937
43.67079368,21.93290247,5.65740391
43.76319661,21.93687415,5.66445649
43.60719769,21.98161616,5.65456421
43.68614663,22.01468968,5.66560605
42.67560772,19.98957211,5.41976419
42.76629375,19.98092215,5.42317128
42.70314641,19.91676929,5.41480270
42.69787279,20.06320776,5.42716510
43.53766256,21.66704143,5.62327350
43.57800015,21.58868710,5.61882466
43.47600688,21.60965975,5.61302034
43.63136757,21.68667609,5.63161839
44.69203493,23.75429927,5.92052727
44.60718292,23.74896456,5.91266263
44.61767550,23.83720121,5.92236018
44.55680538,23.69161053,5.90185043
44.50742337,23.79027577,5.90474642
45.85135850,25.77771320,6.28285882
44.06236347,22.86981207,5.77451680
44.13920604,22.69835509,5.76656510
44.94727538,24.33481113,6.00784499
44.86038011,24.39085783,6.00418282
40.39790483,15.63671674,4.97618636
40.44720836,15.68811537,4.98158501
40.49084384,15.62173372,4.97674243
40.44566315,15.76652824,4.98713074
40.52318734,15.69544592,4.98342495
45.02698758,24.38012888,6.01979664
44.93975124,24.40998250,6.01539692
44.98450562,24.46862290,6.02650805
44.88609866,24.48067850,6.01616059
38.19177803,11.50970673,4.58181397
38.10076803,11.52594616,4.57733723
38.14624677,11.60403700,4.58498128
40.93437038,16.95028101,5.08919530
40.88182452,16.87986936,5.08099786
41.01445191,16.86866136,5.08960525
43.99957134,22.63675000,5.74863828
43.91117434,22.63553478,5.73819210
43.86858075,22.58312326,5.72898904
40.01710112,15.17426787,4.92647989
40.10083972,15.16792188,4.93148054
40.07727241,15.08428919,4.92492638
40.04999837,15.26006332,4.93328381
44.67656906,23.91846416,5.93666406
44.59139340,23.92874422,5.92749603
44.61744599,24.00537381,5.93753702
44.51337346,23.90327265,5.91476675
44.53523985,23.99140681,5.92489334
43.31502085,21.36974038,5.57897521
43.20887497,21.33839825,5.56462747
43.19420743,21.43847639,5.56822362
43.15623481,21.25894312,5.55333738
45.36503327,25.35222067,6.17280809
42.40595265,19.79121239,5.38210693
42.46926250,19.85331334,5.39247409
42.51951171,19.77437712,5.39199987
42.47996486,19.94163607,5.39858629
42.55951574,19.85660262,5.40111492
45.05334381,24.91654190,6.08174210
45.00073844,24.84931816,6.06749270
45.01136811,24.76618814,6.06084253
42.86589557,20.75160235,5.48839736
42.91905764,20.84314136,5.50004916
42.98472216,20.73817853,5.50124625
40.53591571,16.15492661,5.01549565
40.57516285,16.25809532,5.02377254
40.66891847,16.16884732,5.02422991
44.92927438,24.68389332,6.04137268
45.16679528,25.07478438,6.11422013
41.17505590,17.51076327,5.13932046
41.13824634,17.40967049,5.13093016
41.27034410,17.51144347,5.14797469
41.26456731,17.41455710,5.14152159
42.51322869,20.06483248,5.40894371
41.22945059,17.60782005,5.14929375
41.32493307,17.68470088,5.16221632
41.35422634,17.55832723,5.15679493
41.80296087,18.70781129,5.26067582
41.77100032,18.59726466,5.25194338
41.89635888,18.74659747,5.27225887
41.89746691,18.62018663,5.26461888
38.60860770,12.50410364,4.67649768
38.69977982,12.56409577,4.68681806
38.70645275,12.47492406,4.68027849
38.70582911,12.67381730,4.69489297
38.81391262,12.60104203,4.69526901
42.63033718,20.26453590,5.43346548
39.14528049,13.52021694,4.77645392
39.08974723,13.44728764,4.76847642
39.08555060,13.34251092,4.76245887
44.77537515,24.47646691,6.00019413
38.40875609,12.08316343,4.63363394
44.25108033,23.38694738,5.83828837
38.54680340,12.40622810,4.66538655
41.97300481,18.96740635,5.29173510
43.05392999,21.03641153,5.52772078
40.93178161,17.02751578,5.09280161
42.16052522,19.28718985,5.32827514
42.11071799,19.17323960,5.31690966
43.66488518,22.30502165,5.68316350
44.16012462,23.15403254,5.80858760
44.10008938,23.05615424,5.79334072
38.81474884,12.88929235,4.71672536
39.92150871,15.01906808,4.91140095
40.16598362,15.47694322,4.95300406
40.32845946,15.79281126,4.98126436
36.81662621,12.07603879,4.42350954
44.65315416,24.14476305,5.95429571
42.88808607,20.66318188,5.48613300
42.22829450,19.50242753,5.34693071
45.19301005,27.00506888,6.43360624
40.52004059,16.07060409,5.00988750
37.39315100,12.13910721,4.50887491
45.35266140,27.44034185,6.60112632
35.00214693,12.10408865,4.28412011
35.15313171,12.14412150,4.28968753
35.12876583,11.94491874,4.27401577
34.87685149,12.21074922,4.29269707
35.00105324,12.27421791,4.29847045
44.24195461,25.38193955,6.00026934
44.19964872,25.55305480,6.01936446
34.41838371,12.36395472,4.31696261
34.34126983,12.21217039,4.30336466
34.22694438,12.33040860,4.32154075
34.17189825,11.97827742,4.28454045
34.01209932,11.91485742,4.28466211
34.03148722,12.10151494,4.30515835
33.85998606,11.84774353,4.28499581
33.86916474,12.04024685,4.30744541
45.19581593,27.19294410,6.49351362
44.57913666,25.95141324,6.12501291
44.62798499,26.09448032,6.15553340
44.44870237,25.88887505,6.09936632
44.45415128,26.06135531,6.13042826
43.99057520,25.19796651,5.94731591
44.10840813,25.28229245,5.97142903
43.83052447,25.22188275,5.93509708
43.91611071,25.37554255,5.96532888
45.10690802,24.82419907,6.07929798
43.36381190,21.64371680,5.60255440
43.41083537,21.76901997,5.61618733
34.24355028,12.50311608,4.34081379
34.04925230,12.28348531,4.32573106
34.06755342,12.45794261,4.34588361
43.91137765,25.56562954,5.99541279
44.04796105,25.60572828,6.01302666
44.06878653,25.45751409,5.99176763
44.12686990,25.73061230,6.04076036
44.33569263,23.50590147,5.85892671
44.64993425,26.59831212,6.26583500
44.76523008,26.44365562,6.24060005
36.27788898,12.22561813,4.36283669
36.35140976,12.07414932,4.36533582
45.33644462,27.79217790,6.75635326
45.33705916,27.60831340,6.66959502
36.11764224,12.19501967,4.34629866
43.93698959,25.05176549,5.92270767
39.20463151,13.41820342,4.77382076
44.66811592,24.07263330,5.95007804
34.91693276,13.33491535,4.40573147
46.54713003,26.76002714,6.53981250
46.55571015,26.78337015,6.54776872
46.51795855,26.71137895,6.52439283
46.51191929,26.70046013,6.52093837
46.56030533,26.79492482,6.55169963
46.63398801,26.97519938,6.61533319
46.45949089,26.65205776,6.50745886
46.44255512,26.62731614,6.50002307
46.33768347,26.53137302,6.47275800
46.31107681,26.50833414,6.46609457
46.66327772,27.11741219,6.66960636
38.35544650,11.11696794,4.54259777
38.34750815,11.10222804,4.54140035
46.07126863,26.12424839,6.36361743
46.08513051,26.19748937,6.38112493
38.26471210,11.19812052,4.55724673
38.29672660,11.23812895,4.56033979
46.65070116,27.16633142,6.68843758
45.91961846,25.82540949,6.29437593
46.07765937,26.06568397,6.34969000
38.34773992,11.22682738,4.55676937
46.71293732,27.79162248,6.95596151
45.67679984,25.59808373,6.24053026
46.28132940,26.48224325,6.45849041
46.25338249,26.45798580,6.45136073
45.57572790,25.51507323,6.21886166
45.51102888,25.46944471,6.20564341
38.24955536,11.59509880,4.59038367
38.34465054,11.56464319,4.59069609
46.72009948,27.52616071,6.83759838
38.35558117,11.34130077,4.56911100
45.71757628,25.67382620,6.25627090
46.75798927,28.07295913,7.10555233
42.75082525,20.46072314,5.45850773
42.72577686,20.34635876,5.44907599
42.61514348,20.13267365,5.42437826
46.13697586,26.32238516,6.41282715
38.32323345,11.75692540,4.60544065
38.32496711,11.65641095,4.59786122
42.34677962,19.69439826,5.37029064
38.39642247,11.96320781,4.62437599
38.45442659,12.18767693,4.64393710
40.12417801,15.36114704,4.94400113
40.21356961,15.58134449,4.96184855
39.38679517,14.01352862,4.82002166
39.38800854,14.24868792,4.83015286
39.48301698,14.15252254,4.83432896
42.80880123,20.57373902,5.47170599
39.01601388,13.23151374,4.75145673
38.96155278,13.12044062,4.74127935
46.71251555,27.58246569,6.86120074
46.70965504,27.71501091,6.91991545
45.79282377,25.68265468,6.26225136
41.66150954,18.34640578,5.22822411
41.73685313,18.46093728,5.24150381
46.70479789,28.38516890,7.27988503
46.69940070,28.25716157,7.20043188
46.61621176,28.31089034,7.21794005
46.79787060,28.18601435,7.17542260
45.62869562,25.56173246,6.23081800
38.03520497,11.57912327,4.57490316
39.64553947,14.42740068,4.86045194
39.60776722,14.33651116,4.85290715
40.48253194,16.00215272,5.00355358
37.69750931,11.97700418,4.54942515
44.06822499,22.96341049,5.78232539
45.43428259,25.41686481,6.18970321
44.94480119,24.56162256,6.03166082
45.26645231,25.20214598,6.14197091
45.30664248,25.28432318,6.15692273
44.72677081,24.19062857,5.96829802
45.24465258,25.11778963,6.12941000
46.73625279,27.97263994,7.04891545
44.19561666,23.27346432,5.82223314
37.95944703,11.77952893,4.57607198
37.83759904,11.87877954,4.56510726
43.75443429,24.73932537,5.86514018
41.26857202,21.25791141,5.29584007
40.94774120,21.11138067,5.26175026
43.85197214,24.89119960,5.89371667
43.65059355,24.58196590,5.83591007
42.98211728,23.64726177,5.66806358
41.21250992,21.44208729,5.30983557
45.56419516,28.26853664,7.04798982
45.63823114,28.40890653,7.14809743
41.47538951,21.77137849,5.35890308
41.07658247,21.27481526,5.28525645
40.81237808,20.94383960,5.23776168
40.26641642,20.24295516,5.14115420
42.63074394,23.18336929,5.58846674
40.17570157,19.87948278,5.10173454
39.84472142,19.70274353,5.06958024
39.41438880,19.15368047,4.99994025
39.26856714,18.96776447,4.97718619
40.82893946,16.79175067,5.07189268
37.31211037,16.43733927,4.69673915
38.82710005,18.40175244,4.91030313
38.67843129,18.20979458,4.88832762
36.08386935,14.87637037,4.54331908
35.96771286,14.75521643,4.53250906
43.43447894,24.26641504,5.77826931
41.60831035,21.92434332,5.38285658
41.73882582,22.08910650,5.40820875
38.22910328,17.62793767,4.82334745
38.37939490,17.82313659,4.84490821
41.57140202,18.13350598,5.20845267
41.87419404,22.25265123,5.43415081
42.13541434,22.56292889,5.48482354
40.40014879,15.86208254,4.99021679
44.66612090,26.28560789,6.19634670
41.60341929,18.24164716,5.21717958
40.62385786,16.36845988,5.03323837
39.96264920,15.10894096,4.91902848
40.28153454,15.68937200,4.97249563
39.81287131,14.86256141,4.89513196
42.97629138,20.93757736,5.51244869
43.09401511,21.15787981,5.53965600
38.87861752,13.00983512,4.72879136
42.03706540,19.06445495,5.30348926
39.76670825,14.67276593,4.88211276
43.62368849,22.20594420,5.67136095
45.10833003,25.00279208,6.09839260
41.41872303,17.83958289,5.17883865
38.50141628,12.29720283,4.65473316
44.44209208,25.74396972,6.07553545
44.32840523,25.65666316,6.04903043
41.91801417,18.86457242,5.28070489
38.34985661,11.85442915,4.61390231
42.86758750,23.49375523,5.64152589
34.23682029,12.67812392,4.36228555
42.74469634,23.33846651,5.61439715
38.73696259,12.78617704,4.70442444
43.32544196,24.11081830,5.75037509
43.21552733,23.95644386,5.72298070
43.54271570,24.42378648,5.80677949
41.38874609,17.75559906,5.17159731
43.09250999,23.80089456,5.69458700
37.54039402,12.06509778,4.52917604
36.91224765,11.92513637,4.43410848
45.19322813,27.35498055,6.55151358
34.51818284,12.14975818,4.29143553
43.89137685,22.48037922,5.72420378
34.72686034,12.19059252,4.29179468
42.25110303,22.72241305,5.50998484
42.37737265,22.87504668,5.53563611
42.50408058,23.03135157,5.56207498
39.55894096,19.33827800,5.02295212
39.12185043,18.78126569,4.95474998
41.34436445,21.60519853,5.33407799
39.98653521,19.88151088,5.09304177
39.70220809,19.52167450,5.04620782
34.57920198,13.08998478,4.39264134
34.40092739,12.88468177,4.37772211
38.97480684,18.59243602,4.93245130
40.54035140,20.59672667,5.18932719
40.40439419,20.41777118,5.16495200
38.52912275,18.01696305,4.86654299
40.12780551,20.06206848,5.11698780
35.99174001,12.13471749,4.33266785
38.07793097,17.43141305,4.80186119
40.67587975,20.77164679,5.21352449
37.92588683,17.23412135,4.78052915
35.25827956,13.75515451,4.44092797
35.39377955,14.14964451,4.48115729
35.07438040,13.72660841,4.44451589
36.84457118,15.83128567,4.63538690
36.68756802,15.62742898,4.61519203
36.53000610,15.42285023,4.59515764
35.58911311,12.16828901,4.30707378
35.77625864,14.50300425,4.50924008
35.78175080,14.72697713,4.53461999
35.57013571,14.40055892,4.50391765
37.46660073,16.63769041,4.71746308
37.15689670,16.23636259,4.67617538
37.00101130,16.03440084,4.65573123
37.77339037,17.03624686,4.75937243
37.62035002,16.83742134,4.73834992
34.74422777,13.30412068,4.40977828
36.37204749,15.21740106,4.57527457
36.22459222,15.03916731,4.55840036
46.53951299,26.73824415,6.53241201
39.90826787,14.91109366,4.90481259
43.70154137,22.39278369,5.69371305
45.81947573,28.42637480,7.17506501
46.64442668,27.00026787,6.62456943
46.64189203,26.94866146,6.60455456
39.47403369,14.04981523,4.82803615
46.53882034,26.72411030,6.52725448
46.54460930,26.73125009,6.52934970
46.54865982,26.72256703,6.52566346
46.55763052,26.76460183,6.54062559
46.56489458,26.77335478,6.54325105
46.56690307,26.76133427,6.53847646
46.61998769,26.87969815,6.57918743
46.61192863,26.87368537,6.57753061
46.60807495,26.88313409,6.58148366
46.60529456,26.86584727,6.57503412
46.59088975,26.84202891,6.56705558
46.60617824,26.85095363,6.56919263
46.60766667,26.84434590,6.56646668
38.37936415,10.93741251,4.51221272
38.38741694,10.93589128,4.51040602
38.38269051,10.92889953,4.51006429
38.37126076,10.94523775,4.51501563
38.38577924,10.94585370,4.51250615
46.67076769,26.98178094,6.61560434
46.66658585,26.97461534,6.61304105
46.66212607,26.98290345,6.61672104
46.67871457,26.98535532,6.61636111
46.67913360,26.97466572,6.61191769
46.55322761,26.75048754,6.53573450
46.62644133,26.90864724,6.58998143
46.63076685,26.89881663,6.58575824
46.62195675,26.91979993,6.59463548
46.63609597,26.91607066,6.59213393
46.61266653,26.85695431,6.57092304
46.53922756,26.71595694,6.52416515
46.50997107,26.69007621,6.51736568
46.51957148,26.69108849,6.51689545
46.51724087,26.68046636,6.51322212
46.61299132,26.91234872,6.59234140
46.55791891,26.75752850,6.53793027
46.52443922,26.70010592,6.51974549
46.44504298,26.58148639,6.48447589
46.44805680,26.56724490,6.47933442
46.43606437,26.57169709,6.48182212
46.45187296,26.55645258,6.47520382
46.43881203,26.55658009,6.47647084
38.34664904,10.95588142,4.52063394
38.34197777,10.96990806,4.52343415
38.35795175,10.96626159,4.52060192
38.33936626,10.94454198,4.51991997
38.32627380,10.95786466,4.52369571
46.65373330,26.99054890,6.62029817
46.47584944,26.64489770,6.50401618
38.42266702,11.02955439,4.52042128
38.41088553,11.03776357,4.52387801
38.42524325,11.04410849,4.52248985
38.39417149,11.03856176,4.52664456
38.40709965,11.05414938,4.52717419
46.66348814,27.01945639,6.63118890
46.46023337,26.62389409,6.49786885
46.45023767,26.61032203,6.49390732
47.76807684,29.18930640,8.08387164
47.77294660,29.20359445,8.09818085
47.78492811,29.18809637,8.08423555
47.75899279,29.17772377,8.07181100
47.74840684,29.20009550,8.09230954
46.38418926,26.49824794,6.46106299
46.36858252,26.48749425,6.45851309
46.37005848,26.50528167,6.46403004
46.39196886,26.48109040,6.45493826
38.39376576,11.06796268,4.53128393
38.39426210,11.08611521,4.53396239
38.41274431,11.07421790,4.52953392
38.38317139,11.05448912,4.53067161
38.37448670,11.07387893,4.53463795
47.75054777,29.13804760,8.03279576
47.73974190,29.17534999,8.06763186
47.69700271,29.18410962,8.07127305
47.72163437,29.19361603,8.08317207
38.36890306,11.01718751,4.52694341
38.36913551,10.99818055,4.52397424
38.37017739,11.09880784,4.53865945
46.67704020,27.16809397,6.68943792
38.37372203,11.03663784,4.52924045
46.06477947,25.93164844,6.31665004
47.69921597,29.12428211,8.01481874
47.67297666,29.13936684,8.02619864
47.69719855,29.15379762,8.04255842
47.65064756,29.12590120,8.01096207
47.64568670,29.15517074,8.03771128
38.38103024,11.12499484,4.54112181
46.10201385,26.04791201,6.34484469
46.12731967,26.05983184,6.34697198
46.73287012,27.31444680,6.74932966
46.71775443,27.29322946,6.74024832
46.74712977,27.29654562,6.74203257
46.81896982,27.38170828,6.77880456
46.80160464,27.43115266,6.80079258
46.83258329,27.40880131,6.79089611
38.31481764,11.06682410,4.53973346
38.28578489,11.07794347,4.54326341
38.28571205,11.03855713,4.53854874
45.93643522,25.68248206,6.26169518
45.91792991,25.65093302,6.25516842
45.94383110,25.79936708,6.28866860
47.61750236,29.13268224,8.01313789
47.67133088,29.17151263,8.05626133
38.38359949,11.17246203,4.54729013
38.39109743,11.20674071,4.55110854
38.41801657,11.17454118,4.54398985
46.09553580,26.15562618,6.37148280
45.91774800,25.74464972,6.27676626
45.92786750,25.77160984,6.28264293
38.46689700,11.27215041,4.55240498
38.45757329,11.23498885,4.54808200
46.73766115,27.34263239,6.76119052
46.34521305,26.50028684,6.46334883
46.69181270,27.15071168,6.68247964
46.68214964,27.13330299,6.67567279
46.69198334,27.11823059,6.66945241
38.39531024,11.15057827,4.54313950
45.83949412,25.67354514,6.26172347
45.81542179,25.63290407,6.25320598
45.76236502,25.64929641,6.25469916
45.77462271,25.59181761,6.24436898
38.40151179,11.35872641,4.56899825
38.42565124,11.39074965,4.57139579
38.44583111,11.34342336,4.56417077
47.51173743,28.97541569,7.85688787
45.72537813,25.57679122,6.23982033
45.69354297,25.54170311,6.23204086
45.75811145,25.53251280,6.23259837
47.61899982,29.17195659,8.04981687
47.58370353,29.17093774,8.04382051
47.60384067,29.21267821,8.08549665
47.57206383,29.12351943,7.99851024
47.53586657,29.16960954,8.03525610
46.77264374,27.55168319,6.85285283
45.72225200,25.62237065,6.24772157
47.47672814,28.85817282,7.75059039
47.38221750,28.85706691,7.73772500
47.33735168,28.90826908,7.77390152
38.21152464,11.20262782,4.55856493
38.40112398,11.50922426,4.58527826
38.41934166,11.56093280,4.59019015
38.46604493,11.52660714,4.58511095
38.40858404,11.61935087,4.59601089
38.47626210,11.58509779,4.59129425
47.27380165,28.93974130,7.78963861
47.31855117,28.97055313,7.82339532
47.33609319,29.03046440,7.87779841
46.80367536,27.82405365,6.98300173
47.24284314,28.74157124,7.62363245
47.31198884,28.72178517,7.61793417
47.27620312,28.67603975,7.57730150
47.29783844,28.79440249,7.67402386
38.10406988,11.30653606,4.56431152
38.10779264,11.37573455,4.56891406
38.03156920,11.33049540,4.56177077
38.15888874,11.28877719,4.56500381
46.17847307,26.34692919,6.42041515
41.88396309,18.33267996,5.24117761
41.88071375,18.25715313,5.23377633
41.82290855,18.27762355,5.23454196
41.91321164,18.20277480,5.22747566
41.83503718,18.21245105,5.22889100
45.25526746,25.02920256,6.12027266
45.30858691,25.06232209,6.13012635
45.33463124,24.99448506,6.12359413
45.33116401,25.12406484,6.14032385
45.38862524,25.04630683,6.13493910
46.76858072,27.45540620,6.81036066
45.59942695,25.42566634,6.20697073
45.64700912,25.49537283,6.22145580
47.25933953,28.87515005,7.73359382
47.21144157,28.81314378,7.67527258
47.17425408,28.88038914,7.72292445
47.16996041,28.75612394,7.62326963
47.12014103,28.82247645,7.66664627
46.18545193,26.26160930,6.39853850
41.60063141,17.96063842,5.19944216
41.58273792,17.90386849,5.19425849
41.66743587,17.91034852,5.19756697
45.51848707,25.37899079,6.19344707
41.57556106,18.03413701,5.20291922
41.64972889,18.07535659,5.21055946
41.68474770,17.99288807,5.20545917
41.68032709,18.14790656,5.21756729
41.75023775,18.06376003,5.21337658
38.78541006,12.50104221,4.68545478
38.85858745,12.43796774,4.67973069
38.76950973,12.41016949,4.67651222
44.72260067,23.99129351,5.94881277
44.76077002,24.04964356,5.95873105
44.82901963,23.98834922,5.95767260
44.74248204,24.11528760,5.96323476
44.84207214,24.08106442,5.96964166
44.80398421,24.14982337,5.97356549
44.88537715,24.14566725,5.98061680
42.34375456,19.24359196,5.33851820
42.25786280,19.23974221,5.33367626
42.27590284,19.31370121,5.34032515
42.20763506,19.20199449,5.32733678
38.42778459,11.77986945,4.61085352
40.49094010,15.83240358,4.99355671
40.54843872,15.76952795,4.99007293
45.38973493,25.26701265,6.16502996
45.36073147,25.19809155,6.15295204
45.46642059,25.30029971,6.17740097
45.44766133,25.19401631,6.16062892
39.56755453,13.86338168,4.81736878
39.47671475,13.85339241,4.81513086
39.48722273,13.94389053,4.82201595
39.40439354,13.82073179,4.81001499
46.92348091,28.33750643,7.28731719
46.87953574,28.25002440,7.22626280
46.80404541,28.30328076,7.24631172
46.90507314,28.17525002,7.18552682
44.13635367,22.89765583,5.78522777
44.16725474,22.96459265,5.79428792
44.22903448,22.87108989,5.79081475
39.69943148,14.32946404,4.85733957
39.74174692,14.38975161,4.86319538
39.79529985,14.33073378,4.85966348
39.74210329,14.45709113,4.86784291
39.82651730,14.40438487,4.86627578
40.79970258,16.46617901,5.05073766
40.85548365,16.52901600,5.05773202
40.91230414,16.44520222,5.05212400
40.86912175,16.60756704,5.06393959
40.94356613,16.53171410,5.06024055
40.63131622,15.92500768,5.00420553
40.54888997,15.93844192,5.00328144
40.57445641,16.00263682,5.00878631
40.47768328,15.91001892,4.99794256
39.55594022,13.99846644,4.82838584
39.60383374,13.93383812,4.82376005
39.56954469,14.07013857,4.83408770
39.64014232,14.00205841,4.82994591
45.19605089,24.98959676,6.10865250
45.16240467,24.91408685,6.09600861
45.28655319,24.92269615,6.10996118
39.83028579,14.58254530,4.88018037
39.87128785,14.65012650,4.88652347
39.92980924,14.58797964,4.88297503
39.84452105,14.74034815,4.89101080
39.96829558,14.67239207,4.89058430
45.11202270,24.73085812,6.06947089
45.04013397,24.68718325,6.05642350
45.02990816,24.61204622,6.04714608
38.97694738,12.70919776,4.70844182
38.88892852,12.72930240,4.70893109
38.91449779,12.80143668,4.71594990
38.81266027,12.70529106,4.70377385
38.83308605,12.78336765,4.71074668
46.81561991,28.39789134,7.30769451
46.88185991,28.46485513,7.36312902
41.48667981,17.74886894,5.17779733
41.42202185,17.69269448,5.17010866
41.41452333,17.62645156,5.16504412
39.05858668,13.05734624,4.74188014
39.08505737,13.13889321,4.74912857
39.14914491,13.05611858,4.74337639
39.00365431,12.99573825,4.73504251
39.24733867,13.51145773,4.78207782
39.32852242,13.54705467,4.78759192
39.32945691,13.44016919,4.77881760
46.99963038,28.58556547,7.46690079
46.94449424,28.53549862,7.42211664
46.92189488,28.64988617,7.49931158
47.03838391,28.50190590,7.41454767
39.92401841,14.79383842,4.89859875
39.98954430,14.83954627,4.90436522
40.02276829,14.75530948,4.89818559
43.53871322,21.76193098,5.63097814
43.46458903,21.68861191,5.61766739
38.48230980,12.01572782,4.63263369
38.52440063,12.09235423,4.64067599
38.58172008,12.00416910,4.63407302
43.79329721,22.30538998,5.69966044
44.50057554,23.62146868,5.88914408
44.44450200,23.55163077,5.87645730
44.46302809,23.46065762,5.87002550
43.59228811,21.88123416,5.64558952
42.61689821,20.03894073,5.41870618
42.59880131,19.94982475,5.41099841
42.74764175,20.25447244,5.44535379
42.73129277,20.16210920,5.43727514
42.80855297,20.29457640,5.45339510
40.37888637,15.71662441,4.98055920
38.39532903,11.44346661,4.57860797
40.24079445,15.38644449,4.95247603
40.28094790,15.47883285,4.96044267
40.35333211,15.39115482,4.95579067
44.20552796,23.04390865,5.80526109
44.25460637,23.10605793,5.81593945
44.30270723,23.03079474,5.81286678
39.65257432,14.24848407,4.84983661
42.88844266,20.47032766,5.47319720
40.01503952,15.02114102,4.91774448
44.32117412,23.28448276,5.83891298
40.95366858,16.77890773,5.08016123
42.37999586,19.49358004,5.36098526
41.18602216,17.20819932,5.12272634
38.66914606,12.39553789,4.67206520
43.10046065,20.92188772,5.52543442
42.04089260,18.87388014,5.29228215
46.88097324,28.77076111,7.58182827
46.86507660,28.90541011,7.68459814
46.99758794,28.83342125,7.65245556
46.80860593,28.69676940,7.51268537
46.73864836,28.83362850,7.60407230
46.83374731,28.58725604,7.43834617
46.75812038,28.50019816,7.36464059
46.68624950,28.65800408,7.46183404
43.74802977,22.20376879,5.68687446
37.93821659,11.64129538,4.56823203
41.02131152,16.97847652,5.09740750
41.53130027,17.84269032,5.18704696
40.22776565,15.30376237,4.94621018
46.58446315,28.39989757,7.26765530
46.96134098,28.23736583,7.23068312
46.62140155,28.51442340,7.34947498
46.48057504,28.48652241,7.30600053
46.50407300,28.65035320,7.42443660
46.34519802,28.41033586,7.23329109
46.32085020,28.61847562,7.37223369
45.05583837,27.14090584,6.46154395
44.96930223,27.02433814,6.41529992
44.90193846,27.17454296,6.46005060
37.40033367,11.95030670,4.50626069
44.29521706,25.81845708,6.07134081
45.16508790,27.68193989,6.68935256
45.17669606,27.51908244,6.61634661
44.98529085,27.60082100,6.64013436
45.39621831,28.27485862,7.04223104
41.73671567,18.24448960,5.22786294
41.78043044,18.34559914,5.23776759
44.50169785,26.36200711,6.19662010
44.58104706,26.45859379,6.22571512
44.35614128,26.37330047,6.18803360
44.43376409,26.46989854,6.21677945
43.28439762,21.24943712,5.56709770
44.89618674,27.45404983,6.56949173
45.05118617,27.44400674,6.57488721
45.01399938,27.29575165,6.51318624
35.57340871,12.00789994,4.29661830
35.63162833,11.88577171,4.29337315
35.44888311,12.09074527,4.29542329
36.09392882,12.01720052,4.33681836
37.93659739,11.53194229,4.56359481
45.12869554,24.64556456,6.06097560
34.85671847,12.06217095,4.27958024
34.97447106,11.96487928,4.27243917
45.16259275,27.82816738,6.76294067
44.48121429,26.23068900,6.16640959
43.70827947,22.10911209,5.67530422
34.33614133,12.04993444,4.28623750
47.69962984,29.21562022,8.10150699
46.57345294,26.79758024,6.55164090
46.63494685,26.93699587,6.60045740
46.64747864,26.96242255,6.60959329
46.53102178,26.70893418,6.52237386
46.57044763,26.78618242,6.54759585
46.57942336,26.80807274,6.55509997
46.58442897,26.81972423,6.55909843
46.01100816,25.86212591,6.30169076
46.65211191,26.97732776,6.61516967
38.38721534,11.02220797,4.52508843
46.10484758,26.02345649,6.33844236
38.38445318,11.00580803,4.52288041
46.68153365,27.09966564,6.66231870
46.05505708,25.91187768,6.31209643
46.04905548,25.89143766,6.30719161
46.40922223,26.55250047,6.47716688
38.18534962,11.24710528,4.56226841
38.28632998,11.15391405,4.55183420
38.23037956,11.15077285,4.55345711
45.98122083,25.81423403,6.29123905
46.12752556,26.18167610,6.37815473
47.64051283,29.09816479,7.98392352
47.60472438,29.08703232,7.96934198
47.66048147,29.07882686,7.96810352
47.63709144,29.05850530,7.94676110
46.36527494,26.52433779,6.47012668
46.31648746,26.47524279,6.45646817
47.56123666,29.07641415,7.95400159
47.59705690,29.04192525,7.92706459
47.54763049,29.02200139,7.90300743
38.39964335,11.10799113,4.53652544
38.26315967,11.10998350,4.54814687
38.16158355,11.20622842,4.55869281
38.17493090,11.16247466,4.55516215
46.28662139,26.44796309,6.44887669
42.21513658,19.13467216,5.32298693
46.25395683,26.42408384,6.44214491
46.77298372,27.61039255,6.87916894
40.74979357,16.37788915,5.04225923
42.47735600,19.68084208,5.38193785
46.18240536,26.30212092,6.40906293
46.77522744,27.67529705,6.90899940
46.78223832,27.74421222,6.94197196
46.80524784,27.91057528,7.02666991
43.95932653,22.56206050,5.73818428
41.85979799,18.50825697,5.25434282
40.18505040,15.21902652,4.93860324
37.69277194,11.79923108,4.54391157
39.13684513,13.23082235,4.75783190
46.99205723,28.42373361,7.35413764
42.84275476,20.20517506,5.44792910
44.55050573,23.52616524,5.88444321
45.24180375,27.95782542,6.83849062
45.04258623,24.52726379,6.03893780
41.33802822,17.46476539,5.14925063
43.65221997,24.91577210,5.87690373
39.60208170,14.15936668,4.84161665
43.15659853,20.97757073,5.53470447
42.93226434,20.56918098,5.48430598
41.84107800,18.41196138,5.24620294
41.41351717,21.95495498,5.37507971
38.59007440,12.18131513,4.65072316
40.21355323,20.42459270,5.15843467
39.22621536,19.15010395,4.99500919
38.45757583,11.86148872,4.61870706
42.78073873,23.67744505,5.65395894
36.65955122,15.81035196,4.63558391
43.12281361,24.13921066,5.73471626
35.91706611,14.89503065,4.54975347
42.41610328,19.59508434,5.37102417
38.64008951,18.39207505,4.90643086
38.78756949,18.58395010,4.92828677
38.04289699,17.61379644,4.82064007
38.19298019,17.81022934,4.84193463
39.65554881,19.70379942,5.06394808
39.79697886,19.88502690,5.08727465
41.01916518,21.45912833,5.30205462
42.00094858,22.41049199,5.45928383
41.67915828,22.27372437,5.42426686
40.61284225,16.07785004,5.01558655
42.30671921,23.06117034,5.55024735
42.43003404,23.21659136,5.57613030
37.25519873,11.84707722,4.48298771
37.10858868,11.73265206,4.45954878
43.38801216,21.44379199,5.59174951
43.41849377,21.53084700,5.60134508
41.99182943,18.67658185,5.27469941
42.00797531,18.77570676,5.28309537
46.85889523,28.09961200,7.13544449
38.96197671,12.89817433,4.72567164
46.83539546,28.00043430,7.07771435
43.88453083,22.36521959,5.71407550
41.12658865,17.11952471,5.11321657
41.11497731,17.01804758,5.10529973
45.69126142,28.56160524,7.26304046
45.59323427,28.66510559,7.34012842
45.70877977,28.72100743,7.39050848
38.62832955,12.29711334,4.66210069
43.21825441,21.15913858,5.55402901
43.18772699,21.05998986,5.54378837
42.08979631,18.96855825,5.30238131
42.16654767,19.05453429,5.31385321
42.98554327,20.64312628,5.49439619
41.22160585,17.31358061,5.13207925
34.19770004,12.16153003,4.30373646
33.88041237,12.23241238,4.33043339
35.30217450,12.01347623,4.28433751
44.38435127,23.38334910,5.85466411
45.97870324,28.54344785,7.27385029
45.55091379,28.53990827,7.23939435
40.70468851,16.27847411,5.03335101
34.69251121,11.97303995,4.27193758
35.91393424,11.96050917,4.31827361
37.55212681,11.86578716,4.52633029
45.47375116,28.40807214,7.13825066
43.55234241,24.76174674,5.84789672
43.44751577,24.60464065,5.81875417
46.16690171,28.47323039,7.24796724
37.82072646,11.71343508,4.55754917
44.82463256,26.90970911,6.36699002
42.54630947,23.36845706,5.60147586
43.74570101,25.06281337,5.90513903
44.72354353,26.74472047,6.31085678
41.28201131,21.78924322,5.35036464
42.18065787,22.90696690,5.52468452
40.88389916,21.29409292,5.27820342
42.05504035,22.74826134,5.49900433
40.62055634,20.95385862,5.23050570
40.75420822,21.12627945,5.25454847
45.31804300,28.11665824,6.93657042
42.66670361,23.52334485,5.62781289
33.89174194,12.41644973,4.35306351
34.13623644,11.79183671,4.26581940
34.07006335,12.63074755,4.36744551
43.01299817,23.98563109,5.70774722
43.34027462,24.44819200,5.79011987
43.23192173,24.29321147,5.76213723
36.74193128,11.88300597,4.40940120
37.58759973,17.01995240,4.75764773
37.43469758,16.82029620,4.73694118
37.28105233,16.62001947,4.71640122
37.12666565,16.41910427,4.69602377
44.28591586,25.99812465,6.10277899
41.93582652,22.59555031,5.47472313
41.80612309,22.43627828,5.44942826
39.08063228,18.96351264,4.97260723
38.93431987,18.77461156,4.95035422
41.54557765,22.11075229,5.39905540
39.93806995,20.06404328,5.11067493
39.51345121,19.52041882,5.04072363
39.37045464,19.33588851,5.01773882
38.49161550,18.19926864,4.88478426
40.34984888,20.60009007,5.18212150
40.07657954,20.24404712,5.13441286
38.34249324,18.00541702,4.86330686
34.23185349,12.84860539,4.38388662
34.49123032,11.90306120,4.26764008
37.89187174,17.41659627,4.79948216
40.48495560,20.77837897,5.20632802
37.73995115,17.21873866,4.77849567
35.23417171,13.93843384,4.46271330
35.20984869,14.12152477,4.48577929
35.05033422,13.90972660,4.46772896
34.91459473,13.51417128,4.42657403
34.73095571,13.48426542,4.43242419
36.50265071,15.60583124,4.61571494
36.34521178,15.40042452,4.59598924
36.19041418,15.20237230,4.57727652
36.04809728,15.03430254,4.56190177
36.97160056,16.21720291,4.67576635
36.81588320,16.01414993,4.65560471
39.81385692,14.49432684,4.87323584
46.46359062,26.63859279,6.50266487
46.70691503,27.22941303,6.71409292
46.77042239,27.49926833,6.82958588
46.26108881,26.38064808,6.43012608
38.41097120,11.69673386,4.60316958
40.33474161,15.56748126,4.96880721
38.50896256,11.93756284,4.62667985
40.90857014,16.69298849,5.07185737
45.82957648,28.63036796,7.32516505
34.56985404,13.27044156,4.41525889
44.27942016,23.18695595,5.82575626
40.02708317,14.92283966,4.91170607
34.39664881,13.05857988,4.39950394
46.59886854,26.80152123,6.55051651
46.59719398,26.80817949,6.55334362
46.60475698,26.80530485,6.55126460
46.59214359,26.79562000,6.54897557
46.59027402,26.80400298,6.55248499
46.56328961,26.75185992,6.53523496
46.55924084,26.74493026,6.53302373
46.56089485,26.73789633,6.53012172
46.55071167,26.74036839,6.53216695
46.62944466,26.87515539,6.57644908
46.62189409,26.87216293,6.57602959
46.61785572,26.86567407,6.57385575
46.63434906,26.89097466,6.58229530
46.63785339,26.88483573,6.57942808
46.64094124,26.89621371,6.58370727
46.64311200,26.88885871,6.58047483
47.89159723,29.32690856,8.23062452
47.89693070,29.31936967,8.22354477
47.88786144,29.31788250,8.22128804
47.89662847,29.33419232,8.23834267
47.90230163,29.32721790,8.23185443
46.66167505,26.96558311,6.60979358
38.39081337,10.95501580,4.51318442
38.39976602,10.94701432,4.50997076
38.39236599,10.96476746,4.51461766
38.40170425,10.95690258,4.51140579
46.49964463,26.65713501,6.50641414
46.50622804,26.66629698,6.50911630
46.51322102,26.67178857,6.51043552
46.51697956,26.66226572,6.50652550
46.58938416,26.81127060,6.55538826
46.60143837,26.83753695,6.56440679
46.66734552,26.99039726,6.61934806
46.64219074,26.92656682,6.59578689
46.47410083,26.62963464,6.49884214
47.84572531,29.26620030,8.16624274
47.83865804,29.25500956,8.15456177
47.83083377,29.26926751,8.16791011
47.85779497,29.26214832,8.16323348
47.85145950,29.25385091,8.15448030
47.82219622,29.22981876,8.12830190
47.83414150,29.22803260,8.12751779
47.82640454,29.21791817,8.11691622
47.82522505,29.23883285,8.13743781
38.34323871,10.93270449,4.51749307
38.35512745,10.94162953,4.51708633
38.34085483,10.91855361,4.51559431
38.32536804,10.93183068,4.51992850
46.46611480,26.60696312,6.49158102
46.45874042,26.59177819,6.48691736
46.47320472,26.61668487,6.49437582
46.48151451,26.60469844,6.48930361
38.37607681,10.96037365,4.51674905
38.36136862,10.95398166,4.51810566
46.72710218,27.07343678,6.64892895
46.69787394,27.08777767,6.65691035
46.70403621,27.10333692,6.66296502
46.66075519,27.00333377,6.62494877
46.68862651,27.03537946,6.63609461
47.76837057,29.16233686,8.05778324
47.77668527,29.17543330,8.07120390
47.78584086,29.16054341,8.05746743
47.75270976,29.16386408,8.05785288
46.69713929,27.07042140,6.64986829
47.75923492,29.14940880,8.04449535
47.76585922,29.13386298,8.03000551
46.72921757,27.13777733,6.67599832
46.74967553,27.13951834,6.67545167
46.76347325,27.16689484,6.68631155
46.38622381,26.51520678,6.46638394
38.40647282,11.02331300,4.52219427
46.11791990,26.00203494,6.33203745
46.12827162,26.01755781,6.33555108
46.14226806,26.00344895,6.33050434
46.12645669,26.03607279,6.34067907
46.15045259,26.02242931,6.33515905
38.43917122,11.09913701,4.52944658
38.44540678,11.11425114,4.53094210
38.45917624,11.10337693,4.52671477
38.44010176,11.13229001,4.53470156
38.46292546,11.12074610,4.52907298
46.09909591,25.94804571,6.31876753
46.08941683,25.93073160,6.31482574
46.11128678,25.96250082,6.32174246
46.12002742,25.94458363,6.31589558
46.60250505,26.82759297,6.56042381
46.63827859,26.90511710,6.58756483
46.04816245,25.87241649,6.30233999
46.06600470,25.87433243,6.30149635
46.06106948,25.85348804,6.29629123
46.70497916,27.13568130,6.67611738
46.71899712,27.11871403,6.66857923
47.72741606,29.11535705,8.00902612
47.75254934,29.12052327,8.01608453
46.42572322,26.54674602,6.47418012
38.38756819,10.98874944,4.51957314
47.75719799,29.24452068,8.13606840
47.76028177,29.21915291,8.11193702
47.74374216,29.22729080,8.11794504
46.02420166,25.83916583,6.29532309
46.01145593,25.82236711,6.29182892
46.01405078,25.80248717,6.28661923
47.67386347,29.10561176,7.99457774
46.08081653,25.91187170,6.31040932
46.07253703,25.89299339,6.30598648
38.39754762,11.01157152,4.52172130
38.39995377,10.99872869,4.51914304
38.41752822,11.09377842,4.53192654
46.81283977,27.28913004,6.73739165
46.76886764,27.31574892,6.75021648
38.42215935,11.14878192,4.53972256
38.44693741,11.15644592,4.53752800
38.41032922,11.13017273,4.53845888
45.97314251,25.76004151,6.27851338
45.95273446,25.74614717,6.27613051
45.95438743,25.77228921,6.28222597
46.00006270,25.76176395,6.27718811
45.98408582,25.73939770,6.27267041
46.72593442,27.21240054,6.70709204
46.16787701,26.10343173,6.35658496
46.15698923,26.07510209,6.34943035
47.68597541,29.07480470,7.96684509
45.97465806,25.78327803,6.28407195
46.12828523,26.14789197,6.36968054
46.14852562,26.12623066,6.36366614
47.63155795,29.01810063,7.90892223
46.45905445,26.57483456,6.48096089
45.86029312,25.63883880,6.25440981
45.84982081,25.61091832,6.24854934
45.88062413,25.66569463,6.25992197
45.89153745,25.63593826,6.25292413
47.66853080,29.21012948,8.09229729
47.64143065,29.19043978,8.07015001
47.63624570,29.22466326,8.10146569
38.16886230,11.07940595,4.54785542
38.18489025,11.12281853,4.55161422
38.21559816,11.09719083,4.54858443
47.70772297,29.09374951,7.98671611
45.72143199,25.48281161,6.22243894
45.67734043,25.43997717,6.21336661
45.66305945,25.39548332,6.20493099
47.48015728,29.10109368,7.96431265
47.43583694,29.08365883,7.94152536
47.43246707,29.14520508,7.99579664
47.41137693,29.03274774,7.89261963
47.36901508,29.11027127,7.95338496
47.33452890,28.67274249,7.58203016
47.37050098,28.69719986,7.60548185
47.39111630,28.63850870,7.56080434
47.48132266,29.03502792,7.90552979
47.32989591,28.84691567,7.72168775
47.37565429,28.79733617,7.68730464
46.87761339,27.81207565,6.98461071
46.87330966,27.86649157,7.01194853
46.94222612,27.83496312,7.00142767
46.85364872,27.76286594,6.95796527
47.51920450,29.07014174,7.94245863
47.52586408,29.11627703,7.98513428
45.47646011,25.11415130,6.15035971
45.52085228,25.14083730,6.15644040
45.53481244,25.06583600,6.14346034
45.41162823,25.12144009,6.14740225
45.57832274,25.27947873,6.18182853
45.53483058,25.31307832,6.18485172
45.58141482,25.34168811,6.19229864
47.53263546,28.92901372,7.81837767
38.11623125,11.23845243,4.56012512
38.11918310,11.17164065,4.55530172
46.91859807,28.04130003,7.11062089
46.97831217,28.05839032,7.12695343
46.97974886,28.00515088,7.09687343
47.01713593,28.09617614,7.15281137
47.03295231,28.03703263,7.11964551
44.95978024,24.26221460,6.00026702
45.04126806,24.28375655,6.00774905
45.02540947,24.20090830,5.99527913
45.22531952,24.63312921,6.06567131
45.18143345,24.58776090,6.05706217
45.18929947,24.52057315,6.04754201
45.11250882,24.56630273,6.04971147
38.66182730,12.02235647,4.63560765
38.62620591,12.08102274,4.64208513
38.72910248,11.99766333,4.63019017
38.66734380,11.96089563,4.62828892
42.22804978,18.91616311,5.30392778
42.17483550,18.96289602,5.30696482
42.24754530,18.98998206,5.31169034
42.21928230,18.84221139,5.29594502
42.14691738,18.88863150,5.29937866
47.01496590,28.28125487,7.26522329
47.05519550,28.21222757,7.22694092
47.14593291,28.36108970,7.33326053
47.06685752,28.36504178,7.32620007
47.07619032,28.42323973,7.36637522
47.02147771,28.33700723,7.30168805
44.17604242,22.75266127,5.77471758
44.25405092,22.77456721,5.78095123
44.23847667,22.69316368,5.77014854
44.15767977,22.82298445,5.78048195
40.27941622,15.18184167,4.93679360
40.28443139,15.24222160,4.94233786
40.34676824,15.18591590,4.93564651
40.25547744,15.12930672,4.93199916
39.05190939,12.85249559,4.72317443
39.12985421,12.87340423,4.72425092
39.11531479,12.78577669,4.71417527
39.05123374,12.91895870,4.72968299
43.35260445,21.05193884,5.55273113
43.28017446,21.02665346,5.54751386
43.27188830,21.08541895,5.55254400
43.24510722,20.97156551,5.54037610
42.58468018,19.69321049,5.38912480
40.42876460,15.40538279,4.95654072
40.47600126,15.44176614,4.95900498
40.49856278,15.36070653,4.94823401
40.38712296,15.47404128,4.96321517
39.28928582,13.27334061,4.76355662
39.29742811,13.34389067,4.77011538
39.36145346,13.28080084,4.76259562
39.25033650,13.21012612,4.75783662
39.20950111,13.30342511,4.76553562
38.91404158,12.58122152,4.69502924
38.99584359,12.61024481,4.69696543
38.97861164,12.52268576,4.68667003
38.90154208,12.65525570,4.70245665
40.11290867,14.86953027,4.90851074
40.07197646,14.82192526,4.90425740
40.16454468,14.80529676,4.90045780
43.19193612,20.77032728,5.51761679
43.23617637,20.81286328,5.52327378
43.25645932,20.74682291,5.51505474
43.14883148,20.83390280,5.52208382
39.87333548,14.33265074,4.85916904
39.86363121,14.26868998,4.85267361
39.93062041,14.37029050,4.86134118
39.94209375,14.28104430,4.85002426
42.04037965,18.51573934,5.26100163
42.09823203,18.55536475,5.26467763
42.10845626,18.46791142,5.25314490
42.00859099,18.58580749,5.26764588
38.49905637,11.71763155,4.60504775
45.11550581,24.50239621,6.04157631
45.16142679,24.44704332,6.03558765
39.97544876,14.44049864,4.86734181
39.89262691,14.44526073,4.87002443
39.90832383,14.51369265,4.87630568
38.68297636,12.12737886,4.64696182
38.71238671,12.06373347,4.63918663
40.16321484,14.95392344,4.91610794
40.17133510,15.02156335,4.92235008
40.24160846,14.95415487,4.91397855
40.11685780,14.92187565,4.91331199
40.09495006,14.98666681,4.91846659
47.16750127,29.01189044,7.83057442
47.19661269,29.07008477,7.88574652
47.25174950,29.00852947,7.84369530
47.19020704,29.14678306,7.95086892
47.27262367,29.10318350,7.92908525
45.22776342,24.83209532,6.09309662
45.18976903,24.76701633,6.08148346
45.20221667,24.69981076,6.07373979
42.28623719,19.06783773,5.32015151
38.55442186,11.85752624,4.61909143
47.20190412,28.94333109,7.77968553
47.08831197,28.94955000,7.76334339
45.94109184,25.71707217,6.26973675
40.17526929,15.11119394,4.93004713
40.26177194,15.04567330,4.92334729
44.01754451,22.47501277,5.73530564
43.90898904,22.26598682,5.70687124
47.08881044,28.58025161,7.47797349
47.16358892,28.62252867,7.52057851
47.19724950,28.53598761,7.46179057
42.83258865,20.37421804,5.46135431
42.93792004,20.37645083,5.46842739
43.43738429,21.35785270,5.58819422
45.07196416,24.45130503,6.03202365
41.96091775,18.51792179,5.26011556
41.03028202,16.68269513,5.07481070
45.40314233,28.68218078,7.35158634
45.49182194,28.63981449,7.31689446
45.40490669,28.56015600,7.25118542
45.37974128,28.77597555,7.43397207
45.49184579,28.74801579,7.40829977
39.72872589,14.15335773,4.84364008
41.38718210,17.37506666,5.14332159
41.62986240,17.84064289,5.19042376
41.22040422,17.11912388,5.11708766
44.09780855,22.63022906,5.75668285
40.71347444,16.07269992,5.01767121
43.04074546,20.84054210,5.51386695
43.21316196,20.89741415,5.53156884
43.82060606,22.11362612,5.68578812
43.50739020,21.53246444,5.60907387
45.59985413,28.79005520,7.44598335
45.59335337,28.88468355,7.53070935
45.69492206,28.87063123,7.51907364
45.51690627,28.85012438,7.49931785
45.52527608,28.93800466,7.58121146
44.40447151,23.19602101,5.83776254
43.11096804,20.76106190,5.51321362
46.96475619,28.95934377,7.74753580
46.98036196,28.72175571,7.56324633
41.12878190,16.91067600,5.09681242
42.12428075,18.79136348,5.28979055
38.70609737,12.20241872,4.65489835
43.04352903,20.57875246,5.49262995
40.82957968,16.29371953,5.03792066
37.79606472,11.54173090,4.54894367
37.88024229,11.42796415,4.55380960
47.09031469,28.70832637,7.57289776
47.01642595,28.65002575,7.51646657
47.19803883,28.68424790,7.57234122
42.30091756,19.16441641,5.32974710
42.65733734,19.84934741,5.40661570
38.04397374,11.25777094,4.55830778
40.57863860,15.85270454,4.99747759
36.21598478,12.08001395,4.35119282
36.25069252,11.90715653,4.34884958
37.40860618,11.75833303,4.50362799
39.49563341,13.70154472,4.80264672
41.06628532,16.76490798,5.08273043
36.98551678,11.79293218,4.44249172
36.95805408,11.60714935,4.43574030
35.61007867,11.73304544,4.28392531
35.72417179,11.63062494,4.28774517
35.60161732,11.55010858,4.27448802
35.77339937,11.79573986,4.29920507
44.27830752,26.20555292,6.14448737
44.73984905,27.19004420,6.45532304
44.57280481,27.18866998,6.44759854
44.62764469,27.34311649,6.51156546
44.82355433,27.07053376,6.41822341
44.68168762,27.05334684,6.40317828
44.50880334,27.05061836,6.39419211
44.61766281,26.90482850,6.35047412
34.42150267,11.72852867,4.25207187
34.54333976,11.74678643,4.25237750
34.52644203,11.60565477,4.23984471
34.29965239,11.85453196,4.26710613
36.84260276,11.74373515,4.42107419
45.53251210,25.26579516,6.17732888
45.51719222,25.21437962,6.16832527
35.02616896,11.82361425,4.26244832
34.87173015,11.88642902,4.26482732
34.76056197,11.77639044,4.25480327
33.98547709,11.73641934,4.26592012
33.86619790,11.69397853,4.26687607
44.12764752,25.91674938,6.07455760
35.16749998,11.76783287,4.26264282
35.09523679,11.64883143,4.25200563
35.30503093,11.81218161,4.27106481
35.28216283,11.60936134,4.25744865
43.78252397,25.51627145,5.97809687
43.61590570,25.54853132,5.97489629
43.73354992,25.68504285,6.00618439
34.62738264,11.81827073,4.25831216
43.71958763,25.38590169,5.95199538
36.07321680,11.82563460,4.32744166
43.85819472,22.19673918,5.69651469
43.97929068,22.39494517,5.72458568
43.97473211,22.31373963,5.71570729
35.47549410,11.88423375,4.28389571
43.93268028,25.72121651,6.02429051
36.57167075,11.82082917,4.38525380
36.68116436,11.69525591,4.39756849
34.92952740,11.70186127,4.25115519
46.58338743,26.79932854,6.55137247
46.58162591,26.79140790,6.54850190
46.55473145,26.73118910,6.52826322
46.54263083,26.70610133,6.52007598
46.48689155,26.63214602,6.49863044
38.39743379,10.97597764,4.51565233
46.64949883,26.93585705,6.59886549
46.61278627,26.84902086,6.56779669
46.59564977,26.81550277,6.55640605
46.56805794,26.74408838,6.53166995
46.53629647,26.69820912,6.51782069
46.52983139,26.69065396,6.51569755
46.52556887,26.68397173,6.51366213
46.57495951,26.76807302,6.54017705
46.57643436,26.77675703,6.54339167
46.58108462,26.78356909,6.54552212
46.67677671,27.00910242,6.62622572
46.67720338,26.99645135,6.62105142
38.36964159,10.93121040,4.51290037
46.41350883,26.53449687,6.47098570
47.81319793,29.23982272,8.13732989
47.82187651,29.25406162,8.15211372
47.79819674,29.23533001,8.13150932
47.80048440,29.25828281,8.15413406
47.80181531,29.21536090,8.11233649
47.81334084,29.22403879,8.12185734
47.78005432,29.25045842,8.14435854
47.79241443,29.20280232,8.09922924
46.74297683,27.27409213,6.73261154
46.74309476,27.25176841,6.72326068
47.78032942,29.22406778,8.11877533
46.68062010,27.02141230,6.63095675
46.73224967,27.23374355,6.71584698
46.03664463,25.85781097,6.29931866
47.72441810,29.22244933,8.11104595
46.16149748,26.15868384,6.37183906
46.77488561,27.35081128,6.76530893
46.69344968,27.05249756,6.64276804
38.24522478,11.06188575,4.54377868
38.31127960,11.00671913,4.53224030
46.10988665,25.98240922,6.32727581
46.81408579,27.46869001,6.81782568
46.82190121,27.51824328,6.84047709
46.16829138,26.19856961,6.38219665
45.99747626,25.78867555,6.28420815
46.34728882,26.47023462,6.45412922
46.83927591,27.70127205,6.92685786
46.32441973,26.44207061,6.44644740
47.66928191,29.05409151,7.94588254
46.29511372,26.41064748,6.43804647
47.59752418,28.99486874,7.88426239
46.21978692,26.32237121,6.41449727
38.45384679,11.42431697,4.57371466
38.45444593,11.47201832,4.57936468
47.56358221,28.96494237,7.85368239
38.43418151,11.20429954,4.54639396
42.31628543,19.40666881,5.34994787
42.42764045,19.39797797,5.35576713
47.24665514,28.60871024,7.52196161
46.87053021,27.92814332,7.04371481
41.20619176,17.04652728,5.11033650
41.31492407,17.23003871,5.12880265
45.82770878,25.58550832,6.24345136
42.62087986,19.77161510,5.39788121
47.43715230,28.82828580,7.72066962
41.42503375,17.46664447,5.15238889
41.47792557,17.54719456,5.16068818
38.41717417,11.23296592,4.55217962
42.29048191,18.93648171,5.30591798
44.78276600,23.90632821,5.94468072
44.72610447,23.83030717,5.93176397
46.82999388,27.57294227,6.86590047
38.52377518,11.78858574,4.61216428
46.83960845,27.63652065,6.89609682
45.63785581,25.35586876,6.19712101
38.48398802,11.64905806,4.59805549
47.35038486,28.74899954,7.64468985
43.39824740,21.27753207,5.57820484
43.38625417,21.19504062,5.56936530
39.77364236,14.24330224,4.85179688
46.92008699,27.96961076,7.07132168
46.99151613,28.16040948,7.18809680
46.94480109,28.10579968,7.15038595
44.60426301,23.60878296,5.89763016
41.78438088,18.14845728,5.22193839
45.31062758,28.42393656,7.14491859
41.31721434,17.32159321,5.13706000
41.19375267,16.97143504,5.10314642
39.41894685,13.56463941,4.79022028
40.45450650,15.53753021,4.96909401
39.01452878,12.79488113,4.71729333
39.11027303,12.97029438,4.73498889
42.90429727,20.29023170,5.45867590
45.06059741,27.94947370,6.82589081
39.67180673,14.07667565,4.83669754
44.92166810,24.20889562,5.99094625
45.95795351,28.72922246,7.41337083
44.50195663,23.36591296,5.86317487
44.56471616,23.42963722,5.87426498
44.05849437,22.55318370,5.74607696
37.69899962,11.65583391,4.54069097
41.59080168,17.76450096,5.18268007
44.43808820,23.29468386,5.85088602
40.84671799,16.38432644,5.04603121
40.31073519,15.31225956,4.94863414
40.66947881,15.99784987,5.01082812
39.39867461,13.49161698,4.78348537
42.38221836,19.32092340,5.34700627
44.34098251,23.10623787,5.82362246
47.13820216,28.46472418,7.40334474
42.80107300,20.07254854,5.43346453
44.26499804,22.95588715,5.80227135
44.53312209,26.75280430,6.29924018
44.46682345,26.60026787,6.25251040
43.09043477,20.66645754,5.50327448
43.78718888,22.02995927,5.67533237
43.45117554,24.93888843,5.86460356
39.19280185,13.13556031,4.75096375
42.47631014,19.45347642,5.36259806
41.94189895,18.42297793,5.25085836
45.82065928,28.79967839,7.46188855
43.49158544,21.44169834,5.59945393
38.60383231,11.91762616,4.62492055
41.56631908,17.69485036,5.17576340
41.50370518,17.64349504,5.16994065
40.56155721,21.13523215,5.24983593
40.42900309,20.95976004,5.22578390
43.24429834,24.62884100,5.80658389
40.15887990,20.60574915,5.17801281
43.02909057,24.32102301,5.75085454
42.92008794,24.16799384,5.72380783
41.15058732,21.62548044,5.32619921
41.08824500,21.80858228,5.34533265
41.48369445,22.29626276,5.41811395
41.61084671,22.45744188,5.44269054
41.35110412,22.13825704,5.39405667
37.09559881,16.60156891,4.71732178
36.94136888,16.39973132,4.69722700
40.82553233,21.47696215,5.29763202
37.55414406,17.20221768,4.77847992
37.40193102,17.00261739,4.75792279
42.89380439,23.83094351,5.68033757
42.57952489,23.70685843,5.64425043
36.16057640,15.37694741,4.59864741
36.01481582,15.19666672,4.58217143
36.47465449,15.78856354,4.63766214
38.45317343,18.38125490,4.90478391
39.03809656,19.14535322,4.99250284
42.10828698,23.09129859,5.54248777
38.00672769,17.79584878,4.84102831
38.15603958,17.99223026,4.86216164
42.22983525,23.24595174,5.56768643
42.34656167,23.40038655,5.59296184
39.60764364,19.88550316,5.08391317
39.74806453,20.06687779,5.10721355
41.73781269,22.61967073,5.46771551
43.64173293,21.78056289,5.64147381
44.65129975,23.67813391,5.90888088
42.81081780,20.13902917,5.44028900
42.08174785,18.70104636,5.28022517
38.75683604,12.30077470,4.66531036
33.70617768,12.18262687,4.33718150
33.67940611,11.96148641,4.31074603
37.25656677,11.65115622,4.47982629
37.11805567,11.57853248,4.45863453
46.11575285,28.66882725,7.38223802
45.22382050,28.26983136,7.03294787
45.14366506,28.10567767,6.92287741
41.21987219,21.97287811,5.36947146
41.98380741,22.93365119,5.51712790
43.13728263,24.47455508,5.77842429
44.81571915,27.32350074,6.51094715
43.63706784,25.23128431,5.92156944
43.34955592,24.78422735,5.83541306
33.71643233,12.37431665,4.36183911
40.29423750,20.78187124,5.20166524
40.02336948,20.42553637,5.15411534
42.46536829,23.55331597,5.61851098
40.95702964,21.64243839,5.32129512
40.69149845,21.30771077,5.27373945
36.78647777,16.19675554,4.67723166
42.81018509,24.01487606,5.69715556
36.39288203,11.75170390,4.36092831
34.54750183,13.45360898,4.44013093
34.05857906,12.80842914,4.39146019
35.88250113,15.04956435,4.56943755
37.24913239,16.80241752,4.73753892
35.56443987,14.61066935,4.52924375
35.73858620,14.92731169,4.56052670
35.37515050,14.34042070,4.50474354
39.32478752,19.51762715,5.03769861
39.18206888,19.33195954,5.01494739
38.89297491,18.95645425,4.97023195
38.74700061,18.76580097,4.94816920
39.88647826,20.24588892,5.13050371
39.46661517,19.70212963,5.06069677
38.30492311,18.18741997,4.88340744
37.85677956,17.59874967,4.82002800
37.70589095,17.40097356,4.79918402
35.02608662,14.09264607,4.49223642
34.89064168,13.69729049,4.44993966
34.86667385,13.88023873,4.47458265
34.70708255,13.66721550,4.45721055
36.63087686,15.99302432,4.65737566
36.31788271,15.58321908,4.61808350
42.06292703,18.62977024,5.27295412
38.42519447,11.11348065,4.53391189
41.27817852,17.15354466,5.12118489
43.98493205,25.85202528,6.05230162
46.54857540,26.71283531,6.52194577
46.40474548,26.51894008,6.46645875
46.04018680,25.81542985,6.28791437
46.59516191,26.82260546,6.55921198
38.40578179,10.98612318,4.51589067
46.25473457,26.33889474,6.41851922
38.88027935,12.51746734,4.68829714
43.31961432,21.14268259,5.56080364
40.78136239,16.20431904,5.02966615
39.45439951,13.64426047,4.79746882
40.76502024,16.12958430,5.02287295
43.00300184,20.49896151,5.48309712
45.72910952,25.43410748,6.21314332
42.69361352,23.86079510,5.67041585
43.54692960,25.08860100,5.89342727
44.99979690,27.78459355,6.73231114
38.60046676,18.57398421,4.92635374
41.11344640,16.82320980,5.08854329
40.97820577,16.60875949,5.06755010
42.98385657,20.43212304,5.47574850
46.58448994,26.75306416,6.53299333
46.58002645,26.75461124,6.53424478
46.58497319,26.75847158,6.53511124
46.58736510,26.74886800,6.53082114
46.58069308,26.74883519,6.53184880
46.57050909,26.72414015,6.52340499
46.56684268,26.72025739,6.52241194
46.56634776,26.72568202,6.52464117
46.57312342,26.72012754,6.52135907
46.57067500,26.71545559,6.51985358
46.56587892,26.71510836,6.52047807
46.56175527,26.71168588,6.51974457
46.56188621,26.71735241,6.52196932
46.57970746,26.74336907,6.52978225
46.57537130,26.73948839,6.52886503
46.57524904,26.74563335,6.53132341
46.58492913,26.74386314,6.52915809
46.58256377,26.73902012,6.52755342
46.54938349,26.70127241,6.51737719
46.55038446,26.70646329,6.51927148
46.55593817,26.70273576,6.51704160
46.54420370,26.69893946,6.51715399
46.54423483,26.69334791,6.51499082
46.53903222,26.68886880,6.51393791
46.54691169,26.68724119,6.51223383
46.64976707,26.88661595,6.57870045
46.65063604,26.89305519,6.58126233
46.65348213,26.88140285,6.57596278
46.64509162,26.88152714,6.57718868
38.38126358,10.89201830,4.50348566
38.38718464,10.89140997,4.50203167
38.38398419,10.88462687,4.50142324
38.38462105,10.89936636,4.50416602
46.65051282,26.87543273,6.57386932
46.64387732,26.87498986,6.57464132
46.63871389,26.87017896,6.57331779
46.63744931,26.87829867,6.57682444
46.60421131,26.81151495,6.55384964
46.61117359,26.81271557,6.55341759
46.60975022,26.80791828,6.55166243
46.65567436,26.89849461,6.58288448
46.65942614,26.89343880,6.58020719
46.65620828,26.90600585,6.58595024
46.66245473,26.89954884,6.58236930
46.61122178,26.83841544,6.56374681
46.61620052,26.84312541,6.56506552
46.61966942,26.83530258,6.56148354
47.88728949,29.30349473,8.20686182
47.88402562,29.29693473,8.20003555
47.87677089,29.30390832,8.20638991
47.89556195,29.30229397,8.20631054
47.89156090,29.29614423,8.19983194
46.58686326,26.77728454,6.54237750
46.66162946,26.93825677,6.59867659
46.67180108,26.93830492,6.59754617
46.60519872,26.81873596,6.55660828
46.57697293,26.76014532,6.53685182
46.61111131,26.83181371,6.56113073
46.61381205,26.82377975,6.55755886
46.65464913,26.91445364,6.58964490
46.64673870,26.91824865,6.59203168
46.65396896,26.92405980,6.59366398
46.64676949,26.91013923,6.58874804
46.62436360,26.85812836,6.57015777
38.42038785,10.98298482,4.51242575
38.42106554,10.97370600,4.51051764
38.41122752,10.97530311,4.51287602
38.42949826,10.97533361,4.50894544
38.42639197,10.96701019,4.50800449
46.52754205,26.67576220,6.51034989
46.55593189,26.71640751,6.52241524
46.55974759,26.72356415,6.52471005
47.85446602,29.27407201,8.17480011
47.84093519,29.28241141,8.18181913
47.85487418,29.28636043,8.18701637
47.86498792,29.26829674,8.16992566
46.56355639,26.73064850,6.52698476
38.42664969,10.99163738,4.51274162
38.43666485,10.99329553,4.51086410
38.43301054,10.98392681,4.50984473
38.42659211,11.00265049,4.51481926
46.68952781,27.00066465,6.62170406
46.74157304,27.07650066,6.64878545
46.74622493,27.08804666,6.65335130
47.84727934,29.24405628,8.14442463
47.83538486,29.24205119,8.14147816
46.62930842,26.86622835,6.57286261
38.41126829,11.00776503,4.51868695
47.86466466,29.27920446,8.18076333
47.86608623,29.29332420,8.19492553
47.84874352,29.30326469,8.20314442
47.86244190,29.32041511,8.22143664
47.86475935,29.30669434,8.20807531
47.87121019,29.31347942,8.21540702
47.81879761,29.20767058,8.10621558
38.35507103,10.92557571,4.51445581
46.59039709,26.78609744,6.54543026
46.49805574,26.62038400,6.49316326
46.41664074,26.50715819,6.46156029
46.42227313,26.51834377,6.46485389
46.43066811,26.50478757,6.45930592
46.40302416,26.49991682,6.46029214
47.81429146,29.27287809,8.16981664
47.79966115,29.28066825,8.17586363
47.81161362,29.29138098,8.18761906
46.64825026,26.90114995,6.58491133
47.80643760,29.18609572,8.08404533
47.79467353,29.17342473,8.07072693
47.82863928,29.29790443,8.19582353
47.83173876,29.31544807,8.21335347
38.39569892,10.93786061,4.50910333
47.81370510,29.31281583,8.20876887
47.79082384,29.30350035,8.19704157
46.38818893,26.44174175,6.44215975
46.39481550,26.42720157,6.43641925
46.37300647,26.43034981,6.43982067
46.40505224,26.44207687,6.44033076
46.19521779,26.03686141,6.33426756
46.18495187,26.04948024,6.33951490
46.20195956,26.05292232,6.33836364
46.16997156,26.05430233,6.34252332
46.18516885,26.06523401,6.34421611
46.81729854,27.25358455,6.72094453
46.82625597,27.27060263,6.72805454
46.43067022,26.53019519,6.46813742
45.32605930,29.31743987,7.99520172
45.32885856,29.29108769,7.96446454
47.77824389,29.14594087,8.04266917
38.43404068,11.08185069,4.52740460
47.82513433,29.28214387,8.18000190
46.13642734,25.98359994,6.32539180
46.75250303,27.21641657,6.70815546
46.34632780,26.39793500,6.43157111
46.36455434,26.41142860,6.43436945
46.37183246,26.39403446,6.42779790
46.34811462,26.42391092,6.43968167
45.96630852,25.66711015,6.25556080
45.98190772,25.67864138,6.25700310
45.99074257,25.66040244,6.25089958
45.96387724,25.69333536,6.26252544
45.98760402,25.69661665,6.26121678
47.78234468,29.27681828,8.17017603
47.76174614,29.29779629,8.18796104
47.76482563,29.26819587,8.15979483
46.01983479,25.78049028,6.28042370
46.23260795,26.13111219,6.35888702
46.21868031,26.14768024,6.36542478
46.24099466,26.15232681,6.36450179
46.19507859,26.15275896,6.36868793
46.21814224,26.17091315,6.37230480
46.33768649,26.37589323,6.42524186
46.32003045,26.38916198,6.43062148
46.34713852,26.35581955,6.41779117
46.31863828,26.35981984,6.42166749
47.73200698,29.09329301,7.98833441
46.76137491,27.23522315,6.71587920
38.49400515,11.19871523,4.53709471
38.51667071,11.20437287,4.53402769
38.50897546,11.18249637,4.53152774
38.46893686,11.20283361,4.54167260
38.49310435,11.21971627,4.54076138
46.22954505,26.19839343,6.37948170
46.20186952,26.19421022,6.37993052
46.20328133,26.22311847,6.38786112
46.26032617,26.19896010,6.37688398
46.24939116,26.17528932,6.37070443
46.47484273,26.59275675,6.48571358
46.47399656,26.57894451,6.48082101
47.84699318,29.23150317,8.13193237
46.04920349,25.83723991,6.29296314
47.72992873,29.24996779,8.13804242
47.74351272,29.27472470,8.16347484
47.73634915,29.30205571,8.18874157
46.80808490,27.35835384,6.76850493
47.68082494,29.02979004,7.92417744
47.65624925,29.03340316,7.92540961
47.70324939,29.24817625,8.13292032
47.67517122,29.27622192,8.15562006
47.71235457,29.28510933,8.16930272
46.28248196,26.28966904,6.40277984
46.30825092,26.29054000,6.40072466
46.29641633,26.26758058,6.39464014
46.28940376,26.31635165,6.41037940
45.97072709,25.71836824,6.26832810
47.68001909,29.23932304,8.12141457
46.35640673,26.44763144,6.44663371
46.37214729,26.46601786,6.45147849
46.22253043,26.28515315,6.40433485
38.45402093,11.17986460,4.54018973
38.21786111,11.02141204,4.54070445
38.25228387,11.02049868,4.53872652
38.24028461,10.98266333,4.53509940
38.20279759,11.05642200,4.54490715
47.65234788,29.24786898,8.12557764
47.64231609,29.28196546,8.15610607
46.32600442,26.41285082,6.43753768
47.55603474,28.89395995,7.78981022
47.57880716,28.92347755,7.81811932
47.59860157,28.88884118,7.78876892
45.33855888,29.22308911,7.88671003
45.32814519,29.25887263,7.92798017
45.36875208,29.25034639,7.91360646
45.29697119,29.22762724,7.89680039
38.49239431,11.33800268,4.55901639
38.47760204,11.30855798,4.55643275
38.52765002,11.34387945,4.55560120
38.51768142,11.31170983,4.55193331
47.63903560,28.97747580,7.87227261
46.91611033,27.58635057,6.87451388
46.93675274,27.61478868,6.88864056
46.96000004,27.59027041,6.87580566
46.93789926,27.64697306,6.90482744
46.97222095,27.62294777,6.89227766
45.80991095,25.54650968,6.23545829
46.15071397,26.04627237,6.34186604
47.54475184,29.29857164,8.15524231
47.50317649,29.28924715,8.13912123
47.54314525,28.86686199,7.76481544
45.70948307,25.28095103,6.18211248
45.72896410,25.24372749,6.17254045
45.67469815,25.25326018,6.17762308
45.75151807,25.27940028,6.17900138
45.66256851,25.20740579,6.16855861
45.62208699,25.23802095,6.17537954
45.68338194,25.16702284,6.15854451
45.62664089,25.17771124,6.16365523
45.61479889,25.13172748,6.15475382
45.57120575,25.16293104,6.16128796
45.63566379,25.08646678,6.14403507
45.58051001,25.10531528,6.15042395
47.47393347,28.78811073,7.69075036
47.43955070,28.76804980,7.67056614
47.49120484,28.74844549,7.65883231
46.87277686,27.59735999,6.87910293
47.48481978,29.16147953,8.01948450
38.50243897,11.43672016,4.57167600
47.08467180,28.01259627,7.10861443
47.11565341,27.96767438,7.08291291
47.04720543,27.97226890,7.08320696
47.13798484,28.01666121,7.11281676
46.17894071,26.12972571,6.36321687
47.71153441,29.06532580,7.96009806
47.69513538,29.04930332,7.94365193
47.40488566,28.73418589,7.63906957
47.46151324,28.71754908,7.63072825
47.29199201,28.31746553,7.31441381
47.26449648,28.36390840,7.34574047
47.31697742,28.36254606,7.34745324
47.21156885,28.39933213,7.36624826
47.27618375,28.41731041,7.38449607
47.49229512,28.81876045,7.71850826
38.07334793,11.11855708,4.55031228
38.13767528,11.11857919,4.55136585
38.10705065,11.05504002,4.54597779
38.05137024,11.18570276,4.55416015
47.21249331,28.17150894,7.21255187
47.16121115,28.17816876,7.21459277
47.17138804,28.22311005,7.24425025
47.11931499,28.16210308,7.20164153
47.12252744,28.21074827,7.23258133
46.29633426,26.37810040,6.42846309
42.99918420,20.12022884,5.43659379
43.02858006,20.07227722,5.42597963
42.95368747,20.07751418,5.43296302
43.05732981,20.12129857,5.43139812
38.78982997,11.97314275,4.62225540
38.79608046,12.03436935,4.63077688
38.82214185,11.92749846,4.61132205
38.74667124,11.92888524,4.61952084
38.53820058,11.54408238,4.58295668
46.90130612,27.72245574,6.94137489
45.62651563,25.29708527,6.18631933
45.69091732,25.35713639,6.19811337
46.93094622,27.90249222,7.03625631
45.57270516,25.22165355,6.17174121
44.63581939,23.32940463,5.86133010
44.57328795,23.31916912,5.86008755
44.58481640,23.36812723,5.86705093
44.52078507,23.29368701,5.85536695
42.40113267,18.85183027,5.28644951
42.34370504,18.84899544,5.29174621
42.35469628,18.90757135,5.29955145
42.29928288,18.80441706,5.28841091
42.28928128,18.87729268,5.29869306
40.31146318,15.08526790,4.92579573
40.34796460,15.03269764,4.91697228
43.27881775,20.68845939,5.50599926
43.31322547,20.72542330,5.50962805
43.34599161,20.67984425,5.49896999
43.31523884,20.78275458,5.51822056
43.36932671,20.72993562,5.50544075
43.42732372,20.99207536,5.54407166
43.47462582,21.03127073,5.54748218
43.50345690,20.98459369,5.53689960
43.48393479,21.09000381,5.55609078
43.52970147,21.03538956,5.54329681
41.63372536,17.47903177,5.14754207
41.68952461,17.48124658,5.14196656
41.66495778,17.43192155,5.13679716
41.64063498,17.53593318,5.15514191
43.35106124,20.83870900,5.52481954
43.28550769,20.84556158,5.52746775
43.30309785,20.89970285,5.53416785
38.55854724,11.66652412,4.59717681
42.55921824,19.46554758,5.36470367
42.64329600,19.46849672,5.36222871
39.92357617,14.21397204,4.84272010
39.86135546,14.19962439,4.84498676
39.81213904,14.16882705,4.84360938
47.06604198,28.13606765,7.18124726
37.98855163,11.11460752,4.54682559
37.98210071,11.20514097,4.55169955
37.98747127,11.26818914,4.55547018
45.39954423,24.98039930,6.12580209
45.37274729,24.93861729,6.11810141
45.39818966,24.86854431,6.10783808
39.54738946,13.64240476,4.79555350
39.63172251,13.64202695,4.79053847
47.38149409,29.19624633,8.03208254
47.44072226,29.21355330,8.05874348
47.51793075,28.84748502,7.74563556
42.87225362,20.11684735,5.43966443
40.11500505,14.73968159,4.89514928
40.08428763,14.66887628,4.88848147
40.06017492,14.60691982,4.88251216
42.37345476,19.10243037,5.32417309
42.36546153,19.04349583,5.31720294
42.40148614,19.17180961,5.33193562
42.45633717,19.10970766,5.32203573
38.63742895,11.84615542,4.61545606
44.94229503,24.07997674,5.97540043
40.00523940,14.58444539,4.88197656
40.07307441,14.53330028,4.87286820
40.39852415,15.30780140,4.94711417
40.43112682,15.35254570,4.95085173
40.47627544,15.29820623,4.94181586
42.79245492,19.89351034,5.41353668
39.75413836,14.07451965,4.83535828
39.81901076,14.09926124,4.83537793
39.81486830,14.02004858,4.82580025
46.18902524,26.17531541,6.37530018
41.16977914,16.75467522,5.08026725
41.87554656,18.14670930,5.22182495
43.50425282,21.27475274,5.58118858
43.02691363,20.37743385,5.47063513
43.99508153,22.23775570,5.70734771
41.07370434,16.59612585,5.06535769
44.65681997,23.53333101,5.89124936
44.78807526,23.75171102,5.92479677
44.08090941,22.39460293,5.72877583
47.21710814,28.45980658,7.40940319
43.40476781,21.11587154,5.56103066
37.92195954,11.24767576,4.54967949
37.88552027,11.32036372,4.54989350
37.95766626,11.30842506,4.55538294
39.66684659,13.68352430,4.79313368
40.68790463,15.83706940,4.99468354
41.77737340,17.98697709,5.20553530
42.68894149,19.56155672,5.37296984
41.36079359,17.14402613,5.11929563
41.31272201,17.06801343,5.11193494
44.36611863,22.94952687,5.80627696
41.61758217,17.62059508,5.16724217
43.11295705,20.50563825,5.48595162
40.80723694,16.06579213,5.01548877
41.24449988,16.89910831,5.09449431
42.17464893,18.70676839,5.28095388
40.87958795,16.21052163,5.02880872
41.69508818,17.76245023,5.18158993
40.58666786,15.62032325,4.97450243
44.19112260,22.62435215,5.76032898
39.70855583,13.92557242,4.82065753
41.39797754,17.27526200,5.13322847
39.44083481,13.41450816,4.77436479
39.52127590,13.56426346,4.78786262
43.57806453,21.49036683,5.60816685
43.72749544,21.74416115,5.64145521
40.37112885,15.24463106,4.94119856
39.28377846,13.12702890,4.74833300
42.44928801,19.24306120,5.33970701
39.99110013,14.52038675,4.87560550
38.49076042,11.38083342,4.56518496
42.53231088,19.39005871,5.35603321
38.86128068,12.34769472,4.66909242
45.02285406,28.38037474,7.11293622
45.10915957,28.33364211,7.07704361
45.00201676,28.28688049,7.04404337
44.97734482,28.45133703,7.16975974
45.08794041,28.44275063,7.15964561
42.72200600,19.76090198,5.39823794
42.67509390,19.69115676,5.39034741
40.32762650,15.13212015,4.93041102
43.85352241,21.96146498,5.67031207
47.10142641,28.28216664,7.27630237
40.72040770,15.91483984,5.00204952
40.92919334,16.34269086,5.04167438
44.39302924,23.02772928,5.81713242
37.69681253,11.20661596,4.52696968
37.82524172,11.22680477,4.54052800
37.78837323,11.09843834,4.53197938
37.64450517,11.30433836,4.52411022
37.77262780,11.33380222,4.53930308
45.32742025,28.64388316,7.31955854
47.32360329,28.62501558,7.54359403
41.48468500,17.38867533,5.14407233
41.52167730,17.45650895,5.15089881
37.69226799,11.42043957,4.53308232
37.61939720,11.53374681,4.52725630
37.54485380,11.38723510,4.51412478
46.88070735,27.56359476,6.86316993
43.34383268,20.96493135,5.54226494
44.69628021,23.60308278,5.90182949
45.67551185,25.31106904,6.18919789
42.93806413,20.21537598,5.45135824
42.93641302,20.15226166,5.44367625
44.80302634,23.82609343,5.93551328
42.02682097,18.45252417,5.25410175
42.75041565,19.83634735,5.40703936
38.77187595,12.12033332,4.64397232
37.56624507,11.69107199,4.52416173
37.42827849,11.54055872,4.50206104
44.79146556,27.59138541,6.62806379
34.65170859,11.66707203,4.24510079
36.18157041,11.48316028,4.32901171
36.07634055,11.32905524,4.31316754
44.27887681,26.55922588,6.23098473
34.27246072,11.66340059,4.24861011
42.33480377,18.98636849,5.31095652
36.46203784,11.47080106,4.36413306
36.35341668,11.56717378,4.35181878
36.52228871,11.61824954,4.37466577
36.21380728,11.68795217,4.33800003
36.73905792,11.27899016,4.40021347
36.63851684,11.16036626,4.38464279
36.53282250,11.31325401,4.37152141
36.85582464,11.42894917,4.41867390
36.94802299,11.24787851,4.42986450
35.16645553,11.50297035,4.24551008
35.29593962,11.40673010,4.24683847
40.55129811,15.54916482,4.96796416
40.54979289,15.46805569,4.95829602
44.11064403,26.09658289,6.10991618
43.95024146,26.00206027,6.08090736
36.64478699,11.55915391,4.39036101
36.56952311,11.48000022,4.37881201
43.79403491,25.88488767,6.04906695
33.54195658,11.65460510,4.28216979
33.67063194,11.52589068,4.25817752
33.52575510,11.48375361,4.26222648
33.41468775,11.77114407,4.30726151
33.56822139,11.81590535,4.30059996
36.77499293,11.57537131,4.40892322
37.78410872,11.43018897,4.54385032
44.06046553,26.27659458,6.14853014
33.71647148,11.72841014,4.27942351
35.45639557,11.67075390,4.27061093
43.19347902,20.70048715,5.50965935
41.27444498,16.98278607,5.10326075
33.52221364,12.13863996,4.34722418
45.18747749,28.39178272,7.11983519
34.09457009,11.57521239,4.24457231
47.87917479,29.31533635,8.21798151
47.88474892,29.31042996,8.21358077
47.87324340,29.32076084,8.22282439
47.88154093,29.32453639,8.22735089
38.39362556,10.92855511,4.50779218
46.67366836,26.96552053,6.60867947
46.55536978,26.70941798,6.51974341
47.89318376,29.31072565,8.21457943
46.56861096,26.73593592,6.52838154
46.62162838,26.84979273,6.56712229
38.36678697,10.91730063,4.51100284
38.37726658,10.92101334,4.50969471
38.37830431,10.90936092,4.50737280
38.38885897,10.91834234,4.50687087
47.87835837,29.29146537,8.19411166
46.57323375,26.75230326,6.53423988
46.58283709,26.76513465,6.53806015
46.51165934,26.65326467,6.50378010
46.65942436,26.93067764,6.59578532
47.87445924,29.28241073,8.18475562
46.52194312,26.66926057,6.50856872
46.53455521,26.68151159,6.51168393
46.48460261,26.61857435,6.49398840
46.68837827,27.01165717,6.62637014
38.40536935,10.96641696,4.51241815
38.41537255,10.99496177,4.51564241
38.42229152,11.01606240,4.51810496
46.45095531,26.54636043,6.47172829
46.44052863,26.53992514,6.47055925
46.70335925,27.02927811,6.63237744
46.69654289,27.01924624,6.62879366
47.72941584,29.07577405,7.97140240
46.70906782,27.04779093,6.63964814
46.70690440,27.05854599,6.64432424
46.71509705,27.06678110,6.64714369
46.13061509,25.95567910,6.31796098
46.10539586,25.91241376,6.30827115
46.11104049,25.93022613,6.31273824
38.43076923,11.06183576,4.52456792
47.80807340,29.20065616,8.09846415
46.09823182,25.89258146,6.30340284
46.08020617,25.85945535,6.29600331
46.08594950,25.87613215,6.30007820
47.60578347,28.95191606,7.84612615
47.66558164,29.00520054,7.90002891
38.30237010,10.97517626,4.52889849
46.03712993,25.79325154,6.28220831
46.80369238,27.30851649,6.74646254
47.74779766,29.10062520,7.99657041
46.83130019,27.43786629,6.80412301
46.74532039,27.19571281,6.69964601
38.27692313,10.99787340,4.53421691
46.25557690,26.30272820,6.40820206
46.85195724,27.45536941,6.81211477
45.86528666,25.58367853,6.24206563
45.88092378,25.61073867,6.24758199
46.28805157,26.35039703,6.42063530
46.86635762,27.50736852,6.83637106
46.84679992,27.48461590,6.82562851
46.22924426,26.25113018,6.39463976
43.83912759,21.90393444,5.66279647
43.80177536,21.85793983,5.65662690
45.77165866,25.44760767,6.21537433
45.77314661,25.48717124,6.22358189
45.80619284,25.50495412,6.22669101
45.85214247,25.55215111,6.23547139
45.71142642,25.39724312,6.20591011
46.89217358,27.66988564,6.91493423
47.31936197,28.56777729,7.49929948
47.27122576,28.54141545,7.47456842
45.45225888,24.99499866,6.13009766
38.57949453,11.72763333,4.60359703
38.51529266,11.48859140,4.57746690
44.86288868,23.91921995,5.95031521
41.83677312,18.01870547,5.20769653
44.97746638,24.14002670,5.98506820
38.91822876,12.39692191,4.67310673
38.93674973,12.45519486,4.67980371
47.11111094,29.09164727,7.88741855
43.92096334,22.11316833,5.69037888
43.95343006,22.18118041,5.69946386
45.11506091,24.38482384,6.02496292
45.09426401,24.32866301,6.01600827
45.53041265,29.02850658,7.66905489
45.61049912,28.96595268,7.60660223
45.46423133,29.07747337,7.72130757
45.53181834,29.12254586,7.76407177
39.07079933,12.71964882,4.70776778
39.04755244,12.65890212,4.70109180
39.33716885,13.22274649,4.75706844
45.44322905,28.99959771,7.64378478
38.60353722,11.78975018,4.61006265
41.03657019,16.53421237,5.05956923
41.12470413,16.64042776,5.06853697
43.46148565,21.16054951,5.56667940
43.45655873,21.22330769,5.57450334
42.99153500,20.24751680,5.45485578
40.61125984,15.70057885,4.98248632
39.20602745,12.98102131,4.73430732
39.18509523,12.92118428,4.72794173
46.98571684,27.94059548,7.06139211
43.14015374,20.58273730,5.49534758
43.17864761,20.63433580,5.50156187
39.32266117,13.17165083,4.75183068
41.00978773,16.46622356,5.05280865
43.89712054,22.03273230,5.67987965
41.46949020,17.30987685,5.13519353
39.25165582,13.05116975,4.74077973
40.91780638,16.26732669,5.03371245
41.19749161,16.82896615,5.08794589
39.73117213,14.00830433,4.82897471
40.77297818,15.98786441,5.00813961
44.49476319,23.14918556,5.83534380
44.51254469,23.22765118,5.84644527
45.32173491,24.83162139,6.09949153
40.99799849,16.39268799,5.04475822
43.06320910,20.43799095,5.47788867
44.63823461,23.46567578,5.88157975
44.32432021,22.88189934,5.79650773
44.30509991,22.82142127,5.78818711
43.67460171,21.60198197,5.62318122
43.72656025,21.66007866,5.63069565
40.19128178,14.88574434,4.90839097
39.39024763,13.34807727,4.76895244
44.74760533,23.67080453,5.91249453
38.68419954,11.89302744,4.61897667
45.30046135,24.74876529,6.08602008
44.04573632,22.27949106,5.71322029
40.85333206,16.13199112,5.02104073
43.77873697,21.79767836,5.64875294
43.53537653,21.35230729,5.59100677
43.59111214,21.40715376,5.59802316
45.43759981,28.82977726,7.48172046
43.65133331,21.52899084,5.61372669
42.14707522,18.62706816,5.27203742
46.56394161,28.81538077,7.55930244
42.84326837,20.00181518,5.42620381
42.88601680,20.04486342,5.43094050
41.64948309,17.69391063,5.17490402
45.70196978,29.01086433,7.64907739
45.61193817,29.06961845,7.70747784
45.43936508,28.90537063,7.55227767
45.27187188,24.67795497,6.07413916
44.11246048,22.47146885,5.73918346
46.22557392,28.81596785,7.51081454
42.22522954,18.76672295,5.28690725
38.80554460,12.19982700,4.65265699
41.72321371,17.84170385,5.19011757
38.85666199,12.25998343,4.65811388
45.81058191,28.94765266,7.59176908
41.76689148,17.91501337,5.19750324
41.95669197,18.26462096,5.23363657
43.43897058,25.25792412,5.91486121
41.28765061,22.32115925,5.41575616
43.04145128,24.65454792,5.79931644
41.85806591,22.77855504,5.49237482
41.78611260,22.96177310,5.51356318
40.23762879,20.96311291,5.22360982
42.71731384,24.19687405,5.71747053
39.83297460,20.42715019,5.15260883
39.41853649,19.88339035,5.08290545
39.27780633,19.69891234,5.05988124
36.91031474,16.58196833,4.72015013
36.75626462,16.37907403,4.70029768
38.70554860,18.94729250,4.97005222
38.55983650,18.75552528,4.94820180
37.52006128,17.38420969,4.80087946
37.36847794,17.18465965,4.78044454
41.02596598,21.99136485,5.36720131
42.02952944,23.27460048,5.56325874
41.54043129,22.64072740,5.46401464
38.99379591,19.32668413,5.01454971
38.11842939,18.17393658,4.88409850
38.26641231,18.36908160,4.90528293
45.26248547,28.57556660,7.26333906
40.63246893,21.48922038,5.29568588
40.76340753,21.65887213,5.31952158
45.18449418,28.49067910,7.19579071
41.98266470,18.34099736,5.24204726
44.93058478,27.90629046,6.79771937
44.84329568,27.84086245,6.75916649
46.07296700,28.84868742,7.52151207
45.93508078,28.89414937,7.54978584
37.04159216,11.43841368,4.44565159
46.39915478,28.80752723,7.52729107
44.71995598,27.46649847,6.56790033
45.02130451,28.16958498,6.96248146
45.01379421,28.06773502,6.89636780
44.92782007,28.00992144,6.85954724
43.34700296,25.11257542,5.88605921
33.47214978,11.95228280,4.32644225
43.24930961,24.96139750,5.85683002
44.43077358,26.91214477,6.34370177
42.37801016,23.73668285,5.63891756
42.26366814,23.58382842,5.61356150
42.49239926,23.89004070,5.66472786
42.14640383,23.42926081,5.58823227
44.17438530,26.40555071,6.18562477
42.93447658,24.50176042,5.77150133
37.22733443,11.47317403,4.47277764
42.60714553,24.04388398,5.69103172
44.32357072,26.76141201,6.29156112
43.52699723,25.39748300,5.94333002
39.69621433,20.24802625,5.12936997
39.55834813,20.06673331,5.10611870
38.41348840,18.56284892,4.92662944
41.15714070,22.15601627,5.39129590
43.92936297,26.17184178,6.11829735
37.96976670,17.97759660,4.86306114
37.67076704,17.58287076,4.82147086
37.82058734,17.78055763,4.84219349
41.41470947,22.48022712,5.43964915
41.66152407,22.80179141,5.48865636
43.14671456,24.80775085,5.82774652
40.10316358,20.78649802,5.19994933
34.69259958,13.84279794,4.48162871
39.96848389,20.60653171,5.17611834
41.90956584,23.11789120,5.53825216
40.89464006,21.82517541,5.34321484
33.89342008,12.59258845,4.37610826
36.60149619,16.17542449,4.68059159
40.49956087,21.31580240,5.27162485
40.36948670,21.14037773,5.24760792
34.38648100,13.23920938,4.42343890
34.37321716,13.41507274,4.44802812
34.22340885,13.02406828,4.40721065
34.04877001,12.98489257,4.41614666
35.98200464,15.36285217,4.60417040
35.85448871,15.20641991,4.59029048
35.55694769,14.81834037,4.55567747
35.57064703,15.03612859,4.58355746
37.21637090,16.98451749,4.76018992
37.06368484,16.78373679,4.74010673
35.36277054,14.53009336,4.52915517
35.35785194,14.72339501,4.55480444
35.18522100,14.30440175,4.51015370
35.17920454,14.48081230,4.53377594
35.01092875,14.26808812,4.51645232
38.85028545,19.13786204,4.99217968
36.44601312,15.97103171,4.66102648
36.28992583,15.76575175,4.64158533
36.13329185,15.55954780,4.62227683
46.85920536,27.53782624,6.85057409
42.02065456,18.39221415,5.24715575
44.65017236,23.39228645,5.87095637
40.16442866,14.67671312,4.88457435
44.85939062,23.85890560,5.94160143
41.41450189,17.19895375,5.12387877
45.26284887,24.56654954,6.05600192
46.67600105,26.94365331,6.59927067
46.68816913,26.99002108,6.61739878
46.45984043,26.56204604,6.47633751
41.11647309,16.70357584,5.07614624
44.03511015,22.33983230,5.72095216
44.16486998,22.54449195,5.74949948
41.56273696,17.57062127,5.16292060
46.55989416,26.69713426,6.51417041
46.55421780,26.69763095,6.51527213
46.54967849,26.69565845,6.51513897
46.55021577,26.69101668,6.51324392
46.55389636,26.68670138,6.51093263
46.57459425,26.73366095,6.52663175
46.57093468,26.72929844,6.52542877
46.58018858,26.73419318,6.52596012
46.57784293,26.72942674,6.52439000
46.60550752,26.80014686,6.54908393
46.60229348,26.79560604,6.54767946
46.60968891,26.79607082,6.54677994
46.56025858,26.70624876,6.51779359
46.56286497,26.70180235,6.51557811
46.61582754,26.80762536,6.55063329
38.39776940,10.91661040,4.50459094
38.39548392,10.91137673,4.50407987
38.40251348,10.91230687,4.50261491
46.58871604,26.76334845,6.53654131
46.59224753,26.75899617,6.53420463
38.39553639,10.89607162,4.50098356
38.39044663,10.89575622,4.50213991
38.39207980,10.90101804,4.50280989
47.93247572,29.35553530,8.26279087
47.93083545,29.34987659,8.25695090
38.40787909,10.92499932,4.50390946
38.40110867,10.92499439,4.50548209
38.40253002,10.93103710,4.50634382
38.39732619,10.92152486,4.50565121
46.59374762,26.77416290,6.54019606
46.58942592,26.76929876,6.53883802
46.59989658,26.77464444,6.53944421
46.59730616,26.76933219,6.53766058
47.92472939,29.34847098,8.25504852
47.91781718,29.34640266,8.25240020
38.40058199,10.90684937,4.50196566
38.39495501,10.90570677,4.50307684
38.38905842,10.90752158,4.50476537
47.91435128,29.33532671,8.24098334
47.91099062,29.32931580,8.23466966
47.90557183,29.33579100,8.24072077
47.91847849,29.32947402,8.23541032
46.62504870,26.84162479,6.56336258
46.62938806,26.84608598,6.56462342
46.63284357,26.84101783,6.56199552
46.63073389,26.85186937,6.56681874
46.63604664,26.84648685,6.56381059
47.90929232,29.32373853,8.22892634
47.91568134,29.32393274,8.22960973
47.91260886,29.31838925,8.22378939
46.59910735,26.78967983,6.54571705
46.59830187,26.78402230,6.54354574
46.60697799,26.79055053,6.54491229
46.63773519,26.86321676,6.57057611
46.63395093,26.85833247,6.56905540
46.64468048,26.86371803,6.56977905
46.64179679,26.85792879,6.56776600
46.54107416,26.67660059,6.50890058
46.53653011,26.67280323,6.50805732
46.54425120,26.67089231,6.50614660
47.89970816,29.30691987,8.21127422
47.90280439,29.30108569,8.20562926
46.61873879,26.82875293,6.55893602
46.61381850,26.81725841,6.55491102
46.66131692,26.91128303,6.58750498
46.66547510,26.90570849,6.58456016
46.66237035,26.91764866,6.59003875
46.66855300,26.91198407,6.58679868
47.88721370,29.28983146,8.19316939
47.89587281,29.28898751,8.19294985
47.89940891,29.29533590,8.19959360
38.40503762,10.93823828,4.50718583
38.40889514,10.94355755,4.50736369
38.41354762,10.93795837,4.50518358
46.66839531,26.93127247,6.59500828
46.66523147,26.92455390,6.59257892
46.58195383,26.77150928,6.54070467
46.59516779,26.77943350,6.54212597
46.69785642,26.99249659,6.61739329
46.70051566,26.99947558,6.62006267
46.70724853,26.99376355,6.61676761
46.69856377,27.00753588,6.62368620
46.70934917,27.00298740,6.62049604
47.88098887,29.27638661,8.17922530
47.87474939,29.27164532,8.17401644
47.88473592,29.26955949,8.17263238
46.53152957,26.66673603,6.50640329
46.52681798,26.66042192,6.50461730
46.54018998,26.66538663,6.50460498
47.91102497,29.34246784,8.24787761
47.89919339,29.34440185,8.24876467
46.71495805,27.01091069,6.62323564
46.70570355,27.01193917,6.62479564
46.70906987,27.01909113,6.62748072
46.68062403,26.95799181,6.60477996
46.68909773,26.97136487,6.60942195
46.68474311,26.96545794,6.60744498
46.69726640,26.97228253,6.60877023
46.69394473,26.96522202,6.60616249
47.86789999,29.25854658,8.16041251
47.87303272,29.26331982,8.16555810
47.87701488,29.25639502,8.15888746
47.88078513,29.26321494,8.16598922
38.41239414,10.95835227,4.50945162
38.40961394,10.95030660,4.50851123
38.37555303,10.89720512,4.50568350
38.37612790,10.88723448,4.50368416
46.69619409,26.98566177,6.61466582
46.68983873,26.97985242,6.61294055
46.70445481,26.98628346,6.61388168
46.70068270,26.97940255,6.61139849
46.54328783,26.68200742,6.51069756
46.52239244,26.65296696,6.50235459
46.53195629,26.65232755,6.50073620
45.25513486,29.35738825,8.05960069
45.24860583,29.35892011,8.06413431
45.25325814,29.36589933,8.07171164
45.24032905,29.35646962,8.06434339
45.24410618,29.36732657,8.07789364
47.86228213,29.25154203,8.15300731
47.87229793,29.24959789,8.15175466
46.51971564,26.64599864,6.50004855
46.52373242,26.63818277,6.49645312
47.90160432,29.31286936,8.21739936
47.88361516,29.28312173,8.18617138
47.83917648,29.19542535,8.09552018
47.82864009,29.19760519,8.09700269
47.83291557,29.20594678,8.10556091
47.81925841,29.19361248,8.09239554
46.49225476,26.59869666,6.48582777
46.50153296,26.59946024,6.48480857
46.49772472,26.59112745,6.48218448
46.49378957,26.60803045,6.48910209
46.71333952,27.02584967,6.62991064
46.72263202,27.02688561,6.62924292
46.71893829,27.01832300,6.62596514
47.82136045,29.18339297,8.08245307
47.81828609,29.17617347,8.07511857
47.82874012,29.17557126,8.07516557
46.46951507,26.55685805,6.47329162
46.46231269,26.54989510,6.47166449
46.47896098,26.55763690,6.47224560
46.47485578,26.54871943,6.46949053
46.50700951,26.62532563,6.49389177
46.51034842,26.61642092,6.49001939
47.83880427,29.21438887,8.11434556
47.84452982,29.22137361,8.12168487
47.84981645,29.21184042,8.11253414
47.85481181,29.23663440,8.13760050
47.85873812,29.22806615,8.12930791
46.71987427,27.04391019,6.63695906
46.71371526,27.03570202,6.63408459
46.72992335,27.04534257,6.63642973
46.72651929,27.03586402,6.63269053
47.85788393,29.24376363,8.14492824
38.41654400,10.96664608,4.51014298
46.45986894,26.54052210,6.46855906
46.45294788,26.53463319,6.46729982
46.46471681,26.53194196,6.46469729
46.47092235,26.56649586,6.47664549
46.48340264,26.58452486,6.48170320
46.48778591,26.57567637,6.47777012
38.43354859,11.01159031,4.51505654
38.44463495,11.01339051,4.51301582
38.44025911,11.00323984,4.51200847
38.43455979,11.02158486,4.51670925
46.13509244,25.90649748,6.30246887
46.12176813,25.90600021,6.30436425
46.12433285,25.91713819,6.30736915
46.11396633,25.89955590,6.30350927
47.87308987,29.32917009,8.23114872
46.11572622,25.89061379,6.30057211
46.11247690,25.88278179,6.29867349
46.12472880,25.88302568,6.29680810
46.72686490,27.06327559,6.64458744
46.73820143,27.06515817,6.64416459
46.73377108,27.05503823,6.64022902
46.72000523,27.05469732,6.64158796
46.70165055,27.04011082,6.63706839
46.44521289,26.52602077,6.46514715
46.43764076,26.51598400,6.46246062
46.45842493,26.52361828,6.46251961
47.81050849,29.16946504,8.06798939
47.80244645,29.15907038,8.05722799
47.82384807,29.16647577,8.06586229
46.48710504,26.59220926,6.48407642
46.58974513,26.75382083,6.53247513
46.14537157,25.96529784,6.31903835
46.15441861,25.97616741,6.32115100
46.16456699,25.96555853,6.31634773
46.15729105,25.98976305,6.32487538
46.17019411,25.97821880,6.31947513
46.09124469,25.82721506,6.28499899
46.07673064,25.82873062,6.28759842
46.08118546,25.84202727,6.29087974
46.06313414,25.82368556,6.28783408
46.06652728,25.83681830,6.29114295
47.79555228,29.14746358,8.04538447
47.81079622,29.14658990,8.04545786
38.43728634,11.03431051,4.51850124
38.44230682,11.04715974,4.51985562
38.45288358,11.03614367,4.51561553
46.06319086,25.81036933,6.28402745
46.05643261,25.79869499,6.28153513
46.07520165,25.79961479,6.27915742
47.78297978,29.12885040,8.02636159
47.77386479,29.11743246,8.01464442
47.79214130,29.13668253,8.03460590
47.79857239,29.12528754,8.02380691
46.14547207,25.95138934,6.31481873
46.13803902,25.94201882,6.31300279
46.15905819,25.95308780,6.31327417
46.15351668,25.94130932,6.31043941
46.09299797,25.85010376,6.29165761
46.09935980,25.83868262,6.28719773
46.13030003,25.93010257,6.31045761
46.74225813,27.12478228,6.66966634
46.73782025,27.10943767,6.66343903
47.76127237,29.09038820,7.98761581
47.74860991,29.08083342,7.97759077
47.76892493,29.07709815,7.97516476
46.12622724,25.97012357,6.32255235
38.45433084,11.08748162,4.52480017
38.44997416,11.07135722,4.52274448
38.44894036,11.05788064,4.52050803
47.84517690,29.32736232,8.22649842
47.82318153,29.33646829,8.23293514
46.67432516,26.92475783,6.59145211
46.09694829,25.86178989,6.29458797
47.74424145,29.06538579,7.96246382
47.76013761,29.06432071,7.96233040
47.75149503,29.05069038,7.94872890
46.04146677,25.77567125,6.27685249
46.05304492,25.78555386,6.27821309
46.06086033,25.77344101,6.27352308
46.06845432,25.78625560,6.27618237
46.18873364,26.02168964,6.33042467
46.17126192,26.01840696,6.33177358
46.17259929,26.03612082,6.33693088
46.16313688,26.00556263,6.32889672
46.78036418,27.16995767,6.68627800
46.76444595,27.18169458,6.69269391
46.65642231,26.88735239,6.57805760
46.77038060,27.20046421,6.70048619
46.77867156,27.21879445,6.70800913
46.79339318,27.20287757,6.69989134
47.73242280,29.05613553,7.95285687
47.76595121,29.10330557,8.00041771
46.02871817,25.76133896,6.27435473
46.05062645,25.75931862,6.27088708
46.39365084,26.45812894,6.44714195
46.37647749,26.44886220,6.44560124
47.71948300,29.04209716,7.93863497
47.70711509,29.02620312,7.92275375
47.74101375,29.03702541,7.93505736
46.82421681,27.30126562,6.74227700
46.82541008,27.31814340,6.74990065
46.84328932,27.30389204,6.74218322
46.78726123,27.23684693,6.71546121
46.80983819,27.23727593,6.71409642
46.00943498,25.73369604,6.26889631
45.99748314,25.71612291,6.26541593
46.02179358,25.74601948,6.27090929
46.03151232,25.72978013,6.26503255
46.19672063,26.10825554,6.35578096
46.18915115,26.08584746,6.34990482
38.47390800,11.15997874,4.53390034
38.46723883,11.13966165,4.53157648
46.83951015,27.36089169,6.76882450
46.83119756,27.33956769,6.75940266
46.80202827,27.33180805,6.75683736
47.67183700,28.97460934,7.87207192
47.68807686,28.98847610,7.88604448
47.69815020,28.96937778,7.86869240
47.69498803,29.00717735,7.90402346
47.70952411,28.98708033,7.88592621
45.30979455,29.28234779,7.95720057
45.29848179,29.26574766,7.93983720
46.84990631,27.38182362,6.77808401
46.86225853,27.40041016,6.78627328
46.87706328,27.38255513,6.77701538
46.86289539,27.42520468,6.79787693
46.88593026,27.40392250,6.78671756
46.38341621,26.41109221,6.43224678
45.95031935,25.64744674,6.25195184
45.94076236,25.62612515,6.24734947
45.97777155,25.64259929,6.24764648
46.00172039,25.67741096,6.25419835
46.30936513,26.33516851,6.41470439
46.33442807,26.33456033,6.41218212
46.87929909,27.44566361,6.80703404
46.89571744,27.42621295,6.79691472
46.87971227,27.47365898,6.82033972
46.90526575,27.44954282,6.80775393
46.24247851,26.22240309,6.38559583
46.25801166,26.24192019,6.39023344
46.27293143,26.22145158,6.38256027
46.26145084,26.26930485,6.39814137
46.28463447,26.24462916,6.38861150
47.74482329,29.32791801,8.21465779
46.35953090,26.37552850,6.42297249
38.48326756,11.18059131,4.53582137
45.91749124,25.61236213,6.24583279
45.95082089,25.60208129,6.23993270
38.49152264,11.14283362,4.52767624
47.64082756,28.94086256,7.83885536
47.66135491,28.95517109,7.85338351
47.67032099,28.93200080,7.83246496
46.89739932,27.49697336,6.83112905
46.92604116,27.50164190,6.83240260
46.91553082,27.47434807,6.81939786
38.50672576,11.28051591,4.54854990
38.49813811,11.24895179,4.54475570
45.86965971,25.47742667,6.21634248
45.83625482,25.48199603,6.22018456
45.84763928,25.51293253,6.22669405
45.80831286,25.46835719,6.21859262
46.14697831,25.92999237,6.30792851
45.87574249,25.52954120,6.22872980
45.88828817,25.50353905,6.22106224
45.81172639,25.43972299,6.21191992
45.79981613,25.41718420,6.20747685
45.83445611,25.41494863,6.20418515
46.89710272,27.52726505,6.84577292
46.91617816,27.55369418,6.85844374
46.94810875,27.55918282,6.86038055
46.93734476,27.52994732,6.84605007
47.65416842,29.31517536,8.18915342
47.53652511,28.80988685,7.71469246
47.55970343,28.83691638,7.73994581
47.58083346,28.80247956,7.71103865
47.57937598,28.86298532,7.76434688
47.60004340,28.83146121,7.73764302
45.88645927,25.55518034,6.23415077
45.76637557,25.39881830,6.20509969
47.61518440,29.26225985,8.13343401
38.54370093,11.40490500,4.56289155
38.55622034,11.44939761,4.56806315
38.59188156,11.41521969,4.55780826
46.89825336,27.62611920,6.89374932
45.81473225,25.38523473,6.19874990
46.95972795,27.73463032,6.95000276
46.94569183,27.68867101,6.92606405
45.74174857,25.35851124,6.19738602
38.59572823,11.52867751,4.57534666
38.57325973,11.49354911,4.57266458
38.64276541,11.53693142,4.57047863
38.62604733,11.49466966,4.56590195
45.55467307,24.95155497,6.12020985
45.49891516,24.95603390,6.12337395
45.51579282,25.00274549,6.13189980
45.44585896,24.92995039,6.11891119
45.46076202,24.84355385,6.10283171
45.46746955,24.87986176,6.10961378
45.50694751,24.84906276,6.10152477
45.51894219,24.90328020,6.11220047
47.00240677,27.81936427,6.99609872
47.00340582,27.87277349,7.02519383
47.05087305,27.82691436,7.00107412
46.97836941,27.78142621,6.97505491
45.48621538,24.80632079,6.09387108
45.43682896,24.81463865,6.09802506
45.38273161,24.79490697,6.09514461
45.38862729,24.74457814,6.08609224
45.37419157,24.70727640,6.07952974
45.42991663,24.70882541,6.07725279
47.08970351,28.06978372,7.14299140
47.12410346,28.11225208,7.17094977
47.15897929,28.06837426,7.14515193
47.17794341,28.12572271,7.18186031
45.90103005,25.58305389,6.23986349
45.72271153,25.31741197,6.18935116
47.43067258,28.67947654,7.59702268
47.46058491,28.63030819,7.55915397
46.85760432,27.34214468,6.75911881
44.68058487,23.28035558,5.85049002
44.62328650,23.28479738,5.85445582
44.57820807,23.26158973,5.85171123
44.58544597,23.21123796,5.84364215
44.56360648,23.16648801,5.83705619
44.62812736,23.17124603,5.83407336
40.20595151,14.62388424,4.87265357
40.14902254,14.63017084,4.87961377
40.11503598,14.60970155,4.87962819
47.36807914,28.54133259,7.48319329
47.33086316,28.50684795,7.45431125
47.39565037,28.50025511,7.45317649
39.96892611,14.15881330,4.83009421
39.91334074,14.16297216,4.83672642
39.87055623,14.13786110,4.83686484
39.88218350,14.08955005,4.82945272
39.86543855,14.05252703,4.82587385
39.91830970,14.05054494,4.81960253
40.11402631,14.57057069,4.87455878
40.14970737,14.52118680,4.86373240
45.70633847,25.20482656,6.16537803
38.54186318,11.37077861,4.55788523
47.03914743,27.91566657,7.05061383
47.09385475,27.91974578,7.05437708
47.07254805,27.87305746,7.02725006
47.31699815,28.45502110,7.41480069
47.36993769,28.45490461,7.41757808
47.34430651,28.41074154,7.38363473
46.91877948,27.77465288,6.96872149
38.61178365,11.62207742,4.58733565
38.63092262,11.67552587,4.59316772
38.67562983,11.62901849,4.58105193
45.65986383,25.12678326,6.15124833
46.20777624,26.13000214,6.36117699
38.67865218,11.78131353,4.60403203
38.65197085,11.72997272,4.59902571
38.70949103,11.83289940,4.60877716
38.74678178,11.77779491,4.59608665
45.22287475,24.41698847,6.03048064
45.18902621,24.37748557,6.02426124
45.28024450,24.41875750,6.02792750
45.25503359,24.36968286,6.01975934
45.33868969,24.67288646,6.07394244
45.30514060,24.62205312,6.06533973
45.40512917,24.66416650,6.06965033
45.09354120,24.16966284,5.99012633
45.05818998,24.13148915,5.98438389
45.12513449,24.12538070,5.98014592
38.74012973,11.87237476,4.61178800
38.77277834,11.82513699,4.60055963
38.79651607,11.87489593,4.60579828
44.96865743,23.92350276,5.95095160
44.92927764,23.88249347,5.94506247
44.91439048,23.95153596,5.95610978
44.99999999,23.87826176,5.94068370
45.46495394,25.05533851,6.14042273
45.60562192,25.04740763,6.13753632
38.54575528,11.60786313,4.59062015
38.59912591,11.57037709,4.58114331
45.16001265,24.32471237,6.01562420
45.12964372,24.27537181,6.00765373
45.10264009,24.22132514,5.99887242
44.91618569,23.82678418,5.93595172
44.97407995,23.82871818,5.93295978
44.94527390,23.78018861,5.92571129
44.86029137,23.72559563,5.92045024
44.82888473,23.68193648,5.91402731
44.89623177,23.67920564,5.90985305
44.99921631,24.02586165,5.96765800
45.02589236,24.07860328,5.97603466
45.06953339,24.02694583,5.96474418
42.60360368,19.35795623,5.34855516
42.56622906,19.31756726,5.34511393
42.66365068,19.35970396,5.34307629
42.63514063,19.31069360,5.33791424
42.39555242,18.95056788,5.30294587
42.45364313,18.95342089,5.29763670
42.42738820,18.90262629,5.29203460
42.40794508,19.00008347,5.30936597
42.94547762,20.01960895,5.42482934
43.00211439,20.02183881,5.42006227
42.90848318,19.98130621,5.42140021
42.29001745,18.74477340,5.28036300
42.34861755,18.75022970,5.27532918
42.32235788,18.69942569,5.26979370
42.26983474,18.59780925,5.25877100
42.21049146,18.59523494,5.26435211
42.22424254,18.64742613,5.27096941
42.17696645,18.55498820,5.26097661
43.10769752,20.22052273,5.44333013
43.05078719,20.21687790,5.44796530
43.06004821,20.26570243,5.45480638
43.00930700,20.17787963,5.44464369
43.18145967,20.47371143,5.47897813
43.19443763,20.52579445,5.48614624
43.24102480,20.47671984,5.47411007
43.14633708,20.43270312,5.47486867
42.02445314,18.23702380,5.22620576
42.08375574,18.24007730,5.22061811
42.05967611,18.19121778,5.21529789
42.03599431,18.28613850,5.23245641
41.95203891,17.98634858,5.19397701
41.89401444,17.98424870,5.19966494
41.90520183,18.03334722,5.20589736
41.84812288,17.94519909,5.19752454
41.83938013,17.88398521,5.18947353
41.89838387,17.88757938,5.18400077
41.87264904,17.83633454,5.17858258
43.47720930,20.93379417,5.53052364
43.41587928,20.93112158,5.53537733
43.38194721,20.89095086,5.53111272
41.76325155,17.72959336,5.17321646
41.72833336,17.68926909,5.17021004
41.79678957,17.68263356,5.16223770
43.52269622,21.13362045,5.56070367
43.52960663,21.19516425,5.56978862
43.58219417,21.13699712,5.55615887
41.68492447,17.58001615,5.15795871
41.74418147,17.58085385,5.15177649
41.71553850,17.53149809,5.14711306
43.57460777,21.23701946,5.57392812
43.60844120,21.18780410,5.56262323
43.58756965,21.28914123,5.58132944
43.63468959,21.23861610,5.56911038
43.71343570,21.39106431,5.58870739
43.65495617,21.38548729,5.59272528
43.66165028,21.44833007,5.60213341
43.61959009,21.34375663,5.58813286
43.70780032,21.49169231,5.60656639
43.73968412,21.44188917,5.59528626
43.72427602,21.54237781,5.61367413
43.76593577,21.49271869,5.60188830
41.52696181,17.27398647,5.12671068
41.48105451,17.23285805,5.12449638
41.58337422,17.27683940,5.12114680
41.55718265,17.22643197,5.11603773
41.43909718,17.13462062,5.11390638
41.47437849,17.17362735,5.11659951
41.50606780,17.12646713,5.10583463
41.53113979,17.17603067,5.11092208
43.78661542,21.63677308,5.62523739
43.79306978,21.68888957,5.63313285
43.84313779,21.64277505,5.62154422
43.75342028,21.59650431,5.62066292
41.31486141,16.86468413,5.08561144
41.37560470,16.86788953,5.07947519
41.34925105,16.81692062,5.07441660
41.32726416,16.91940158,5.09237481
43.93174002,21.96035930,5.66914152
43.96847227,21.99993144,5.67368736
44.00001885,21.95317400,5.66313936
43.97856650,22.05184926,5.68142085
44.02562329,22.00178404,5.66962515
41.29652998,16.71496047,5.06436021
41.23719055,16.71412121,5.07074688
41.25075645,16.76695724,5.07709991
41.19227578,16.67145795,5.06845478
41.18544129,16.61334441,5.06088570
41.24175658,16.61536129,5.05505450
41.21782590,16.56519758,5.04992389
43.84838631,21.80003348,5.64785799
43.81922200,21.74595313,5.64077407
44.10096773,22.25492078,5.70814904
44.06783761,22.21704597,5.70360242
44.13284949,22.20794354,5.69751996
42.05998005,18.34327167,5.23889616
42.08387171,18.39865408,5.24509190
42.13216454,18.34478321,5.23244667
41.11186079,16.35787022,5.02991952
41.05561801,16.35844151,5.03630126
41.06772716,16.40987781,5.04243443
41.01618788,16.32257218,5.03471835
44.10578785,22.31442647,5.71731707
44.15029964,22.35688206,5.72227497
44.18296795,22.30821247,5.71143585
44.16503199,22.40911261,5.72997183
44.20934167,22.35851464,5.71833092
44.29106227,22.51033000,5.73908399
44.23226815,22.50910659,5.74315106
44.24469419,22.56071827,5.75092652
44.19538616,22.46714310,5.73797077
40.92127359,16.10154218,5.01260544
40.88457862,16.06004669,5.01014343
40.95336541,16.05142362,5.00147473
40.84140642,15.94840676,4.99864214
40.80270888,15.90703338,4.99637392
40.87404487,15.89806286,4.98741231
44.30942225,22.66038411,5.76432880
44.27415903,22.61846917,5.75900089
44.34360092,22.61226736,5.75338165
40.62321081,15.54735825,4.96301186
40.65513358,15.58722251,4.96562229
40.68877885,15.53991554,4.95471083
40.66800135,15.64154517,4.97192976
40.71526055,15.59110253,4.95937448
44.55210218,23.11832991,5.82951052
44.60682011,23.12271792,5.82662785
44.58045211,23.07168122,5.81917772
44.43917720,22.91486265,5.80048107
44.40464982,22.87441725,5.79519662
44.49835934,22.91868073,5.79730497
44.47505944,22.86741411,5.78964634
40.30976359,14.92104587,4.90511885
40.37055036,14.92483581,4.89881557
40.34399156,14.87350841,4.89415663
40.32069353,14.97587557,4.91163504
40.29085997,14.77082023,4.88483409
40.23208834,14.76996808,4.89134805
40.24528759,14.82223157,4.89733311
40.19535743,14.72873774,4.88896948
43.08137432,20.32236377,5.46201957
43.11017165,20.37811300,5.46871420
43.15452656,20.32510378,5.45668656
40.10161567,14.41193320,4.85276115
40.04456860,14.40814240,4.85853465
40.05152227,14.46356139,4.86543708
40.01134738,14.36733552,4.85591699
44.34370733,22.76694900,5.78010521
44.37622875,22.82018418,5.78749486
44.41814165,22.76579805,5.77554897
39.83816336,13.89603781,4.80565793
39.77786518,13.89311689,4.81190962
39.78873502,13.94861997,4.81848321
39.74218812,13.85147487,4.80937221
41.11802201,16.52523585,5.05419569
41.08931268,16.47020424,5.04894388
41.14972969,16.57619940,5.05868605
41.18872795,16.51685935,5.04579197
43.24713719,20.63725043,5.49999662
43.22156210,20.58209864,5.49310711
43.31661740,20.63325541,5.49383484
38.83933514,12.08086887,4.63397323
38.85393134,12.13426001,4.64069289
38.90039828,12.08227941,4.62748914
39.59073413,13.53174667,4.77912287
39.65116090,13.53467810,4.77289545
39.62441907,13.48299800,4.76819295
39.60345674,13.58342920,4.78504338
40.98549346,16.26748250,5.02974522
40.96055142,16.20863343,5.02384879
41.05599304,16.25997147,5.02141210
39.51042009,13.37663848,4.76499832
39.57090450,13.37957986,4.75876595
39.54414277,13.32785715,4.75404156
39.52374495,13.42969850,4.77106504
44.03303812,22.16595407,5.69698167
44.00162457,22.11233119,5.68985679
44.10406783,22.15809890,5.69102505
39.38337491,13.01701684,4.72487640
39.32176144,13.01374186,4.73118364
39.33342399,13.06690348,4.73772472
39.28650653,12.97284542,4.72838512
42.82717308,19.82613469,5.40335324
42.80032124,19.77244358,5.39707704
42.85573243,19.86725990,5.40770470
42.89553990,19.81858240,5.39640136
41.92669447,18.08953952,5.21230509
41.95553439,18.14402559,5.21796942
41.99922729,18.09082415,5.20576755
39.15109148,12.71225058,4.70191580
39.18594359,12.75316397,4.70496972
39.22236893,12.70585085,4.69333698
39.19335696,12.80741680,4.71230936
39.24616981,12.75642609,4.69889377
43.90286684,21.90598153,5.66192092
43.97268288,21.90375156,5.65670090
38.91951038,12.23179513,4.64963723
38.97821239,12.23604423,4.64385223
38.95376423,12.18627016,4.63843424
38.92876981,12.28462641,4.65680896
39.05178829,12.49351142,4.67769634
39.01453183,12.45008867,4.67437095
39.08510006,12.44640475,4.66640598
40.42132595,15.18711665,4.93152409
40.39746473,15.13249409,4.92621249
40.37274361,15.08065476,4.92133213
40.64100629,15.77013896,4.98903040
40.72227802,15.75766638,4.98299584
40.69292481,15.70268949,4.97805587
40.75613961,15.79735104,4.98548582
40.78987678,15.74867654,4.97466299
44.74186892,23.53564602,5.89210888
44.71547148,23.47781517,5.88334492
44.69888681,23.42970340,5.87592537
39.36079249,13.12288658,4.74320934
39.38500794,13.17412801,4.74820930
39.43214243,13.12115922,4.73559142
45.26209149,24.50759846,6.04577417
45.34523630,24.56777695,6.05382030
39.41097655,13.22635881,4.75311134
39.44089463,13.28071047,4.75793846
39.48393021,13.22664569,4.74578453
39.22259297,12.86457581,4.71816640
39.25650700,12.91724602,4.72294489
39.29859103,12.86244687,4.71007409
39.70792061,13.79420696,4.80455852
39.11907895,12.65777353,4.69653926
39.08940826,12.60422854,4.69107320
39.05990918,12.54735127,4.68507717
38.98406988,12.39805977,4.66912873
38.95379886,12.34376505,4.66353143
42.71796019,19.62115624,5.37988970
42.76289845,19.56331439,5.36697973
47.26820458,28.48598519,7.43347995
42.75348731,19.67963333,5.38629971
42.78874048,19.71973881,5.38999208
42.82134489,19.66809557,5.37853570
42.48507882,19.16866132,5.32869803
44.77606286,23.59285228,5.90064517
47.22721262,28.33237860,7.32125457
47.19004995,28.28149473,7.28405618
47.25961158,28.27166438,7.28136696
40.54146401,15.40214422,4.95035934
40.57559809,15.34604255,4.93874247
41.35613034,16.98225048,5.09892535
41.39222036,17.02689867,5.10235752
41.42607804,16.97232066,5.09035806
42.53226091,19.26105626,5.33905633
42.60649336,19.25926098,5.33235943
42.48078253,19.32138251,5.34855329
42.15507992,18.50479108,5.25529644
42.18538626,18.45081958,5.24396948
39.99102926,14.31895038,4.85112247
40.01989432,14.26492894,4.84018980
40.77061514,15.84999127,4.99137470
40.84267749,15.84756694,4.98348764
41.56405431,17.39014529,5.14035398
41.59852838,17.44106823,5.14493942
41.63256195,17.38307599,5.13269718
42.85839717,19.93039968,5.41659113
45.30857677,29.01487761,7.66712691
45.36966136,29.02020523,7.66842491
45.36077441,28.95858874,7.60716250
45.39929374,29.06425771,7.71160517
44.72933060,23.38395174,5.86627235
41.40511106,17.07983090,5.10881940
41.47438376,17.07764165,5.10171532
44.47848881,23.03112765,5.81786266
44.51467306,23.08230461,5.82499035
44.55141540,23.02470925,5.81277707
44.43471709,23.09917736,5.82753829
44.97850389,23.97159390,5.95894458
44.91771893,24.01688066,5.96571320
43.42844609,21.05493384,5.55303317
41.57371132,17.50661531,5.15507295
41.84584336,18.08344900,5.21516755
42.99761819,20.31451028,5.46312537
39.65940943,13.86022793,4.81535991
43.87754696,21.85243536,5.65470918
42.67566255,19.50903478,5.36611198
41.53761226,17.32792167,5.13359828
44.31678718,22.71100245,5.77215537
45.24027411,28.74708979,7.41203391
45.28453867,28.79839945,7.45728802
45.31327118,28.72191355,7.38719895
45.19470431,28.80620128,7.46895990
44.86990388,23.78565657,5.93023184
41.69855225,17.63267717,5.16444992
42.25489401,18.70373659,5.27695318
41.99074735,18.19660775,5.22293095
45.34484523,28.86926973,7.52130224
41.80380137,17.83910119,5.18579195
45.18553755,28.64553797,7.32400210
45.24903421,28.67865117,7.35084284
45.10406017,28.66358602,7.34322646
45.15991236,28.72984192,7.39999213
45.23600762,24.46505207,6.03874250
44.45057154,22.96861196,5.80875227
42.61576401,19.40910955,5.35530365
40.85480153,16.00423686,5.00511124
40.93386190,16.15317268,5.01858258
41.28007828,16.82407359,5.08274999
39.47557041,13.49216932,4.78166158
39.55483147,13.48908053,4.77644379
47.58439133,29.30303280,8.16630902
47.24924543,29.18209840,7.99362279
47.31380205,29.18056087,8.00503917
47.19884561,29.23359699,8.02896842
47.27089237,29.24639277,8.05494970
45.10492257,28.52700702,7.22666110
45.15356669,28.58218918,7.27099950
45.02132180,28.52549417,7.22844807
45.06414647,28.59786342,7.28772611
44.83806007,28.21843186,6.99865151
44.93201708,28.21899158,6.99685291
44.90803937,28.12296860,6.93176661
44.83611366,28.05729125,6.88960429
44.81636469,27.95985578,6.82875974
44.73928501,28.05560961,6.89034672
45.10456449,28.23113256,7.00460620
44.74356073,27.89289439,6.78901356
44.68887467,27.97188928,6.83800541
44.72605306,27.80283511,6.73725251
44.64323803,27.88849773,6.78790345
47.37611463,28.58378033,7.51658630
44.84213111,23.58404877,5.89570402
44.81299901,23.63158409,5.90603060
44.68317540,27.69904980,6.68080035
44.62932274,27.59503651,6.62726925
44.54791099,27.70172713,6.68319717
44.83851149,27.71858763,6.69292878
42.55273756,19.16171381,5.32180099
42.51936567,19.20846139,5.33225548
40.60241678,15.50086429,4.95849181
40.62968016,15.44711477,4.94771094
40.44894048,15.24279065,4.93667620
44.48833324,27.41136251,6.53936547
44.55916489,27.49053811,6.57627670
44.36658157,27.41098387,6.53986417
44.42078135,27.50893528,6.58586008
45.20064054,24.27281358,6.00412872
32.66879065,11.28047760,4.31533715
32.64476116,11.41585471,4.33902957
32.82333228,11.33179026,4.30482254
32.64319988,11.15509565,4.29967569
32.49808816,11.26520613,4.33487366
40.46904211,15.13187738,4.91874582
33.42674180,11.33880043,4.25128102
33.24752371,11.38974492,4.27130714
33.36599408,11.55440572,4.28293115
33.52490862,11.21034950,4.22991859
33.41880708,11.15445265,4.22970591
32.70931609,11.56802179,4.35429142
32.68800392,11.69326523,4.37697223
32.85341492,11.66403970,4.35077545
32.56569368,11.55732395,4.37217566
39.16466718,12.60279900,4.68311854
44.34192522,27.06299289,6.39448671
44.40767036,27.18040072,6.44059112
44.46673926,27.30305111,6.49164649
32.79932286,11.49235394,4.33138324
32.97371452,11.49776946,4.31225685
32.73485573,11.23409090,4.30061169
34.51611996,11.17884090,4.20452356
34.37143888,11.14530771,4.20078360
34.38349868,11.28514110,4.21247215
34.26474866,11.08344199,4.19557091
34.26008173,11.24828389,4.20987570
34.39836768,11.57265534,4.23783063
34.49198080,11.40569825,4.22268037
34.28593155,11.44796665,4.22773350
44.17095975,26.84584609,6.31516795
44.26131878,26.94047212,6.34894153
44.03108472,26.85473103,6.31795644
44.10168445,26.97052002,6.35931472
34.81682042,11.57928167,4.23968038
35.00653024,11.49620588,4.23867255
43.98116449,26.45099643,6.19132297
44.06762392,26.58131759,6.23020362
43.88256336,26.33289442,6.15746718
43.80577461,26.48564008,6.19979500
33.10364801,11.40901177,4.28667964
33.00113833,11.34568149,4.28793775
33.12163944,11.27793403,4.26742868
43.89332674,21.74693951,5.63566756
43.79371697,26.24168718,6.13218840
43.72475165,26.36925587,6.16631636
43.75693693,26.09128272,6.09419762
43.64287606,26.24384636,6.13190166
43.63513594,25.98680671,6.06718490
43.55972093,26.11717793,6.09873621
34.66514723,11.47880416,4.22971166
36.78994821,11.10615327,4.40568498
43.50849722,25.70617686,6.00254282
43.58921055,25.85071119,6.03540704
43.31562614,25.72313905,6.00407201
43.40097018,25.85933482,6.03548335
35.15225053,11.35351307,4.23603777
35.44959902,11.47634399,4.26010585
35.61146974,11.34779572,4.26676997
43.41629922,25.56217318,5.97083714
44.13558766,26.72502295,6.27519874
36.34746107,11.39110135,4.34777359
42.94226382,19.92316284,5.40943239
44.93217448,28.37540994,7.11180078
44.25153845,27.18974208,6.44405080
34.84928340,11.34961625,4.22376698
47.90535319,29.31904174,8.22389509
47.88448662,29.33665440,8.23967492
46.42280835,26.49453368,6.45659419
38.36621954,10.90403556,4.50877162
38.35438515,10.91082695,4.51209398
45.28880270,29.33947037,8.02797041
45.27512706,29.34398219,8.03664299
45.24994207,29.32345569,8.01771009
46.10396085,25.87459978,6.29743036
38.30119364,10.94422385,4.52475515
46.40752863,26.47007006,6.44978720
46.41364375,26.48298517,6.45358354
45.35043511,29.27970986,7.94866893
45.37626532,29.29182053,7.95914244
45.40613208,29.22367781,7.88038635
45.36904790,29.20640657,7.86510157
45.40753183,29.27363140,7.93528104
47.61944593,28.91614948,7.81485195
38.27380303,10.95984315,4.52965595
45.44614979,29.25477889,7.91067391
38.04035811,11.06207983,4.54538431
45.44914571,29.19918939,7.85009326
45.49217103,29.23507983,7.88533555
45.49548255,29.17890632,7.82504937
45.39798663,29.16697319,7.81971362
45.54282564,29.20612447,7.85079831
45.45961142,29.14213255,7.78867051
38.20101335,10.98598985,4.53768746
45.41722249,29.11326352,7.76129482
47.51456233,28.77847633,7.68605431
38.16750745,11.02049552,4.54235252
45.60696202,29.16809718,7.80758699
40.27493904,14.88030717,4.90264315
41.77598992,17.78358223,5.17999440
38.88510265,12.19113889,4.64652919
39.47463013,13.33574731,4.76253766
45.90691732,29.04730405,7.68721859
46.75497530,29.00690205,7.74785444
46.16904896,28.98919248,7.65118679
37.89941176,11.15701932,4.54358987
46.99352245,29.06549747,7.84196085
45.69171652,29.12567902,7.76169709
43.23987280,25.28249533,5.91243813
33.54188847,12.32741901,4.37158626
33.29799015,11.91908898,4.33836447
46.87934567,29.04285204,7.80090141
36.68553465,11.43852727,4.39443463
37.16286534,11.30535412,4.46114303
45.79215445,29.08468104,7.72055156
42.94427983,24.83285249,5.82498698
42.82630517,24.34923281,5.74423620
42.73178230,24.52934677,5.76925468
41.21813007,22.50293049,5.44017392
41.82935591,23.30054880,5.56254009
42.51445913,24.22553912,5.71564046
39.22956607,19.87971382,5.08432307
38.51830069,18.93667395,4.97209954
36.87842816,16.76389564,4.74455835
36.72524215,16.56108890,4.72482360
42.17620905,23.76605576,5.63786198
40.04608068,20.96674681,5.22432550
39.64252774,20.42857019,5.15383435
37.18294015,17.16632523,4.78438365
34.67444394,14.02099087,4.50784710
40.96279328,22.17362539,5.39184819
35.81550221,15.35991489,4.61245936
35.94889973,15.53482330,4.62828359
41.58859638,22.98406592,5.51303632
41.46486683,22.82296480,5.48832735
40.57040222,21.66985823,5.32020607
40.70109512,21.84021958,5.34413156
34.11652581,11.34792909,4.22129300
46.61994888,28.98208507,7.70394005
46.46478331,28.97104453,7.67074640
33.24219556,11.72998932,4.31748810
46.03288326,29.01495929,7.66356558
41.71035387,23.14397271,5.53788177
33.34384549,12.10170594,4.35959205
43.14629044,25.13537188,5.88309531
42.83888264,24.68117989,5.79683968
43.32930028,25.42457632,5.94162861
42.40391404,24.07251898,5.68934697
42.06211154,23.61178391,5.61254822
41.94584864,23.45675803,5.58745591
42.62359178,24.37759893,5.74222580
35.34809076,14.92060309,4.58254341
37.63457697,17.76440635,4.84540754
37.48492858,17.56584734,4.82489656
39.08915811,19.69415430,5.06146231
39.13625588,19.51330552,5.03707971
38.80586357,19.31873300,5.01632849
38.94789005,19.50748324,5.03883023
39.91253140,20.78706607,5.20051755
39.50628243,20.24725263,5.13058822
39.36890719,20.06412186,5.10737750
41.34294118,22.66303625,5.46412043
38.37282274,18.74404888,4.95045065
38.22669534,18.55032846,4.92905603
38.07987658,18.35527815,4.90785501
41.09229459,22.33843819,5.41588872
40.83217014,22.00732730,5.36789442
34.99201972,14.44619054,4.54247312
37.36549330,11.34013215,4.48963953
37.93213562,18.15902831,4.88683969
37.78362725,17.96204323,4.86603383
40.30795033,21.32036989,5.27199603
34.53316744,13.62923973,4.46465542
34.85189087,14.05575624,4.49889941
34.35593429,13.59340612,4.47442390
36.57132111,16.35752550,4.70524466
36.41667707,16.15321508,4.68581673
36.26133687,15.94800736,4.66651084
40.44003656,21.49634084,5.29612530
36.10539364,15.74187280,4.64732728
34.21186133,13.20026861,4.43184014
34.03452656,13.16369971,4.44259121
33.88333589,12.76970002,4.40110417
33.87153107,12.94775465,4.42738813
35.74468340,15.07871051,4.57938834
35.69275138,15.19826335,4.59797461
37.03095050,16.96559380,4.76440533
33.54161231,12.51283097,4.39818490
33.71668782,12.55073895,4.38605832
33.70728558,12.73063076,4.41256015
46.99639253,27.69797687,6.93112392
38.84815267,11.97878752,4.61662444
46.75547091,27.11303603,6.66338333
42.43100059,19.05427234,5.31568197
38.46749305,11.07516394,4.51994897
44.78678012,23.48004064,5.88007807
46.62325830,26.82384796,6.55625904
39.75185767,13.74034371,4.79230293
39.03003109,12.34283146,4.65560390
46.21508810,26.09037372,6.34835655
38.41903918,10.95154677,4.50662471
46.31472966,28.97356011,7.65308955
38.53294687,11.25560953,4.54018219
46.68674684,26.95124201,6.60111220
40.17773796,21.14345602,5.24800436
38.66273302,19.12831610,4.99405709
33.36198214,12.28397113,4.38410263
38.38928294,10.88100289,4.49941117
38.38586880,10.87714658,4.49945840
38.39171320,10.87630610,4.49779947
47.93999808,29.36706793,8.27503186
47.94044123,29.37420191,8.28226104
47.94650331,29.36991541,8.27842988
47.93485675,29.36167732,8.26917703
47.92945528,29.37037610,8.27747126
46.55600500,26.69242062,6.51289346
47.92437238,29.34144340,8.24793702
47.92914671,29.34489694,8.25179188
46.61190580,26.80227611,6.54901284
38.40414805,10.91888543,4.50356127
47.91796423,29.34009518,8.24607113
46.44539699,26.50347477,6.45695687
47.83225962,29.18628910,8.08601659
46.42371213,26.46939118,6.44758312
46.41459628,26.45662531,6.44423746
46.12780638,25.89505519,6.30007683
46.17595556,25.99207308,6.32297603
46.08088638,25.81462998,6.28281806
47.63689881,28.88445094,7.78716437
47.61943357,28.85795434,7.76232475
38.54257485,11.28496677,4.54363265
38.55455152,11.31530485,4.54684273
45.26925878,29.26945043,7.94871570
45.35023800,29.30624564,7.97881686
45.84740137,25.44819595,6.21118874
45.43985175,29.30554514,7.96736317
45.36045252,29.11252262,7.76481870
45.44753168,24.76301592,6.08735972
44.64457689,23.23003679,5.84383018
45.23695496,28.87211677,7.52952706
39.93497100,14.10752693,4.82639097
40.17167688,14.57641858,4.86954704
46.79286032,29.15261172,7.87968434
35.78851994,11.28466544,4.28088840
37.52205628,11.19115171,4.50651478
34.66834708,11.27022596,4.21377129
32.80883266,11.16945463,4.28306354
32.96750132,11.21175551,4.27278389
32.92603482,11.03980765,4.25341762
33.16786089,11.54354729,4.29896266
33.51927526,11.07458567,4.21479712
33.43853268,11.03542126,4.21473720
36.21927717,11.30811835,4.33000937
36.15187407,11.13615522,4.31858106
35.02162145,11.31170737,4.22746908
33.05475590,11.69721784,4.33222583
35.43862514,11.29500804,4.25091236
35.28423994,11.23254907,4.23731240
47.90033067,29.35628596,8.26071592
46.57549862,26.72473751,6.52285431
46.55078019,26.68163194,6.50939737
46.56572663,26.70622452,6.51690622
46.59478155,26.76413858,6.53591946
46.54782356,26.67612926,6.50766707
46.60225979,26.77975868,6.54118524
46.62910534,26.83546889,6.56023407
46.63856032,26.85231985,6.56588704
46.64759230,26.86956307,6.57181687
46.61827315,26.81282112,6.55242057
38.39052468,10.88571803,4.50008073
38.39306550,10.89086368,4.50051707
46.62611809,26.82953541,6.55820212
46.67121847,26.91825043,6.58910325
38.39809403,10.90147445,4.50146893
47.92159727,29.33510304,8.24132665
38.36708526,10.89058034,4.50617831
47.90938781,29.31267715,8.21779161
46.51945146,26.63119412,6.49437882
38.41076115,10.93127874,4.50449468
46.53605438,26.65907160,6.50275798
38.41646744,10.94430781,4.50577365
38.42269033,10.95915834,4.50729629
46.68067157,26.93791398,6.59621169
47.89215054,29.28254093,8.18620001
47.88852870,29.27611109,8.17948006
46.67749379,26.93139395,6.59385463
46.69049813,26.95823571,6.60361278
46.52823828,26.64525572,6.49853003
46.51558750,26.62372258,6.49206015
47.86367154,29.23529239,8.13685578
45.26186535,29.36329587,8.06499836
45.26305957,29.35145770,8.04931789
47.84479353,29.20371141,8.10411615
47.90613664,29.30693370,8.21176396
46.47006658,26.54037038,6.46706232
46.48279605,26.56707052,6.47524418
46.49323668,26.58312654,6.47979746
38.47272559,11.09049358,4.52175072
45.27255107,29.35901495,8.05611828
45.26345098,29.33752938,8.03164562
45.25057374,29.34707182,8.04766012
46.45182210,26.51390527,6.45987940
47.86447888,29.34239985,8.24335483
38.35566750,10.89552357,4.50923438
46.11942496,25.87255617,6.29441053
46.11258021,25.86163538,6.29213695
45.28607404,29.35425877,8.04661401
38.45840550,11.04824127,4.51674692
38.34226489,10.90059641,4.51243033
47.80537470,29.13590736,8.03462494
47.78364011,29.10219237,8.00037729
47.81733122,29.15698563,8.05609622
46.43121722,26.48124481,6.45083414
46.43835422,26.49281848,6.45405003
47.77667401,29.08914753,7.98728414
38.46315318,11.06089542,4.51815272
45.30236961,29.34954301,8.03724175
38.32531633,10.90701604,4.51611231
47.84193194,29.34598032,8.24440066
46.76196668,27.12707671,6.66893672
46.76810221,27.14133415,6.67466379
47.73054383,29.02199729,7.92014219
47.68480127,28.95101082,7.85084714
46.10658921,25.84951951,6.28935885
46.04109019,25.74480766,6.26802418
46.78654165,27.18604403,6.69292501
38.47859564,11.10675962,4.52359115
46.20780605,26.07091353,6.34321652
46.22314082,26.11076086,6.35370347
46.01121502,25.69590720,6.25815324
47.71964763,29.00519018,7.90358609
45.96526143,25.62162073,6.24345801
38.27915734,10.92466448,4.52446705
38.49948839,11.16246564,4.52971181
46.86785532,27.36209769,6.76786620
47.79780321,29.33312177,8.22661418
46.83581005,27.28680649,6.73479976
47.65377551,28.91027970,7.81160885
38.30467641,10.91472100,4.52010255
38.52282890,11.22832073,4.53717822
45.93486660,25.57967489,6.23581874
46.84960522,27.32246028,6.75042352
47.71763583,29.32454156,8.20760356
38.24794147,10.93510185,4.52876565
45.34633590,29.33532099,8.01278125
45.32273753,29.34216947,8.02461292
45.91980168,25.55417383,6.23078644
45.90560619,25.52815053,6.22555178
45.37220168,29.32694476,7.99947006
47.61974038,29.30959435,8.17836532
38.56748083,11.34640205,4.55003150
45.33000063,29.17191539,7.83136497
47.55967429,28.77223926,7.68355061
45.40309090,29.31742513,7.98477812
38.60753555,11.45496688,4.56206406
47.53927157,28.73867664,7.65359775
38.21133321,10.94557073,4.53265990
45.77155024,25.31639249,6.18603857
47.01514344,27.74013625,6.95348929
38.17012345,10.96044068,4.53630409
45.79138757,25.35399508,6.19329700
47.51489386,28.70567095,7.62434329
47.48812940,28.66986402,7.59305006
47.03301591,27.78250541,6.97646140
38.65717298,11.58226670,4.57592501
38.69546582,11.67905487,4.58657821
47.41844581,28.54200228,7.48659822
47.43660450,28.58633822,7.52252039
47.23443097,28.22200756,7.24675366
38.05470725,10.99730902,4.54088096
43.39222773,20.78315982,5.51253543
43.42241543,20.83405064,5.51843314
43.91962494,21.79896969,5.64262560
43.94679489,21.85086475,5.64949274
38.11846045,10.97930490,4.53941400
42.87057306,19.76823317,5.39042380
42.97559062,19.97231314,5.41433186
41.84583441,17.78524756,5.17333942
41.82309023,17.73351395,5.16748446
39.89089826,14.00241424,4.81558083
39.86073190,13.95187242,4.81152659
44.36744583,22.66184479,5.76053903
44.44616510,22.81805024,5.78290010
45.22764055,24.32264149,6.01221866
45.30247913,24.46631232,6.03605131
45.32148936,24.51613130,6.04489230
42.47713540,19.00320926,5.30341678
42.37487550,18.80103074,5.28088102
40.31473925,14.82364277,4.89008913
40.23442686,14.67198794,4.87655886
45.53397447,29.27436780,7.92456886
43.65814038,21.29033313,5.57609449
43.68718799,21.34024816,5.58215257
42.57711829,19.20855021,5.32702688
42.68716368,19.41125815,5.34929641
39.51459451,13.27811514,4.74998664
38.92438504,12.13554225,4.63351411
39.40685559,13.06868659,4.73032665
40.12279135,14.46798903,4.85883704
40.05078649,14.31177563,4.84357048
39.99162266,14.21348996,4.83574601
42.02994329,18.14175729,5.21059631
41.97535926,18.03873758,5.19992964
39.67420111,13.58688231,4.77815521
39.59465706,13.43241325,4.76405004
47.39880095,29.26857055,8.10041082
47.45526050,29.27711505,8.11906581
42.71339644,19.46189133,5.35504934
42.79017300,19.61878996,5.37350964
41.32004818,16.76764983,5.07003349
42.29609695,18.64861858,5.26427431
42.24357059,18.54699622,5.25328342
45.17384531,24.22287428,5.99605009
42.84617509,19.71842370,5.38449211
45.15115650,24.17258526,5.98764034
45.37525513,24.61823245,6.06217261
42.50155421,19.05571437,5.30956625
42.21664091,18.49967405,5.24849302
42.15563074,18.40083334,5.23907458
41.45189130,17.02506526,5.09583669
39.05757161,12.39542866,4.66114445
44.23556765,22.41017240,5.72552169
44.31438883,22.56260110,5.74675371
40.49409447,15.18586265,4.92401425
40.41884557,15.02853879,4.90894008
40.39368440,14.97675042,4.90402437
45.09864183,24.07636891,5.97236689
45.02345304,23.92616236,5.94832003
44.76107183,23.42960166,5.87246244
40.92419406,16.00273208,4.99753569
40.90049078,15.94918919,4.99209556
40.81592870,15.79783602,4.97907376
40.66167302,15.49233686,4.95071279
40.60147140,15.39880112,4.94371735
37.98553959,11.01872210,4.54064108
44.15680439,22.25798859,5.70455953
43.12838206,20.27196509,5.45015836
38.71990196,11.72890576,4.59153296
39.78193853,13.79374495,4.79682808
39.70165579,13.63738210,4.78257101
38.87409034,12.03023784,4.62201000
41.76776395,17.63335930,5.15762271
41.39936043,16.92178387,5.08538012
44.91925459,23.72990638,5.91792859
47.33782058,29.25678308,8.07771929
44.87013036,23.62912912,5.90219242
39.19244649,12.65558611,4.68859973
39.11218101,12.49670366,4.67160150
44.52456765,22.97242038,5.80519266
44.04820555,22.05510458,5.67731533
40.73826866,15.64402622,4.96478280
41.92496045,17.93780551,5.18915615
40.52077245,15.23972836,4.92905721
43.26444544,20.52807897,5.48072041
41.13531281,16.41119924,5.03552027
41.02968929,16.20778852,5.01647063
39.32731847,12.91523023,4.71522075
41.15953450,16.46614238,5.04130076
43.45096601,20.88300152,5.52416991
44.70261948,23.33268445,5.85864924
40.76234538,15.69893019,4.97035241
43.18509145,20.37659708,5.46245669
43.79218587,21.54354872,5.60851338
43.81843730,21.59438614,5.61516262
41.00348595,16.15450247,5.01137437
40.97979440,16.10252534,5.00617000
39.27055704,12.80963093,4.70477674
37.90012688,11.05099471,4.53822889
45.59594393,29.25368024,7.89803711
45.67326987,29.23094291,7.87007239
45.98752444,29.16067310,7.79804792
47.11893082,29.21056491,7.99249079
46.39039226,29.12470987,7.79524231
47.02291715,29.18719897,7.95290756
45.76458928,29.20531344,7.84084337
45.87028282,29.18142801,7.81610108
43.13073512,25.44940759,5.94435982
43.22697067,25.58521416,5.97346056
35.95391100,11.21073577,4.29645500
43.04725019,24.98444060,5.85376283
42.94542403,25.15813681,5.88489847
42.74218552,24.85895984,5.82721506
42.42090489,24.40574552,5.74493331
42.31151972,24.25370509,5.71844890
36.69340464,16.74277356,4.75089424
36.54035256,16.53930294,4.73141321
36.23206770,16.12995891,4.69291276
37.59764412,17.94559602,4.87108791
37.44876524,17.74710065,4.85063951
35.54419472,15.19368687,4.60696837
39.85498584,20.96698806,5.22751948
39.98605355,21.14617418,5.25136711
40.11649720,21.32310847,5.27516554
41.62917865,23.32478151,5.56582024
38.33123271,18.92482008,4.97638166
37.89356545,18.34006681,4.91250479
42.29036524,23.91931283,5.66340781
41.97442126,23.79303702,5.64097732
42.08796048,23.94744745,5.66651708
39.04077664,19.87446232,5.08817269
40.63849528,22.02093225,5.37172976
40.76844985,22.18867741,5.39559256
39.77791839,20.60783187,5.17704830
39.45245624,20.42714301,5.15747934
39.58738129,20.60850701,5.18075763
40.24804281,21.50020950,5.29924789
40.37802340,21.67605134,5.32346295
45.34110909,29.06201281,7.71335989
44.48468869,27.60550717,6.63339003
34.79868079,11.15158890,4.20891232
44.88575976,28.29774524,7.05471425
33.63188945,11.14825454,4.21738275
46.66615586,29.13768705,7.84527788
37.65851105,11.09225530,4.51918707
34.14459672,11.16368773,4.20351827
34.06720391,11.03200398,4.19258420
35.23646566,11.05437959,4.22578817
44.17692596,27.07909570,6.40014406
46.24953930,29.13061549,7.78597840
46.11451712,29.14338222,7.78757982
43.96568119,26.73292711,6.27673582
43.47567769,25.98894769,6.06662286
42.20064394,24.10084016,5.69230335
37.11664065,11.15818854,4.45256542
36.98685037,11.04589527,4.43293925
32.47337561,11.42330150,4.36358948
33.27550847,11.21813815,4.24721423
41.26778045,22.84455330,5.49196281
41.14567390,22.68379697,5.46788963
35.55612011,11.20097422,4.25652973
41.39081631,23.00483014,5.51626107
40.89680243,22.35499355,5.41955509
41.02209212,22.51959379,5.44359214
41.86059903,23.63800402,5.61572511
41.51142378,23.16529613,5.54093950
40.50815486,21.84994917,5.34767239
43.04002216,25.30528677,5.91447522
42.84561663,25.00906706,5.85577766
38.75989217,19.49904559,5.04277601
38.61822019,19.30877138,5.02032838
33.12731461,11.88196675,4.35113233
37.29072830,11.17267456,4.47654442
36.07687889,15.92390210,4.67385015
42.63645520,24.70808171,5.79920968
35.92108174,15.71692700,4.65491769
35.77132185,15.51607600,4.63667759
33.17158039,12.06553429,4.37325233
35.15930587,14.65912716,4.55969400
35.37518388,15.12272059,4.60945745
37.33439271,17.36641187,4.80454143
37.29927526,17.54778546,4.83032824
37.14887660,17.34781754,4.81021909
36.99756608,17.14713664,4.79031077
39.31665850,20.24411169,5.13422592
39.17965860,20.05992450,5.11111193
33.88502236,13.10610660,4.44915121
38.90072194,19.68775573,5.06542424
33.55716282,12.67067922,4.41978644
33.38743795,12.44842600,4.40569374
39.72174756,20.78793456,5.20401781
38.47538970,19.11731661,4.99818272
38.18602232,18.73115402,4.95486705
38.04015424,18.53618046,4.93357594
34.83337764,14.23388941,4.52501758
34.68426924,14.17834334,4.52972396
37.74599988,18.14318479,4.89168563
34.51525560,13.80747481,4.49097625
34.52537587,13.96495808,4.51287039
34.36624818,13.75099482,4.49633410
34.19587263,13.37879937,4.45826783
34.04649541,13.32168141,4.46442550
35.64374050,15.34060568,4.62071021
36.84574454,16.94549126,4.77054289
33.21467626,12.23016213,4.39296875
46.02127541,25.71374808,6.26185928
47.77192861,29.32949315,8.21980782
47.68810038,29.31867155,8.19768099
46.98241513,27.65826917,6.91042870
38.57942837,11.37821650,4.55351784
45.57730609,25.00190884,6.12953965
44.07525229,22.10809922,5.68452226
46.68388179,26.94433439,6.59852709
47.86791683,29.24258278,8.14443406
46.56822609,26.71080576,6.51836029
46.14111387,25.91801959,6.30510856
46.50546586,26.60844884,6.48767327
39.81147614,13.84446634,4.80099156
39.72667654,13.68753414,4.78724120
42.10792568,18.29182609,5.22643041
44.26479772,22.45937874,5.73197730
41.26773995,16.66578490,5.05998318
42.73768187,19.51195046,5.36094699
47.85408837,29.22034906,8.12129839
39.45691562,13.17394044,4.74088214
40.26428793,14.71946500,4.88017082
40.44345643,15.07971169,4.91382833
45.04703169,23.97597240,5.95636026
43.55594700,21.08619225,5.54971683
39.35656614,12.96518780,4.71976422
39.13715222,12.54980950,4.67754373
41.08584476,16.31004688,5.02558308
41.60887527,17.32989484,5.12679677
42.52824094,19.10910202,5.31561530
40.54700208,15.29424323,4.93425676
43.08357180,20.17206871,5.43743914
43.29067803,20.58078289,5.48727188
43.21478179,20.42594066,5.46794710
44.81495394,23.53257917,5.88793423
44.38987962,22.71293422,5.76813368
43.86680620,21.69451827,5.62868382
39.00260722,12.28947003,4.64992272
38.44788782,11.02444754,4.51444725
46.62060602,26.81829454,6.55434508
46.18257662,26.00641259,6.32650714
44.78908940,28.13762141,6.94378790
45.27518006,28.94353261,7.59732375
46.32194692,26.31430233,6.40692866
46.91566869,29.16739666,7.91497209
46.53038352,29.12764728,7.81594769
42.52927608,24.55712503,5.77182327
46.77444753,27.15531089,6.68028301
41.74523770,23.48174821,5.59064965
36.34282489,11.20817756,4.34437429
36.38656257,16.33507986,4.71209552
38.48511284,11.12421682,4.52551811
47.79084119,29.11468763,8.01298852
45.23004181,29.37971964,8.11317601
45.22987737,29.38015774,8.11582164
45.22991838,29.37671014,8.10509040
45.22865125,29.37717230,8.10888528
45.23084744,29.37932983,8.10984212
45.22648675,29.37520912,8.10888013
45.22853643,29.37822756,8.11309696
45.23160328,29.37072933,8.09144538
47.95243329,29.37781839,8.28689453
47.94745833,29.37480616,8.28344903
45.23362536,29.36586021,8.08186954
45.23498074,29.37319182,8.09272643
45.22902702,29.35415921,8.06688160
45.22445761,29.36128921,8.08151952
38.42146915,10.93821389,4.50327329
38.43925813,10.97610946,4.50673847
38.44765919,10.99443055,4.50846560
46.47592146,26.53164393,6.46272593
46.46496917,26.51297834,6.45740987
38.45655397,11.01457760,4.51045107
47.83061850,29.15593142,8.05572232
46.45900238,26.50307447,6.45463396
47.81898588,29.13509832,8.03448084
47.76151232,29.03472590,7.93369339
45.23678086,29.34293841,8.04727553
45.22685911,29.33000408,8.03378792
45.24933537,29.29495324,7.98281691
47.74217834,29.00351393,7.90290367
46.03404037,25.69517219,6.25415789
47.78184851,29.35727613,8.24789117
46.92301336,27.42797273,6.79563663
45.95142494,25.55313478,6.22604351
47.69953532,29.35198149,8.23095629
38.57777855,11.28795628,4.53737742
47.63415644,29.34725777,8.21596620
38.60481541,11.34918479,4.54353457
47.56408918,28.70081242,7.62185015
47.47140409,29.33389405,8.17386986
45.26442065,29.17707711,7.84442348
45.27829056,29.09389960,7.75232995
31.36700221,10.97722342,4.49704448
31.41971469,11.01274838,4.49010687
31.32221310,10.97846676,4.51378117
47.29956468,29.31717097,8.12409548
45.14673685,28.87533745,7.53903280
45.18653826,28.94155961,7.60203296
34.46084878,11.02170265,4.19181599
34.66880198,11.09245858,4.20110455
36.49569418,11.09931575,4.36390836
33.12448342,11.10522539,4.24470641
35.67738962,11.19672761,4.26735254
35.61946852,11.06013671,4.25753224
35.80493201,11.10687939,4.27760358
32.74531660,11.05041900,4.27296387
35.43062239,11.11372079,4.24277502
32.45941241,11.08041781,4.31122615
32.32794974,11.16512508,4.34258355
32.27465087,11.33571240,4.37886970
32.12675449,11.12835795,4.36698435
32.95072499,11.85103910,4.36729360
46.58118407,26.72502849,6.52194711
46.57878751,26.72037309,6.52043472
46.57632827,26.71574443,6.51894830
46.57395217,26.71105081,6.51742226
46.56892933,26.70169322,6.51444251
46.57153562,26.70636028,6.51590816
46.58594064,26.73453776,6.52507163
46.58845648,26.73932298,6.52662626
46.56339352,26.69201003,6.51143633
46.56615731,26.69703270,6.51301409
46.59843431,26.75933102,6.53326211
46.60107231,26.76445458,6.53495552
38.40170859,10.89646240,4.49950078
38.39918228,10.89113655,4.49902121
46.60618011,26.77497253,6.53850046
47.93682743,29.35043274,8.25797297
47.93453457,29.34516713,8.25247164
38.40444272,10.90178782,4.49992616
38.40693928,10.90726467,4.50044585
46.60454804,26.78519524,6.54307425
46.60882602,26.78024571,6.54026825
46.61158029,26.78561968,6.54206346
46.61676074,26.79672498,6.54588180
46.61964860,26.80228537,6.54774601
47.92844199,29.33494254,8.24167427
47.92566110,29.32931554,8.23577791
46.62823045,26.81870463,6.55326841
46.63366792,26.82996115,6.55716157
46.63693189,26.83554637,6.55899504
47.92259470,29.32386025,8.23003785
46.64291197,26.84684781,6.56283679
46.64588027,26.85252537,6.56478105
46.55782278,26.68163587,6.50816304
46.55489518,26.67614875,6.50643435
38.41548496,10.92514363,4.50203973
46.65169390,26.86409198,6.56880046
46.65476359,26.86988646,6.57079333
47.91661177,29.31257624,8.21820011
47.91353623,29.30674729,8.21209157
47.91028094,29.30087716,8.20593332
45.23239991,29.37870872,8.10569898
45.22334067,29.37066294,8.10306024
46.66680708,26.89380266,6.57919052
46.67911165,26.91871941,6.58808394
46.67615534,26.91233258,6.58575782
45.23900607,29.37722297,8.09617687
45.23916067,29.37215599,8.08796358
45.24421145,29.37594710,8.09054825
47.90374899,29.28876307,8.19325089
46.68912782,26.93819952,6.59503487
45.23508171,29.37787170,8.10081807
46.69563257,26.95171605,6.59997435
46.69247125,26.94484287,6.59743304
47.89322903,29.26934356,8.17295914
47.88577457,29.25573533,8.15876854
46.70639560,26.97261676,6.60754805
46.70989063,26.97982134,6.61021291
46.53320035,26.63802058,6.49480204
38.37896138,10.87844563,4.50135383
38.42818786,10.95221397,4.50451538
38.43183546,10.95981394,4.50518989
46.52485649,26.62325265,6.49033337
46.71332312,26.98709548,6.61292778
46.71654852,26.99497439,6.61595500
46.58361696,26.72972073,6.52347140
46.59082031,26.74424360,6.52826946
47.87345027,29.23420265,8.13634793
46.64012537,26.84112318,6.56084390
46.59338925,26.74916398,6.52987827
46.72069092,27.00293017,6.61888108
46.72497507,27.01080260,6.62175862
38.40931527,10.91308706,4.50107034
47.86923917,29.22652942,8.12838884
47.86467826,29.21907785,8.12064485
46.51637369,26.60762635,6.48557144
46.62270455,26.80764925,6.54949870
47.93946252,29.35589173,8.26369710
46.63080733,26.82428535,6.55521823
47.91964493,29.31823918,8.22414140
46.49884395,26.57487227,6.47564841
46.50362547,26.58289274,6.47797625
46.73292396,27.02767678,6.62815437
47.93152872,29.34022029,8.24724203
46.48991155,26.55787002,6.47052224
46.49409284,26.56671381,6.47326749
38.39654424,10.88606432,4.49862508
46.56041231,26.68699097,6.50990529
47.90698084,29.29498087,8.19975013
46.55161583,26.67049403,6.50470788
46.54816163,26.66473938,6.50297914
46.59581857,26.75425050,6.53158673
38.35967844,10.88187068,4.50605655
38.37031266,10.88006802,4.50356445
46.60365502,26.76970596,6.53671740
46.64885467,26.85824527,6.56674792
45.25105427,29.37453830,8.08471452
46.65764342,26.87582111,6.57288828
46.66075907,26.88171677,6.57492847
38.39423548,10.88113671,4.49817401
46.67294943,26.90613083,6.58356781
46.68248459,26.92512238,6.59034684
47.85084523,29.19402254,8.09476892
47.84561939,29.18501230,8.08548287
38.41236965,10.91905567,4.50155014
46.61427612,26.79114089,6.54393705
47.89672442,29.27593761,8.17983850
47.88941225,29.26265403,8.16597052
46.66368054,26.88777318,6.57708135
46.66995029,26.89988808,6.58132756
46.74142678,27.04598266,6.63516217
46.74613865,27.05590397,6.63896874
46.54467599,26.65851191,6.50106506
46.69922437,26.95856568,6.60243693
46.70278701,26.96551792,6.60495909
47.88170074,29.24894355,8.15167694
46.54077714,26.65201135,6.49912256
46.53704849,26.64511116,6.49698692
47.94247701,29.36099042,8.26908764
46.75552004,27.07760310,6.64748389
38.41849576,10.93152871,4.50261977
38.42480109,10.94501032,4.50385810
46.52904187,26.63072886,6.49259953
46.14424570,25.89574557,6.29725126
46.13827662,25.88429531,6.29464459
46.15044479,25.90711370,6.29979032
46.15629631,25.91861726,6.30246245
46.13318722,25.87297065,6.29189812
46.12742481,25.86157358,6.28928461
46.75051596,27.06656257,6.64317315
46.75130783,27.10006157,6.65809691
46.76106097,27.08916878,6.65198263
46.16243052,25.93015161,6.30509450
46.16847150,25.94191564,6.30783760
46.43947476,26.46885721,6.44494387
46.44671710,26.48080675,6.44823652
47.86040500,29.21064792,8.11194478
46.50790085,26.59108339,6.48047281
38.43565791,10.96777874,4.50589711
46.51198528,26.59950804,6.48310674
45.28208603,29.36923027,8.06630425
46.17400289,25.95423139,6.31089240
46.18031520,25.96671154,6.31384840
46.48568279,26.54894952,6.46776370
47.87775192,29.24156347,8.14400789
46.77266372,27.11477747,6.66213371
46.10793138,25.82632816,6.28163531
46.09994625,25.81410984,6.27925778
45.22485989,29.34384897,8.05403478
46.09297726,25.80071539,6.27629141
47.79254578,29.08911726,7.98795899
47.78567739,29.07615106,7.97496466
38.47267714,11.04966150,4.51375147
38.47886907,11.06301484,4.51499526
46.48089733,26.54030548,6.46522623
46.18617668,25.97980455,6.31712022
46.19304663,25.99356912,6.32042842
46.47077897,26.52240650,6.46003968
46.20675852,26.02312123,6.32778093
46.77918775,27.12835626,6.66751379
46.78612995,27.14247520,6.67312079
47.85572486,29.20249185,8.10351189
38.49165701,11.09276592,4.51801028
46.79983257,27.17230377,6.68521474
46.43183050,26.45624244,6.44148535
46.42369829,26.44212958,6.43756377
47.84073373,29.17539814,8.07562757
38.44345792,10.98488971,4.50752212
46.06996611,25.75913159,6.26743485
46.80135124,27.22003507,6.70696648
46.81479705,27.20418060,6.69827680
47.83596639,29.16573311,8.06574616
46.73727139,27.03654752,6.63151006
45.26970368,29.37165107,8.07324013
38.48491172,11.07758524,4.51652488
38.49894688,11.10883839,4.51954886
47.81271653,29.12452651,8.02372771
46.45318830,26.49229559,6.45150590
47.89265899,29.36684708,8.27044926
47.88566667,29.35224047,8.25526121
45.25959426,29.37332423,8.07920846
46.41443814,26.42696901,6.43346774
46.83122673,27.23700613,6.71181847
46.83986513,27.25360907,6.71871528
46.05246425,25.72867707,6.26115516
46.04369326,25.71226365,6.25766783
38.46166766,11.02567358,4.51149095
46.12096633,25.85002654,6.28678476
46.22961751,26.07387536,6.34072077
46.11478748,25.83814197,6.28411886
47.87256867,29.36470162,8.26620694
38.46731401,11.03741365,4.51253351
46.85668314,27.28787597,6.73325116
46.86560573,27.30573027,6.74090687
38.34657318,10.88443807,4.50895417
46.87390604,27.32459814,6.74920062
46.88343145,27.34363075,6.75751668
47.80646567,29.11306331,8.01212273
47.85145818,29.36288327,8.26204980
47.82923381,29.36120156,8.25776874
46.23844669,26.09275886,6.34553264
46.24795078,26.11254028,6.35056022
46.26745211,26.15489833,6.36159123
38.33071486,10.88729777,4.51212596
47.79954910,29.10136826,8.00029735
46.00252536,25.63976674,6.24294534
45.31579910,29.36402603,8.05187975
38.52374521,11.16431286,4.52495655
38.53350003,11.18540110,4.52694354
38.55320124,11.23301635,4.53196578
46.28910153,26.19988878,6.37332070
47.77773911,29.06291338,7.96171426
46.34928672,26.31389933,6.40318943
38.31149971,10.89069216,4.51557149
46.31292623,26.24552096,6.38513942
47.76984355,29.04908791,7.94794332
47.69814721,28.92825860,7.83003310
47.68511688,28.90612494,7.80895864
46.19961551,26.00819913,6.32410252
46.21422686,26.03882651,6.33168446
46.07874714,25.77338663,6.27028225
46.76645564,27.10168790,6.65696810
47.73278271,28.98589424,7.88570307
46.82305141,27.22060281,6.70501967
46.79265570,27.15717473,6.67909151
46.22147712,26.05580807,6.33608807
45.29738656,29.36691980,8.05945006
46.84826002,27.27072448,6.72594492
46.39496320,26.39370618,6.42444266
46.40492563,26.41084181,6.42908554
47.67012145,28.88232018,7.78645893
38.50628290,11.12643445,4.52138555
38.51426558,11.14501931,4.52327066
45.36308810,29.35666582,8.03494581
45.39248286,29.35227628,8.02568552
46.38393207,26.37528881,6.41954871
46.95802440,27.50396229,6.83142612
46.97095830,27.53196070,6.84496193
38.28783523,10.89467294,4.51928221
46.37257885,26.35573912,6.41434121
45.90698943,25.47428567,6.21063617
46.25725582,26.13351974,6.35606769
45.22835462,29.30738683,8.00365954
45.23365906,29.27604924,7.96347677
46.01397136,25.65867210,6.24661756
45.33769473,29.36027126,8.04329575
47.80635584,29.35919634,8.25296105
47.72250762,28.96749863,7.86783583
47.63878456,28.82912050,7.73695718
47.62223668,28.79962588,7.70996883
46.99869837,27.59373707,6.87557115
47.71056191,28.94859782,7.84955701
47.60306852,28.76861777,7.68190666
46.90296138,27.38416008,6.77558449
46.89335895,27.36327612,6.76617531
45.97928258,25.59841977,6.23463468
45.99119134,25.61975665,6.23892810
45.96572059,25.57643835,6.23046046
46.32454508,26.26856858,6.39126165
46.33659573,26.29169454,6.39740516
46.36084220,26.33536590,6.40894777
45.83649195,25.35032867,6.18708601
38.65395672,11.45845810,4.55449724
47.65524645,28.85608902,7.76193667
47.59788057,29.34519982,8.20780653
47.55901286,29.34271999,8.19854368
38.56533407,11.25913590,4.53443575
47.04602912,27.70295503,6.93215337
47.02929463,27.66396580,6.91159092
47.75552582,29.35638216,8.24341103
45.77612753,25.24187041,6.16679924
46.93446094,27.45164472,6.80658897
46.30094813,26.22264333,6.37919059
38.63653971,11.42011358,4.55065887
38.67374598,11.49863427,4.55824714
38.25937636,10.89957625,4.52312249
45.73376316,25.16331142,6.15218061
46.94564464,27.47735082,6.81874762
45.93800941,25.52748026,6.22081709
45.24696737,29.23260869,7.90973436
47.06557871,27.74316478,6.95365084
47.08570970,27.78479766,6.97639693
47.49598066,28.58497976,7.52328115
47.47402074,28.54228235,7.48827168
47.44998076,28.49913590,7.45358765
45.92355100,25.50114258,6.21560633
45.87302730,25.41495011,6.19931879
45.88972243,25.44565867,6.20530002
45.66296164,25.04095448,6.13048716
45.63796507,24.99614736,6.12251766
38.71291684,11.58630241,4.56737488
38.73302560,11.63277139,4.57241896
47.66770666,29.35056413,8.22459992
47.12788403,27.87515851,7.02756776
38.59175840,11.31772016,4.54018535
38.07960875,10.92802611,4.53525022
38.13729226,10.92012217,4.53337084
45.48291406,29.29148293,7.94757272
45.46796019,29.34140164,8.00439682
45.51629082,29.33476773,7.99219962
45.85510595,25.38347686,6.19335866
47.42682998,28.45476945,7.41866522
47.40250820,28.40916531,7.38354298
45.58949879,24.90254262,6.10555290
45.56566543,24.85487199,6.09689876
45.54223648,24.80756367,6.08834148
45.44003847,24.61681750,6.05552325
45.26384401,24.27368958,5.99758452
45.28867303,24.32300029,6.00583012
45.36296326,24.46964327,6.03057120
47.32528859,28.26738152,7.27933051
45.23669467,24.22487479,5.98984230
45.21282535,24.17497268,5.98140856
45.18688247,24.12630857,5.97361885
47.22173368,28.06966669,7.14608080
45.10942212,23.97867801,5.95006404
45.08538917,23.92912828,5.94194668
45.06057030,23.87987173,5.93405436
45.00898991,23.78057269,5.91849914
44.98260008,23.73099726,5.91089064
44.95773385,23.68059250,5.90288653
44.93060619,23.63123439,5.89552179
38.85733703,11.87823026,4.59672947
44.87846987,23.53168541,5.88037453
44.82420747,23.43081540,5.86539711
42.75033413,19.41250653,5.34003011
42.72458660,19.36161261,5.33414228
42.77617180,19.46315851,5.34586720
42.67138901,19.26018679,5.32281952
42.64383907,19.20969899,5.31741007
42.59188761,19.10904008,5.30611649
42.61749266,19.15961138,5.31187456
42.85585865,19.61670327,5.36341405
42.88232353,19.66753637,5.36924435
42.54002522,19.00588169,5.29435293
42.51460583,18.95500771,5.28854665
42.95891283,19.81918921,5.38719432
42.93371258,19.76858185,5.38111908
42.43629653,18.80278327,5.27170340
42.46255278,18.85358437,5.27728407
43.03971825,19.97087871,5.40452834
43.01190614,19.92048823,5.39893423
42.38378038,18.70117441,5.26059136
42.35751917,18.65036888,5.25506037
43.09204556,20.07257978,5.41659520
43.11933143,20.12285533,5.42231932
42.33125024,18.59957767,5.24955006
42.30494109,18.54888467,5.24408392
42.25110681,18.44887862,5.23371546
42.27839870,18.49879514,5.23880328
43.22225396,20.32641801,5.44713326
43.19645668,20.27516095,5.44083319
43.24917666,20.37727428,5.45315471
43.27555522,20.42807950,5.45928787
42.17104478,18.29486167,5.21732113
42.14687360,18.24299818,5.21129906
43.35328941,20.58165819,5.47832973
43.38127409,20.63134512,5.48399899
42.09482940,18.14205647,5.20057773
42.06638806,18.09180813,5.19574852
43.40747731,20.68178763,5.49018906
43.43312545,20.73258119,5.49658266
42.04050448,18.04038789,5.19020438
42.01523904,17.98903389,5.18456837
43.45835949,20.78394932,5.50320104
43.48639874,20.83412186,5.50904932
41.98870727,17.93858938,5.17937586
41.96398762,17.88756919,5.17372840
41.91039962,17.78632331,5.16344196
41.88511414,17.73495842,5.15787416
43.53824429,20.93591620,5.52192830
43.56552678,20.98621767,5.52801011
43.59130637,21.03724672,5.53456119
43.61700704,21.08831710,5.54115788
41.85788797,17.68453099,5.15288866
41.83251912,17.63319259,5.14736888
43.66959098,21.18989883,5.55407020
43.69679003,21.24026110,5.56029253
41.75314486,17.48073246,5.13180490
41.72592571,17.43106807,5.12701048
43.72209983,21.29153154,5.56709837
43.74930119,21.34189867,5.57336711
41.62100947,17.22648665,5.10594815
41.64774642,17.27744291,5.11106152
43.77508461,21.39294891,5.58008035
43.80078918,21.44404146,5.58684049
41.54048118,17.07561261,5.09114325
41.56872697,17.12493087,5.09559777
43.88033512,21.59564661,5.60642773
43.90470042,21.64656223,5.61349069
43.98308882,21.80069459,5.63415457
44.01089500,21.85136936,5.64062701
41.43602880,16.87051143,5.07026452
41.41090260,16.81856106,5.06476205
44.03699373,21.90227573,5.64748881
44.06376843,21.95245727,5.65408599
41.30547124,16.61459748,5.04469779
41.33230041,16.66537247,5.04954354
44.16788018,22.15691933,5.68213221
44.14222787,22.10588686,5.67503394
41.25218071,16.51441067,5.03527693
41.22536886,16.46330839,5.03043811
44.79852124,23.38043113,5.85774662
44.76976231,23.33118804,5.85086946
38.83275919,11.82689130,4.59123463
38.88386163,11.92932707,4.60186425
41.17248195,16.36032168,5.02054902
41.14771334,16.30872012,5.01529904
44.22159231,22.25760146,5.69565525
44.24723373,22.30881426,5.70287535
41.09262183,16.20806987,5.00648213
41.12035851,16.25866600,5.01089169
44.27414731,22.35942853,5.70975536
44.30090363,22.41012617,5.71670928
41.04048195,16.10457827,4.99665295
41.06749853,16.15561634,5.00123594
41.01559629,16.05276879,4.99150616
40.98824201,16.00211093,4.98707742
44.74545975,23.27941385,5.84275286
44.32613585,22.46155945,5.72413210
44.35288680,22.51227259,5.73114515
44.37910239,22.56318257,5.73832547
44.40494321,22.61385267,5.74554279
40.90769583,15.84890665,4.97328328
40.88131618,15.79740728,4.96852022
40.85407160,15.74709303,4.96415899
40.77655282,15.59295216,4.94966105
40.75111733,15.54124873,4.94469177
44.48234373,22.76785713,5.76783510
44.69077326,23.17640465,5.82768949
44.64243648,23.07369487,5.81180190
40.66923957,15.39043548,4.93173135
44.56237800,22.92124097,5.78979326
44.61565861,23.02333539,5.80455674
40.56084262,15.18561091,4.91359987
40.48402659,15.02920833,4.89862631
40.43249096,14.92625056,4.88895407
40.40548777,14.87530279,4.88446230
40.37996444,14.82349145,4.87951353
40.32685340,14.72078217,4.87019545
40.29982207,14.66964000,4.86566971
40.16515843,14.41386638,4.84298587
40.18899206,14.46733390,4.84854264
40.07807807,14.35962953,4.84756334
40.11404384,14.31006838,4.83311819
38.93651844,12.03227094,4.61250808
40.03277621,14.15652382,4.81962611
39.92690393,13.95013380,4.80084013
39.84672837,13.79452622,4.78672579
39.76664978,13.63881533,4.77254155
39.79342731,13.69007680,4.77713608
38.22552738,10.90511508,4.52686644
39.66022769,13.43281968,4.75379537
39.57953297,13.27796328,4.73976117
39.52418600,13.17473665,4.73062388
39.47201829,13.07026952,4.72034656
39.41978651,12.96658780,4.70992553
38.98978446,12.13598524,4.62335619
39.36357920,12.86397343,4.70022048
39.31056711,12.75913632,4.68925369
39.20308023,12.55191411,4.66764517
39.04224223,12.23940095,4.63441569
39.15097836,12.44742203,4.65622225
39.06789153,12.29212759,4.64029086
39.09639808,12.34399797,4.64546668
46.98387979,27.56220436,6.85988615
47.01241897,27.62759685,6.89285147
45.64372333,29.31472882,7.96040353
45.57386361,29.32460858,7.97607551
45.79750129,25.27916839,6.17363178
45.81699210,25.31571216,6.18059523
45.75521479,25.20305471,6.15954586
47.58391955,28.73568599,7.65251878
47.51862091,28.62546073,7.55713015
47.54130543,28.66441422,7.59030587
38.18505859,10.91136598,4.53034273
47.51812725,29.33790839,8.18651363
45.42705951,29.34713351,8.01545305
38.62064279,11.38317109,4.54680710
47.42000681,29.32926250,8.15950193
45.68801330,25.08130475,6.13735951
38.75799635,11.67996422,4.57673955
45.49132055,24.71259366,6.07188740
47.10557021,27.82949118,7.00145469
45.46674171,24.66413151,6.06338767
38.78158067,11.72926357,4.58181137
45.22284356,29.13690841,7.80517211
45.06285556,28.74025737,7.41554533
45.10445711,28.80899432,7.47764133
45.38612975,24.51908644,6.03927052
45.61448650,24.94927397,6.11388278
38.69196638,11.54184828,4.56293656
45.31538835,24.37116155,6.01357318
45.33971156,24.42019018,6.02192218
47.36291797,29.32442505,8.14359499
47.15095391,27.92145673,7.05466844
42.56591112,19.05739897,5.30022174
44.11523805,22.05499674,5.66823518
44.19579343,22.20647295,5.68850774
43.14475663,20.17346855,5.42849129
43.16926750,20.22441412,5.43492640
43.82807353,21.49438117,5.59315759
43.85334191,21.54560100,5.60007567
41.80528864,17.58275349,5.14240425
41.77991532,17.53140584,5.13689684
41.59571985,17.17500777,5.10045775
41.51520022,17.02386552,5.08564350
44.97373663,28.60314413,7.29736482
41.48886155,16.97286027,5.08051215
47.17385052,27.96967434,7.08364296
43.30258440,20.47839443,5.46521053
43.32781783,20.52982676,5.47173949
40.21507647,14.51961863,4.85345016
40.24288170,14.57027965,4.85773429
40.27060946,14.62095158,4.86203555
39.44486834,13.01884295,4.71545007
39.60721087,13.32914993,4.74421608
39.49804256,13.12242772,4.72552402
42.90806713,19.71808129,5.37516808
42.91469933,19.87045029,5.40329658
42.98434853,19.86997095,5.39328044
44.71648680,23.22888261,5.83568104
45.13638168,24.02778150,5.95767765
44.08876356,22.00389938,5.66132188
43.64428244,21.13863478,5.54731087
39.71311160,13.53645351,4.76336365
39.68742835,13.48428683,4.75837143
41.93723377,17.83692964,5.16856743
40.58704458,15.23821291,4.91856498
40.50850284,15.08124655,4.90381772
44.85164545,23.48118128,5.87280419
40.69714523,15.44033138,4.93585889
40.61367073,15.29049064,4.92339004
39.33693936,12.81141246,4.69475790
47.24576463,28.12082663,7.17930561
40.80150865,15.64525803,4.95484115
47.27312267,28.16922824,7.21147798
40.72344370,15.49135188,4.94051843
45.03528094,23.83007691,5.92614485
47.37621529,28.36283672,7.34867438
38.91056120,11.98038574,4.60700962
42.22425148,18.39812297,5.22838623
42.19864183,18.34617433,5.22259213
40.93584060,15.89963278,4.97755417
40.82827855,15.69641769,4.95944940
42.82855167,19.56527645,5.35763490
43.06622536,20.02158950,5.41045645
39.12274179,12.39635438,4.65115537
43.95741674,21.74896028,5.62707750
41.35773032,16.71682017,5.05482256
41.27846004,16.56473263,5.04009205
39.97948868,14.05252202,4.81014943
40.00498286,14.10493575,4.81518539
39.95389881,14.00101015,4.80530017
39.87434377,13.84575043,4.79113998
42.12010441,18.19274841,5.20612055
39.81873886,13.74277987,4.78227862
44.83482848,28.38169602,7.12112842
43.51249201,20.88489535,5.51541831
39.74024510,13.58778661,4.76791472
41.19949709,16.41127917,5.02526190
42.69862350,19.31074554,5.32831863
39.25714332,12.65614397,4.67857221
39.23085697,12.60387007,4.67294660
44.43092702,22.66445937,5.75274724
44.45621222,22.71592986,5.76029780
41.46254585,16.92166419,5.07535529
41.38501566,16.76735413,5.05957670
42.80185732,19.51388844,5.35176715
40.96274073,15.95053483,4.98210871
38.80719202,11.77771710,4.58641587
42.48880806,18.90438315,5.28288131
42.41003912,18.75197996,5.26613921
43.93179506,21.69747133,5.62006999
41.69906068,17.38080601,5.12203199
41.67244802,17.32963871,5.11683061
44.51042536,22.81851765,5.77478004
44.53766580,22.86906855,5.78186962
44.58941745,22.97233102,5.79710330
40.45686003,14.97828197,4.89416853
40.14027796,14.36126012,4.83778543
40.05930662,14.20834694,4.82435252
38.96249606,12.08443005,4.61809905
39.39211899,12.91528909,4.70502151
47.29838615,28.21886195,7.24537395
47.35109433,28.31525311,7.31368474
44.73714994,28.22489930,7.00730622
44.68538747,28.14499804,6.95275594
44.63372654,28.06311948,6.89904140
37.93097073,10.95261151,4.53420563
37.83180527,10.96986610,4.52954947
46.95894632,29.28240887,8.02490034
39.01672027,12.18738348,4.62867711
44.59749014,27.79572489,6.73456472
44.41763752,27.71050679,6.69157335
47.22870396,29.31238375,8.10523179
38.01192793,10.93978981,4.53582387
44.29524836,27.51746195,6.59332098
47.15000371,29.30310223,8.08086752
44.31215412,27.30115811,6.49091434
44.16945255,27.31066519,6.49824744
47.06073356,29.29231820,8.05338412
45.22666703,29.01035552,7.66914111
46.59451688,29.25982022,7.94415567
44.02983242,27.09306754,6.40861012
46.05591839,29.26942015,7.90662695
45.72740935,29.30173762,7.94208345
44.92860705,28.53117735,7.23805828
45.82513390,29.28963804,7.92621531
43.88714784,26.60918600,6.23719079
43.72830788,26.62725739,6.24550651
43.47942224,26.26092879,6.13906659
44.88231644,28.45731836,7.17923393
44.58201088,27.97976421,6.84657303
44.78612645,28.30437121,7.06390968
44.52876126,27.89375629,6.79470853
43.30738457,26.00658298,6.07346613
43.21959209,25.87623752,6.04195829
45.01778311,28.67255196,7.35638493
43.12950038,25.74378961,6.01122775
43.04036067,25.60649814,5.98046443
42.85285214,25.32311429,5.92032838
45.93526420,29.27874246,7.91399782
37.71738549,10.97902111,4.52086561
42.65225585,25.02928771,5.86189314
36.64525549,11.01866611,4.38417281
33.01741247,12.00776697,4.38306627
42.32691814,24.58462250,5.77953015
38.71268062,19.67878425,5.07169489
38.57221430,19.48862343,5.04905405
38.14441420,18.91150192,4.98293599
37.99950352,18.71662014,4.96148674
41.88560682,23.97318350,5.67420856
41.77267586,23.81793449,5.64863413
39.92511535,21.32498705,5.28148891
39.79485825,21.14602845,5.25750519
41.99757954,24.12759612,5.70007471
40.05630690,21.50236212,5.30546162
36.66080146,16.92409002,4.77870292
36.81243771,17.12673519,4.79829612
39.12727914,20.23934016,5.14049307
41.07072012,22.86363043,5.49948681
41.19270508,23.02517139,5.52378724
41.42940342,23.34512691,5.57304226
41.54470488,23.50431171,5.59813492
40.44540014,22.02934765,5.37847553
40.57428179,22.20072119,5.40272260
44.47524747,27.80342157,6.74257512
46.84611624,29.27375927,7.99659575
37.57786085,11.00266341,4.50778034
44.23390176,27.41598290,6.54539264
32.80329123,11.81549911,4.38077224
32.52543825,11.71731894,4.40463618
31.98171016,11.26718710,4.41651019
32.12096109,11.27627244,4.39358941
32.10114042,11.37340201,4.41443205
46.45883621,29.25679177,7.92409993
31.80674683,11.01913724,4.40286045
31.93892329,11.12114975,4.39743741
31.97909638,11.00042335,4.36903963
43.95651819,26.98144080,6.36626007
43.88342045,26.86607756,6.32471617
46.32087855,29.25632699,7.90964600
43.64796748,26.50599227,6.20841403
43.39394999,26.13470864,6.10577853
42.54029004,24.88513330,5.83468037
32.39208420,11.54515826,4.39609400
34.57873120,11.04108642,4.19535007
37.40592222,11.02391925,4.48834919
42.75420642,25.17713795,5.89085319
41.65930839,23.66167379,5.62328038
32.28930993,11.01860719,4.32451775
42.43432011,24.73515002,5.80682102
42.21826483,24.43335634,5.75270667
36.32638004,11.03107273,4.33988054
39.39724388,20.60637792,5.18706755
33.59564894,11.02764874,4.20592463
32.60398018,11.00648314,4.28237642
40.82606401,22.53499398,5.45086997
40.70152869,22.36882847,5.42676726
39.26273139,20.42341359,5.16371858
38.85224439,19.86743131,5.09451441
38.99065432,20.05409220,5.11741811
42.10849235,24.28102184,5.72623566
34.75306014,11.03253595,4.19966452
37.19490895,11.01915799,4.46109292
37.85386759,18.52062553,4.94029311
34.18877104,11.03958940,4.19210287
35.97592664,11.03297549,4.29521035
36.35567947,16.51658494,4.74004520
37.11380738,17.52889086,4.83791185
36.20204485,16.31155679,4.72095330
36.04770735,16.10559285,4.70199649
36.96355795,17.32832298,4.81802097
33.31416888,11.04214722,4.22305434
41.31238730,23.18529665,5.54823370
40.94910378,22.69962615,5.47505717
35.73702281,15.69089602,4.66447609
35.59370729,15.49460337,4.64674957
39.66386187,20.96727266,5.23386677
35.46477815,15.30721994,4.62939158
39.53106117,20.78779162,5.21046355
32.67135954,11.83681850,4.40273172
36.50859538,16.72071353,4.75928593
40.31580644,21.85517231,5.35408158
40.18608468,21.67921399,5.32969625
38.43082412,19.29734212,5.02668601
38.28826701,19.10503241,5.00464955
35.89267144,15.89870152,4.68316667
35.17151134,14.82758721,4.58284531
37.41188988,17.92796952,4.87828970
37.26316908,17.72873639,4.85801078
35.00128039,14.60357796,4.56433818
33.72183325,12.88936477,4.43432266
34.84286915,14.39110883,4.54687387
37.70744644,18.32388882,4.91938433
37.56005430,18.12639951,4.89873957
34.20674118,13.53653435,4.48016133
46.27822882,26.17691075,6.36727637
46.91330428,27.40549902,6.78523848
46.68567184,26.93168703,6.59272350
47.90017100,29.28244491,8.18663323
45.71069687,25.12317825,6.14499787
46.72898033,27.01895059,6.62481556
40.08537145,14.26032029,4.82919706
47.19729849,28.01930968,7.11424078
45.41414593,24.56794403,6.04722213
39.17572774,12.49979054,4.66221123
39.28519716,12.70706694,4.68355802
45.16184892,24.07724740,5.96564299
40.35248060,14.77259883,4.87512605
39.63294190,13.38137481,4.74923210
44.90430959,23.58174994,5.88803338
39.89927418,13.89869431,4.79639184
38.45234283,11.00417941,4.50933123
44.66768636,23.12424900,5.81937499
38.54256902,11.20859071,4.52950639
46.18526629,29.26206684,7.90517230
46.72434114,29.26576518,7.96896465
43.80792857,26.74760965,6.28431768
46.08624477,25.78714024,6.27323152
42.94807380,25.46642079,5.95022268
46.80655236,27.18790495,6.69165605
46.02412725,25.67748531,6.25053041
47.94575513,29.36494641,8.27334469
31.19780116,10.92834642,4.56240767
31.18052023,10.91229080,4.56745360
31.22428398,10.93681646,4.54618474
31.19828501,10.90337397,4.54545136
31.27215201,10.94880671,4.52474626
31.33199013,10.92750730,4.49434074
31.47185305,11.06231830,4.48759021
31.67889588,11.12605685,4.44992311
31.64283033,10.99345770,4.43044223
31.55935271,11.08268008,4.46874451
33.71110364,11.02612460,4.20102550
34.87561663,11.01485376,4.20338501
34.34389729,11.03239281,4.19151257
46.62545824,26.81316956,6.55137972
46.52065955,26.61552847,6.48797622
47.82469682,29.14574315,8.04531110
46.06120559,25.74407582,6.26434299
47.75203343,29.01966685,7.91879549
31.14754353,10.88115004,4.58082634
31.15445777,10.88150027,4.56977846
31.15764101,10.89117580,4.57640975
31.16947561,10.89100574,4.56108325
31.16717214,10.90182204,4.57441952
47.72814994,29.35509859,8.23823402
31.23699697,10.90763563,4.52518987
40.64205550,15.34026305,4.92740938
39.55205313,13.22644282,4.73519528
31.27784251,10.90561964,4.50690609
40.53625575,15.13257362,4.90824165
31.50424473,10.97855169,4.45871383
31.40760760,10.94009801,4.47484586
45.51654143,24.76095644,6.08033401
44.35697233,27.61496101,6.64171021
44.10116654,27.20273477,6.45254330
43.56363690,26.38551114,6.17351236
31.81599842,11.18750698,4.43329378
